StockCode,Description,ABC_Class
M,Manual,A
22423,REGENCY CAKESTAND 3 TIER,A
85123A,WHITE HANGING HEART T-LIGHT HOLDER,A
DOT,DOTCOM POSTAGE,A
84879,ASSORTED COLOUR BIRD ORNAMENT,A
22086,PAPER CHAIN KIT 50'S CHRISTMAS ,A
85099B,JUMBO BAG RED RETROSPOT,A
47566,PARTY BUNTING,A
POST,POSTAGE,A
84347,ROTATING SILVER ANGELS T-LIGHT HLDR,A
15056N,EDWARDIAN PARASOL NATURAL,A
21621,VINTAGE UNION JACK BUNTING,A
85099F,JUMBO BAG STRAWBERRY,A
21232,STRAWBERRY CERAMIC TRINKET BOX,A
85099C,JUMBO  BAG BAROQUE BLACK WHITE,A
15056BL,EDWARDIAN PARASOL BLACK,A
21931,JUMBO STORAGE BAG SUKI,A
22189,CREAM HEART CARD HOLDER,A
79321,CHILLI LIGHTS,A
21754,HOME BUILDING BLOCK WORD,A
22114,HOT WATER BOTTLE TEA AND SYMPATHY,A
20725,LUNCH BAG RED SPOTTY,A
22411,JUMBO SHOPPER VINTAGE RED PAISLEY,A
21623,VINTAGE UNION JACK MEMOBOARD,A
22910,PAPER CHAIN KIT VINTAGE CHRISTMAS,A
20914,SET/5 RED SPOTTY LID GLASS BOWLS,A
21137,BLACK RECORD COVER FRAME,A
21843,RED RETROSPOT CAKE STAND,A
21733,RED HANGING HEART T-LIGHT HOLDER,A
22112,CHOCOLATE HOT WATER BOTTLE,A
84078A,SET/4 WHITE RETRO STORAGE CUBES ,A
22111,SCOTTIE DOG HOT WATER BOTTLE,A
21929,JUMBO BAG PINK VINTAGE PAISLEY,A
22197,SMALL POPCORN HOLDER,A
82484,WOOD BLACK BOARD ANT WHITE FINISH,A
22386,JUMBO BAG PINK WITH WHITE SPOTS,A
21928,JUMBO BAG SCANDINAVIAN PAISLEY,A
71477,COLOUR GLASS. STAR T-LIGHT HOLDER,A
22470,HEART OF WICKER LARGE,A
21731,RED TOADSTOOL LED NIGHT LIGHT,A
84029E,RED WOOLLY HOTTIE WHITE HEART.,A
37503,TEA TIME CAKE STAND IN GIFT BOX,A
84946,ANTIQUE SILVER TEA GLASS ETCHED,A
82494L,WOODEN FRAME ANTIQUE WHITE ,A
85099B,JUMBO BAG RED WHITE SPOTTY ,A
22090,PAPER BUNTING RETRO SPOTS,A
48138,DOOR MAT UNION FLAG,A
21212,PACK OF 72 RETRO SPOT CAKE CASES,A
20727,LUNCH BAG  BLACK SKULL.,A
21755,LOVE BUILDING BLOCK WORD,A
21181,PLEASE ONE PERSON METAL SIGN,A
22138,BAKING SET 9 PIECE RETROSPOT ,A
22139,RETRO SPOT TEA SET CERAMIC 11 PC ,A
22083,PAPER CHAIN KIT RETRO SPOT,A
22328,ROUND SNACK BOXES SET OF 4 FRUITS ,A
20728,LUNCH BAG CARS BLUE,A
22188,BLACK HEART CARD HOLDER,A
22383,LUNCH BAG SUKI  DESIGN ,A
82486,WOOD S/3 CABINET ANT WHITE FINISH,A
20679,EDWARDIAN PARASOL RED,A
20726,LUNCH BAG WOODLAND,A
22457,NATURAL SLATE HEART CHALKBOARD ,A
22326,ROUND SNACK BOXES SET OF4 WOODLAND ,A
AMAZONFEE,AMAZON FEE,A
22178,VICTORIAN GLASS HANGING T-LIGHT,A
22379,RECYCLING BAG RETROSPOT ,A
72741,GRAND CHOCOLATECANDLE,A
82482,WOODEN PICTURE FRAME WHITE FINISH,A
22469,HEART OF WICKER SMALL,A
22158,3 HEARTS HANGING DECORATION RUSTIC,A
21915,RED  HARMONICA IN BOX ,A
20713,JUMBO BAG OWLS,A
22622,BOX OF VINTAGE ALPHABET BLOCKS,A
84991,60 TEATIME FAIRY CAKE CASES,A
21622,VINTAGE UNION JACK CUSHION COVER,A
37449,CERAMIC CAKE STAND + HANGING CAKES,A
21166,COOK WITH WINE METAL SIGN ,A
47590B,PINK HAPPY BIRTHDAY BUNTING,A
84467,ENGLISH ROSE DESIGN QUILTED THROW,A
48138,DOORMAT UNION FLAG,A
21175,GIN + TONIC DIET METAL SIGN,A
84836,ZINC METAL HEART DECORATION,A
48194,DOORMAT HEARTS,A
21231,SWEETHEART CERAMIC TRINKET BOX,A
85066,CREAM SWEETHEART MINI CHEST,A
22734,SET OF 6 RIBBONS VINTAGE CHRISTMAS,A
21258,VICTORIAN SEWING BOX LARGE,A
21843,RETRO SPOT CAKE STAND,A
22752,SET 7 BABUSHKA NESTING BOXES,A
71459,HANGING JAM JAR T-LIGHT HOLDER,A
21977,PACK OF 60 PINK PAISLEY CAKE CASES,A
84406B,CREAM CUPID HEARTS COAT HANGER,A
85152,HAND OVER THE CHOCOLATE   SIGN ,A
22866,HAND WARMER SCOTTY DOG DESIGN,A
20972,PINK CREAM FELT CRAFT TRINKET BOX ,A
20712,JUMBO BAG WOODLAND ANIMALS,A
20685,DOOR MAT RED SPOT,A
84029G,KNITTED UNION FLAG HOT WATER BOTTLE,A
84997D,PINK 3 PIECE MINI DOTS CUTLERY SET,A
22385,JUMBO BAG SPACEBOY DESIGN,A
22865,HAND WARMER OWL DESIGN,A
21481,FAWN BLUE HOT WATER BOTTLE,A
21314,SMALL GLASS HEART TRINKET POT,A
22867,HAND WARMER BIRD DESIGN,A
85014B,RED/WHITE DOTS RUFFLED UMBRELLA,A
84997B,RED 3 PIECE MINI DOTS CUTLERY SET,A
22585,PACK OF 6 BIRDY GIFT TAGS,A
22382,LUNCH BAG SPACEBOY DESIGN ,A
20711,JUMBO BAG TOYS ,A
35004C,SET OF 3 COLOURED  FLYING DUCKS,A
20971,PINK BLUE FELT CRAFT TRINKET BOX,A
22061,LARGE CAKE STAND  HANGING STRAWBERY,A
22077,6 RIBBONS RUSTIC CHARM,A
84755,COLOUR GLASS T-LIGHT HOLDER HANGING,A
82483,WOOD 2 DRAWER CABINET WHITE FINISH,A
47566B,TEA TIME PARTY BUNTING,A
21217,RED SPOTTY ROUND CAKE TINS,A
15036,ASSORTED COLOURS SILK FAN,A
84997C,BLUE 3 PIECE MINI DOTS CUTLERY SET,A
22149,FELTCRAFT 6 FLOWER FRIENDS,A
84970S,HANGING HEART ZINC T-LIGHT HOLDER,A
22384,LUNCH BAG PINK RETROSPOT,A
22294,HEART FILIGREE DOVE  SMALL,A
47590A,BLUE HAPPY BIRTHDAY BUNTING,A
21479,WHITE SKULL HOT WATER BOTTLE ,A
35400,WOODEN BOX ADVENT CALENDAR ,A
21930,JUMBO STORAGE BAG SKULLS,A
21527,RED RETROSPOT TRADITIONAL TEAPOT ,A
79323P,PINK CHERRY LIGHTS,A
22087,PAPER BUNTING WHITE LACE,A
20748,KENSINGTON COFFEE SET,A
22355,CHARLOTTE BAG SUKI DESIGN,A
21791,VINTAGE HEADS AND TAILS CARD GAME ,A
82600,NO SINGING METAL SIGN,A
21213,PACK OF 72 SKULL CAKE CASES,A
48187,DOOR MAT NEW ENGLAND,A
22444,GROW YOUR OWN PLANT IN A CAN ,A
21523,DOORMAT FANCY FONT HOME SWEET HOME,A
22629,SPACEBOY LUNCH BOX ,A
22551,PLASTERS IN TIN SPACEBOY,A
22556,PLASTERS IN TIN CIRCUS PARADE ,A
22837,HOT WATER BOTTLE BABUSHKA ,A
22297,HEART IVORY TRELLIS SMALL,A
22605,WOODEN CROQUET GARDEN SET,A
22507,MEMO BOARD RETROSPOT  DESIGN,A
72760B,VINTAGE CREAM 3 BASKET CAKE STAND,A
85014A,BLACK/BLUE DOTS RUFFLED UMBRELLA,A
22456,NATURAL SLATE CHALKBOARD LARGE ,A
22630,DOLLY GIRL LUNCH BOX,A
85042,ANTIQUE LILY FAIRY LIGHTS,A
79323W, WHITE CHERRY LIGHTS,A
21080,SET/20 RED SPOTTY PAPER NAPKINS ,A
84978,HANGING HEART JAR T-LIGHT HOLDER,A
84949,SILVER HANGING T-LIGHT HOLDER,A
15044A,PINK PAPER PARASOL ,A
21908,CHOCOLATE THIS WAY METAL SIGN,A
21485,RED SPOT HEART HOT WATER BOTTLE,A
21164,HOME SWEET HOME METAL SIGN ,A
22624,IVORY KITCHEN SCALES,A
21790,VINTAGE SNAP CARDS,A
48185,DOOR MAT FAIRY CAKE,A
20719,WOODLAND CHARLOTTE BAG,A
22501,PICNIC BASKET WICKER LARGE,A
84077,WORLD WAR 2 GLIDERS ASSTD DESIGNS,A
82583,HOT BATHS METAL SIGN,A
22492,MINI PAINT SET VINTAGE ,A
85150,LADIES & GENTLEMEN METAL SIGN,A
71053,WHITE METAL LANTERN,A
22505,MEMO BOARD COTTAGE DESIGN,A
22296,HEART IVORY TRELLIS LARGE,A
21218,RED SPOTTY BISCUIT TIN,A
21210,SET OF 72 RETRO SPOT PAPER  DOILIES,A
84970L,SINGLE HEART ZINC T-LIGHT HOLDER,A
84992,72 SWEETHEART FAIRY CAKE CASES,A
85048,15CM CHRISTMAS GLASS BALL 20 LIGHTS,A
22569,FELTCRAFT CUSHION BUTTERFLY,A
84050,PINK HEART SHAPE EGG FRYING PAN,A
48185,DOORMAT FAIRY CAKE,A
21524,DOOR MAT SPOTTY HOME SWEET HOME,A
22835,HOT WATER BOTTLE I AM SO POORLY,A
48111,DOOR MAT 3 SMILEY CATS,A
22607,WOODEN ROUNDERS GARDEN SET ,A
22236,CAKE STAND 3 TIER MAGIC GARDEN,A
22171,3 HOOK PHOTO SHELF ANTIQUE WHITE,A
21484,CHICK GREY HOT WATER BOTTLE,A
21174,POTTERING IN THE SHED METAL SIGN,A
22617,BAKING SET SPACEBOY DESIGN,A
22659,LUNCH BOX I LOVE LONDON,A
22084,PAPER CHAIN KIT EMPIRE,A
22570,FELTCRAFT CUSHION RABBIT,A
48194,DOOR MAT HEARTS,A
22606,WOODEN SKITTLES GARDEN SET,A
22113,GREY HEART HOT WATER BOTTLE,A
20724,RED SPOTTY CHARLOTTE BAG,A
20749,ASSORTED COLOUR MINI CASES,A
22467,GUMBALL COAT RACK,A
22502,PICNIC BASKET WICKER SMALL,A
22557,PLASTERS IN TIN VINTAGE PAISLEY ,A
22198,LARGE POPCORN HOLDER ,A
22561,WOODEN SCHOOL COLOURING SET,A
22554,PLASTERS IN TIN WOODLAND ANIMALS,A
21136,PAINTED METAL PEARS ASSORTED,A
85232B,SET/3 RUSSIAN DOLL STACKING TINS,A
84945,MULTI COLOUR SILVER T-LIGHT HOLDER,A
48184,DOOR MAT ENGLISH ROSE ,A
22625,RED KITCHEN SCALES,A
22147,FELTCRAFT BUTTERFLY HEARTS,A
48187,DOORMAT NEW ENGLAND,A
21488,RED WHITE SCARF  HOT WATER BOTTLE,A
22635,CHILDS BREAKFAST SET DOLLY GIRL ,A
22169,FAMILY ALBUM WHITE PICTURE FRAME,A
85099B,RED RETROSPOT JUMBO BAG ,A
22381,TOY TIDY PINK RETROSPOT  ,A
22633,HAND WARMER UNION JACK,A
22295,HEART FILIGREE DOVE LARGE,A
22699,ROSES REGENCY TEACUP AND SAUCER ,A
21624,VINTAGE UNION JACK DOORSTOP,A
21704,BAG 250g SWIRLY MARBLES,A
21485,RETROSPOT HEART HOT WATER BOTTLE,A
21975,PACK OF 60 DINOSAUR CAKE CASES,A
20747,PICCADILLY TEA SET,A
21877,HOME SWEET HOME MUG,A
22271,FELTCRAFT DOLL ROSIE,A
22499,WOODEN UNION JACK BUNTING,A
21098,CHRISTMAS TOILET ROLL,A
21777,RECIPE BOX WITH METAL HEART,A
22634,CHILDS BREAKFAST SET SPACEBOY ,A
22555,PLASTERS IN TIN STRONGMAN,A
21735,TWO DOOR CURIO CABINET,A
17003,BROCADE RING PURSE ,A
22424,ENAMEL BREAD BIN CREAM,A
22139,RETROSPOT TEA SET CERAMIC 11 PC ,A
22413,METAL SIGN TAKE IT OR LEAVE IT ,A
84947,ANTIQUE SILVER TEA GLASS ENGRAVED,A
22941,CHRISTMAS LIGHTS 10 REINDEER,A
22170,PICTURE FRAME WOOD TRIPLE PORTRAIT,A
21094,SET/6 RED SPOTTY PAPER PLATES,A
21889,WOODEN BOX OF DOMINOES,A
20718,RED SPOTTY SHOPPER BAG,A
22636,CHILDS BREAKFAST SET CIRCUS PARADE,A
84839,SWEETHEART KEY CABINET,A
21390,FILIGRIS HEART WITH BUTTERFLY,A
22560,TRADITIONAL MODELLING CLAY,A
21906,PHARMACIE FIRST AID TIN,A
22487,WHITE WOOD GARDEN PLANT LADDER,A
22652,TRAVEL SEWING KIT,A
22568,FELTCRAFT CUSHION OWL,A
22130,PARTY CONE CHRISTMAS DECORATION ,A
20685,DOORMAT RED RETROSPOT,A
21186,WHITE DOVE HONEYCOMB PAPER GARLAND,A
79323LP,LIGHT PINK CHERRY LIGHTS,A
22632,HAND WARMER RED RETROSPOT,A
21524,DOORMAT SPOTTY HOME SWEET HOME,A
48188,DOOR MAT WELCOME PUPPIES,A
22946,WOODEN ADVENT CALENDAR CREAM,A
21533,RETRO SPOT LARGE MILK JUG,A
21165,BEWARE OF THE CAT METAL SIGN ,A
22386,JUMBO BAG PINK POLKADOT,A
47567B,TEA TIME KITCHEN APRON,A
21429,RED GINGHAM ROSE JEWELLERY BOX,A
21380,WOODEN HAPPY BIRTHDAY GARLAND,A
22273,FELTCRAFT DOLL MOLLY,A
21982,PACK OF 12 SUKI TISSUES ,A
84880,WHITE WIRE EGG HOLDER,A
48111,DOORMAT 3 SMILEY CATS,A
22654,DELUXE SEWING KIT ,A
21523,DOOR MAT FANCY FONT HOME SWEET HOME,A
48188,DOORMAT WELCOME PUPPIES,A
22468,BABUSHKA LIGHTS STRING OF 10,A
22697,GREEN REGENCY TEACUP AND SAUCER,A
22666,RECIPE BOX PANTRY YELLOW DESIGN,A
22064,PINK DOUGHNUT TRINKET POT ,A
85067,CREAM SWEETHEART WALL CABINET,A
15056P,EDWARDIAN PARASOL PINK,A
21868,POTTING SHED TEA MUG,A
22940,FELTCRAFT CHRISTMAS FAIRY,A
21340,CLASSIC METAL BIRDCAGE PLANT HOLDER,A
20723,STRAWBERRY CHARLOTTE BAG,A
21260,FIRST AID TIN,A
20750,RED/WHITE DOT MINI CASES,A
22366,DOORMAT AIRMAIL ,A
22041,"RECORD FRAME 7"" SINGLE SIZE ",A
22173,METAL 4 HOOK HANGER FRENCH CHATEAU,A
21121,SET/10 RED SPOTTY PARTY CANDLES,A
21936,RED RETROSPOT PICNIC BAG,A
20828,GLITTER BUTTERFLY CLIPS,A
21035,SET/2 RED SPOTTY TEA TOWELS ,A
21769,VINTAGE POST OFFICE CABINET,A
21527,RETRO SPOT TRADITIONAL TEAPOT ,A
47570B,TEA TIME TABLE CLOTH,A
21912,VINTAGE SNAKES & LADDERS,A
22207,FRYING PAN UNION FLAG,A
22275,WEEKEND BAG VINTAGE ROSE PAISLEY,A
21914,BLUE HARMONICA IN BOX ,A
22082,RIBBON REEL STRIPES DESIGN ,A
21108,FAIRY CAKE FLANNEL ASSORTED COLOUR,A
22952,60 CAKE CASES VINTAGE CHRISTMAS,A
20685,DOORMAT RED SPOT,A
22179,SET 10 LIGHTS NIGHT OWL,A
22909,SET OF 20 VINTAGE CHRISTMAS NAPKINS,A
37370,RETRO COFFEE MUGS ASSORTED,A
21672,WHITE SPOT RED CERAMIC DRAWER KNOB,A
21212,PACK OF 72 RETROSPOT CAKE CASES,A
47556B,TEA TIME TEA TOWELS ,A
22464,HANGING METAL HEART LANTERN,A
22528,GARDENERS KNEELING PAD,A
22485,SET OF 2 WOODEN MARKET CRATES,A
20685,RED SPOTTY COIR DOORMAT,A
22812,PACK 3 BOXES CHRISTMAS PANNETONE,A
21781,MA CAMPAGNE CUTLERY BOX,A
22150,3 STRIPEY MICE FELTCRAFT,A
21257,VICTORIAN SEWING BOX MEDIUM,A
85065,CREAM SWEETHEART TRAYS,A
21888,BINGO SET,A
51008,AFGHAN SLIPPER SOCK PAIR,A
22649,STRAWBERRY FAIRY CAKE TEAPOT,A
22584,PACK OF 6 PANNETONE GIFT BOXES,A
22646,CERAMIC STRAWBERRY CAKE MONEY BANK,A
22380,TOY TIDY SPACEBOY  ,A
21673,WHITE SPOT BLUE CERAMIC DRAWER KNOB,A
22088,PAPER BUNTING COLOURED LACE,A
48184,DOORMAT ENGLISH ROSE ,A
22623,BOX OF VINTAGE JIGSAW BLOCKS ,A
21559,STRAWBERRY LUNCH BOX WITH CUTLERY,A
84987,SET OF 36 TEATIME PAPER DOILIES,A
22301,COFFEE MUG CAT + BIRD DESIGN,A
21216,"SET 3 RED SPOT TIN TEA,COFFEE,SUGAR",A
21259,VICTORIAN SEWING BOX SMALL ,A
21737,SET 3 WICKER LOG BASKETS,A
85064,CREAM SWEETHEART LETTER RACK,A
22121,NOEL WOODEN BLOCK LETTERS ,A
22694,WICKER STAR ,A
22109,FULL ENGLISH BREAKFAST PLATE,A
22357,KINGS CHOICE BISCUIT TIN,A
72351B,SET/6 PINK  BUTTERFLY T-LIGHTS,A
21871,SAVE THE PLANET MUG,A
22727,ALARM CLOCK BAKELIKE RED ,A
21937,STRAWBERRY   PICNIC BAG,A
20829,GLITTER HANGING BUTTERFLY STRING,A
22759,SET OF 3 NOTEBOOKS IN PARCEL,A
21974,SET OF 36 PAISLEY FLOWER DOILIES,A
48173C,DOOR MAT BLACK FLOCK ,A
21169,YOU'RE CONFUSING ME METAL SIGN ,A
84375,SET OF 20 KIDS COOKIE CUTTERS,A
48116,DOOR MAT MULTICOLOUR STRIPE,A
48129,DOORMAT TOPIARY,A
21935,SUKI  SHOULDER BAG,A
84378,SET OF 3 HEART COOKIE CUTTERS,A
84212,"ASSORTED FLOWER COLOUR ""LEIS""",A
35961,FOLKART ZINC HEART CHRISTMAS DEC,A
22365,DOORMAT RESPECTABLE HOUSE,A
22274,FELTCRAFT DOLL EMILY,A
21890,S/6 WOODEN SKITTLES IN COTTON BAG,A
84997A,GREEN 3 PIECE MINI DOTS CUTLERY SET,A
21770,OPEN CLOSED METAL SIGN,A
21122,SET/10 PINK SPOTTY PARTY CANDLES,A
21669,BLUE STRIPE CERAMIC DRAWER KNOB,A
85220,SMALL FAIRY CAKE FRIDGE MAGNETS,A
47502,POLKADOT CUTLERY 24 PCS IN TRAY,A
22627,MINT KITCHEN SCALES,A
22427,ENAMEL FLOWER JUG CREAM,A
21428,SET3 BOOK BOX GREEN GINGHAM FLOWER ,A
22558,CLOTHES PEGS RETROSPOT PACK 24 ,A
21768,WALL MOUNTED VINTAGE ORGANISER,A
62018,SOMBRERO ,A
22352,LUNCH BOX WITH CUTLERY RETROSPOT ,A
21156,RETROSPOT CHILDRENS APRON,A
47599A,PINK PARTY BAGS,A
22417,PACK OF 60 SPACEBOY CAKE CASES,A
22300,COFFEE MUG DOG + BALL DESIGN,A
48129,DOOR MAT TOPIARY,A
85014D,PINK/BROWN DOTS RUFFLED UMBRELLA,A
85068,CREAM SWEETHEART SHELF + HOOKS,A
85047,WHITE BEADED GARLAND STRING 20LIGHT,A
C2,CARRIAGE,A
21833,CAMOUFLAGE LED TORCH,A
21430,SET/3 RED GINGHAM ROSE STORAGE BOX,A
82582,AREA PATROLLED METAL SIGN,A
ADJUST,Adjustment by john on 26/01/2010 17,A
79000,MOROCCAN TEA GLASS,A
22698,PINK REGENCY TEACUP AND SAUCER,A
22618,COOKING SET RETROSPOT,A
22749,FELTCRAFT PRINCESS CHARLOTTE DOLL,A
22726,ALARM CLOCK BAKELIKE GREEN,A
21668,RED STRIPE CERAMIC DRAWER KNOB,A
21535,RED RETROSPOT SMALL MILK JUG,A
22580,ADVENT CALENDAR GINGHAM SACK,A
22215,CAKE STAND WHITE TWO TIER LACE,A
84988,SET OF 72 PINK HEART PAPER DOILIES,A
21671,RED SPOT CERAMIC DRAWER KNOB,A
20725,LUNCH BAG RED RETROSPOT,A
22303,COFFEE MUG APPLES DESIGN,A
75049L,LARGE CIRCULAR MIRROR MOBILE,A
47591D,PINK FAIRY CAKE CHILD'S APRON,A
10002,INFLATABLE POLITICAL GLOBE ,A
22804,CANDLEHOLDER PINK HANGING HEART,A
22488,NATURAL SLATE RECTANGLE CHALKBOARD,A
21985,PACK OF 12 HEARTS DESIGN TISSUES ,A
84792,ENCHANTED BIRD COATHANGER 5 HOOK,A
22553,PLASTERS IN TIN SKULLS,A
20754,RETRO RED SPOTTY WASHING UP GLOVES,A
22619,SET OF 6 SOLDIER SKITTLES,A
20914,SET/5 RED RETROSPOT LID GLASS BOWLS,A
48173C,DOORMAT BLACK FLOCK ,A
84380,SET OF 3 BUTTERFLY COOKIE CUTTERS,A
21361,LOVE LARGE WOOD LETTERS ,A
21870,I CAN ONLY PLEASE ONE PERSON MUG,A
21172,PARTY METAL SIGN ,A
22131,FOOD CONTAINER SET 3 LOVE HEART ,A
21670,BLUE SPOT CERAMIC DRAWER KNOB,A
21667,GLASS CAKE COVER AND PLATE,A
22055,MINI CAKE STAND  HANGING STRAWBERY,A
21086,SET/6 RED SPOTTY PAPER CUPS,A
22083,PAPER CHAIN KIT RETROSPOT,A
21892,TRADITIONAL WOODEN CATCH CUP GAME ,A
22943,CHRISTMAS LIGHTS 10 VINTAGE BAUBLES,A
84032A,CHARLIE+LOLA PINK HOT WATER BOTTLE,A
21844,RED RETROSPOT MUG,A
21385,IVORY HANGING DECORATION  HEART,A
21907,I'M ON HOLIDAY METAL SIGN,A
22358,KINGS CHOICE TEA CADDY ,A
21980,PACK OF 12 RED SPOTTY TISSUES ,A
22690,DOORMAT HOME SWEET HOME BLUE ,A
21124,SET/10 BLUE SPOTTY PARTY CANDLES,A
21984,PACK OF 12 PINK PAISLEY TISSUES ,A
22348,TEA BAG PLATE RED SPOTTY ,A
22283,6 EGG HOUSE PAINTED WOOD,A
22089,PAPER BUNTING VINTAGE PAISLEY,A
79067,CORONA MEXICAN TRAY,A
84520B,PACK 20 ENGLISH ROSE PAPER NAPKINS,A
79323W,WHITE CHERRY LIGHTS,A
21745,GAOLERS KEYS DECORATIVE GARDEN ,A
84032B,CHARLIE + LOLA RED HOT WATER BOTTLE,A
22327,ROUND SNACK BOXES SET OF 4 SKULLS,A
22329,ROUND CONTAINER SET OF 5 RETROSPOT,A
21658,GLASS  BEURRE DISH,A
21955,DOORMAT UNION JACK GUNS AND ROSES,A
22588,CARD HOLDER GINGHAM HEART,A
35970,ZINC FOLKART SLEIGH BELLS,A
20676,RED SPOTTY BOWL,A
22645,CERAMIC HEART FAIRY CAKE MONEY BANK,A
21114,LAVENDER SCENTED FABRIC HEART,A
22221,CAKE STAND LOVEBIRD 2 TIER PINK,A
21716,BOYS VINTAGE TIN SEASIDE BUCKET,A
84968B,S/16 VINTAGE IVORY CUTLERY,A
22656,VINTAGE BLUE KITCHEN CABINET,A
22575,METAL MERRY CHRISTMAS WREATH,A
22078,RIBBON REEL LACE DESIGN ,A
22195,LARGE HEART MEASURING SPOONS,A
22834,HAND WARMER BABUSHKA DESIGN,A
21749,LARGE RED SPOT WINDMILL,A
21981,PACK OF 12 WOODLAND TISSUES ,A
21411,GINGHAM HEART  DOORSTOP RED,A
21242,RED SPOTTY PLATE ,A
22900, SET 2 TEA TOWELS I LOVE LONDON ,A
72807C,SET/3 VANILLA SCENTED CANDLE IN BOX,A
21875,KINGS CHOICE MUG,A
22748,POPPY'S PLAYHOUSE KITCHEN,A
21715,GIRLS VINTAGE TIN SEASIDE BUCKET,A
21955,DOOR MAT UNION JACK GUNS AND ROSES,A
16014,SMALL CHINESE STYLE SCISSOR,A
21381,MINI WOODEN HAPPY BIRTHDAY GARLAND,A
22904,CALENDAR PAPER CUT DESIGN,A
79029,GLASS HONEYPOT WASP CATCHER,A
21135,VICTORIAN  METAL POSTCARD SPRING,A
22942,CHRISTMAS LIGHTS 10 SANTAS ,A
21432,SET OF 3 CASES WOODLAND DESIGN,A
85063,CREAM SWEETHEART MAGAZINE RACK,A
84937,KASHMIR FOLKART TUMBLERS,A
21033,JUMBO BAG CHARLIE AND LOLA TOYS,A
20970,PINK FLORAL FELTCRAFT SHOULDER BAG,A
22151,PLACE SETTING WHITE HEART,A
22219,LOVEBIRD HANGING DECORATION WHITE ,A
22333,RETRO SPORT PARTY BAG + STICKER SET,A
21491,SET OF THREE VINTAGE GIFT WRAPS,A
22218,CAKE STAND LACE WHITE,A
22302,COFFEE MUG PEARS  DESIGN,A
35832,WOOLLY HAT SOCK GLOVE ADVENT STRING,A
22085,PAPER CHAIN KIT SKULLS ,A
22745,POPPY'S PLAYHOUSE BEDROOM ,A
22662,LUNCH BAG DOLLY GIRL DESIGN,A
47591D,PINK FAIRY CAKE CHILDRENS APRON,A
21155,RED SPOTTY PEG BAG,A
20975,12 PENCILS SMALL TUBE RED SPOTTY,A
72756,FAIRY CAKE CANDLES,A
22595,CHRISTMAS GINGHAM HEART,A
22508,DOORSTOP RETROSPOT HEART,A
21756,BATH BUILDING BLOCK WORD,A
21891,TRADITIONAL WOODEN SKIPPING ROPE,A
22466,FAIRY TALE COTTAGE NIGHTLIGHT,A
84692,BOX OF 24 COCKTAIL PARASOLS,A
22079,RIBBON REEL HEARTS DESIGN ,A
22418,10 COLOUR SPACEBOY PEN,A
22549,PICTURE DOMINOES,A
22631,CIRCUS PARADE LUNCH BOX ,A
22180,RETRO SPOT LAMP,A
22120,WELCOME  WOODEN BLOCK LETTERS,A
84568,GIRLS ALPHABET IRON ON PATCHES ,A
22212,FOUR HOOK  WHITE LOVEBIRDS,A
21498,RED SPOTS  WRAP ,A
11001,ASSTD DESIGN RACING CAR PEN,A
84884A,ANT WHITE WIRE HEART SPIRAL,A
20969,RED FLORAL FELTCRAFT SHOULDER BAG,A
22220,CAKE STAND LOVEBIRD 2 TIER WHITE,A
21976,PACK OF 60 MUSHROOM CAKE CASES,A
22282,12 EGG HOUSE PAINTED WOOD,A
21326,AGED GLASS SILVER T-LIGHT HOLDER,A
22063,CERAMIC BOWL WITH STRAWBERRY DESIGN,A
22655,VINTAGE RED KITCHEN CABINET,A
22592,CARDHOLDER HOLLY WREATH METAL,A
22174,PHOTO CUBE,A
21587,COSY HOUR GIANT TUBE MATCHES,A
22526,WHEELBARROW FOR CHILDREN ,A
37450,CERAMIC CAKE BOWL + HANGING CAKES,A
47568,ENGLISH ROSE DESIGN PEG BAG,A
82552,WASHROOM METAL SIGN,A
85049E,SCANDINAVIAN REDS RIBBONS,A
72351A,SET/6 TURQUOISE BUTTERFLY T-LIGHTS,A
22243,"HOOK, 5 HANGER ,MAGIC TOADSTOOL RED",A
22341,LOVE GARLAND PAINTED ZINC ,A
82001S,VINYL RECORD FRAME SILVER,A
22199,FRYING PAN RED POLKADOT ,A
21115,ROSE CARAVAN DOORSTOP,A
21539,RED RETROSPOT BUTTER DISH,A
22632,HAND WARMER RED POLKA DOT,A
22332,SKULLS PARTY BAG + STICKER SET,A
22224,WHITE LOVEBIRD LANTERN,A
21700,BIG DOUGHNUT FRIDGE MAGNETS,A
84270,ASSTD DESIGN BUBBLE GUM RING,A
22498,WOODEN REGATTA BUNTING,A
22242,"HOOK, 5 HANGER , MAGIC TOADSTOOL",A
20682,RED SPOTTY CHILDS UMBRELLA,A
22740,POLKADOT PEN,A
22616,PACK OF 12 LONDON TISSUES ,A
22637,PIGGY BANK RETROSPOT ,A
84997D,PINK 3 PIECE POLKADOT CUTLERY SET,A
22377,BOTTLE BAG RETROSPOT ,A
15060B,FAIRY CAKE DESIGN UMBRELLA,A
85014B,RED RETROSPOT UMBRELLA,A
37448,CERAMIC CAKE DESIGN SPOTTED MUG,A
48197,DOOR MAT BIRD ON THE WIRE,A
22945,CHRISTMAS METAL TAGS ASSORTED ,A
21156,RED SPOTTY CHILDS APRON,A
22665,RECIPE BOX BLUE SKETCHBOOK DESIGN,A
21243,PINK  SPOTTY PLATE ,A
21042,RED SPOTTY APRON ,A
48116,DOORMAT MULTICOLOUR STRIPE,A
48189,DOORMAT FRIENDSHIP ,A
22060,LARGE CAKE STAND HANGING HEARTS,A
21558,SKULL LUNCH BOX WITH CUTLERY ,A
22776,SWEETHEART CAKESTAND 3 TIER,A
21407,BROWN CHECK CAT DOORSTOP ,A
21989,PACK OF 20 SKULL PAPER NAPKINS,A
85174,S/4 CACTI CANDLES,A
21107,CREAM SLICE FLANNEL PINK SPOT ,A
22429,ENAMEL MEASURING JUG CREAM,A
85184D,S/4 BLUE ROUND DECOUPAGE BOXES,A
22750,FELTCRAFT PRINCESS LOLA DOLL,A
22620,4 TRADITIONAL SPINNING TOPS,A
22364,GLASS JAR DIGESTIVE BISCUITS,A
22738,RIBBON REEL SNOWY VILLAGE,A
22165,"DIAMANTE HEART SHAPED WALL MIRROR, ",A
21903,MAN FLU METAL SIGN,A
37500,TEA TIME TEAPOT IN GIFT BOX,A
85049A,TRADITIONAL CHRISTMAS RIBBONS,A
85175,CACTI T-LIGHT CANDLES,A
22692,DOORMAT WELCOME TO OUR HOME,A
22663,JUMBO BAG DOLLY GIRL DESIGN,A
21586,KINGS CHOICE GIANT TUBE MATCHES,A
82599,FANNY'S REST STOPMETAL SIGN,A
22360,GLASS JAR ENGLISH CONFECTIONERY,A
79341,WILLOW BRANCH LIGHTS.,A
22414,DOORMAT NEIGHBOURHOOD WITCH ,A
22644,CERAMIC CHERRY CAKE MONEY BANK,A
22367,CHILDS APRON SPACEBOY DESIGN,A
22073,RED RETROSPOT STORAGE JAR,A
22947,WOODEN ADVENT CALENDAR RED,A
21614,SET OF 12 ROSE BOTANICAL T-LIGHTS,A
21535,RETRO SPOT SMALL MILK JUG,A
21523,FANCY FONT HOME SWEET HOME DOORMAT,A
22465,HANGING METAL STAR LANTERN,A
20974,12 PENCILS SMALL TUBE SKULL,A
20677,PINK SPOTTY BOWL,A
22168,ORGANISER WOOD ANTIQUE WHITE ,A
21844,RETRO SPOT MUG,A
21922,UNION STRIPE WITH FRINGE  HAMMOCK,A
21625,VINTAGE UNION JACK APRON,A
22110,BIRD HOUSE HOT WATER BOTTLE,A
21153,RED SPOTTY TABLECLOTH ,A
21874,GIN AND TONIC MUG,A
20717,STRAWBERRY SHOPPER BAG,A
16156S,WRAP PINK FAIRY CAKES ,A
22669,RED BABY BUNTING ,A
22276,WASH BAG VINTAGE ROSE PAISLEY,A
22668,PINK BABY BUNTING,A
21531,RED RETROSPOT SUGAR JAM BOWL,A
20979,36 PENCILS TUBE RED SPOTTY,A
21832,CHOCOLATE CALCULATOR,A
21217,RED RETROSPOT ROUND CAKE TINS,A
85232B,SET OF 3 BABUSHKA STACKING TINS,A
21933,PINK VINTAGE PAISLEY PICNIC BAG,A
22890,NOVELTY BISCUITS CAKE STAND 3 TIER,A
21474,SWEETHEART CREAM STEEL FOLDIN BENCH,A
22728,ALARM CLOCK BAKELIKE PINK,A
37495,FAIRY CAKE BIRTHDAY CANDLE SET,A
22353,LUNCH BOX WITH CUTLERY FAIRY CAKES ,A
21528,DAIRY MAID TRADITIONAL TEAPOT ,A
21577,SAVE THE PLANET COTTON TOTE BAG,A
21463,MIRRORED DISCO BALL ,A
22443,GROW YOUR OWN HERBS SET OF 3,A
21539,RETRO SPOTS BUTTER DISH,A
21590,KINGS CHOICE CIGAR BOX MATCHES ,A
22367,CHILDRENS APRON SPACEBOY DESIGN,A
21591,COSY HOUR CIGAR BOX MATCHES ,A
21563,RED HEART SHAPE LOVE BUCKET ,A
22371,AIRLINE BAG VINTAGE TOKYO 78,A
22968,ROSE COTTAGE KEEPSAKE BOX ,A
22192,BLUE DINER WALL CLOCK,A
22809,SET OF 6 T-LIGHTS SANTA,A
22730,ALARM CLOCK BAKELIKE IVORY,A
85062,PEARL CRYSTAL PUMPKIN T-LIGHT HLDR,A
82580,BATHROOM METAL SIGN,A
20751,FUNKY WASHING UP GLOVES ASSORTED,A
21363,HOME SMALL WOOD LETTERS,A
22203,MILK PAN RED RETROSPOT,A
84971S,SMALL HEART FLOWERS HOOK ,A
21116,OWL DOORSTOP,A
22335,HEART DECORATION PAINTED ZINC ,A
22185,SLATE TILE NATURAL HANGING,A
22567,20 DOLLY PEGS RETROSPOT,A
22810,SET OF 6 T-LIGHTS SNOWMEN,A
21110,LARGE CAKE TOWEL PINK SPOTS,A
84997C,BLUE 3 PIECE POLKADOT CUTLERY SET,A
21238,RED SPOTTY CUP,A
47599B,BLUE PARTY BAGS ,A
35004B,SET OF 3 BLACK FLYING DUCKS,A
21955,UNION JACK GUNS & ROSES  DOORMAT,A
21988,PACK OF 6 SKULL PAPER PLATES,A
22612,TEA COSY VINTAGE UNION JACK,A
22354,RETROSPOT PADDED SEAT CUSHION,A
22193,RED DINER WALL CLOCK,A
22244,"HOOK, 3 HANGER ,MAGIC GARDEN",A
21524,SPOTTY  HOME SWEET HOME DOORMAT,A
21349,IVY HEART WREATH,A
22833,HALL CABINET WITH 3 DRAWERS,A
22356,CHARLOTTE BAG PINK WITH WHITE SPOTS,A
22125,UNION JACK HOT WATER BOTTLE ,A
21207,SKULL AND CROSSBONES  GARLAND ,A
21911,GARDEN METAL SIGN ,A
21934,SKULL SHOULDER BAG,A
22790,"MIRROR, ARCHED GEORGIAN",A
47559B,TEA TIME OVEN GLOVE,A
85038,6 CHOCOLATE LOVE HEART T-LIGHTS,A
21181,PLEASE ONE PERSON  METAL SIGN,A
22187,GREEN CHRISTMAS TREE CARD HOLDER,A
21244,BLUE  SPOTTY PLATE ,A
21071,VINTAGE BILLBOARD DRINK ME MUG,A
22847,BREAD BIN DINER STYLE IVORY,A
84598,BOYS ALPHABET IRON ON PATCHES,A
22355,"CHARLOTTE BAG , SUKI DESIGN",A
22621,TRADITIONAL KNITTING NANCY,A
22628,PICNIC BOXES SET OF 3 RETROSPOT ,A
84016,FLAG OF ST GEORGE CAR FLAG,A
21154,RED SPOTTY OVEN GLOVE ,A
21143,ANTIQUE GLASS HEART DECORATION ,A
22072,RED RETROSPOT TEA CUP AND SAUCER ,A
22950,36 DOILIES VINTAGE CHRISTMAS,A
22115,METAL SIGN EMPIRE TEA,A
21872,GLAMOROUS  MUG,A
22356,"CHARLOTTE BAG , PINK/WHITE SPOTS",A
21795,SET OF 3 BLUE STRIPE BASKET,A
22582,PACK OF 6 SWEETIE GIFT BOXES,A
21041,RED SPOTTY OVEN GLOVE DOUBLE,A
21730,GLASS STAR FROSTED T-LIGHT HOLDER,A
22830,UTILTY CABINET WITH HOOKS,A
15044B,BLUE PAPER PARASOL ,A
20973,12 PENCIL SMALL TUBE WOODLAND,A
22472,TV DINNER TRAY DOLLY GIRL,A
20750, RED/WHITE DOT MINI CASES,A
85132A,CHARLIE + LOLA BISCUITS TINS,A
20692,FLORAL ELEPHANT SOFT TOY,A
22127,PARTY CONES CARNIVAL ASSORTED,A
22969,HOMEMADE JAM SCENTED CANDLES,A
21078,SET/20 STRAWBERRY PAPER NAPKINS ,A
22080,RIBBON REEL SPOTS DESIGN ,A
21592,RETRO SPOT  CIGAR BOX MATCHES ,A
21100,CHARLIE AND LOLA CHARLOTTE BAG,A
21486,PINK HEART DOTS HOT WATER BOTTLE,A
21472,LADYBIRD + BEE RAFFIA FOOD COVER,A
85061W,WHITE JEWELLED HEART DECORATION,A
22534,MAGIC DRAWING SLATE SPACEBOY ,A
22563,HAPPY STENCIL CRAFT,A
22029,SPACEBOY BIRTHDAY CARD,A
82551,LAUNDRY 15C METAL SIGN,A
22550,HOLIDAY FUN LUDO,A
85040B,SET/4 BLUE FLOWER CANDLES IN BOWL,A
21497,FANCY FONTS BIRTHDAY WRAP,A
22441,GROW YOUR OWN BASIL IN ENAMEL MUG,A
22353,LUNCHBOX WITH CUTLERY FAIRY CAKES ,A
22442,GROW YOUR OWN FLOWERS SET OF 3,A
22746,POPPY'S PLAYHOUSE LIVINGROOM ,A
21787,RAIN PONCHO WITH RED SPOTS,A
22430,ENAMEL WATERING CAN CREAM,A
84997B,RED 3 PIECE RETROSPOT CUTLERY SET,A
22278,OVERNIGHT BAG VINTAGE ROSE PAISLEY,A
22186,RED STAR CARD HOLDER,A
20784,RED RETRO BAR STOOL,A
21201,TROPICAL  HONEYCOMB PAPER GARLAND ,A
22318,FIVE HEART HANGING DECORATION,A
72802C,VANILLA SCENT CANDLE JEWELLED BOX,A
20724,RED RETROSPOT CHARLOTTE BAG,A
22504,CABIN BAG VINTAGE RETROSPOT,A
21932,SCANDINAVIAN PAISLEY PICNIC BAG,A
22489,PACK OF 12 TRADITIONAL CRAYONS,A
20786,BLACK RETRO BAR STOOL,A
47505,MINATURE COLOURED GARDENING SET,A
84832,ZINC WILLIE WINKIE  CANDLE STICK,A
22765,NEWSPAPER STAND,A
37446,MINI CAKE STAND WITH HANGING CAKES,A
22196,SMALL HEART MEASURING SPOONS,A
21992,VINTAGE PAISLEY STATIONERY SET,A
22602,CHRISTMAS RETROSPOT HEART WOOD,A
22156,HEART DECORATION WITH PEARLS ,A
22311,OFFICE MUG WARMER BLACK+SILVER ,A
22361,GLASS JAR DAISY FRESH COTTON WOOL,A
22352,LUNCHBOX WITH CUTLERY RETROSPOT ,A
20966,SANDWICH BATH SPONGE,A
40016,CHINESE DRAGON PAPER LANTERNS,A
20675,BLUE SPOTTY BOWL,A
21559,STRAWBERRY LUNCHBOX WITH CUTLERY,A
22172,METAL SHELF WITH RAIL ,A
22304,COFFEE MUG BLUE PAISLEY DESIGN,A
22399,MAGNETS PACK OF 4 CHILDHOOD MEMORY,A
22583,PACK OF 6 HANDBAG GIFT BOXES,A
21578,WOODLAND DESIGN  COTTON TOTE BAG,A
21544,SKULLS  WATER TRANSFER TATTOOS ,A
22769,CHALKBOARD KITCHEN ORGANISER,A
21900,"KEY FOB , SHED",A
48189,DOOR MAT FRIENDSHIP ,A
22906,12 MESSAGE CARDS WITH ENVELOPES,A
21452,TOADSTOOL MONEY BOX,A
84472,PINK AND LILAC QUILTED THROW ,A
22059,CERAMIC STRWBERRY DESIGN MUG,A
85178,VICTORIAN SEWING KIT,A
22737,RIBBON REEL CHRISTMAS PRESENT ,A
44230,SQUARE MIRROR CURTAIN,A
22763,KEY CABINET MA CAMPAGNE,A
22838,3 TIER CAKE TIN RED AND CREAM,A
22359,GLASS JAR KINGS CHOICE,A
21067,VINTAGE RED TEATIME MUG,A
84508A,CAMOFLAGE DESIGN TEDDY,A
22057,CERAMIC PLATE STRAWBERRY DESIGN,A
22366,DOOR MAT AIRMAIL ,A
22272,FELTCRAFT DOLL MARIA,A
21713,CITRONELLA CANDLE FLOWERPOT,A
84797A,PINK HAWAIIAN PICNIC HAMPER FOR 4,A
84968D,S/16 VINTAGE RED CUTLERY,A
22432,WATERING CAN PINK BUNNY,A
22766,PHOTO FRAME CORNICE,A
22144,CHRISTMAS CRAFT LITTLE FRIENDS,A
22167,"WALL MIRROR , DIAMANTE OVAL SHAPE",A
21355,TOAST ITS - I LOVE YOU ,A
21056,DOCTOR'S BAG SOFT TOY,A
21743,STAR PORTABLE TABLE LIGHT ,A
37447,CERAMIC CAKE DESIGN SPOTTED PLATE,A
20681,PINK SPOTTY CHILDS UMBRELLA,A
20967,GREY FLORAL FELTCRAFT SHOULDER BAG,A
22122,SET OF 2 FANCY FONT TEA TOWELS,A
37410,BLACK AND WHITE PAISLEY FLOWER MUG,A
22764,"RUSTIC WOODEN CABINET, GLASS DOORS",A
47580,TEA TIME DES TEA COSY,A
21064,BOOM BOX SPEAKER BOYS,A
22667,RECIPE BOX RETROSPOT ,A
22611,VINTAGE UNION JACK SHOPPING BAG,A
22378,WALL TIDY RETROSPOT ,A
84975,HEART SHAPED MIRROR,A
22571,ROCKING HORSE RED CHRISTMAS ,A
21477,STRING OF 20 ROSE LIGHTS,A
21351,CINAMMON & ORANGE WREATH,A
22412,METAL SIGN NEIGHBOURHOOD WITCH ,A
22434,BALLOON PUMP WITH 10 BALLOONS,A
22813,PACK 3 BOXES BIRD PANNETONE ,A
21069,VINTAGE BILLBOARD TEA MUG,A
22660,DOORMAT I LOVE LONDON,A
21364,PEACE SMALL WOOD LETTERS,A
21732,RED HANGING METAL STAR TLIGHT HLDR,A
84837,WHITE SWEETHEARTS CABINET 4 DRAWERS,A
79323GR,GREEN CHERRY LIGHTS,A
22483,RED GINGHAM TEDDY BEAR ,A
22689,DOORMAT MERRY CHRISTMAS RED ,A
22768,FAMILY PHOTO FRAME CORNICE,A
22497,SET OF 2 TINS VINTAGE BATHROOM ,A
21986,PACK OF 12 PINK SPOT TISSUES ,A
22729,ALARM CLOCK BAKELIKE ORANGE,A
21584,RETRO SPOT SMALL TUBE MATCHES,A
21714,CITRONELLA CANDLE GARDEN POT,A
84968C,S/16 VINTAGE PISTACHIO CUTLERY,A
22577,WOODEN HEART CHRISTMAS SCANDINAVIAN,A
22305,COFFEE MUG PINK PAISLEY DESIGN,A
21936,RED/WHITE SPOT PICNIC BAG,A
22474,SPACEBOY TV DINNER TRAY,A
22331,WOODLAND PARTY BAG + STICKER SET,A
21718,RED METAL BEACH SPADE ,A
84030E,ENGLISH ROSE HOT WATER BOTTLE,A
20785,FUSCHIA RETRO BAR STOOL,A
21239,PINK  SPOTTY CUP,A
21500,PINK SPOTS  WRAP ,A
20961,STRAWBERRY BATH SPONGE ,A
20750,RED RETROSPOT MINI CASES,A
21918,SET 12 KIDS COLOUR  CHALK STICKS,A
22795,SWEETHEART RECIPE BOOK STAND,A
22241,GARLAND WOODEN HAPPY EASTER,A
22299,PIG KEYRING WITH LIGHT & SOUND ,A
84352,SILVER CHRISTMAS TREE BAUBLE STAND ,A
22177,5 HOOK BLACKBOARD ORGANISER ,A
21717,EASTER TIN BUCKET,A
21333,CLASSIC WHITE FRAME,A
21494,ROTATING LEAVES T-LIGHT HOLDER,A
20978,36 PENCILS TUBE SKULLS,A
22437,SET OF 9 BLACK SKULL BALLOONS,A
79072,TEATIME CAKE TIN WITH HANDLE,A
22460,EMBOSSED GLASS TEALIGHT HOLDER,A
22509,SEWING BOX RETROSPOT DESIGN ,A
21707,"FOLDING UMBRELLA , BLACK/BLUE  SPOT",A
21765,HANGING METAL BIRD BATH,A
22347,PIZZA SLICE DISH,A
22670,FRENCH WC SIGN BLUE METAL,A
21648,ASSORTED TUTTI FRUTTI SMALL PURSE,A
21679,SKULLS  STICKERS,A
22118,JOY WOODEN BLOCK LETTERS,A
22119,PEACE WOODEN BLOCK LETTERS,A
22593,CHRISTMAS GINGHAM STAR,A
21588,RETRO SPOT GIANT  TUBE MATCHES,A
22162,HEART GARLAND RUSTIC PADDED,A
22045,SPACEBOY GIFT WRAP,A
22846,BREAD BIN DINER STYLE RED ,A
20963,APPLE BATH SPONGE,A
22030,SWALLOWS GREETING CARD,A
22349,"DOG BOWL , CHASING BALL DESIGN",A
22202,MILK PAN PINK RETROSPOT,A
21313,GLASS HEART T-LIGHT HOLDER ,A
22493,PAINT YOUR OWN CANVAS SET,A
22090,PAPER BUNTING RETROSPOT,A
22381,TOY TIDY PINK POLKADOT,A
22065,CHRISTMAS PUDDING TRINKET POT ,A
22739,RIBBON REEL CHRISTMAS SOCK BAUBLE,A
21784,SHOE SHINE BOX ,A
85014A,BLACK/BLUE POLKADOT UMBRELLA,A
22626,BLACK KITCHEN SCALES,A
22245,"HOOK, 1 HANGER ,MAGIC GARDEN",A
21054,NURSE'S BAG SOFT TOY,A
22027,TEA PARTY BIRTHDAY CARD,A
72807B,SET/3 OCEAN SCENT CANDLE JEWEL BOX,A
21706,"FOLDING UMBRELLA , RED/WHITE SPOT",A
22855,FINE WICKER HEART ,A
84950,ASSORTED COLOUR T-LIGHT HOLDER,A
22562,MONSTERS STENCIL CRAFT,A
21121,SET/10 RED POLKADOT PARTY CANDLES,A
22840,ROUND CAKE TIN VINTAGE RED,A
21214,SET OF 72 IVORY PAPER DOILIES,A
21534,DAIRY MAID LARGE MILK JUG,A
21471,STRAWBERRY RAFFIA FOOD COVER,A
22200,FRYING PAN PINK POLKADOT ,A
21967,PACK OF 12 SKULL TISSUES,A
22751,FELTCRAFT PRINCESS OLIVIA DOLL,A
22107,PIZZA PLATE IN BOX,A
21240,BLUE  SPOTTY CUP,A
22491,PACK OF 12 COLOURED PENCILS,A
22072,TEA CUP AND SAUCER RETRO SPOT,A
21901,"KEY FOB , BACK DOOR ",A
22431,WATERING CAN BLUE ELEPHANT,A
21913,VINTAGE SEASIDE JIGSAW PUZZLES,A
22073,RETRO SPOT STORAGE JAR,A
22435,SET OF 9 HEART SHAPED BALLOONS,A
84849B,FAIRY SOAP SOAP HOLDER,A
21916,SET 12 RETRO WHITE CHALK STICKS,A
85114B,IVORY ENCHANTED FOREST PLACEMAT,A
84997A,GREEN 3 PIECE POLKADOT CUTLERY SET,A
20977,36 PENCILS TUBE WOODLAND,A
84558A,3D DOG PICTURE PLAYING CARDS,A
85049G,CHOCOLATE BOX RIBBONS ,A
46000S,POLYESTER FILLER PAD 40x40cm,A
84909A,PINK PAISLEY QUILT ,A
35001W,HAND OPEN SHAPE DECO.WHITE,A
21470,FLOWER VINE RAFFIA FOOD COVER,A
21796,SET OF 3 RED STRIPE BASKETS,A
22285,"DECORATION HEN ON NEST, HANGING",A
20702,PINK PADDED MOBILE,A
22600,CHRISTMAS RETROSPOT STAR WOOD,A
21728,METAL MEDINA LANTERN ,A
22141,CHRISTMAS CRAFT TREE TOP ANGEL,A
21561,DINOSAUR LUNCH BOX WITH CUTLERY,A
22365,DOOR MAT RESPECTABLE HOUSE,A
22374,AIRLINE BAG VINTAGE JET SET RED,A
22145,CHRISTMAS CRAFT HEART STOCKING ,A
22530,MAGIC DRAWING SLATE DOLLY GIRL ,A
21564,PINK  HEART SHAPE LOVE BUCKET ,A
15044D,RED PAPER PARASOL,A
84031A,CHARLIE+LOLA RED HOT WATER BOTTLE ,A
22128,PARTY CONES CANDY ASSORTED,A
84795C,OCEAN STRIPE HAMMOCK ,A
22406,MONEY BOX KINGS CHOICE DESIGN,A
22574,HEART WOODEN CHRISTMAS DECORATION,A
85232D,SET/3 DECOUPAGE STACKING TINS,A
47503J,SET/3 FLORAL GARDEN TOOLS IN BAG,A
21896,POTTING SHED TWINE,A
21846,PINK DIAMANTE PEN IN GIFT BOX,A
21068,VINTAGE BILLBOARD LOVE/HATE MUG,A
22667,RECIPE BOX RETRO SPOT DESIGN,A
22594,CHRISTMAS GINGHAM TREE,A
18098C,PORCELAIN BUTTERFLY OIL BURNER,A
22862,LOVE HEART NAPKIN BOX ,A
84580,MOUSE TOY WITH PINK T-SHIRT,A
21249,WOODLAND  HEIGHT CHART STICKERS ,A
21923,RED/CREAM STRIPE FRINGE HAMMOCK,A
22136,LOVE HEART SOCK HANGER,A
21987,PACK OF 6 SKULL PAPER CUPS,A
21112,"SWISS ROLL TOWEL, PINK  SPOTS",A
79320,FLAMINGO LIGHTS,A
21899,"KEY FOB , GARAGE DESIGN",A
21864,UNION JACK FLAG PASSPORT COVER ,A
21876,POTTERING MUG,A
22146,EASTER CRAFT IVY WREATH WITH CHICK,A
21210,SET OF 72 RETROSPOT PAPER  DOILIES,A
72349B,SET/6 PURPLE BUTTERFLY T-LIGHTS,A
72807A,SET/3 ROSE CANDLE IN JEWELLED BOX,A
22589,CARDHOLDER GINGHAM STAR,A
22194,BLACK DINER WALL CLOCK,A
22075,6 RIBBONS ELEGANT CHRISTMAS ,A
21324,HANGING MEDINA LANTERN SMALL,A
84796B,BLUE SAVANNAH PICNIC HAMPER FOR 2,A
37502,TEA TIME MUG IN GIFT BOX,A
20975,12 PENCILS SMALL TUBE RED RETROSPOT,A
21746,SMALL RED RETROSPOT WINDMILL,A
21473,SWEETHEART CREAM STEEL TABLE RECT,A
85049B,LUSH GREENS RIBBONS,A
20886,BOX OF 9 PEBBLE CANDLES,A
84968E,S/16 VINTAGE BLACK CUTLERY,A
51014A,"FEATHER PEN,HOT PINK",A
21589,SWALLOW GIANT TUBE MATCHES,A
71038,WHITE HANGING BEADS CANDLE HOLDER,A
22578,WOODEN STAR CHRISTMAS SCANDINAVIAN,A
22961,JAM MAKING SET PRINTED,A
35924,HANGING FAIRY CAKE DECORATION,A
22476,EMPIRE UNION JACK TV DINNER TRAY,A
21506,"FANCY FONT BIRTHDAY CARD, ",A
22610,PENS ASSORTED FUNNY FACE,A
72802A,ROSE SCENT CANDLE IN JEWELLED BOX,A
21360,JOY LARGE WOOD LETTERS,A
22693,GROW A FLYTRAP OR SUNFLOWER IN TIN,A
21627,ELEPHANT CARNIVAL POUFFE,A
82597,BOMBS AWAY METAL SIGN,A
22312,OFFICE MUG WARMER POLKADOT,A
21653,GLASS ETCHED T-LIGHT HOLDER LARGE,A
22148,EASTER CRAFT 4 CHICKS ,A
22960,JAM MAKING SET WITH JARS,A
21499,BLUE SPOTS  WRAP,A
37501,TEA TIME TEA SET IN GIFT BOX,A
79164,BLACK WINE GLASS,A
20787,BLUE RETRO BAR STOOL,A
82581,TOILET METAL SIGN,A
22197,"POPCORN HOLDER , SMALL ",A
22691,DOORMAT WELCOME SUNRISE,A
21203,BUTTERFLIES  HONEYCOMB GARLAND,A
22350,CAT BOWL ,A
22175,PINK OWL SOFT TOY,A
22938,CUPCAKE LACE PAPER SET 6,A
22184,CAKE STAND VICTORIAN FILIGREE LARGE,A
21080,SET/20 RED RETROSPOT PAPER NAPKINS ,A
21431,GREEN GINGHAM FLOWER JEWELLERY BOX,A
84968A,S/16 VINTAGE ROSE CUTLERY,A
22601,CHRISTMAS RETROSPOT ANGEL WOOD,A
22747,POPPY'S PLAYHOUSE BATHROOM,A
21323,HANGING MEDINA LANTERN LARGE,A
22291,"SPRING DEC , HANGING CHICK CREAM",A
20960,WATERMELON BATH SPONGE,A
22767,TRIPLE PHOTO FRAME CORNICE ,A
85041,SET/4 PINK ORCHID CANDLES IN BOWL,A
22661,CHARLOTTE BAG DOLLY GIRL DESIGN,A
21924,BLUE/CREAM STRIPE FRINGE HAMMOCK,A
22433,WATERING CAN GREEN DINOSAUR,A
16161P,WRAP ENGLISH ROSE ,A
18097C,WHITE TALL PORCELAIN T-LIGHT HOLDER,A
21035,SET/2 RED RETROSPOT TEA TOWELS ,A
85206B,PINK FELT EASTER EGG BASKET,A
21330,WOODLAND ANIMAL  WRITING SET ,A
85206A,CREAM FELT EASTER EGG BASKET,A
22895,SET OF 2 TEA TOWELS APPLE AND PEARS,A
22384,LUNCH BAG PINK POLKADOT,A
84912A,PINK ROSE WASHBAG,A
22284,HEN HOUSE DECORATION,A
22415,WHITE TISSUE REAM,A
22725,ALARM CLOCK BAKELIKE CHOCOLATE,A
22067,CHOC TRUFFLE GOLD TRINKET POT ,A
10135,COLOURING PENCILS BROWN TUBE,A
22687,DOORMAT CHRISTMAS VILLAGE,A
21469,POLKA DOT RAFFIA FOOD COVER,A
21274,EMBOSSED HEART 3 DRAWER SHELF,A
21878,PACK OF 6 SANDCASTLE FLAGS ASSORTED,A
22309,TEA COSY RED  STRIPE,A
22334,DINOSAUR PARTY BAG + STICKER SET,A
20982,12 PENCILS TALL TUBE SKULLS,A
22320,BIRDS MOBILE VINTAGE DESIGN,A
21328,BALLOONS  WRITING SET ,A
84840,SWEETHEART CARRY-ALL BASKET,A
22459,CAST IRON HOOK GARDEN TROWEL,A
21466,RED FLOWER CROCHET FOOD COVER,A
22603,CHRISTMAS RETROSPOT TREE WOOD,A
72802B,OCEAN SCENT CANDLE IN JEWELLED BOX,A
22796,PHOTO FRAME 3 CLASSIC HANGING,B
22458,CAST IRON HOOK GARDEN FORK,B
21447,12 IVORY ROSE PEG PLACE SETTINGS,B
21866,UNION JACK FLAG LUGGAGE TAG,B
21531,RETRO SPOT SUGAR JAM BOWL,B
15039,SANDALWOOD FAN,B
20981,12 PENCILS TALL TUBE WOODLAND,B
21272,SALLE DE BAIN HOOK,B
47570,ENGLISH ROSE TABLE CLOTH,B
70006,LOVE HEART POCKET WARMER,B
20718,RED RETROSPOT SHOPPER BAG,B
22596,CHRISTMAS STAR WISH LIST CHALKBOARD,B
22281,EASTER TREE YELLOW BIRDS,B
22591,CARDHOLDER GINGHAM CHRISTMAS TREE,B
21437,24 HANGING EASTER EGGS FLORAL TUB,B
46000M,POLYESTER FILLER PAD 45x45cm,B
22426,ENAMEL WASH BOWL CREAM,B
22791,T-LIGHT GLASS FLUTED ANTIQUE,B
84509F,SET OF 4 NEW ENGLAND PLACEMATS,B
22475,SKULL DESIGN TV DINNER TRAY,B
ADJUST,Adjustment by john on 26/01/2010 16,B
22653,BUTTON BOX ,B
21812,GARLAND WITH HEARTS AND BELLS,B
22314,OFFICE MUG WARMER CHOC+BLUE,B
22222,CAKE PLATE LOVEBIRD WHITE,B
22736,RIBBON REEL MAKING SNOWMEN ,B
85132C,CHARLIE AND LOLA FIGURES TINS,B
22744,MAKE YOUR OWN MONSOON CARD KIT,B
22445,PENCIL CASE LIFE IS BEAUTIFUL,B
84279B,CHERRY BLOSSOM DECORATIVE FLASK,B
21482,MUSHROOM BLUE HOT WATER BOTTLE,B
22243,5 HOOK HANGER RED MAGIC TOADSTOOL,B
22494,EMERGENCY FIRST AID TIN ,B
85049D,BRIGHT BLUES RIBBONS ,B
20665,RED SPOTTY PURSE ,B
85049C,ROMANTIC PINKS RIBBONS ,B
21467,CHERRY CROCHET FOOD COVER,B
85014C,BLUE/BROWN DOTS RUFFLED UMBRELLA,B
22461,SAVOY ART DECO CLOCK,B
21055,TOOL BOX SOFT TOY ,B
22672,FRENCH BATHROOM SIGN BLUE METAL,B
22743,MAKE YOUR OWN FLOWERPOWER CARD KIT,B
84469,ROSE DES PADDED FLOOR CUSHION,B
21179,NO JUNK MAIL METAL SIGN,B
37340,MULTICOLOUR SPRING FLOWER MUG,B
22482,BLUE TEA TOWEL CLASSIC DESIGN,B
22564,ALPHABET STENCIL CRAFT,B
21655,HANGING RIDGE GLASS T-LIGHT HOLDER,B
21681,GIANT MEDINA STAMPED METAL BOWL ,B
21830,ASSORTED CREEPY CRAWLIES,B
21703,BAG 125g SWIRLY MARBLES,B
22349,DOG BOWL CHASING BALL DESIGN,B
22573,STAR WOODEN CHRISTMAS DECORATION,B
22398,MAGNETS PACK OF 4 SWALLOWS,B
21902,"KEY FOB , FRONT  DOOR ",B
21973,SET OF 36 MUSHROOM PAPER DOILIES,B
22894,TABLECLOTH RED APPLES DESIGN ,B
21826,EIGHT PIECE DINOSAUR SET,B
85049F,BABY BOOM RIBBONS ,B
21611,SET OF 12 LILY BOTANICAL T-LIGHTS,B
22952,72 CAKE CASES VINTAGE CHRISTMAS,B
22798,ANTIQUE GLASS DRESSING TABLE POT,B
22839,3 TIER CAKE TIN GREEN AND CREAM,B
21949,SET OF 6 STRAWBERRY CHOPSTICKS,B
22480,RED TEA TOWEL CLASSIC DESIGN,B
22292,"SPRING DEC , HANGING CHICK  YELLOW",B
22227,"DECORATION, HANGING HEART+MIRROR ",B
21191,LARGE WHITE HONEYCOMB PAPER BELL  ,B
22070,SMALL RED RETROSPOT MUG IN BOX ,B
22518,CHILDS GARDEN BRUSH BLUE,B
21245,GREEN  SPOTTY PLATE ,B
22525,CHILDRENS GARDEN GLOVES PINK,B
21246,RED SPOTTY BIG BOWL,B
22639,SET OF 4 NAPKIN CHARMS HEARTS,B
21609,SET 12 LAVENDER  BOTANICAL T-LIGHTS,B
21096,SET/6 FRUIT SALAD  PAPER PLATES,B
84670,JAPANESE CROCHETED ANIMAL,B
22548,HEADS AND TAILS SPORTING FUN,B
21808,"CHRISTMAS GARLAND STARS,TREES",B
22277,COSMETIC BAG VINTAGE ROSE PAISLEY,B
85216,ASSORTED CAKES FRIDGE MAGNETS,B
22356,CHARLOTTE BAG PINK POLKADOT,B
21329,DINOSAURS  WRITING SET ,B
21192,WHITE BELL HONEYCOMB PAPER ,B
21211,SET OF 72 SKULL PAPER  DOILIES,B
21709,FOLDING UMBRELLA  CHOC/WHITE  SPOT,B
84944,SET OF 6 KASHMIR FOLKART BAUBLES,B
22519,CHILDS GARDEN BRUSH PINK,B
85099b,JUMBO BAG RED RETROSPOT,B
22544,MINI JIGSAW SPACEBOY,B
84676,BATH DUCK WATERING CAN,B
40018F,CHERRY DESIGN PAPERLANTERNS,B
22531,MAGIC DRAWING SLATE CIRCUS PARADE  ,B
21034,REX CASH+CARRY JUMBO SHOPPER,B
21845,DAIRY MAID STRIPE MUG,B
84509A,SET OF 4 ENGLISH ROSE PLACEMATS,B
84754,S/15 SILVER GLASS BAUBLES IN BAG,B
84854,GIRLY PINK TOOL SET,B
20983,12 PENCILS TALL TUBE RED SPOTTY,B
85045,GREEN CHRISTMAS TREE STRING 20LIGHT,B
90062,CARNIVAL BRACELET,B
21507,"ELEPHANT, BIRTHDAY CARD, ",B
22132,RED LOVE HEART SHAPE CUP,B
21651,HANGING GLASS ETCHED TEALIGHT,B
22191,EAU DE NIL DINER WALL CLOCK,B
22572,ROCKING HORSE GREEN CHRISTMAS ,B
84990,60 GOLD AND SILVER FAIRY CAKE CASES,B
22781,GUMBALL MAGAZINE RACK,B
21509,COWBOYS AND INDIANS BIRTHDAY CARD ,B
21077,SET/20 WOODLAND PAPER NAPKINS ,B
21628,TRIANGULAR POUFFE VINTAGE ,B
84691,PACK 20 DOLLY PEGS,B
22788,BROCANTE COAT RACK,B
21042,RED RETROSPOT APRON ,B
21811,CHRISTMAS HANGING HEART WITH BELL,B
21354,TOAST ITS - BEST MUM,B
85123a,WHITE HANGING HEART T-LIGHT HOLDER,B
22333,RETROSPOT PARTY BAG + STICKER SET,B
85040A,S/4 PINK FLOWER CANDLES IN BOWL,B
21612,SET 12 WILDFLOWER BOTANICAL T-LIGHT,B
22325,MOBILE VINTAGE HEARTS ,B
22095,LADS ONLY TISSUE BOX,B
15044C,PURPLE PAPER PARASOL,B
22191,IVORY DINER WALL CLOCK,B
20956,PORCELAIN T-LIGHT HOLDERS ASSORTED,B
22217,T-LIGHT HOLDER HANGING LACE,B
84912B,GREEN ROSE WASHBAG,B
79323G,GOLD  CHERRY LIGHTS,B
47591C,BLUE FAIRY CAKE CHILD'S APRON,B
21154,RED RETROSPOT OVEN GLOVE ,B
22402,MAGNETS PACK OF 4 VINTAGE COLLAGE,B
21993,FLORAL FOLK STATIONERY SET,B
22854,CREAM SWEETHEART EGG HOLDER,B
20703,BLUE PADDED SOFT MOBILE,B
84031B,CHARLIE LOLA BLUE HOT WATER BOTTLE ,B
21171,BATHROOM METAL SIGN ,B
21465,PINK FLOWER CROCHET FOOD COVER,B
21327,SKULLS WRITING SET ,B
85217,ASSORTED ICE CREAM FRIDGE MAGNETS,B
22495,SET OF 2 ROUND TINS CAMEMBERT ,B
22047,EMPIRE GIFT WRAP,B
22451,SILK PURSE RUSSIAN DOLL RED,B
21948,SET OF 6 CAKE CHOPSTICKS,B
84813,SET OF 4 DIAMOND NAPKIN RINGS,B
20871,OPULENT VELVET SET/3 CANDLES,B
22409,MONEY BOX BISCUITS DESIGN,B
22244,3 HOOK HANGER MAGIC GARDEN,B
22451,SILK PURSE BABUSHKA RED,B
20674,GREEN SPOTTY BOWL,B
22959,WRAP CHRISTMAS VILLAGE,B
22757,LARGE RED BABUSHKA NOTEBOOK ,B
85184C,S/4 VALENTINE DECOUPAGE HEART BOX,B
82578,KITCHEN METAL SIGN,B
21682,LARGE MEDINA STAMPED METAL BOWL ,B
21538,DAIRY MAID  PUDDING BOWL,B
22604,SET OF 4 NAPKIN CHARMS CUTLERY,B
21741,COSY SLIPPER SHOES LARGE GREEN,B
22780,LIGHT GARLAND BUTTERFILES PINK,B
21122,SET/10 PINK POLKADOT PARTY CANDLES,B
84519A,TOMATO CHARLIE+LOLA COASTER SET,B
85162B,BLACK RETRODISC LAMPSHADE,B
22536,MAGIC DRAWING SLATE PURDEY,B
21820,GLITTER HEART GARLAND WITH BELLS ,B
21821,GLITTER STAR GARLAND WITH BELLS ,B
21155,RED RETROSPOT PEG BAG,B
21659,GLASS CAKE STAND,B
21683,MEDIUM MEDINA STAMPED METAL BOWL ,B
21540,DAIRY MAID BUTTER DISH,B
22741,FUNKY DIVA PEN,B
21688,SILVER PLATE CANDLE BOWL SMALL,B
22129,PARTY CONES CANDY TREE DECORATION,B
21692,SILVER LATTICE VANILLA CANDLE POT,B
21085,SET/6 WOODLAND PAPER CUPS,B
21687,SILVER PLATE CANDLE BOWL LARGE,B
21091,SET/6 WOODLAND PAPER PLATES,B
22076,6 RIBBONS EMPIRE  ,B
22242,5 HOOK HANGER MAGIC TOADSTOOL,B
21537,RED RETROSPOT PUDDING BOWL,B
22372,AIRLINE BAG VINTAGE WORLD CHAMPION ,B
22755,SMALL PURPLE BABUSHKA NOTEBOOK ,B
22779,WOODEN OWLS LIGHT GARLAND ,B
22021,BLUE FELT EASTER EGG BASKET,B
22851,SET 20 NAPKINS FAIRY CAKES DESIGN ,B
84856S,SMALL TAHITI BEACH BAG,B
22524,CHILDRENS GARDEN GLOVES BLUE,B
21408,SPOTTY PINK DUCK DOORSTOP,B
22579,WOODEN TREE CHRISTMAS SCANDINAVIAN,B
84279P,CHERRY BLOSSOM  DECORATIVE FLASK,B
84797B,BLUE SAVANNAH PICNIC HAMPER FOR 4,B
21657,MILK BOTTLE WITH GLASS STOPPER ,B
85162C,WHITE RETRODISC LAMPSHADE,B
21012,ANTIQUE ALL GLASS CANDLESTICK,B
21352,EUCALYPTUS & PINECONE  WREATH,B
85164B,BLACK BAROQUE CUCKOO CLOCK,B
84327A,PINK JUMPER LARRY THE LAMB,B
21204,DAISIES  HONEYCOMB GARLAND ,B
21082,SET/20 FRUIT SALAD PAPER NAPKINS ,B
21421,PORCELAIN ROSE LARGE ,B
22841,ROUND CAKE TIN VINTAGE GREEN,B
22176,BLUE OWL SOFT TOY,B
84828,JUNGLE POPSICLES ICE LOLLY HOLDERS,B
21384,IVORY HANGING DECORATION  BUTTERFLY,B
21829,DINOSAUR KEYRINGS ASSORTED,B
21357,TOAST ITS - DINOSAUR,B
21747,SMALL SKULL WINDMILL,B
21519,GIN & TONIC DIET GREETING CARD ,B
90167,BEADED LOVE HEART JEWELLERY SET,B
22581,WOOD STOCKING CHRISTMAS SCANDISPOT,B
21039,RED SPOTTY SHOPPING BAG,B
21468,BUTTERFLY CROCHET FOOD COVER,B
22454,MEASURING TAPE RUSSIAN DOLL RED,B
22807,SET OF 6 T-LIGHTS TOADSTOOLS,B
21508,VINTAGE KID DOLLY CARD ,B
21556,CERAMIC STRAWBERRY MONEY BOX,B
22944,CHRISTMAS METAL POSTCARD WITH BELLS,B
21109,"LARGE CAKE TOWEL, CHOCOLATE SPOTS",B
21188,3D HEARTS  HONEYCOMB PAPER GARLAND,B
84849D,HOT BATHS SOAP HOLDER,B
85172,HYACINTH BULB T-LIGHT CANDLES,B
20729,RED SPOTTY CANDY BAG,B
21548,CERAMIC BIRDHOUSE FINCH BLUE ROOF,B
21241,GREEN SPOTTY CUP,B
22642,SET OF 4 NAPKIN CHARMS STARS   ,B
20770,ABSTRACT CIRCLE JOURNAL ,B
21990,MODERN FLORAL STATIONERY SET,B
85107,CUT GLASS T-LIGHT HOLDER OCTAGON,B
72799E,IVORY PILLAR CANDLE SILVER FLOCK,B
22754,SMALL RED BABUSHKA NOTEBOOK ,B
22154,ANGEL DECORATION 3 BUTTONS ,B
21680,WOODLAND  STICKERS,B
21642,ASSORTED TUTTI FRUTTI PEN,B
21106,CREAM SLICE FLANNEL CHOCOLATE SPOT ,B
21187,WHITE BELL HONEYCOMB PAPER GARLAND ,B
21705,BAG 500g SWIRLY MARBLES,B
21652,GLASS ETCHED T-LIGHT HOLDER MEDIUM,B
22166,"WALL MIRROR , RECT DIAMANTE, PINK/",B
21780,MA CAMPAGNE 4 DRAWER WALL SHELF,B
85060,WOOD FAN WITH FLOWER DESIGN,B
21533,RETROSPOT LARGE MILK JUG,B
21760,FRENCH STYLE WALL DRESSER,B
22844,VINTAGE CREAM DOG FOOD CONTAINER,B
79323S, SILVER CHERRY LIGHTS,B
35001G,HAND OPEN SHAPE GOLD,B
21638,ASSORTED TUTTI FRUTTI NOTEBOOK,B
22231,JIGSAW TREE WITH BIRDHOUSE,B
22500,SET OF 2 TINS JARDIN DE PROVENCE,B
22354,RETRO SPOT PADDED SEAT CUSHION,B
21895,POTTING SHED SOW 'N' GROW SET,B
22180,RETROSPOT LAMP,B
21788,KIDS RAIN MAC BLUE,B
79320, FLAMINGO LIGHTS,B
20990,SPRING FLOWER CHOPSTICKS SET/5,B
22419,LIPSTICK PEN RED,B
21216,"SET 3 RETROSPOT TEA,COFFEE,SUGAR",B
22270,HAPPY EASTER HANGING DECORATION,B
22198,"POPCORN HOLDER , LARGE",B
84795A,PASTEL STRIPE HAMMOCK ,B
22313,OFFICE MUG WARMER PINK,B
72799F,IVORY PILLAR CANDLE GOLD FLOCK,B
21786,RAIN HAT WITH RED SPOTS,B
85036A,GARDENIA 1 WICK MORRIS BOXED CANDLE,B
85221,ASSORTED COLOUR SILK COIN PURSE,B
22046,TEA PARTY  WRAPPING PAPER ,B
22066,LOVE HEART TRINKET POT,B
22454,MEASURING TAPE BABUSHKA RED,B
22732,3D VINTAGE CHRISTMAS STICKERS ,B
85199L,LARGE HANGING IVORY & RED WOOD BIRD,B
22428,ENAMEL FIRE BUCKET CREAM,B
21647,ASSORTED TUTTI FRUTTI LARGE PURSE,B
21813,GARLAND WITH STARS AND BELLS,B
22155,STAR DECORATION RUSTIC,B
21041,RED RETROSPOT OVEN GLOVE DOUBLE,B
22142,CHRISTMAS CRAFT WHITE FAIRY ,B
21348,PINK SPOTS CHOCOLATE NESTING BOXES ,B
84510A,SET OF 4 ENGLISH ROSE COASTERS,B
37476,CONDIMENT TRAY 4 BOWLS AND 4 SPOONS,B
20684,STRAWBERRY DREAM CHILDS UMBRELLA,B
21224,SET/4 SKULL BADGES,B
21789,KIDS RAIN MAC PINK,B
20752,RETRO BLUE SPOTTY WASHING UP GLOVES,B
84356,POMPOM CURTAIN,B
21693,SMALL HAMMERED SILVER CANDLEPOT ,B
22478,BIRDHOUSE GARDEN MARKER ,B
21111,"SWISS ROLL TOWEL, CHOCOLATE  SPOTS",B
84507B,STRIPES DESIGN MONKEY DOLL,B
22907,PACK OF 20 NAPKINS PANTRY DESIGN,B
21917,SET 12 KIDS  WHITE CHALK STICKS,B
21645,ASSORTED TUTTI FRUTTI ROUND BOX,B
21545,CERAMIC BIRDHOUSE BUTTERFLY SMALL,B
37441,ASSORTED WHITE EMBOSSED CHINA MUGS,B
85132B,CHARLIE AND LOLA TABLE TINS,B
21445,12 PINK ROSE PEG PLACE SETTINGS,B
21696,SMALL SILVER TRELLIS CANDLEPOT,B
21541,DINOSAURS WATER TRANSFER TATTOOS ,B
21280,VINTAGE KITCHEN PRINT VEGETABLES,B
22152,PLACE SETTING WHITE STAR,B
85035A,GARDENIA 3 WICK MORRIS BOXED CANDLE,B
21593,SWALLOW CIGAR BOX MATCHES ,B
21283,NATURAL BARK CANDLE SMALL,B
22081,RIBBON REEL FLORA + FAUNA ,B
22576,SWALLOW WOODEN CHRISTMAS DECORATION,B
21547,CERAMIC BIRDHOUSE CRESTED TIT SMALL,B
84619,BLUE GINGHAM ROSE QUILT ,B
21837,CROSS STITCH ALPHABET CUSHION COVER,B
21823,PAINTED METAL HEART WITH HOLLY BELL,B
21126,SET OF 6 GIRLS CELEBRATION CANDLES,B
21281,VINTAGE KITCHEN PRINT SEAFOOD,B
48195,DOOR MAT GREEN PAISLEY ,B
21161,KEEP OUT BOYS DOOR HANGER ,B
22071,SMALL WHITE RETROSPOT MUG IN BOX ,B
22350,ILLUSTRATED CAT BOWL ,B
21637,ASSORTED SANSKRIT MINI NOTEBOOK,B
82615,PINK MARSHMALLOW SCARF KNITTING KIT,B
22190,LOCAL CAFE MUG,B
22315,200 RED + WHITE BENDY STRAWS,B
21542,WOODLAND WATER TRANSFER TATTOOS ,B
35160,BUDDHA INCENSE HOLDER ASSORTED,B
22405,MONEY BOX POCKET MONEY DESIGN,B
22376,AIRLINE BAG VINTAGE JET SET WHITE,B
22473,TV DINNER TRAY VINTAGE PAISLEY,B
85170A,SET/6 IVORY BIRD T-LIGHT CANDLES,B
47480,HANGING PHOTO CLIP ROPE LADDER,B
85222,ASSORTED COLOUR SILK COSMETIC PURSE,B
21123,SET/10 IVORY SPOTTY PARTY CANDLES,B
21278,VINTAGE KITCHEN PRINT PUDDINGS,B
21761,WOOD AND GLASS MEDICINE CABINET,B
22784,LANTERN CREAM GAZEBO ,B
21498,RED RETROSPOT WRAP ,B
21092,SET/6 STRAWBERRY PAPER PLATES,B
15059A,ENGLISH ROSE EDWARDIAN PARASOL,B
21749,LARGE RED RETROSPOT WINDMILL,B
21550,CERAMIC BIRDHOUSE CRESTED TIT LARGE,B
22023,EMPIRE BIRTHDAY CARD,B
22597,CHRISTMAS MUSICAL ZINC HEART ,B
21276,TWO EMBOSSED HEART MINI DRAWERS,B
84596B,SMALL DOLLY MIX DESIGN ORANGE BOWL,B
22566,FELTCRAFT HAIRBAND PINK AND PURPLE,B
22515,CHILDS GARDEN SPADE PINK,B
20764,ABSTRACT CIRCLES SKETCHBOOK ,B
21710,FOLDING UMBRELLA  PINK/WHITE  SPOT,B
22183,CAKE STAND VICTORIAN FILIGREE MED,B
22223,CAKE PLATE LOVEBIRD PINK,B
85199S,SMALL HANGING IVORY/RED WOOD BIRD,B
21841,BABY MOUSE RED GINGHAM DRESS,B
22758,LARGE PURPLE BABUSHKA NOTEBOOK  ,B
21610,SET 12 PEAR BOTANICAL T-LIGHTS,B
22336,DOVE DECORATION PAINTED ZINC ,B
84795D,SEASIDE STRIPE HAMMOCK,B
22664,TOY TIDY DOLLY GIRL DESIGN,B
21462,"NURSERY A,B,C PAINTED LETTERS",B
84872A,TEATIME FUNKY FLOWER BACKPACK FOR 2,B
22133,PINK LOVE HEART SHAPE CUP,B
22537,MAGIC DRAWING SLATE DINOSAUR,B
22208,WOOD STAMP SET THANK YOU,B
85035B,CHOCOLATE 3 WICK MORRIS BOX CANDLE,B
72008,FROSTED BOX 9 WHITE T-LIGHT CANDLES,B
22449,SILK PURSE RUSSIAN DOLL PINK,B
20985,HEART CALCULATOR,B
72800E,4 IVORY DINNER CANDLES SILVER FLOCK,B
21288,STRIPEY CHOCOLATE NESTING BOXES,B
22797,CHEST OF DRAWERS GINGHAM HEART ,B
21282,NATURAL BARK CANDLE LARGE,B
21476,STEEL SWEETHEART ROUND TABLE CREAM,B
22514,CHILDS GARDEN SPADE BLUE,B
22293,"SPRING DEC , HANGING CHICK  GREEN",B
21099,SET/6 STRAWBERRY PAPER CUPS,B
21146,ANTIQUE GLASS RIDGED HANGING BALL,B
79323B,BLACK CHERRY LIGHTS,B
84796A,PINK HAWAIIAN PICNIC HAMPER FOR 2,B
84526,GIANT BLACK SUNGLASSES,B
22540,MINI JIGSAW CIRCUS PARADE ,B
21742,LARGE ROUND WICKER PLATTER ,B
85016,SET OF 6 VINTAGE NOTELETS KIT,B
85034A,3 GARDENIA MORRIS BOXED CANDLES,B
21009,ETCHED GLASS STAR TREE DECORATION,B
21661,VINTAGE GLASS TEA CADDY,B
22905,CALENDAR IN SEASON DESIGN,B
22261,FELT EGG COSY WHITE RABBIT ,B
22816,CARD MOTORBIKE SANTA,B
22425,ENAMEL COLANDER CREAM,B
84856L,LARGE TAHITI BEACH BAG,B
85160A,WHITE BIRD GARDEN DESIGN MUG,B
15058A,BLUE WHITE SPOTS GARDEN PARASOL,B
21865,PINK UNION JACK  PASSPORT COVER ,B
47585A,PINK FAIRY CAKE CUSHION COVER,B
22650,CERAMIC PIRATE CHEST MONEY BANK,B
84510B,SET OF 4 FAIRY CAKES COASTERS ,B
22688,DOORMAT PEACE ON EARTH BLUE,B
21804,WHITE CHRISTMAS GARLAND STARS TREES,B
21206,STRAWBERRY HONEYCOMB  GARLAND ,B
22091,EMPIRE TISSUE BOX,B
85183B,CHARLIE & LOLA WASTEPAPER BIN FLORA,B
21810,CHRISTMAS HANGING STAR WITH BELL,B
21869,POTTING SHED COFFEE MUG,B
21626,VINTAGE UNION JACK PENNANT,B
22521,CHILDS GARDEN TROWEL PINK,B
22696,WICKER WREATH LARGE,B
20716,PARTY FOOD SHOPPER BAG,B
22496,SET OF 2 ROUND TINS DUTCH CHEESE,B
21275,ZINC TOP  2 DOOR WOODEN SHELF ,B
21424,WOODLAND STORAGE BOX LARGE ,B
22704,WRAP RED APPLES ,B
21410,COUNTRY COTTAGE  DOORSTOP GREEN,B
85098B,BLUE FLYING SINGING CANARY,B
22949,36 DOILIES DOLLY GIRL,B
22903,CALENDAR FAMILY FAVOURITES,B
22375,AIRLINE BAG VINTAGE JET SET BROWN,B
85176,SEWING SUSAN 21 NEEDLE SET,B
37343,SPOTS DESIGN MUG W PINK INSIDE,B
22251,BIRDHOUSE DECORATION MAGIC GARDEN,B
16033,MINI HIGHLIGHTER PENS,B
17084R,ASSORTED INCENSE PACK,B
22503,CABIN BAG VINTAGE PAISLEY,B
51014C,"FEATHER PEN,COAL BLACK",B
21561,DINOSAUR LUNCHBOX WITH CUTLERY,B
21125,SET 6 FOOTBALL CELEBRATION CANDLES,B
20682,RED RETROSPOT CHILDRENS UMBRELLA,B
22951,60 CAKE CASES DOLLY GIRL DESIGN,B
22071,SMALL RETRO SPOT MUG IN BOX  WHITE,B
22449,SILK PURSE BABUSHKA PINK,B
21495,SKULLS WRAP,B
85183A,CHARLIE & LOLA WASTEPAPER BIN BLUE,B
22842,BISCUIT TIN VINTAGE RED,B
22771,CLEAR DRAWER KNOB ACRYLIC EDWARDIAN,B
22342,HOME GARLAND PAINTED ZINC ,B
21640,ASSORTED TUTTI FRUTTI  FOB NOTEBOOK,B
21532,DAIRY MAID SUGAR JAM BOWL,B
18098c,PORCELAIN BUTTERFLY OIL BURNER,B
21643,ASSORTED TUTTI FRUTTI MIRROR,B
22477,WATERING CAN GARDEN MARKER,B
22731,3D CHRISTMAS STAMPS STICKERS ,B
85114C,RED ENCHANTED FOREST PLACEMAT,B
21124,SET/10 BLUE POLKADOT PARTY CANDLES,B
22333,RETRO SPOT PARTY BAG + STICKER SET,B
21557,SET OF 6 FUNKY BEAKERS,B
22153,ANGEL DECORATION STARS ON DRESS,B
21000,ROSE DU SUD COSMETICS BAG,B
85198,ASSORTED FARMYARD ANIMALS IN BUCKET,B
15058B,PINK WHITE SPOTS GARDEN PARASOL,B
21818,GLITTER CHRISTMAS HEART ,B
35971,ROSE FOLKART HEART DECORATIONS,B
22410,MONEY BOX HOUSEKEEPING DESIGN,B
47503K,ASSORTED FLORAL SECATEURS,B
22520,CHILDS GARDEN TROWEL BLUE ,B
21088,SET/6 FRUIT SALAD PAPER CUPS,B
20658,RED SPOTTY LUGGAGE TAG,B
22899,CHILDREN'S APRON DOLLY GIRL ,B
85167B,BLACK GRAND BAROQUE PHOTO FRAME,B
22037,ROBOT BIRTHDAY CARD,B
84396,6 HOOK JEWELLERY STAND BLACK DRESS,B
22028,PENNY FARTHING BIRTHDAY CARD,B
22513,DOORSTOP FOOTBALL DESIGN,B
17091J,VANILLA INCENSE IN TIN,B
21332,MOROCCAN BEATEN METAL MIRROR,B
85116,BLACK CANDELABRA T-LIGHT HOLDER,B
21897,POTTING SHED CANDLE CITRONELLA,B
21794,CLASSIC FRENCH STYLE BASKET NATURAL,B
21011,GLITTER SNOW PEAR TREE DECORATION,B
21279,VINTAGE KITCHEN PRINT FRUITS,B
21588,RETROSPOT GIANT TUBE MATCHES,B
22801,ANTIQUE GLASS PEDESTAL BOWL,B
21398,RED  SPOTTY COFFEE  MUG,B
21356,TOAST ITS - FAIRY FLOWER,B
20979,36 PENCILS TUBE RED RETROSPOT,B
90057,DIAMANTE RING ASSORTED IN BOX.,B
16161U,"WRAP,SUKI AND FRIENDS",B
84562A,PINK/WHITE RIBBED MELAMINE JUG,B
21809,CHRISTMAS HANGING TREE WITH BELL,B
21422,PORCELAIN ROSE SMALL,B
21495,SKULLS AND CROSSBONES WRAP,B
84965B,BLUE KASHMIRI COFFEE TABLE ,B
17129D,CLEAR COLOUR GLASS GEMS IN BAG,B
84012,MAGIC SHEEP WOOL GROWING FROM PAPER,B
22439,6 ROCKET BALLOONS ,B
21529,RETRO SPOT CERAMIC TOASTRACK,B
22800,ANTIQUE TALL SWIRLGLASS TRINKET POT,B
21581,SKULLS  DESIGN  COTTON TOTE BAG,B
22150, 3 STRIPEY MICE FELTCRAFT,B
21262,WHITE GOOSE FEATHER CHRISTMAS TREE ,B
21910,WAY OUT METAL SIGN ,B
21397,BLUE  SPOTTY EGG CUP ,B
21905,MORE BUTTER METAL SIGN ,B
22400,MAGNETS PACK OF 4 HOME SWEET HOME,B
84913A,SOFT PINK ROSE TOWEL ,B
20993,JAZZ HEARTS MEMO PAD,B
82494l,WOODEN FRAME ANTIQUE WHITE ,B
22818,CARD CHRISTMAS VILLAGE,B
22246,"GARLAND, MAGIC GARDEN 1.8M",B
21215,IVORY PAPER CUP CAKE CASES ,B
85227,SET OF 6 3D KIT CARDS FOR KIDS,B
22436,12 COLOURED PARTY BALLOONS,B
22117,METAL SIGN HER DINNER IS SERVED ,B
22059,CERAMIC STRAWBERRY DESIGN MUG,B
15058C,ICE CREAM DESIGN GARDEN PARASOL,B
21157,RED SPOTTY WASHBAG,B
21630,FLOOR CUSHION ELEPHANT CARNIVAL,B
22849,BREAD BIN DINER STYLE MINT,B
20992,JAZZ HEARTS PURSE NOTEBOOK,B
21464,DISCO BALL ROTATOR BATTERY OPERATED,B
85232A,SET/3 POLKA DOT STACKING TINS,B
21842,PINK HEART CANDY BUTTON CALCULATOR,B
21807,WHITE CHRISTMAS STAR DECORATION,B
21359,RELAX LARGE WOOD LETTERS,B
20738,GREEN MINI TAPE MEASURE ,B
85055,FRENCH ENAMEL UTENSIL HOLDER,B
22157,ANGEL DECORATION WITH LACE PADDED,B
84763,ZINC FINISH 15CM PLANTER POTS,B
84466,TOP SECRET PEN SET,B
16237,SLEEPING CAT ERASERS,B
22674,FRENCH TOILET SIGN BLUE METAL,B
46775E,CANDY POP CHUNKY KNITTED THROW ,B
84508A,CAMOUFLAGE DESIGN TEDDY,B
84459B,YELLOW METAL CHICKEN HEART ,B
22966,GINGERBREAD MAN COOKIE CUTTER,B
21824,PAINTED METAL STAR WITH HOLLY BELLS,B
22845,VINTAGE CREAM CAT FOOD CONTAINER,B
21759,METAL WALL SHELF UNIT WITH HOOKS,B
22323,PINK POLKADOT KIDS BAG,B
21537,RETRO SPOTS PUDDING BOWL,B
22137,BATHROOM SET LOVE HEART DESIGN,B
84509B,SET OF 4 FAIRY CAKE PLACEMATS,B
21549,CERAMIC BIRDHOUSE RED ROOF SMALL,B
22732,3D STICKERS VINTAGE CHRISTMAS,B
22735,RIBBON REEL SOCKS AND MITTENS,B
84596F,SMALL MARSHMALLOWS PINK BOWL,B
20798,CLEAR MILKSHAKE GLASS,B
22024,RAINY LADIES BIRTHDAY CARD,B
21584,RETROSPOT SMALL TUBE MATCHES,B
21708,FOLDING UMBRELLA  CREAM/MULTI  SPOT,B
20933,YELLOW POT PLANT CANDLE,B
20760,GARDEN PATH POCKET BOOK,B
20754,RETROSPOT RED WASHING UP GLOVES,B
22733,3D TRADITIONAL CHRISTMAS STICKERS,B
21190,PINK HEARTS PAPER GARLAND,B
20825,GOLD WINE GLASS,B
21504,SKULLS GREETING CARD,B
22671,FRENCH LAUNDRY SIGN BLUE METAL,B
84967B,BLUE KASHMIRI OCCASIONAL TABLE,B
21785,RAIN PONCHO ,B
22163,HEART STRING MEMO HOLDER HANGING,B
22452,MEASURING TAPE BABUSHKA PINK,B
21738,COSY SLIPPER SHOES SMALL  RED ,B
22450,SILK PURSE RUSSIAN DOLL BLUE,B
22891,TEA FOR ONE POLKADOT,B
21752,GLASS CAKE STAND MIRRORED BASE,B
20676,RED RETROSPOT BOWL,B
20772,GARDEN PATH JOURNAL,B
22827,GIANT SEVENTEEN DRAWER SIDEBOARD,B
22070,SMALL RETRO SPOT MUG IN BOX  RED,B
22308,TEA COSY BLUE STRIPE,B
85114A,BLACK ENCHANTED FOREST PLACEMAT,B
85162A,SILVER RETRODISC LAMPSHADE,B
21787,RAIN PONCHO RETROSPOT,B
85006,SET 4 NURSERY DES ROUND BOXES,B
84969,ASSORTED COLOUR SET 6 TEASPOONS,B
22448,PIN CUSHION RUSSIAN DOLL RED,B
84581,DOG TOY WITH PINK CROCHET SKIRT,B
21438,TUB 24 HANGING EASTER EGGS SPOTTY,B
46775D,SUNSET COLOUR CHUNKY KNITTED THROW,B
21744,SNOWFLAKE PORTABLE TABLE LIGHT ,B
22094,RED POLKA DOT TISSUE BOX,B
22290,STANDING METAL RABBIT WITH EGG,B
21819,GLITTER CHRISTMAS STAR ,B
22863,SOAP DISH BROCANTE,B
22675,FRENCH KITCHEN SIGN BLUE METAL,B
21662,VINTAGE GLASS COFFEE CADDY,B
22052,VINTAGE CARAVAN GIFT WRAP,B
22713,CARD I LOVE LONDON ,B
22516,CHILDS GARDEN RAKE BLUE,B
22712,CARD DOLLY GIRL ,B
20734,SILVER MINI TAPE MEASURE ,B
48197,DOORMAT BIRD ON THE WIRE,B
21616,4 PEAR BOTANICAL DINNER CANDLES,B
21613,S/12 VANILLA  BOTANICAL T-LIGHTS,B
21490,SET OF THREE 50'S GIFT WRAPS ,B
85049H,URBAN BLACK RIBBONS ,B
84748,FOLK FELT HANGING MULTICOL GARLAND,B
79160,HEART SHAPE WIRELESS DOORBELL,B
84685,BEACH HUT KEY CABINET,B
22613,PACK OF 20 SPACEBOY NAPKINS,B
35649,VINTAGE BEAD COSMETIC BAG ,B
21396,RED SPOTTY EGG CUP ,B
21130,COLOURFUL STANDING GNOME,B
20931,BLUE POT PLANT CANDLE ,B
22828,REGENCY MIRROR WITH SHUTTERS,B
85231B,CINAMMON SET OF 9 T-LIGHTS,B
17091A,LAVENDER INCENSE IN TIN,B
21644,ASSORTED TUTTI FRUTTI HEART BOX,B
84830,LARGE ENGLISH ARBORETUM,B
21955,  DOORMAT UNION JACK GUNS AND ROSES,B
22742,MAKE YOUR OWN PLAYTIME CARD KIT,B
22753,SMALL YELLOW BABUSHKA NOTEBOOK ,B
22204,MILK PAN BLUE RETROSPOT,B
22348,TEA BAG PLATE RED RETROSPOT,B
22733,3D STICKERS TRADITIONAL CHRISTMAS ,B
21947,SET OF 6 HEART CHOPSTICKS,B
47503E,ASS FLORAL PRINT SCISSORS,B
21617,4 LILY  BOTANICAL DINNER CANDLES,B
22539,MINI JIGSAW DOLLY GIRL,B
84815,SET OF 3 DANISH ROSE PLANTERS,B
21656,RIDGED GLASS POSY VASE ,B
35809A,ENAMEL PINK TEA CONTAINER,B
22533,MAGIC DRAWING SLATE BAKE A CAKE ,B
21806,WHITE CHRISTMAS HEART DECORATION,B
21312,LARGE CHUNKY GLASS ROMAN BOWL,B
22161,HEART DECORATION RUSTIC HANGING ,B
22286,"DECORATION , WOBBLY RABBIT , METAL ",B
22471,TV DINNER TRAY AIR HOSTESS ,B
85106,CUT GLASS HEXAGON T-LIGHT HOLDER,B
21579,LOLITA  DESIGN  COTTON TOTE BAG,B
21677,HEARTS  STICKERS,B
22321,BIRD DECORATION RED SPOT,B
16046,TEATIME PEN CASE & PENS,B
84919,BLUE CUSHION COVER WITH FLOWER,B
51014L,"FEATHER PEN,LIGHT PINK",B
21649,ASSORTED TUTTI FRUTTI PHOTO FRAME,B
22253,6 CROCHET STRAWBERRIES,B
22939,APRON APPLE DELIGHT,B
22517,CHILDS GARDEN RAKE PINK,B
21686,MEDINA STAMPED METAL STOOL,B
21802,CHRISTMAS TREE HEART DECORATION,B
35962,12 ASS ZINC CHRISTMAS DECORATIONS,B
21983,PACK OF 12 BLUE PAISLEY TISSUES ,B
22911,PAPER CHAIN KIT LONDON,B
82567,"AIRLINE LOUNGE,METAL SIGN",B
22695,WICKER WREATH SMALL,B
20731,POSY CANDY BAG,B
84750A,PINK SMALL GLASS CAKE STAND,B
22201,FRYING PAN BLUE POLKADOT ,B
85110,BLACK SILVER FLOWER T-LIGHT HOLDER,B
22731,3D STICKERS CHRISTMAS STAMPS,B
20686,DOLLY MIXTURE CHILDREN'S UMBRELLA,B
22719,GUMBALL MONOCHROME COAT RACK,B
22200,FRYING PAN PINK POLKADOT,B
37424,WHITE WITH BLACK CATS MUG,B
22523,CHILDS GARDEN FORK PINK,B
21287,SCENTED VELVET LOUNGE CANDLE ,B
22319,HAIRCLIPS FORTIES FABRIC ASSORTED,B
22522,CHILDS GARDEN FORK BLUE ,B
21251,DINOSAUR HEIGHT CHART STICKER SET,B
22362,GLASS JAR PEACOCK BATH SALTS,B
22739,"RIBBON REEL, XMAS SOCK/BAUBLE",B
85059,FRENCH ENAMEL WATER BASIN,B
21695,SMALL SILVER FLOWER CANDLE POT,B
84519B,CARROT CHARLIE+LOLA COASTER SET,B
37482B,CUBIC MUG BLUE POLKA DOT,B
22956,36 FOIL HEART CAKE CASES,B
21576,LETS GO SHOPPING COTTON TOTE BAG,B
21051,RIBBONS PURSE ,B
35241,ENAMEL BLUE RIM BISCUIT BIN,B
22035,VINTAGE CARAVAN GREETING CARD ,B
21002,ROSE DU SUD DRAWSTRING BAG,B
21746,SMALL RED SPOT  WINDMILL,B
21010,ETCHED GLASS BIRD TREE DECORATION,B
85224,ASSORTED COLOUR SILK GLASSES CASE,B
21439,BASKET OF TOADSTOOLS,B
85136C,RED SHARK HELICOPTER,B
84279P, CHERRY BLOSSOM  DECORATIVE FLASK,B
21867,PINK UNION JACK  LUGGAGE TAG,B
84688,BEACH HUT DESIGN BLACKBOARD,B
21163,DO NOT TOUCH MY STUFF DOOR HANGER ,B
21904,HOUSE WRECKING METAL SIGN ,B
22777,GLASS CLOCHE LARGE,B
21058,PARTY INVITES WOODLAND,B
22279,POCKET BAG BLUE PAISLEY RED SPOT,B
20780,BLACK EAR MUFF HEADPHONES,B
22760,"TRAY, BREAKFAST IN BED",B
21145,ANTIQUE GLASS PLACE SETTING,B
20768,GREEN FERN JOURNAL ,B
22898,CHILDRENS APRON APPLES DESIGN,B
47587A,PINK FAIRY CAKE COASTER,B
21040,MODERN VINTAGE COTTON SHOPPING BAG,B
21779,MA CAMPAGNE MINI WOODEN CHEST,B
21205,MULTICOLOUR 3D BALLS GARLAND,B
85130A,BEADED PEARL HEART WHITE LARGE,B
84968F,S/16 VINTAGE SKY BLUE CUTLERY,B
20767,BLUE PAISLEY JOURNAL ,B
85200,BUNNY EGG BOX,B
22069,BROWN  PIRATE TREASURE CHEST ,B
21851,LILAC DIAMANTE PEN IN GIFT BOX,B
21801,CHRISTMAS TREE DECORATION WITH BELL,B
47504K,ENGLISH ROSE GARDEN SECATEURS,B
84750B,BLACK SMALL GLASS CAKE STAND,B
84791,GINGHAM HEART DECORATION,B
21839,MUMMY MOUSE RED GINGHAM RIBBON,B
40003,WHITE BAMBOO RIBS LAMPSHADE,B
84989A,75 GREEN FAIRY CAKE CASES,B
20766,GARDEN PATH SKETCHBOOK,B
21413,PERIWINKLE T-LIGHT HOLDER,B
85054,FRENCH ENAMEL POT W LID,B
72815,3 WICK CHRISTMAS BRIAR CANDLE ,B
22535,MAGIC DRAWING SLATE BUNNIES ,B
84847,FLORAL BATHROOM SET,B
22586,FELTCRAFT HAIRBAND PINK AND BLUE,B
21618,4 WILDFLOWER BOTANICAL CANDLES,B
21925,UNION STRIPE CUSHION COVER ,B
20892,SET/3 TALL GLASS CANDLE HOLDER PINK,B
22202,MILK PAN PINK POLKADOT,B
85015,SET OF 12  VINTAGE POSTCARD SET,B
21827,EIGHT PIECE CREEPY CRAWLIE SET,B
84997b,RED 3 PIECE RETROSPOT CUTLERY SET,B
40001,WHITE BAMBOO RIBS LAMPSHADE,B
21972,SET OF 36 DINOSAUR PAPER DOILIES,B
22740,POLKA DOT PEN,B
72800F,4 IVORY DINNER CANDLES GOLD FLOCK,B
20681,PINK POLKADOT CHILDRENS UMBRELLA,B
20983,12 PENCILS TALL TUBE RED RETROSPOT,B
21803,CHRISTMAS TREE STAR DECORATION,B
22710,WRAP I LOVE LONDON ,B
22848,BREAD BIN DINER STYLE PINK,B
85179B,WHITE BITTY LIGHT CHAIN ,B
22609,PENS ASSORTED SPACEBALL,B
21448,12 DAISY PEGS IN WOOD BOX,B
16161U,WRAP SUKI AND FRIENDS,B
16047,POP ART PEN CASE & PENS,B
21825,PAINTED METAL TREE WITH HOLLY BELLS,B
21849,SILVER DIAMANTE PEN IN GIFT BOX,B
21446,12 RED ROSE PEG PLACE SETTINGS,B
84908B,BLUE 5 PATCH FLOWER CUSHION COVER,B
84795B,SUNSET CHECK HAMMOCK,B
20783,HEART EAR MUFF HEADPHONES,B
22068,BLACK PIRATE TREASURE CHEST,B
22440,BALLOON WATER BOMB PACK OF 35,B
22421,LIPSTICK PEN FUSCHIA,B
84910A,PINK PAISLEY CUSHION COVER ,B
84965A,PINK KASHMIRI COFFEE TABLE ,B
20668,DISCO BALL CHRISTMAS DECORATION,B
21389,IVORY HANGING DECORATION  BIRD,B
85173,SET/6 FROG PRINCE T-LIGHT CANDLES,B
21158,MOODY GIRL DOOR HANGER ,B
84908A,PINK 5 PATCH FLOWER CUSHION COVER ,B
46775A,BUBBLE GUM CHUNKY KNITTED THROW ,B
21774,DECORATIVE CATS BATHROOM BOTTLE,B
21675,BUTTERFLIES STICKERS,B
84405A,S/3 PINK COL METAL BASKET W HANDLE,B
20846,ZINC HEART LATTICE T-LIGHT HOLDER,B
85126,LARGE ROUND CUTGLASS CANDLESTICK,B
22479,DAISY GARDEN MARKER,B
20671,BLUE TEATIME PRINT BOWL ,B
85124A,PINK JUICY FRUIT PHOTO FRAME,B
22260,FELT EGG COSY BLUE RABBIT ,B
85118,HEART T-LIGHT HOLDER,B
21629,SQUARE FLOOR CUSHION VINTAGE RED,B
22306,SILVER MUG BONE CHINA TREE OF LIFE,B
21792,CLASSIC FRENCH STYLE BASKET GREEN ,B
21634,ASSORTED MINI MADRAS NOTEBOOK,B
22422,TOOTHPASTE TUBE PEN,B
35957,SMALLFOLKART BAUBLE CHRISTMAS DEC,B
85039B,S/4 IVORY MINI ROSE CANDLE IN BOWL,B
37479B,CUBIC MUG FLOCK BLUE ON BROWN,B
22262,FELT EGG COSY CHICKEN,B
21426,WOODLAND STORAGE BOX SMALL,B
35637A,IVORY STRING CURTAIN WITH POLE ,B
22599,CHRISTMAS MUSICAL ZINC STAR,B
22390,PAPERWEIGHT CHILDHOOD MEMORIES,B
22382,LUNCHBAG SPACEBOY DESIGN ,B
22450,SILK PURSE BABUSHKA BLUE,B
75131,METAL TUBE CHIME ON BAMBOO,B
85008,SET OF 3 CONEY ISLAND OVAL BOXES,B
85185B,PINK HORSE SOCK PUPPET,B
22026,BANQUET BIRTHDAY  CARD  ,B
22908,PACK OF 20 NAPKINS RED APPLES,B
85034B,3 WHITE CHOC MORRIS BOXED CANDLES,B
20730,STRAWBERRY CANDY BAG,B
22902,TOTE BAG I LOVE LONDON,B
22711,WRAP CIRCUS PARADE,B
22416,36 DOILIES SPACEBOY DESIGN ,B
84459A,PINK METAL CHICKEN HEART ,B
22565,FELTCRAFT HAIRBANDS PINK AND WHITE ,B
85031C,CURIOUS IMAGES SCRAP BOOK SET,B
22708,WRAP DOLLY GIRL,B
22310,IVORY KNITTED MUG COSY ,B
20777,CHRYSANTHEMUM NOTEBOOK,B
21127,COLOURFUL FISHING GNOME,B
21898,POTTING SHED ROSE CANDLE,B
22098,BOUDOIR SQUARE TISSUE BOX,B
21836,GINGHAM OVEN GLOVE RED HEART ,B
84006,MAGIC TREE -PAPER FLOWERS,B
22559,SEASIDE FLYING DISC,B
22210,WOOD STAMP SET BEST WISHES,B
72484,ROSES IN WHITE HEART CANDLE ,B
35004G,SET OF 3 GOLD FLYING DUCKS,B
84964B,BLUE PAINTED KASHMIRI TABLE ,B
21335,LIBRARY LAMP,B
21763,VINTAGE WOODEN BAR STOOL,B
22843,BISCUIT TIN VINTAGE GREEN,B
21927,BLUE/CREAM STRIPE CUSHION COVER ,B
21303,FILIGREE WALL MIRROR  ANTIQUE WHITE,B
22074,6 RIBBONS SHIMMERING PINKS ,B
35958,FOLKART ZINC STAR CHRISTMAS DEC,B
21615,4 LAVENDER BOTANICAL DINNER CANDLES,B
85035C,ROSE 3 WICK MORRIS BOX CANDLE,B
20996,JAZZ HEARTS ADDRESS BOOK,B
21828,EIGHT PIECE SNAKE  SET,B
22614,PACK OF 12 SPACEBOY TISSUES,B
22337,ANGEL DECORATION PAINTED ZINC ,B
21690,SILVER  CANDLEPOT JARDIN ,B
21894,POTTING SHED SEED ENVELOPES,B
22926,IVORY GIANT GARDEN THERMOMETER,B
85036B,CHOCOLATE 1 WICK MORRIS BOX CANDLE,B
22310,KNITTED MUG COSY IVORY COLOUR ,B
84873a,FUNKY FLOWER PICNIC BAG FOR 4,B
21945,STRAWBERRIES  DESIGN FLANNEL ,B
85160B,BLACK BIRD GARDEN DESIGN MUG,B
22254,FELT TOADSTOOL LARGE,B
84985A,SET OF 72 GREEN PAPER DOILIES,B
22651,GENTLEMAN SHIRT REPAIR KIT ,B
21248,DOOR HANGER  MUM + DADS ROOM,B
84616,SILVER ROCCOCO CHANDELIER,B
84968C,SET OF 16 VINTAGE PISTACHIO CUTLERY,B
21299,EDWARDIAN TOILET ROLL UNIT ,B
35810A,ENAMEL PINK COFFEE CONTAINER,B
22338,STAR DECORATION PAINTED ZINC ,B
20735,BLACK MINI TAPE MEASURE ,B
85018D,YULETIDE IMAGES S/6 PAPER BOXES,B
20762,GREEN FERN SKETCHBOOK ,B
84686,BEACH HUT MIRROR,B
21691,SILVER VANILLA FLOWER CANDLE POT,B
22307,GOLD MUG BONE CHINA TREE OF LIFE,B
85189,HANGING BUTTERFLY  EGG,B
22317,FIVE CATS HANGING DECORATION,B
72753B,S/3 FLWR FAIRY LAVENDER CANDLES,B
21805,WHITE CHRISTMAS TREE DECORATION ,B
22778,GLASS CLOCHE SMALL,B
84664,CHERRY BLOSSOM BATHROOM CABINET,B
21425,SKULLS STORAGE BOX LARGE,B
20761,BLUE PAISLEY SKETCHBOOK,B
21711,FOLDING UMBRELLA  WHITE/RED  SPOT,B
22119, PEACE WOODEN BLOCK LETTERS,B
20878,SET/9 CHRISTMAS T-LIGHTS SCENTED ,B
22772,PINK DRAWER KNOB ACRYLIC EDWARDIAN,B
22827,RUSTIC  SEVENTEEN DRAWER SIDEBOARD,B
21294,ETCHED GLASS COASTER,B
22080,RIBBON REEL POLKADOTS ,B
37492B,BLUE YELLOW FLOWER PIGGY BANK,B
22143,CHRISTMAS CRAFT HEART DECORATIONS,B
20771,CHRYSANTHEMUM  JOURNAL,B
47591B,SCOTTIES CHILDRENS APRON,B
84678,CLASSICAL ROSE SMALL VASE,B
22822,CREAM WALL PLANTER HEART SHAPED,B
22774,RED DRAWER KNOB ACRYLIC EDWARDIAN,B
84968A,SET OF 16 VINTAGE ROSE CUTLERY,B
47589,CONGRATULATIONS BUNTING,B
21316,SMALL CHUNKY GLASS ROMAN  BOWL,B
85121B,RETRO LAUNDRY TUB PINK,B
84536A,ENGLISH ROSE NOTEBOOK A7 SIZE,B
85226A,WHITE/BLUE PULL BACK RACING CAR,B
47504E,ENGLISH ROSE SCISSORS,B
22363,GLASS JAR MARMALADE ,B
21814,HEART T-LIGHT HOLDER ,B
21358,TOAST ITS - HAPPY BIRTHDAY,B
20893,HANGING BAUBLE T-LIGHT HOLDER SMALL,B
20778,GARDEN PATH NOTEBOOK ,B
84918,CREAM CUSHION COVER WITH FLOWERS,B
84789,ENCHANTED BIRD PLANT CAGE,B
84818,DANISH ROSE PHOTO FRAME,B
82607A,GLASS BONBON JAR PARFUME AUX FLEURE,B
21070,VINTAGE BILLBOARD MUG ,B
85124C,GREEN JUICY FRUIT PHOTO FRAME,B
35965,FOLKART HEART NAPKIN RINGS,B
85121C,RETRO LAUNDRY TUB PISTACHIO,B
72529W,WHITE ADVENT CANDLE,B
21702,SET 5 MINI GATEAUX  FRIDGE MAGNETS,B
72045D,ROSES ON BLUE TEACUP CANDLE ,B
22051,BLUE SCANDINAVIAN PAISLEY WRAP,B
21291,SMALL SPOTTY CHOCOLATE GIFT BAG ,B
84913B,MINT GREEN ROSE TOWEL,B
84535B,FAIRY CAKES NOTEBOOK A6 SIZE,B
22438,BALLOON ART MAKE YOUR OWN FLOWERS,B
21007,ETCHED GLASS DROPLET DECORATION,B
22587,FELTCRAFT HAIRBAND RED AND BLUE,B
22823,CHEST NATURAL WOOD 20 DRAWERS,B
84709B,PINK OVAL JEWELLED MIRROR,B
85103,SILVER T-LIGHT SETTING,B
22211,WOOD STAMP SET FLOWERS,B
22288,"DECORATION , HANGING METAL RABBIT",B
21580,RABBIT  DESIGN  COTTON TOTE BAG,B
21444,BLUE CHALET BIRDFEEDER,B
21689,SILVER VANILLA  FLOWER CANDLE POT,B
20902,VINTAGE KEEPSAKE BOX PARIS DAYS,B
20773,BLUE PAISLEY NOTEBOOK,B
21480,PINK STRIPE HOT WATER BOTTLE,B
22955,36 FOIL STAR CAKE CASES ,B
20913,SET/5 BLUE SPOTTY LID GLASS BOWLS,B
22453,MEASURING TAPE BABUSHKA BLUE,B
85031A,ROMANTIC IMAGES SCRAP BOOK SET,B
17109B,FLOWER FAIRY INCENSE LAVENDER,B
84760L,LARGE HANGING GLASS+ZINC LANTERN,B
22716,CARD CIRCUS PARADE,B
21720,CAKE SHOP  STICKER SHEET,B
70007,HI TEC ALPINE HAND WARMER,B
85031B,BLOSSOM IMAGES SCRAP BOOK SET,B
22025,RING OF ROSES BIRTHDAY CARD,B
85177,BASKET OF FLOWERS SEWING KIT,B
85135B,BLUE DRAGONFLY HELICOPTER,B
85197,SET OF 12 MINI BUNNIES IN A BUCKET,B
22803,IVORY EMBROIDERED QUILT ,B
21195,PINK  HONEYCOMB PAPER BALL ,B
21991,BOHEMIAN COLLAGE STATIONERY SET,B
84559B,3D SHEET OF CAT STICKERS,B
20991,JAZZ HEARTS MAGNETIC MEMO PAD,B
72799A,BLACK PILLAR CANDLE SILVER FLOCK,B
21338,MARAKESH LANTERN SMALL ,B
85165,CANDY PINK FRENCH BOUDOIR CLOCK,B
20765,CHRYSANTHEMUM SKETCHBOOK ,B
21592,RETROSPOT CIGAR BOX MATCHES ,B
21392,RED SPOTTY PUDDING BOWL,B
21414,SCALLOP SHELL SOAP DISH,B
17033,"BROCADE PURSE,SMALL ARCH BUTTON",B
21162,TOXIC AREA  DOOR HANGER ,B
22706,WRAP COWBOYS  ,B
35598D,PINK/WHITE CHRISTMAS TREE 60CM,B
22050,PINK PAISLEY ROSE GIFT WRAP,B
21289,LARGE STRIPES CHOCOLATE GIFT BAG,B
85166B,BLACK METAL BAROQUE PHOTO FRAME,B
21189,WHITE HONEYCOMB PAPER GARLAND ,B
84658,WHITE STITCHED CUSHION COVER,B
10133,COLOURING PENCILS BROWN TUBE,B
22214,CANDLE PLATE LACE WHITE,B
21721,CANDY SHOP  STICKER SHEET,B
21159,MOODY BOY  DOOR HANGER ,B
21255,"FRENCH BOTTLE , LAVENDER",B
22892,SET OF SALT AND PEPPER TOADSTOOLS,B
21185, HOME SWEET HOME  BLACKBOARD,B
85129D,BEADED CRYSTAL HEART PINK SMALL,B
85049a,TRADITIONAL CHRISTMAS RIBBONS,B
21292,SMALL STRIPES CHOCOLATE GIFT BAG ,B
84578,ELEPHANT TOY WITH BLUE T-SHIRT,B
21815,STAR  T-LIGHT HOLDER ,B
21478,SILVER SKULL HOT WATER BOTTLE ,B
22103,MIRROR MOSAIC T-LIGHT HOLDER ROUND,B
72803A,ROSE SCENT CANDLE JEWELLED DRAWER,B
21942,SKULLS DESIGN FLANNEL,B
21243,PINK  POLKADOT PLATE ,B
85071A,BLUE CHARLIE+LOLA PERSONAL DOORSIGN,B
85032D,YULETIDE IMAGES GIFT WRAP SET,B
84559A,3D SHEET OF DOG STICKERS,B
21383,PACK OF 12 STICKY BUNNIES,B
22265,EASTER DECORATION NATURAL CHICK,B
84637,KITCHEN FLOWER POTS WALL PLAQUE,B
84659A,WHITE TRAVEL ALARM CLOCK,B
85099f,JUMBO BAG STRAWBERRY,B
21300,ANTIQUE EDWARDIAN DRESSER,B
20759,CHRYSANTHEMUM POCKET BOOK ,B
21059,PARTY INVITES DINOSAURS,B
20622,VIPPASSPORT COVER ,B
84782A,PINK 3 TIER GLASS PLATE STAND,B
20677,PINK POLKADOT BOWL,B
22040,BOTANICAL ROSE GIFT WRAP,B
85231L,LAVENDER SCENTED SET/9 T-LIGHTS,B
85034C,3 ROSE MORRIS BOXED CANDLES,B
17039,INLAID WOOD INCENSE HOLDER,B
84762B,PINK PICNIC BARBECUE BUCKET,B
16016,LARGE CHINESE STYLE SCISSOR,B
21552,CERAMIC BIRDHOUSE BLACK ROSE  LARGE,B
46000P,POLYESTER FILLER PAD 65CMx65CM,B
40018E,TEA TIME PAPER LANTERNS,B
22775,PURPLE DRAWERKNOB ACRYLIC EDWARDIAN,B
20774,GREEN FERN NOTEBOOK,B
77101A,UNION FLAG WINDSOCK,B
20755,BLUE PAISLEY POCKET BOOK,B
20776,ABSTRACT CIRCLES NOTEBOOK,B
35599D,PINK AND WHITE CHRISTMAS TREE 120CM,B
85196,EASTER BUNNIES ON A STICK,B
22705,WRAP GREEN PEARS ,B
20758,ABSTRACT CIRCLES POCKET BOOK,B
21063,PARTY INVITES JAZZ HEARTS,B
22199,FRYING PAN RED RETROSPOT,B
21551,CERAMIC BIRDHOUSE BUTTERFLY LARGE,B
79342B,BROWN FLOWER LIGHTS,B
84969,BOX OF 6 ASSORTED COLOUR TEASPOONS,B
21694,SMALL REGAL  SILVER CANDLEPOT ,B
79302M,"ART LIGHTS,FUNK MONKEY",B
21499,BLUE POLKADOT WRAP,B
72816,SET/3 CHRISTMAS DECOUPAGE CANDLES,B
22256,FELT FARM ANIMAL CHICKEN,B
22396,MAGNETS PACK OF 4 RETRO PHOTO,B
22545,MINI JIGSAW BUNNIES,B
22181,SNOWSTORM PHOTO FRAME FRIDGE MAGNET,B
22988,SOLDIERS EGG CUP ,B
21926,RED/CREAM STRIPE CUSHION COVER ,B
20941,FROG CANDLE,B
22099,CARAVAN SQUARE TISSUE BOX,B
22209,WOOD STAMP SET HAPPY BIRTHDAY,B
20833,SHAKER THROW  QUILTED,B
37423,WHITE WITH BLACK CATS PLATE,B
21944,KITTENS DESIGN FLANNEL,B
85017B,ENVELOPE 50 BLOSSOM IMAGES,B
21066,VINTAGE RED MUG,B
84767,ZINC POLICE BOX LANTERN,B
85231G,ORANGE SCENTED SET/9 T-LIGHTS,B
20617,FIRST CLASS PASSPORT COVER ,B
85044,RED REINDEER STRING OF 20 LIGHTS,B
21244,BLUE POLKADOT PLATE ,B
21269,ANTIQUE CREAM CUTLERY SHELF ,B
20756,GREEN FERN POCKET BOOK,B
84666,SQUARE CHERRY BLOSSOM CABINET,B
21555,CERAMIC STRAWBERRY TRINKET TRAY,B
21558,SKULL LUNCHBOX WITH CUTLERY ,B
20840,FRENCH FLORAL CUSHION COVER ,B
22058,CERAMIC LOVE HEARTS DESIGN MUG,B
84358,FLOOR LAMP SHADE WOOD BASE,B
17129F,DEEP BLUE GLASS GEMS IN BAG,B
84509G,SET OF 4 FAIRY CAKE PLACEMATS ,B
22789,T-LIGHT HOLDER SWEETHEART HANGING,B
22101,MIRROR MOSAIC VOTIVE HOLDER,B
37494A,FAIRY CAKE CERAMIC BUTTER DISH,B
84625D,WHITE NEWBAROQUE CANDLESTICK CANDLE,B
21739,COSY SLIPPER SHOES SMALL GREEN,B
46776F,WOVEN ROSE GARDEN CUSHION COVER ,B
45008C,DECORATIVE NET CANOPY CREAM,B
22785,CUSHION COVER PINK UNION FLAG,B
37330,SPOTS MUG,B
20700,GREEN CAT FLORAL CUSHION COVER ,B
47591d,PINK FAIRY CAKE CHILDRENS APRON,B
21286,RETRO SPOT CANDLE  LARGE,B
48173c,DOORMAT BLACK FLOCK ,B
85017A,ENVELOPE 50 ROMANTIC IMAGES,B
85131A,BEADED PEARL HEART WHITE ON STICK,B
21725,SWEETIES  STICKERS,B
22414,DOOR MAT NEIGHBOURHOOD WITCH ,B
21684,SMALL MEDINA STAMPED METAL BOWL ,B
22048,BIRTHDAY BANQUET GIFT WRAP,B
21773,DECORATIVE ROSE BATHROOM BOTTLE,B
20989,URBAN CHIC CHOPSTICKS SET/5,B
20984,12 PENCILS TALL TUBE POSY,B
85025C,PINK HEART SHAPE PHOTO FRAME,B
21043,APRON MODERN VINTAGE COTTON,B
21331,MOROCCAN BEATEN METAL DISH LARGE,B
21317,GLASS SPHERE CANDLE STAND MEDIUM,B
20707,CRAZY DAISY HEART DECORATION,B
37461,FUNKY MONKEY MUG,B
84534B,FAIRY CAKE NOTEBOOK A5 SIZE,B
84843,WHITE SOAP RACK WITH 2 BOTTLES,B
21500,PINK POLKADOT WRAP ,B
22543,MINI JIGSAW BAKE A CAKE ,B
82613D,METAL SIGN CUPCAKE SINGLE HOOK,B
84638,SMALL KITCHEN FLOWER POTS PLAQUE,B
22182,CAKE STAND VICTORIAN FILIGREE SMALL,B
84761,IVORY HANGING BIRD PLANTER ,B
21554,CERAMIC BIRDHOUSE RED ROOF LARGE,B
21633,SUNFLOWER DECORATIVE PARASOL,B
72755C,FLOWER FAIRY OIL BURNER SET ROSE,B
21427,SKULLS STORAGE BOX SMALL,B
21219,SET/4 BADGES BALLOON GIRL,B
84029C,BROWN FURRY HOT WATER BOTTLE,B
84922,PINK BUTTERFLY WASHBAG,B
84925F,PSYCHEDELIC WALL THERMOMETER,B
84631,FRUIT TREE AND BIRDS WALL PLAQUE,B
20757,RED DAISY POCKET BOOK ,B
84665,SQUARE CHERRY BLOSSOM CABINET,B
84905,PINK BUTTERFLY CUSHION COVER ,B
84963A,PINK PAINTED KASHMIRI CHAIR,B
35811A,ENAMEL PINK SUGAR CONTAINER,B
10125,MINI FUNKY DESIGN TAPES,B
22492,MINI PAINT SET VINTAGE  BOY+ GIRL,B
84762C,GREEN PICNIC BARBECUE BUCKET,B
21238,RED RETROSPOT CUP,B
20934,SET/3 POT PLANT CANDLES,B
21277,FRENCH STYLE EMBOSSED HEART CABINET,B
85125,SMALL ROUND CUT GLASS CANDLESTICK,B
20867,PINK ROSE FABRIC MIRROR,B
22714,CARD BIRTHDAY COWBOY,B
84816,DANISH ROSE BEDSIDE CABINET,B
16244B,MAXWELL 2 TONE BLUE 60 PAGE PHOTO A,B
21242,RED RETROSPOT PLATE ,B
21298,EDWARDIAN 2 DRAWER WALL CABINET ,B
22049,WRAP CHRISTMAS SCREEN PRINT,B
84569D,PACK 6 HEART/ICE-CREAM PATCHES,B
20986,BLUE CALCULATOR RULER,B
47581B,FAIRY CAKE WICKER PICNIC BASKET ,B
22756,LARGE YELLOW BABUSHKA NOTEBOOK ,B
21726,MULTI HEARTS  STICKERS,B
17165B,ASS COL LARGE SAND GECKO P'WEIGHT,B
84653,GREEN ROSE QUILT ,B
84615,PINK ROUND BUTTERFLY MIRROR ,B
22393,PAPERWEIGHT VINTAGE COLLAGE,B
79030G,"TUMBLER, NEW ENGLAND",B
22324,BLUE POLKADOT KIDS BAG,B
21284,RETRO SPOT CANDLE  SMALL,B
22493, PAINT YOUR OWN CANVAS SET,B
72800A,S/4 BLACK DINNER CANDLE SILVER FLOC,B
22280,POCKET BAG PINK PAISELY BROWN SPOT,B
22676,"FRENCH BLUE METAL DOOR SIGN, 1",B
21391,FRENCH EMROIDR LAVENDER SCENT HEART,B
20675,BLUE POLKADOT BOWL,B
22269,EGG CUP NATURAL CHICKEN,B
85194L,HANGING SPRING FLOWER EGG LARGE,B
84907,PINK YELLOW PATCH CUSHION COVER,B
84620,BLUE GINGHAM ROSE CUSHION COVER,B
84596E,SMALL LICORICE DES PINK BOWL,B
21366,MIRRORED WALL ART PHOTO FRAMES,B
84689,S/2 BEACH HUT TREASURE CHESTS,B
85053,FRENCH ENAMEL CANDLEHOLDER,B
84674,FLYING PIG WATERING CAN,B
35647,VINTAGE BEAD PINK SHADE ,B
ADJUST2,Adjustment by Peter on Jun 25 2010 ,B
20910,VINTAGE PHOTO ALBUM PARIS DAYS,B
20894,HANGING BAUBLE T-LIGHT HOLDER LARGE,B
47503F,ASS FLORAL PRINT TORCH,B
78124,MAGAZINE RACK GEBRA ASSORTED ,B
21250,SET OF SKULL WALL STICKERS,B
72800B,S/4 PURPLE DINNER CANDLE BLK FLOCK,B
21817,GLITTER CHRISTMAS TREE,B
21443,OLIVE CHALET BIRDFEEDER,B
90175A,WHITE GLASS CHUNKY CHARM BRACELET,B
22340,NOEL GARLAND PAINTED ZINC ,B
22792,FLUTED ANTIQUE CANDLE HOLDER,B
20782,CAMOUFLAGE EAR MUFF HEADPHONES,B
21393,BLUE  SPOTTY PUDDING BOWL,B
22339,CHRISTMAS TREE PAINTED ZINC ,B
84971L,LARGE HEART FLOWERS HOOK   ,B
22106,MIRROR MOSAIC HURRICANE LAMP ,B
20901,VINTAGE KEEPSAKE BOX PINK FLOWER,B
10134,COLOURING PENCILS BROWN TUBE,B
84684,BEACH HUT PHOTO FRAME,B
22216,T-LIGHT HOLDER WHITE LACE,B
22287,"DECORATION , WOBBLY CHICKEN, METAL ",B
22532,MAGIC DRAWING SLATE LEAP FROG ,B
35951,FOLKART BAUBLE CHRISTMAS DECORATION,B
21664,RIDGED GLASS STORAGE JAR CREAM LID,B
21076,SET/20 COLLAGE PAPER NAPKIN ,B
20850,ZINC HEART LATTICE PLANTER BOWL,B
21133,PAINTED BIRD ASSORTED CHRISTMAS,B
72819,CUPID DESIGN SCENTED CANDLES,B
22316,200 BENDY SKULL STRAWS,B
85124B,BLUE JUICY FRUIT PHOTO FRAME,B
46776B,WOVEN BERRIES CUSHION COVER ,B
21308,LOUVRE VANITY MIRROR,B
84687,BEACH HUT SHELF W 3 DRAWERS,B
84869,CANDY BUTTON PHOTO ALBUM,B
84360,TABLE LAMP WHITE SHADE WOOD BASE,B
21131,GOLD STANDING GNOME,B
21822,GLITTER CHRISTMAS TREE WITH BELLS,B
22986,GINGHAM ROSE WRAP,B
20669,RED HEART LUGGAGE TAG,B
21740,COSY SLIPPER SHOES LARGE RED,B
20775,DAISY NOTEBOOK ,B
85017C,ENVELOPE 50 CURIOUS IMAGES,B
84033,FLAG OF ST GEORGE ,B
84536B,FAIRY CAKES NOTEBOOK A7 SIZE,B
85231E,STRAWBERRY SCENTED SET/9 T-LIGHTS,B
22036,DINOSAUR BIRTHDAY CARD,B
22512,DOORSTOP RACING CAR DESIGN,B
37333,"RETRO ""TEA FOR ONE"" ",B
72755D,FLOWER FAIRY OIL BURNER SET SUMMER,B
84842,HELLO SAILOR BATHROOM SET,B
20862,PINK PATCH PENCIL CASE BLUE HEART,B
72753A,S/3 FLWR FAIRY LILLY CANDLES,B
22598,CHRISTMAS MUSICAL ZINC TREE,B
22948,METAL DECORATION NAUGHTY CHILDREN ,B
84247E,PACK/12 XMAS FUN CARD,B
85136A,YELLOW SHARK HELICOPTER,B
22232,JIGSAW TOADSTOOLS 3 PIECE,B
84715,SET OF 6 ICE CREAM SKITTLES,B
22673,FRENCH GARDEN SIGN BLUE METAL,B
90200C,BLUE SWEETHEART BRACELET,B
22546,MINI JIGSAW PURDEY,B
37492D,PURPLE GREEN FLOWER PIGGY BANK,B
22847,"BREAD BIN, DINER STYLE, IVORY",B
22762,CUPBOARD 3 DRAWER MA CAMPAGNE,B
84625A,PINK NEW BAROQUECANDLESTICK CANDLE,B
90200D,PINK SWEETHEART BRACELET,B
21674,RIDGED GLASS PENDANT LAMPSHADE,B
21758,VINTAGE SHELLS PRINT,B
84313B,BLUE TV TRAY TABLE ,B
85127,SMALL SQUARE CUT GLASS CANDLESTICK,B
22228,BUNNY WOODEN PAINTED WITH BIRD ,B
22802,FAUX FUR CHOCOLATE THROW,B
22343,PARTY PIZZA DISH RED RETROSPOT,B
85039A,SET/4 RED MINI ROSE CANDLE IN BOWL,B
21631,HIPPY CHIC DECORATIVE PARASOL,B
15056n,EDWARDIAN PARASOL NATURAL,B
20704,MR ROBOT SOFT TOY,B
21253,SET OF PICTURE FRAME  STICKERS,B
22034,ROBIN CHRISTMAS CARD,B
72023F,RED ORGANIC CANDLE IN GLASS,B
85071B,RED CHARLIE+LOLA PERSONAL DOORSIGN,B
20866,BLUE ROSE FABRIC MIRROR,B
84341B,SMALL PINK MAGIC CHRISTMAS TREE,B
72750B,FLOWER FAIRY SET 3 CANDLES LAVENDER,B
85141,JARDIN ETCHED GLASS FRUITBOWL,B
21247,SET OF RED SALAD SERVERS ,B
21676,FLOWERS  STICKERS,B
85084,HOLLY TOP CHRISTMAS STOCKING,B
22896,PEG BAG APPLE DESIGN,B
21376,LARGE  TALL CAMPHOR WOOD TOADSTOOL ,B
22383,LUNCHBAG SUKI  DESIGN ,B
17096,ASSORTED LAQUERED INCENSE HOLDERS,B
17109C,FLOWER FAIRY INCENSE ROSE,B
22322,BIRD DECORATION GREEN  SPOT,B
22123,PING MICROWAVE APRON,B
21764,VINTAGE WOODEN PLATE RACK,B
16235,RECYCLED PENCIL WITH RABBIT ERASER,B
20652,BLUE SPOTTY LUGGAGE TAG ,B
22250,DECORATION  BUTTERFLY  MAGIC GARDEN,B
22056,CERAMIC PLATE LOVE HEART DESIGN,B
21239,PINK  POLKADOT CUP,B
22164,STRING OF STARS CARD HOLDER,B
22677,"FRENCH BLUE METAL DOOR SIGN, 2",B
22054,MINI CAKE STAND HANGING HEARTS,C
22230,JIGSAW TREE WITH WATERING CAN,C
17165D,ASS COL LARGE SAND FROG P'WEIGHT,C
72799C,PINK PILLAR CANDLE SILVER FLOCK,C
18007,ESSENTIAL BALM 3.5g TIN IN ENVELOPE,C
37474,SET/4 2 TONE EGG SHAPE MIXING BOWLS,C
20714,POSY SHOPPER BAG,C
21350,GINGHAM HEART WREATH,C
21134,VICTORIAN METAL POSTCARD CHRISTMAS,C
37444C,PINK BREAKFAST CUP AND SAUCER ,C
20802,SMALL GLASS SUNDAE DISH CLEAR,C
85145,JARDIN ETCHED GLASS LARGE BELL JAR,C
22678,"FRENCH BLUE METAL DOOR SIGN, 3",C
47597,NEW ENGLAND TEATOWELS,C
84824,DANISH ROSE UMBRELLA STAND,C
85214,TUB 24 PINK FLOWER PEGS,C
17181,CIRCLE OF FRIENDS CANDLE HOLDER,C
85230F,JASMINE VOTIVE CANDLE,C
84925D,LA PALMIERA WALL THERMOMETER,C
46776A,WOVEN BUBBLE GUM CUSHION COVER,C
84520D,PACK OF 20 FAIRY CAKE PAPER NAPKINS,C
21850,BLUE  DIAMANTE PEN IN GIFT BOX,C
84986B,SET OF 36 SILVER PAPER DOILIES,C
21665,TRIANGULAR RIDGED GLASS POSY HOLDER,C
84601A,NEW BAROQUE IVORY CUSHION COVER ,C
22134,LADLE LOVE HEART RED ,C
90082D,DIAMANTE BOW BROOCH BLACK COLOUR,C
75013B,"STRING OF 8 BUTTERFLIES,PINK",C
22408,MONEY BOX CONFECTIONERY DESIGN,C
17164B,ASS COL SMALL SAND GECKO P'WEIGHT,C
22093,MOTORING TISSUE BOX,C
22389,PAPERWEIGHT SAVE THE PLANET,C
85028L,FRENCH CHATEAU LARGE FRUIT BOWL ,C
79163,BLACK CHAMPAGNE GLASS,C
35004P,SET OF 3 PINK FLYING DUCKS,C
35471D,SET OF 3 BIRD LIGHT PINK FEATHER ,C
22104,MIRROR MOSAIC CANDLE PLATE,C
84964A,PINK PAINTED KASHMIRI TABLE,C
85049e,SCANDINAVIAN REDS RIBBONS,C
22965,3 TRADITIONAl BISCUIT CUTTERS  SET,C
21775,DECORATIVE FLORE BATHROOM BOTTLE,C
72814,SET OF 3 CHRISTMAS BRIAR CANDLES,C
16169N,WRAP BLUE RUSSIAN FOLKART,C
21061,PARTY INVITES FOOTBALL,C
85218,S/5 MINI ICE CREAM FRIDGE MAGNETS,C
84968F,SET OF 16 VINTAGE SKY BLUE CUTLERY,C
82616A,BUBBLE GUM SCARF KNITTING KIT,C
22289,"DECORATION , HANGING METAL CHICKEN",C
20657,TROPICAL LUGGAGE TAG,C
22249,DECORATION WHITE CHICK MAGIC GARDEN,C
20701,PINK CAT FLORAL CUSHION COVER ,C
62094B,TURQ ICE CREAM BUM BAG ,C
21202,DOLLY HONEYCOMB GARLAND,C
16156N,"WRAP, FRIENDSHIP ON GREEN",C
85093,CANDY SPOT EGG WARMER HARE,C
22267,EASTER DECORATION EGG BUNNY ,C
72772,SET/4 SCENTED CANDLES IN RAMEKINS,C
84932C,SMALL ORIENTAL BLUE FOLDING STOOL,C
21307,SET/4 BUTTERFLY MIRROR MAGNETS,C
22794,SWEETHEART WIRE MAGAZINE RACK,C
20689,RETRO SISTERS EXPRESSO CUPS,C
90147,CHUNKY SILVER NECKLACE PASTEL FLOWE,C
47583A,SET OF 3 WICKER BASKET ROSE,C
21632,VINTAGE PINK DECORATIVE PARASOL,C
79315W,FLYING SAUCER TABLE LIGHT IN WHITE,C
85169A,IVORY LOVE BIRD CANDLE,C
22914,BLUE COAT RACK PARIS FASHION,C
22680,"FRENCH BLUE METAL DOOR SIGN, 5",C
21980,PACK OF 12 RED RETROSPOT TISSUES ,C
21173,LOO ROLL  METAL SIGN ,C
22233,JIGSAW RABBIT AND BIRDHOUSE,C
21199,PINK  HEART CONFETTI IN TUBE,C
22529,MAGIC DRAWING SLATE GO TO THE FAIR ,C
16225,RATTLE SNAKE EGGS,C
21240,BLUE POLKADOT CUP,C
85028S,FRENCH CHATEAU SMALL FRUITBOWL,C
85135A,YELLOW DRAGONFLY HELICOPTER,C
21060,PARTY INVITES BALLOON GIRL,C
85135C,RED DRAGONFLY HELICOPTER,C
37351,ORANGE FLOWER MUG ,C
84932A,SMALL GREEN PEONY FOLDING STOOL,C
20863,BLUE PATCH PENCIL CASE PINK HEART,C
20769,DAISY JOURNAL ,C
21619,4 VANILLA BOTANICAL CANDLES,C
22481,BLACK TEA TOWEL CLASSIC DESIGN,C
85185D,FROG SOCK PUPPET,C
21440,12 MINI TOADSTOOL PEGS,C
84682,CLASSICAL ROSE DISH,C
21873,IF YOU CAN'T STAND THE HEAT MUG,C
22679,"FRENCH BLUE METAL DOOR SIGN, 4",C
21293,MIRRORED DOVE WALL DECORATION,C
85117,NIGHTINGALE COATHOOK WHITE,C
84625C,BLUE NEW BAROQUE CANDLESTICK CANDLE,C
85180A,RED HEARTS LIGHT CHAIN ,C
20849,ZINC HEART LATTICE DOUBLE PLANTER,C
84997d,PINK 3 PIECE POLKADOT CUTLERY SET,C
21458,2 PICTURE BOOK EGGS EASTER BUNNY,C
21816,CHRISTMAS TREE T-LIGHT HOLDER,C
85188B,PINK METAL SWINGING BUNNY,C
85113,POLKA DOT PISTACHIO PAIL,C
21304,ARCHED GREY MIRROR,C
21322,GLASS SPHERE CANDLE STAND LARGE ,C
21562,HAWAIIAN GRASS SKIRT ,C
20661,BLUE SPOTTY PURSE ,C
21344,MOROCCAN BEATEN METAL DISH,C
22805,BLUE DRAWER KNOB ACRYLIC EDWARDIAN,C
21256,"FRENCH BOTTLE, BRASSERIE DES ARTIST",C
20898,VINTAGE NOTEBOOK TRAVELOGUE,C
21416,CLAM SHELL LARGE,C
21893,POTTING SHED SEED TIN,C
35653,VINTAGE BEAD NOTEBOOK,C
20695,FLORAL BLUE MONSTER,C
22108,PING! MICROWAVE PLATE,C
21223,SET/4 BADGES WOODLAND ANIMAL,C
84934,ASSTD DESIGN POP ART SLIM PEN,C
22683,"FRENCH BLUE METAL DOOR SIGN, 8",C
16169K,WRAP FOLK ART,C
84997c,BLUE 3 PIECE POLKADOT CUTLERY SET,C
22962,JAM JAR WITH PINK LID,C
84569C,PACK 4 FLOWER/BUTTERFLY PATCHES,C
85096,HILDA CANDY SPOT RABBIT,C
21016,LIGHT BIRD HOUSE TREE DECORATION,C
85092,CANDY SPOT TEA COSY,C
15034,PAPER POCKET TRAVELING FAN ,C
21786,POLKADOT RAIN HAT ,C
72232,FENG SHUI PILLAR CANDLE,C
21553,CERAMIC BIRDHOUSE FINCH BLUE  LARGE,C
35954,SMALL FOLKART STAR CHRISTMAS DEC,C
22837,HOT WATER BOTTLE BABUSHKA LARGE,C
22700,BLACK AND WHITE DOG BOWL,C
20804,GLASS CHICKEN BUTTER DISH,C
20619,TROPICAL PASSPORT COVER ,C
21419,CONCH SHELL,C
22685,"FRENCH BLUE METAL DOOR SIGN, 0",C
82613A,"METAL SIGN,CUPCAKE SINGLE HOOK",C
85036C,ROSE 1 WICK MORRIS BOXED CANDLE,C
84932D,SMALL ORIENTAL RED FOLDING STOOL,C
22643,SET OF 4 NAPKIN CHARMS LEAVES   ,C
21319,GLASS CHALICE GREEN  SMALL ,C
20897,VINTAGE NOTEBOOK PARIS DAYS,C
21284,RETROSPOT CANDLE  SMALL,C
22684,"FRENCH BLUE METAL DOOR SIGN, 9",C
22097,SWALLOW SQUARE TISSUE BOX,C
22709,WRAP WEDDING DAY,C
20615,BLUE SPOTTY PASSPORT COVER,C
21724,PANDA AND BUNNIES STICKER SHEET,C
22062,CERAMIC BOWL WITH LOVE HEART DESIGN,C
17109D,FLOWER FAIRY INCENSE BOUQUET,C
72598,SET/12 TAPER CANDLES,C
85129A,"WHITE PEARL BEADED HEART, SMALL",C
84595E,LARGE TORTILLA DESIGN RED BOWL,C
21392,RED POLKADOT PUDDING BOWL,C
22896,PEG BAG APPLES DESIGN,C
85119,WATERING CAN SINGLE HOOK PISTACHIO,C
20705,MRS ROBOT SOFT TOY,C
22425,ENAMEL COLLANDER CREAM,C
16169C,WRAP BLUE REINDEER,C
22699,TEACUP AND SAUCER REGENCY ROSES,C
21285,RETRO SPOT CANDLE  MEDIUM,C
20832,RED FLOCK LOVE HEART PHOTO FRAME,C
37345,ASSTD HEARTS DESIGN MUGS,C
84773,RED ROSE AND LACE C/COVER,C
22682,"FRENCH BLUE METAL DOOR SIGN, 7",C
20699,MOUSEY LONG LEGS SOFT TOY,C
85032A,ROMANTIC IMAGES GIFT WRAP SET,C
84712B,PINK JEWELLED PHOTO FRAME,C
22811,SET OF 6 T-LIGHTS CACTI ,C
85090,CANDY SPOT APRON,C
22227,HANGING HEART MIRROR DECORATION ,C
16162L,THE KING GIFT BAG,C
22950,SET OF 36 DOILIES VINTAGE CHRISTMAS,C
20935,ROUND CACTUS CANDLE,C
20830,SILVER PHOTO FRAME,C
21160,KEEP OUT GIRLS DOOR HANGER ,C
21456,2 PICTURE BOOK EGGS EASTER CHICKS,C
22448,PIN CUSHION BABUSHKA RED,C
22255,FELT TOADSTOOL  SMALL,C
21666, RIDGED GLASS T-LIGHT HOLDER,C
22452,MEASURING TAPE RUSSIAN DOLL PINK,C
22416,SET OF 36 DOILIES SPACEBOY DESIGN ,C
79066K,RETRO MOD TRAY,C
21457,2 PICTURE BOOK EGGS EASTER DUCKS,C
22681,"FRENCH BLUE METAL DOOR SIGN, 6",C
21320,GLASS CHALICE GREEN  LARGE ,C
85091,CANDY SPOT BREAD BASKETS,C
20888,SET 3 JARDIN DE FEMME SCENT CANDLES,C
20936,FORKED CACTUS CANDLE,C
22258,FELT FARM ANIMAL RABBIT,C
20665,RED RETROSPOT PURSE ,C
85188A,GREEN METAL SWINGING BUNNY,C
84675,FROG KING WATERING CAN,C
21377,SMALL CAMPHOR WOOD FIELD  MUSHROOM,C
21339,MARAKESH LANTERN LARGE,C
84596K,JELLY BABIES YELLOW SMALL BOWL,C
22983,"CARD, BILLBOARD FONT",C
21261,GREEN GOOSE FEATHER CHRISTMAS TREE ,C
35969,FOLKART CROWN TABLE DECORATIONS,C
20943,SET/6 GINGERBREAD STAR T-LIGHTS,C
22033,BOTANICAL ROSE GREETING CARD,C
20997,ROSE DU SUD CUSHION COVER ,C
21200,MULTICOLOUR HONEYCOMB PAPER GARLAND,C
82616C,MIDNIGHT GLAMOUR SCARF KNITTING KIT,C
22773,GREEN DRAWER KNOB ACRYLIC EDWARDIAN,C
84414B,FUSCHIA/GREEN STRIPE WOOLLY BLANKET,C
21017,RED BIRD HOUSE TREE DECORATION,C
84865,NEW BAROQUE BLACK PHOTO ALBUM,C
84609,TALL ROCOCO CANDLE HOLDER,C
72800D,S/4 BLUE DINNER CANDLE SILVER FLOCK,C
21719,LOVELY BONBON STICKER SHEET,C
90203,SILVER CHARM NECKLACE 70CM,C
21375,LARGE CAMPHOR WOOD FIELD MUSHROOM ,C
22547,MINI JIGSAW DINOSAUR ,C
85111,SILVER GLITTER FLOWER VOTIVE HOLDER,C
84826,ASSTD DESIGN 3D PAPER STICKERS,C
21215, IVORY PAPER CUP CAKE CASES ,C
72267,PREMIUM CHURCH CANDLE,C
21129,SILVER FISHING GNOME ,C
21734,SMALL MARAKESH LANTERN ON STICK,C
22615,PACK OF 12 CIRCUS PARADE TISSUES ,C
22403,MAGNETS PACK OF 4 VINTAGE LABELS ,C
22116,METAL SIGN HIS DINNER IS SERVED,C
22898,CHILDRENS APRON APPLE DESIGN,C
22963,JAM JAR WITH GREEN LID,C
72728,ROSE SCENT CANDLES IN GLASS,C
85104,SILVER GLASS T-LIGHT SET,C
85226C,BLUE PULL BACK RACING CAR,C
20733,GOLD MINI TAPE MEASURE ,C
37444A,YELLOW BREAKFAST CUP AND SAUCER,C
21883,STARS GIFT TAPE ,C
84657,GREEN ROSE CUSHION COVER,C
84762A,WHITE PICNIC BARBECUE BUCKET,C
22927,GREEN GIANT GARDEN THERMOMETER,C
20932,PINK POT PLANT CANDLE,C
85170D,SET/6 PINK BIRD T-LIGHT CANDLES,C
16202B,PASTEL BLUE PHOTO ALBUM ,C
16169P,WRAP GREEN RUSSIAN FOLKART ,C
90120D,WHITE MURANO TWIST BRACELET,C
84849A,HELLO SAILOR BLUE SOAP HOLDER,C
21378,SMALL TALL CAMPHOR WOOD TOADSTOOL,C
84989B,75 BLACK FAIRY CAKE CASES,C
84952C,MIRROR LOVE BIRD T-LIGHT HOLDER,C
84782C,GREEN 3 TIER GLASS PLATE STAND,C
21540,DAIRY MAID CERAMIC BUTTER DISH,C
20763,DAISY SKETCHBOOK ,C
20753,RETRO PINK SPOT WASHING UP GLOVES,C
21641,ASSORTED TUTTI FRUTTI KEYRING BALL,C
22806,SET OF 6 T-LIGHTS WEDDING CAKE ,C
21706,FOLDING UMBRELLA RED/WHITE POLKADOT,C
90195A,PURPLE GEMSTONE BRACELET,C
22135,LADLE LOVE HEART PINK,C
22913,RED COAT RACK PARIS FASHION,C
35004S,SET OF 3 SILVER FLYING DUCKS,C
37352,BIRD IN TREE MUG ,C
82613B,"METAL SIGN,CUPCAKE SINGLE HOOK",C
90199C,5 STRAND GLASS NECKLACE CRYSTAL,C
85142,JARDIN ETCHED GLASS GINGER JAR,C
85030,FRENCH CHATEAU OVAL PLATTER,C
84993A,75 GREEN PETIT FOUR CASES,C
72818,CHRISTMAS DECOUPAGE CANDLE,C
47591B,SCOTTIES DES CHILD'S APRON,C
21847,GREEN  DIAMANTE PEN IN GIFT BOX,C
20865,PATCHWORK PENCIL CASE BUTTERFLY ,C
85213,MINI  ZINC GARDEN DECORATIONS ,C
84632,DECORATIVE HANGING SHELVING UNIT,C
35471A,SET OF 3 BIRD L.BLUE FEATHER,C
85163A,WHITE BAROQUE WALL CLOCK ,C
21635,MADRAS NOTEBOOK LARGE ,C
84805B,BLUE CLIMBING HYDRANGA ART FLOWER,C
84596G,SMALL CHOCOLATES PINK BOWL,C
37475,SET/4 COLOURFUL MIXING BOWLS,C
20864,DENIM PATCH PENCIL CASE BUTTERFLY,C
47592A,CAROUSEL DES CHILD'S OVERALL,C
35600D,PINK AND WHITE CHRISTMAS TREE 180CM,C
90010B,BLACK/WHITE GLASS/SILVER BRACELET,C
15056bl,EDWARDIAN PARASOL BLACK,C
17021,NAMASTE SWAGAT INCENSE,C
21399,BLUE  SPOTTY  COFFEE MUG,C
22717,CARD DOG AND BALL ,C
72800C,S/4 PINK DINNER CANDLE SILVER FLOCK,C
47594B,SCOTTIES DESIGN WASHBAG,C
16239,BALLERINA HEART DECORATION.,C
84974,S/2 ZINC HEART DESIGN PLANTERS,C
35972,DAISY FOLKART HEART DECORATION,C
20903,VINTAGE KEEPSAKE BOX TRAVELOGUE,C
22715,CARD WEDDING DAY,C
21004,ROSE DU SUD CHILDS APRON,C
82616B,FRAPPUCINO SCARF KNITTING KIT,C
84706D,CHERRY BLOSSOM TABLE CLOCK ,C
21663,VINTAGE GLASS SUGAR CADDY,C
22042,CHRISTMAS CARD SINGING ANGEL,C
21286,RETROSPOT CANDLE  LARGE,C
22892,SALT AND PEPPER SHAKERS TOADSTOOLS,C
22964,3 PIECE SPACEBOY COOKIE CUTTER SET,C
22897,OVEN MITT APPLE DESIGN,C
85163B,BLACK BAROQUE WALL CLOCK ,C
47594A,CAROUSEL DESIGN WASHBAG,C
21209,MULTICOLOUR HONEYCOMB FAN,C
79191C,RETRO PLASTIC ELEPHANT TRAY,C
82605,OLD DOC RUSSEL METAL SIGN,C
22783,SET 3 WICKER OVAL BASKETS W LIDS,C
72131,COLUMBIAN CANDLE RECTANGLE,C
17012C,ORIGAMI LAVENDER INCENSE/CANDL SET ,C
21147,JINGLE BELLS TREE DECORATION,C
85227,SET/6 3D KIT CARDS FOR KIDS,C
16244A,MAXWELL 2 TONE PINK 60 PAGE PHOTO A,C
21318,GLASS CHALICE BLUE SMALL ,C
16049,TEATIME GEL PENS ASST,C
85159A,"BLACK TEA,COFFEE,SUGAR JARS",C
21650,ASSORTED TUTTI FRUTTI BRACELET,C
37492C,GREEN BLUE FLOWER PIGGY BANK,C
21620,S/4 ROSE    BOTANICAL  CANDLE,C
35915C,PEACH KNITTED HEN ,C
72750C,"F.FAIRY S/3 CANDLE/GLASS, ROSE",C
21336,GOLD WASHBAG,C
72801G,S/4 BURGUNDY WINE DINNER CANDLES,C
22702,BLACK AND WHITE CAT BOWL,C
62096A,PINK/YELLOW FLOWERS HANDBAG,C
84247G,"DECOUPAGE,GREETING CARD,",C
21536,DAIRY MAID  SMALL  MILK JUG,C
47367B,PAIR PADDED HANGERS PINK CHECK,C
22697,TEACUP AND SAUCER REGENCY GREEN,C
22951,72 CAKE CASES DOLLY GIRL DESIGN,C
85144,JARDIN ETCHED GLASS BUTTER DISH,C
84600,NEW BAROQUE JEWELLERY BOX ,C
21123,SET/10 IVORY POLKADOT PARTY CANDLES,C
84901,BLACK FACE LAMB WITH PANTS,C
35599B,BLACK CHRISTMAS TREE 120CM,C
84846A,SCENTED CANDLE IN DIGITALIS TIN,C
90184C,BLACK CHUNKY BEAD BRACELET W STRAP,C
72807c,SET/3 VANILLA SCENTED CANDLE IN BOX,C
84569B,PACK 3 FIRE ENGINE/CAR PATCHES,C
84306,S/3 PINK SQUARE PLANTERS ROSES,C
22268,EASTER DECORATION SITTING BUNNY,C
22686,"FRENCH BLUE METAL DOOR SIGN, No",C
85215,ASSORTED CHEESE FRIDGE MAGNETS,C
72799B,PURPLE PILLAR CANDLE BLACK FLOCK,C
90200E,GREEN SWEETHEART BRACELET,C
21198,WHITE HEART CONFETTI IN TUBE,C
85109,PINK BOUDOIR T-LIGHT HOLDER,C
84798B,PURPLE FOXGLOVE ARTIIFCIAL FLOWER,C
20793,BLUE TILED TRAY,C
20998,ROSE DU SUD OVEN GLOVE,C
84507C,BLUE CIRCLES DESIGN MONKEY DOLL,C
84972L,GIANT PINK HEART MEMO HOLDER,C
72789,BASKET/8 SCENTED LOVE TOKEN CANDLES,C
21222,SET/4 BADGES BEETLES,C
20831,GOLD PHOTO FRAME,C
22608,PENS ASSORTED FUNKY JEWELED ,C
84948,SILVER HANGING T-LIGHT HOLDER DOME,C
22193,RED WALL CLOCK,C
22191,IVORY WALL CLOCK,C
85136B,BLUE SHARK HELICOPTER,C
22647,CERAMIC LOVE HEART MONEY BANK,C
21090,SET/6 COLLAGE PAPER PLATES,C
35915B,BLUE KNITTED HEN ,C
22124,SET OF 2 TEA TOWELS PING MICROWAVE,C
84509A,ENGLISH ROSE PLACEMATS,C
72586,"S/6 HALLOWEEN GHOST T LIGHTS, 5CM H",C
21220,SET/4 BADGES DOGS,C
21750,LARGE SKULL WINDMILL,C
20621,ECONOMY PASSPORT COVER ,C
21503,TOYBOX  WRAP ,C
82081,PINK HEARTS PHOTO ALBUM,C
22105,MIRROR MOSAIC GOBLET CANDLE HOLDER,C
21265,PINK GOOSE FEATHER TREE 60CM,C
90195B,BLACK GEMSTONE BRACELET,C
22538,MINI JIGSAW GO TO THE FAIR,C
85023B,EAU DE NILE JEWELLED PHOTOFRAME,C
17164D,ASS COL SMALL SAND FROG P'WEIGHT,C
72817,SET OF 2 CHRISTMAS DECOUPAGE CANDLE,C
85086A,CANDY SPOT HEART DECORATION,C
21723,ALPHABET HEARTS STICKER SHEET,C
22718,CARD CAT AND TREE ,C
21529,RED RETROSPOT TOASTRACK,C
85180B,PINK HEARTS LIGHT CHAIN ,C
22266,EASTER DECORATION HANGING BUNNY,C
17012A,ORIGAMI VANILLA INCENSE/CANDLE SET ,C
90200A,PURPLE SWEETHEART BRACELET,C
35598B,BLACK CHRISTMAS TREE 60CM,C
16243B,BROWN COZY SQUARE PHOTO ALBUM,C
84963B,BLUE PAINTED KASHMIRI CHAIR,C
84247L,FAWN AND MUSHROOM GREETING CARD,C
21014,SWISS CHALET TREE DECORATION ,C
16259,PIECE OF CAMO STATIONERY SET,C
62096B,PURPLE/TURQ FLOWERS HANDBAG,C
16161M,WRAP  PINK FLOCK,C
22785,SQUARECUSHION COVER PINK UNION FLAG,C
21062,PARTY INVITES SPACEMAN,C
20653,CHERRY BLOSSOM LUGGAGE TAG,C
79030A,"TUMBLER, ENGLISH ROSE",C
85129C,BEADED CRYSTAL HEART BLUE SMALL,C
84819,DANISH ROSE ROUND SEWING BOX,C
35922,EASTER BUNNY WREATH,C
71279,PINK GLASS CANDLEHOLDER,C
90161C,ANT COPPER LIME BOUDICCA BRACELET,C
47310M,"SMALL POP BOX,FUNKY MONKEY",C
22486,PLASMATRONIC LAMP,C
35953,FOLKART STAR CHRISTMAS DECORATIONS,C
20694,FLORAL PINK MONSTER,C
gift_0001_30,Dotcomgiftshop Gift Voucher £30.00,C
22343,PARTY PIZZA DISH RED WHITE SPOT ,C
85025B,EAU DE NILE HEART SHAPE PHOTO FRAME,C
84510F,SET OF 4 NEW ENGLAND COASTERS ,C
22263,FELT EGG COSY LADYBIRD ,C
22247,BUNNY DECORATION MAGIC GARDEN,C
84858B,BLUE RIVIERA HANDBAG,C
72132,COLUMBIAN CUBE CANDLE,C
82011C,BATHROOM SCALES FOOTPRINTS IN SAND,C
21393,BLUE POLKADOT PUDDING BOWL,C
37464,ROBOT MUG IN DISPLAY BOX,C
85208,SET/12 FUNKY FELT FLOWER PEG IN BAG,C
85146,JARDIN ETCHED GLASS SMALL BELL JAR,C
84966B,BLUE KASHMIRI BOXED MIRROR,C
22264,FELT FARM ANIMAL WHITE BUNNY ,C
21530,DAIRY MAID TOASTRACK,C
84707B,PINK JEWELLED MIRROR TRINKET TRAY,C
22761,CHEST 7 DRAWER MA CAMPAGNE,C
21757,LIGHTHOUSE PRINTED METAL SIGN,C
85071C,"CHARLIE+LOLA""EXTREMELY BUSY"" SIGN",C
20715,LITTLE FLOWER SHOPPER BAG,C
45016,DECORATIVE NET CANOPY LEOPARD,C
21291,SMALL POLKADOT CHOCOLATE GIFT BAG ,C
22897,OVEN MITT APPLES DESIGN,C
21729,SMALL MARAKESH METAL  LANTERN ,C
22446,PIN CUSHION RUSSIAN DOLL PINK,C
16015,MEDIUM CHINESE STYLE SCISSOR,C
22407,MONEY BOX FIRST ADE DESIGN,C
22786,CUSHION COVER PINK UNION JACK,C
22167, OVAL WALL MIRROR DIAMANTE ,C
51020B,STRIPY DESIGN SHOWER CAP,C
22840,"CAKE TIN, ROUND, VINTAGE RED,CREAM",C
47579,TEA TIME BREAKFAST BASKET,C
46776C,WOVEN FROST CUSHION COVER,C
84872a,TEATIME FUNKY FLOWER BACKPACK FOR 2,C
84875D,BLUE SQUARE COMPACT MIRROR,C
84967C,GREEN KASHMIRI OCCASIONAL TABLE,C
84770,ROUND GEORGIAN SILVER MIRROR,C
35095B,RED VICTORIAN FABRIC OVAL BOX,C
72750A,FLOWER FAIRY SET OF 3 LILY CANDLES,C
84532B,FAIRY CAKES RECTANGLUAR BOXES,C
85097B,BLUE ROCKING SINGING CANARY,C
37482P,CUBIC MUG PINK POLKA DOT,C
84820,DANISH ROSE TRINKET TRAYS,C
35240,ENAMEL BLUE RIM OVAL TRAY SET/2,C
22985,"WRAP, BILLBOARD FONTS DESIGN",C
20803,SMALL PINK GLASS SUNDAE DISH,C
85186A,EASTER BUNNY GARLAND OF FLOWERS,C
84529C,YELLOW KNITTED KIDS RUCKSACK,C
22053,EMPIRE DESIGN ROSETTE,C
21986,PACK OF 12 PINK POLKADOT TISSUES,C
84997b,RED 3 PIECE MINI DOTS CUTLERY SET,C
84007,MAGIC GARDEN MOUNT FUJI,C
22229,BUNNY WOODEN PAINTED WITH FLOWER ,C
85112,S/3 TEAR DROP CUT GLASS DECORATION,C
21341,KASBAH LANTERN WITH GLASS ,C
84509B,FAIRY CAKE PLACEMATS,C
40046A,RED DAISY PAPER LAMPSHADE,C
16169F,WRAP BLIZZARD,C
84595B,LARGE TRIFLE DESIGN L BLUE BOWL,C
22786,PILLOWCUSHION COVER PINK UNION JACK,C
21252,SET OF MEADOW  FLOWER STICKERS,C
22420,LIPSTICK PEN BABY PINK,C
21026,SPACE OWL,C
22324,BAG FOR CHILDREN VINTAGE BLUE ,C
17107D,"FLOWER FAIRY,5 SUMMER B'DRAW LINERS",C
22323,BAG FOR CHILDREN VINTAGE PINK ,C
84968D,SET OF 16 VINTAGE RED CUTLERY,C
72803B,OCEAN SCENT CANDLE JEWELLED DRAWER,C
22701,PINK DOG BOWL,C
84708B,PINK JEWELLED PHOTO FRAME ,C
22799,SWEETHEART WIRE FRUIT BOWL,C
22776,"CAKESTAND, 3 TIER, LOVEHEART",C
20823,GOLD WINE GOBLET,C
20674,GREEN POLKADOT BOWL,C
37444B,BLUE BREAKFAST CUP AND SAUCER ,C
82076,BEECH WOOD PHOTO FRAME ,C
21285,RETROSPOT CANDLE  MEDIUM,C
20696,FLORAL SOFT CAR TOY,C
84984B,RED PEONY CUSHION COVER ,C
85170C,SET/6 EAU DE NIL BIRD T-LIGHTS,C
84932B,SMALL PINK PEONY FOLDING STOOL,C
21001,ROSE DU SUD WASHBAG ,C
84923,PINK BUTTERFLY HANDBAG W BOBBLES,C
21417,COCKLE SHELL DISH,C
85194S,HANGING SPRING FLOWER EGG SMALL,C
85007,SET OF 3 VINTAGE TEA TIME BOXES,C
22893,MINI CAKE STAND T-LIGHT HOLDER,C
21442,GREEN BIRDHOUSE DECORATION,C
20889,JARDIN DE FEMME SCENTED CANDLE,C
84876D,BLUE HEART COMPACT MIRROR,C
21943,CAKES AND RABBITS DESIGN FLANNEL ,C
D,Discount,C
85130D,BEADED CRYSTAL HEART PINK LARGE,C
22922,FRIDGE MAGNETS US DINER ASSORTED,C
85167A,WHITE GRAND BAROQUE PHOTO FRAME,C
84051,ASS COLOUR GLOWING TIARAS,C
21386,IVORY HANGING DECORATION  EGG,C
84726,LILLIES CANVAS PICTURE,C
84597C,RETRO PINK BALL ASHTRAY ,C
90209B,GREEN ENAMEL+GLASS HAIR COMB,C
85019C,CURIOUS  IMAGES NOTEBOOK SET,C
22965,3 TRADITIONAL COOKIE CUTTERS  SET,C
90200B,BLACK SWEETHEART BRACELET,C
84596L,BISCUITS SMALL BOWL LIGHT BLUE,C
20819,SILVER TEDDY BEAR,C
84707A,SILVER JEWELLED MIRROR TRINKET TRAY,C
47562,ENGLISH ROSE IRONING BOARD COVER,C
22391,PAPERWEIGHT HOME SWEET HOME,C
84081,WHITE CERAMIC PARTY SET (5PCS),C
16044,POP-ART FLUORESCENT PENS,C
82613C,"METAL SIGN,CUPCAKE SINGLE HOOK",C
85186C,BUNNY EGG GARLAND,C
21221,SET/4 BADGES CUTE CREATURES,C
84683,CLASSICAL ROSE CANDLESTAND,C
84292,ROSE PINK METAL FOLDING CHAIR,C
85027L,FRENCH CHATEAU LARGE PLATTER ,C
20662,FIRST CLASS HOLIDAY PURSE ,C
84809A,WHITE CHRYSANTHEMUMS ART FLOWER,C
20781,GOLD EAR MUFF HEADPHONES,C
84663A,GRASS HOPPER WOODEN WALL CLOCK ,C
79030D,"TUMBLER, BAROQUE",C
22698,TEACUP AND SAUCER REGENCY PINK,C
90161D,ANT COPPER PINK BOUDICCA BRACELET,C
22838,"CAKE TIN, 3 TIER RED/IVORY",C
84802B,PURPLE ANEMONE ARTIFICIAL FLOWER,C
85078,SCANDINAVIAN 3 HEARTS NAPKIN RING,C
84968E,SET OF 16 VINTAGE BLACK CUTLERY,C
84584,PINK GINGHAM CAT WITH SCARF,C
46776E,WOVEN CANDY CUSHION COVER ,C
20845,ZINC HEART LATTICE 2 WALL PLANTER,C
16207B,PINK HEART RED HANDBAG,C
90035B,"PEARL & SHELL 42""NECKL. PINK",C
72801E,S/4 FESTIVE GREEN DINNER CANDLES,C
22641,SET OF 4 NAPKIN CHARMS INSTRUMENT,C
72750B,"F.FAIRY S/3 CANDLE/GLASS,LAVENDER",C
22044,CHRISTMAS CARD STACK OF PRESENTS,C
22248,DECORATION  PINK CHICK MAGIC GARDEN,C
22707,WRAP MONSTER FUN ,C
71403,"PINK/WHITE ""KEEP CLEAN"" BULLET BIN",C
84533B,FAIRY CAKES ROUND NESTING BOXES,C
84920,PINK FLOWER FABRIC PONY,C
22815,CARD PSYCHEDELIC APPLES,C
84827,ASS DES PHONE SPONGE CRAFT STICKER,C
20976,12 PENCILS SMALL TUBE POSY,C
85033G,SET/6 GOLD REINDEER T-LIGHT CANDLES,C
20851,ZINC HEART LATTICE TRAY OVAL ,C
22252,BIRDCAGE DECORATION TEALIGHT HOLDER,C
21441,BLUE BIRDHOUSE DECORATION,C
22852,DOG BOWL VINTAGE CREAM,C
22100,SKULLS SQUARE TISSUE BOX,C
79071B,ENGLISH ROSE METAL WASTE BIN,C
84798A,PINK FOXGLOVE ARTIIFCIAL FLOWER,C
22953,BIRTHDAY PARTY CORDON BARRIER TAPE,C
84680,CLASSICAL ROSE URN,C
90184B,AMETHYST CHUNKY BEAD BRACELET W STR,C
84859C,PINK DISCO HANDBAG,C
90161B,ANT COPPER TURQ BOUDICCA BRACELET,C
22511,DOORSTOP RUSSIAN DOLL RETROSPOT,C
21311,SET/4 BIRD MIRROR MAGNETS ,C
20666,ECONOMY HOLIDAY PURSE,C
22559,SEASIDE FRISBEE ,C
90120A,PINK MURANO TWIST BRACELET,C
21459,YELLOW EASTER EGG HUNT START POST,C
90143,SILVER BRACELET W PASTEL FLOWER,C
84929,ASSTD FRUIT+FLOWERS FRIDGE MAGNETS,C
85020,ROUND PINK HEART MIRROR,C
84952B,BLACK LOVE BIRD T-LIGHT HOLDER,C
85159B,"WHITE TEA,COFFEE,SUGAR JARS",C
84859B,BLUE DISCO HANDBAG,C
84799,SPRIG LAVENDER ARTIFICIAL FLOWER,C
20857,BLUE ROSE PATCH PURSE PINK BUTTERFL,C
85019A,ROMANTIC IMAGES NOTEBOOK SET,C
47503G,ASS FLORAL PRINT TAPE MEASURE,C
47504G,ENGLISH ROSE TAPE MEASURE,C
84569A,PACK 3 IRON ON DOG PATCHES,C
35915A,CREAM KNITTED HEN,C
20618,QUEEN OF THE SKIES PASSPORT COVER ,C
16169M,WRAP DAISY CARPET ,C
20752,BLUE POLKADOT WASHING UP GLOVES,C
85212,MINI PAINTED GARDEN DECORATION ,C
22321,BIRD DECORATION RED RETROSPOT,C
20906,VINTAGE NOTEBOOK BEAUTY GIRL,C
22096,PINK PAISLEY SQUARE TISSUE BOX ,C
85230E,STRAWBRY SCENTED VOTIVE CANDLE,C
21880,RED AND WHITE SPOT TAPE,C
21374,MIRRORED WALL ART SKULLS,C
16011,ANIMAL STICKERS,C
21117,BLOND DOLL DOORSTOP,C
84873A,FUNKY FLOWER PICNIC BAG FOR 4,C
22102,MIRROR MOSAIC T-LIGHT HOLDER ,C
20854,BLUE PATCH PURSE PINK HEART,C
84402D,PINK DRESS JEWELLERY STAND ,C
84997a,GREEN 3 PIECE MINI DOTS CUTLERY SET,C
22555,PLASTERS IN TIN MR STRONG ,C
79336,LIGHT PINK FLOCK GLASS CANDLEHOLDER,C
22853,CAT BOWL VINTAGE CREAM,C
47469,ASSORTED SHAPES PHOTO CLIP SILVER ,C
20799,PINK MILKSHAKE GLASS,C
72487,ROSES WHITE ROUND CANDLE,C
85131D,BEADED CRYSTAL HEART PINK ON STICK,C
20950,SET/6  ANGEL T-LIGHTS WHITE/GOLD,C
21264,WHITE GOOSE FEATHER TREE 60CM ,C
79323S,SILVER CHERRY LIGHTS,C
16168M,FUNKY MONKEY GIFT BAG MEDIUM,C
46126A,ELVIS WALLHANGING / CURTAIN,C
22821,GIFT BAG PSYCHEDELIC APPLES,C
21379,CAMPHOR WOOD PORTOBELLO MUSHROOM,C
84497,BUTTONS AND STRIPES NOTEBOOK ,C
84858C,PINK RIVIERA HANDBAG,C
72750A,"F.FAIRY S/3 CANDLE/GLASS,LILY/VALLY",C
22029,SPACE BOY BIRTHDAY CARD,C
51020A,SUMMER FUN DESIGN SHOWER CAP,C
71101E,STANDING FAIRY POLE SUPPORT ,C
84249D,FAIRY CAKE GREETINGS CARD,C
85205B,PINK FELT EASTER RABBIT GARLAND,C
35810B,ENAMEL BLUE RIM COFFEE CONTAINER,C
22925,BLUE GIANT GARDEN THERMOMETER,C
21707,FOLDING UMBRELLA BLACKBLUE POLKADOT,C
21270,ANTIQUE CREAM CUTLERY CUPBOARD,C
21418,STARFISH SOAP DISH,C
35004c,SET OF 3 COLOURED  FLYING DUCKS,C
17129F,BLUE GLASS GEMS IN BAG,C
21245,GREEN POLKADOT PLATE ,C
20940,SET/6 GARDEN GNOME T-LIGHT CANDLES,C
21518,BANK ACCOUNT  GREETING  CARD ,C
72814,SET/3 CHRISTMAS BRIAR CANDLES,C
22703,PINK CAT BOWL,C
84859A,SILVER DISCO HANDBAG,C
35095A,BLUE VICTORIAN FABRIC OVAL BOX,C
75149N,STRING CRYSTALS NATURAL,C
79303B,BLUE STAR BLOCK TABLE LAMP,C
90002D,FLOWER BURST SILVER RING CRYSTAL,C
84925A,WAKE UP COCKEREL WALL THERMOMETER,C
BANK CHARGES,Bank Charges,C
22166,WALL MIRROR RECTANGLE DIAMANTE PINK,C
90175D,TIGRIS EYE CHUNKY CHARM BRACELET,C
71143,SILVER BOOK MARK WITH BEADS,C
22094,RED RETROSPOT TISSUE BOX,C
84821,DANISH ROSE DELUXE COASTER,C
20670,VIP HOLIDAY PURSE,C
17084N,FAIRY DREAMS INCENSE ,C
17109A,FLOWER FAIRY INCENSE LILY,C
35923,CANDY HEART HANGING DECORATION,C
84563A,PINK & WHITE BREAKFAST TRAY,C
20688,BEAUTY SPEED EXPRESSO CUPS,C
47583B,SET OF 3 WICKER BASKET TEA AND CAKE,C
16048,TEATIME ROUND PENCIL SHARPENER ,C
20856,DENIM PATCH PURSE PINK BUTTERFLY,C
84596J,MIXED NUTS LIGHT GREEN BOWL,C
84800L,LARGE WHITE/PINK ROSE ART FLOWER,C
84801A,PINK HYDRANGEA ART FLOWER,C
21793,CLASSIC FRENCH STYLE BASKET BROWN,C
22856,ASSORTED EASTER DECORATIONS  BELLS,C
84508B,STRIPES DESIGN TEDDY,C
72739B,WHITE CHOCOLATE SCENT CANDLE,C
22817,CARD SUKI BIRTHDAY,C
21263,GREEN GOOSE FEATHER TREE 60CM,C
22819,"BIRTHDAY CARD, RETRO SPOT",C
84902,PINK KNITTED COW STUFFED TOY,C
20655,QUEEN OF SKIES LUGGAGE TAG,C
84706A,ENGLISH ROSE TABLE CLOCK,C
21309,LOUVRE CHALKBOARD,C
22045,SPACE BOY GIFT WRAP,C
22043,CHRISTMAS CARD SCREEN PRINT ,C
21654,RIDGED GLASS FINGER BOWL,C
22640,SET OF 4 NAPKIN CHARMS 3 KEYS ,C
79190B,RETRO PLASTIC POLKA TRAY,C
84875B,GREEN SQUARE COMPACT MIRROR,C
21454,PAINTED PINK RABBIT ,C
85103, SILVER T-LIGHT SETTING,C
21128,GOLD FISHING GNOME,C
85070,ANT WHITE SWEETHEART TABLE W 3 DRAW,C
84823,DANISH ROSE FOLDING CHAIR,C
21678,PAISLEY PATTERN  STICKERS,C
22394,PAPERWEIGHT KINGS CHOICE ,C
84970s,HANGING HEART ZINC T-LIGHT HOLDER,C
85033S,SET/6 SILVER REINDEER T-LIGHTS,C
84933C,LARGE BLUE ORIENTAL FOLDING STOOL,C
17091B,JASMINE TEA INCENSE IN TIN,C
84509G,FAIRY CAKE PLACEMATS ,C
84984A,GREEN PEONY CUSHION COVER,C
84760S,SMALL HANGING GLASS+ZINC LANTERN,C
85071D,CHARLIE+LOLA MY ROOM DOOR SIGN,C
84933A,LARGE GREEN PEONY FOLDING STOOL,C
22770,MIRROR CORNICE,C
84809B,PINK CHRYSANTHEMUMS ART FLOWER,C
84804B,BLUE DELPHINIUM ARTIFICIAL FLOWER,C
20794,BLUE  TILE HOOK,C
21065,BOOM BOX SPEAKER GIRLS,C
84838,ANT WHITE HIGH RISE BIRD BOX,C
22782,SET 3 WICKER STORAGE BASKETS ,C
20654,FIRST CLASS LUGGAGE TAG ,C
84984C,ORIENTAL BLUE CUSHION COVER ,C
90010E,AMBER GLASS/SILVER BRACELET,C
35979,SIX STRING SCANDINAVIAN HEART DECS,C
62095B,TURQOISE ICE CREAM SUNHAT,C
84623,PINK GINGHAM ROSE FLOOR CUSHION,C
84802A,WHITE ANEMONE ARTIFICIAL FLOWER,C
84933B,LARGE PINK PEONY FOLDING STOOL,C
22844,VINTAGE DOG FOOD CONTAINER,C
77081,FLOWER WINDMILL,C
20663,QUEEN OF THE SKIES HOLIDAY PURSE ,C
17013D,ORIGAMI ROSE INCENSE IN TUBE,C
90184A,AMBER CHUNKY BEAD BRACELET W STRAP,C
90160C,TURQ+RED BOUDICCA LARGE BRACELET,C
22453,MEASURING TAPE RUSSIAN DOLL BLUE,C
84671B,CROCHET BEAR WITH BLUE STRIPES,C
85026B,EAU DE NILE JEWELLED T-LIGHT HOLDER,C
22092,BLUE PAISLEY TISSUE BOX,C
gift_0001_20,Dotcomgiftshop Gift Voucher £20.00,C
20800,LARGE GLASS SUNDAE DISH CLEAR,C
21620,SET OF 4 ROSE BOTANICAL CANDLES,C
84219,BOX/12 MOTHER & CHICK IN BASKET/BOW,C
22541,MINI JIGSAW LEAP FROG,C
72753D,S/3 FLWR FAIRY SUMMER CANDLES,C
84660C,PINK STITCHED WALL CLOCK,C
85147,JARDIN ETCHED GLASS CANDLEHLDR LONG,C
21321,GLASS CHALICE BLUE  LARGE ,C
72780,BLACK SILOUETTE CANDLE PLATE,C
72225C,LAVENDER SCENT CAKE CANDLE,C
47563A,RETRO LONGBOARD IRONING BOARD COVER,C
85130C,BEADED CRYSTAL HEART BLUE  LARGE,C
22852,ENAMEL DOG BOWL CREAM,C
21197,MULTICOLOUR  CONFETTI IN TUBE,C
85019B,BLOSSOM  IMAGES NOTEBOOK SET,C
84801B,WHITE HYDRANGEA ART FLOWER,C
20868,SILVER FABRIC MIRROR,C
18096C,WHITE ROUND PORCELAIN TLIGHT HOLDER,C
72128,COLUMBIAN CANDLE ROUND,C
72800B, 4 PURPLE FLOCK DINNER CANDLES,C
21382,SET/4 SPRING FLOWER DECORATION,C
90198A,VINTAGE ROSE BEAD BRACELET RASPBERR,C
35981C,WHITE SNOW SCANDINAVIAN STOCKING ,C
84627,CANDY STRIPE ROSE C/COVER ,C
84509C,SET OF 4 DOTTY PLACEMATS ,C
84766,SILVER ROCOCO CANDLE STICK,C
90013B,BLACK VINTAGE EARRINGS,C
85161,ACRYLIC GEOMETRIC LAMP,C
84592,CROCHET ROSE PURSE WITH SUEDE BACK,C
21697,SET 5 MINI DOUGHNUT FRIDGE MAGNET ,C
21039,RED RETROSPOT SHOPPING BAG,C
84877B,GREEN ROUND COMPACT MIRROR,C
90145,SILVER HOOP EARRINGS WITH FLOWER,C
85230A,OPIUM SCENTED VOTIVE CANDLE,C
90198B,VINTAGE ROSE BEAD BRACELET BLACK,C
84482,BUTTONS DESIGN JEWELLERY BOX,C
72801F,S/4 FESTIVE RED DINNER CANDLES,C
85211,S/4 GROOVY CAT MAGNETS,C
37422,WHITE WITH BLACK CATS BOWL,C
22952,SET 72 CAKE CASES VINTAGE CHRISTMAS,C
90120B,BLUE MURANO TWIST BRACELET,C
84529A,PINK KNITTED KIDS RUCKSACK,C
35968,FOLK ART METAL HEART T-LIGHT HOLDER,C
21388,IVORY HANGING DECORATION  CHICKEN,C
72800D,4 BLUE DINNER CANDLES SILVER FLOCK,C
17012B,ORIGAMI JASMINE INCENSE/CANDLE SET,C
35964,FOLKART CLIP ON STARS,C
21415,CLAM SHELL SMALL ,C
20987,GEISHA GIRL CHOPSTICKS SET/5,C
20659,ECONOMY LUGGAGE TAG,C
22824,3 TIER SWEETHEART GARDEN SHELF,C
21879,HEARTS GIFT TAPE,C
16212,FUNKY GIRLZ ASST MAGNETIC MEMO PAD,C
16202A,PASTEL PINK PHOTO ALBUM ,C
90010A,MIDNIGHT BLUE GLASS/SILVER BRACELET,C
35645,VINTAGE BEAD PINK JEWEL BOX,C
21365,MIRRORED WALL ART STARS,C
90014A,SILVER/MOP ORBIT NECKLACE,C
21946,PARTY TIME DESIGN FLANNEL,C
82093,HEART SHAPE BUTTON FRAME ,C
21208,PASTEL COLOUR HONEYCOMB FAN,C
22546,MINI JIGSAW FIDO,C
22038,BOTANICAL LAVENDER GIFT WRAP ,C
90124B,BLUE MURANO TWIST NECKLACE,C
90160B,RED BOUDICCA LARGE BRACELET,C
21636,MADRAS NOTEBOOK MEDIUM,C
21038,SET/4 MODERN VINTAGE COTTON NAPKINS,C
21455,PAINTED YELLOW WOODEN DAISY,C
84218,BOX/12 CHICK & EGG IN BASKET,C
22814,CARD PARTY GAMES ,C
90209C,PINK ENAMEL+GLASS HAIR COMB,C
84977,WIRE FLOWER T-LIGHT HOLDER,C
84976,RECTANGULAR SHAPED MIRROR,C
46776D,WOVEN SUNSET CUSHION COVER ,C
90035C,"PEARL & SHELL 42""NECKL. IVORY",C
90180A,BLACK+WHITE NECKLACE W TASSEL,C
84086C,PINK/PURPLE RETRO RADIO,C
16236,KITTY PENCIL ERASERS,C
85089,CANDY SPOT BUNNY,C
72739C,DARK CHOCOLATE SCENTCANDLE,C
21412,VINTAGE GOLD TINSEL REEL,C
84625B,BLCK NEW BAROQUE CANDLESTICK CANDLE,C
17001,HEAVENS SCENT FRAGRANCE OILS ASSTD,C
22820,GIFT BAG BIRTHDAY,C
21144,PINK POODLE HANGING DECORATION ,C
84522,PINK PARTY SUNGLASSES,C
90058B,CRYSTAL STUD EARRINGS ASSORTED COL ,C
84313C,ORANGE TV TRAY TABLE ,C
22638,SET OF 4 NAPKIN CHARMS CROWNS ,C
21132,SILVER STANDING GNOME   ,C
84966C,GREEN KASHMIRI BOXED MIRROR,C
90192,JADE DROP EARRINGS W FILIGREE,C
18094C,WHITE AND BLUE CERAMIC OIL BURNER,C
21193,WHITE HONEYCOMB PAPER FAN ,C
20801,LARGE PINK GLASS SUNDAE DISH,C
17011F,ORIGAMI SANDLEWOOD INCENSE+FLOWER,C
22031,BOTANICAL LAVENDER BIRTHDAY CARD,C
84881,BLUE WIRE SPIRAL CANDLE HOLDER,C
84924D,LA PALMIERA METAL SIGN CALENDAR,C
79303D,LILAC FLOWER BLOCK TABLE LAMP,C
35096A,BLUE VICTORIAN FABRIC HEART BOX,C
21666,RIDGED GLASS T-LIGHT HOLDER,C
85087,CANDY SPOT CUSHION COVER,C
21629,SQUARE FLOOR CUSHION VINTAGE PINK ,C
90175C,BLUE GLASS CHUNKY CHARM BRACELET,C
72127,COLUMBIAN CANDLE ROUND ,C
84898F,YELLOW FLOWERS FELT HANDBAG KIT,C
72793,BLACK BOX MIRROR LANTERN,C
84924F,PSYCHEDELIC METAL SIGN CALENDAR,C
84499,BLACK FLOWER CANDLE PLATE,C
85039C,S/4 BLACK MINI ROSE CANDLE IN BOWL,C
72801G,4 BURGUNDY WINE DINNER CANDLES,C
79191B,RETRO PLASTIC POLKA TRAY,C
84931B,BLUE SCOTTIE DOG W FLOWER PATTERN,C
22912,YELLOW COAT RACK PARIS FASHION,C
90160D,PINK BOUDICCA LARGE BRACELET,C
85202,HANGING WOOD AND FELT HEART,C
21950,SET OF 6 DOTS CHOPSTICKS,C
16254,TRANSPARENT ACRYLIC TAPE DISPENSER,C
21167,WHITE SAGE INCENSE,C
90070,RUBY GLASS CLUSTER BRACELET,C
35833P,4 PINK FLOCK CHRISTMAS BALLS,C
21268,VINTAGE BLUE TINSEL REEL,C
85187,S/12 MINI RABBIT EASTER,C
72811,SMALL ZINC/GLASS CANDLEHOLDER,C
22923,FRIDGE MAGNETS LES ENFANTS ASSORTED,C
79328,BLUE FLOCK GLASS CANDLEHOLDER,C
72799D,BLUE PILLAR CANDLE SILVER FLOCK,C
22510,GINGHAM BABUSHKA DOORSTOP,C
16207A,PINK STRAWBERRY HANDBAG ,C
85203,HANGING WOOD AND FELT BUTTERFLY ,C
22929,SCHOOL DESK AND CHAIR ,C
20658,RED RETROSPOT LUGGAGE TAG,C
21884,CAKES AND BOWS GIFT  TAPE,C
72122,COFFEE SCENT PILLAR CANDLE,C
84613C,BLUE NEW BAROQUE FLOCK CANDLESTICK,C
16238,PARTY TIME PENCIL ERASERS,C
84520b,PACK 20 ENGLISH ROSE PAPER NAPKINS,C
84371,BIG PINK POODLE,C
21736,GOLD SCROLL GLASS T-LIGHT HOLDER,C
90120C,GREEN MURANO TWIST BRACELET,C
35967,FOLK ART METAL STAR T-LIGHT HOLDER,C
84741C,CITRUS GARLAND FELT FLOWERS ,C
21882,SKULLS TAPE,C
22924,FRIDGE MAGNETS LA VIE EN ROSE,C
79338,DARK PINK FLOCK GLASS CANDLEHOLDER,C
79337,BLUE FLOCK GLASS CANDLEHOLDER,C
20661,BLUE POLKADOT PURSE ,C
10123C,HEARTS WRAPPING TAPE ,C
17012E,ORIGAMI OPIUM INCENSE/CANDLE SET ,C
90208,PAIR OF ENAMEL FLOWER CLUSTER SLIDE,C
35648,VINTAGE BEAD PINK PURSE ,C
84673A,PINK FLY SWAT,C
90178A,AMBER CHUNKY GLASS+BEAD NECKLACE,C
85169D,PINK LOVE BIRD CANDLE,C
90013A,MIDNIGHT BLUE VINTAGE EARRINGS,C
21493, VINTAGE DESIGN GIFT TAGS,C
84563B,BLUE & WHITE BREAKFAST TRAY,C
21027,NINJA RABBIT PINK,C
22984,"CARD, GINGHAM ROSE ",C
72349b,SET/6 PURPLE BUTTERFLY T-LIGHTS,C
85230B,CINNAMON SCENTED VOTIVE CANDLE,C
21722,SWEET PUDDING STICKER SHEET,C
22974,CHILDRENS DOLLY GIRL MUG,C
22039,BOTANICAL LILY GIFT WRAP,C
84030c,KNITTED RAINBOW HOT WATER BOTTLE,C
90036E,"FLOWER GLASS GARLD NECKL36""AMETHYST",C
22328,"ROUND SNACK BOXES ,SET 4, FRUITS ",C
90082B,DIAMANTE BOW BROOCH RED COLOUR,C
84621,BLUE GINGHAM ROSE FLOOR CUSHION ,C
85195,HANGING HEART BASKET,C
46307,ROSES BLUE BASE CUSHION COVER ,C
84997a,GREEN 3 PIECE POLKADOT CUTLERY SET,C
90161A,ANT COPPER RED BOUDICCA BRACELET,C
84924A,WAKE UP COCKEREL CALENDAR SIGN ,C
22175,PINK OWL DECORATION,C
82095,HEART BUTTONS JEWELLERY BOX,C
22176,BLUE OWL DECORATION,C
21698,MOCK LOBSTER FRIDGE MAGNET,C
DCGS0076,SUNJAR LED NIGHT NIGHT LIGHT,C
84877D,BLUE ROUND COMPACT MIRROR,C
22829,SWEETHEART WIRE WALL TIDY,C
90148,LONG SILVER NECKLACE PASTEL FLOWER,C
90085,CRYSTAL STILETTO PHONE CHARM,C
72586,SET OF 6 HALLOWEEN GHOST T-LIGHTS,C
90014C,SILVER/BLACK ORBIT NECKLACE,C
85032C,CURIOUS IMAGES GIFT WRAP SET,C
90175B,PINK GLASS CHUNKY CHARM BRACELET,C
47021G,SET/6 BEAD COASTERS GAUZE BAG GOLD,C
84673B,BLUE FLY SWAT,C
22825,DECORATIVE PLANT POT WITH FRIEZE,C
84247N,PACK/12 BLUE FOLKART CARDS,C
22447,PIN CUSHION RUSSIAN DOLL BLUE,C
82553,POP'S GREASY SPOON METAL SIGN,C
44217M,MULTICOLOUR FEATHERS CURTAIN,C
20891,LARGE GLASS ROSE SCENTED CANDLE ,C
21371,MIRRORED WALL ART POPPIES,C
22032,BOTANICAL LILY GREETING CARD,C
85131B,BEADED CRYSTAL HEART GREEN ON STICK,C
82585,SWEET VALENCIA CANDLE+CUP,C
21084,SET/6 COLLAGE PAPER CUPS,C
22972,CHILDREN'S SPACEBOY MUG,C
84661B,BLACK SQUARE TABLE CLOCK,C
20855,PINK PATCH PURSE BLUE HEART,C
20736,PINK MINI TAPE MEASURE ,C
22831,WHITE BROCANTE SOAP DISH,C
37483,ENGLISH ROSE MUG IN GIFT BOX,C
84797b,BLUE SAVANNAH PICNIC HAMPER FOR 4,C
84917,WHITE HAND TOWEL WITH BUTTERFLY,C
16256B,FLOWER PENCIL/RUBBER+5 MINI PENCILS,C
35991,SET/6 BLACK SNOWFLAKE T-LIGHTS ,C
16202C,BEIGE PHOTO ALBUM,C
22842,"BISCUIT TIN, RED,IVORY, VINTAGE",C
35637C,PINK STRING CURTAIN WITH POLE,C
37508,NEW ENGLAND CERAMIC CAKE SERVER,C
72781,BLACK SILOUETTE CANDLE PLATE ,C
21639,ASSORTED TUTTI FRUTTI KEYRING,C
22973,CHILDREN'S CIRCUS PARADE MUG,C
90090,PINK CRYSTAL HEART PHONE CHARM,C
71028B,SILVER BLUE EGG T-LIGHT HOLDER,C
21395,BLUE SPOTTY BEAKER ,C
90098,NECKLACE+BRACELET PINK BUTTERFLY,C
22935,BAKING MOULD ROSE MILK CHOCOLATE,C
22899,CHILDRENS APRON DOLLY GIRL ,C
84817,DANISH ROSE DECORATIVE PLATE,C
72750D,F.FAIRY S/3 CANDLE/GLASS,C
84966A,PINK KASHMIRI BOXED MIRROR,C
47559b,TEA TIME OVEN GLOVE,C
20818,GOLD TEDDY BEAR,C
22808,SET OF 6 T-LIGHTS EASTER CHICKS,C
TEST001,This is a test product.,C
84993B,75 BLACK PETIT FOUR CASES,C
35597B,BLACKCHRISTMAS TREE 30CM,C
84916,HAND TOWEL PALE BLUE W FLOWERS,C
20839,FRENCH PAISLEY CUSHION COVER ,C
47586A,PINK FAIRY CAKE CUSHION COVER,C
90164B,WHITE  ROSEBUD PEARL BRACELET,C
37327,ASSTD MULTICOLOUR CIRCLES MUG,C
47591A,CAROUSEL DES CHILD'S APRON,C
17011C,ORIGAMI LAVENDER INCENSE+FLOWER,C
21102,"CANDLE IN JAR COLLAGE , VANILLA",C
16258B,DAISY ERASERS IN BAG,C
17013B,ORIGAMI JASMINE INCENSE IN TUBE,C
90129A,PINK GLASS TASSLE BAG CHARM ,C
35833G,4 GOLD FLOCK CHRISTMAS BALLS,C
90124A,PINK MURANO TWIST NECKLACE,C
72225D,VANILLA SCENT CAKE CANDLE ,C
85168B,BLACK BAROQUE CARRIAGE CLOCK,C
85168A,WHITE BAROQUE CARRIAGE CLOCK,C
48173c,DOOR MAT BLACK FLOCK ,C
35809B,ENAMEL BLUE RIM TEA CONTAINER,C
20616,CHERRY BLOSSOM PASSPORT COVER,C
84509C,DOTTY PLACEMATS ,C
22845,VINTAGE CAT FOOD CONTAINER,C
21708,FOLDING UMBRELLA CREAM POLKADOT,C
22588,CARDHOLDER GINGHAM HEART,C
90173,PAIR BUTTERFLY HAIR CLIPS,C
90134,OLD ROSE COMBO BEAD NECKLACE,C
35793,S/3 PUPPIES CHRISTMAS DECORATIONS,C
15056p,EDWARDIAN PARASOL PINK,C
37492A,YELLOW RED FLOWER PIGGY BANK,C
84807,RED POPPY ARTIFICIAL FLOWER,C
84804A,CREAM DELPHINIUM ARTIFICIAL FLOWER,C
85169B,BLACK LOVE BIRD CANDLE,C
90129B,TURQUOISE GLASS TASSLE BAG CHARM ,C
21543,BUTTERFLY WATER TRANSFER TATTOOS ,C
90036D,"FLOWER GLASS GARLAND NECKL.36""BLACK",C
22834,MINI HAND WARMER BABUSHKA DESIGN,C
84690,S/2 BEACH HUT STOOLS,C
48179,DOOR MAT SWEET HOME,C
22446,PIN CUSHION BABUSHKA PINK,C
21520,BOOZE & WOMEN GREETING CARD ,C
21710,FOLDING UMBRELLA PINKWHITE POLKADOT,C
51012C,"FEATHER DUSTER, COAL BLACK",C
90157,RIVIERA NECKLACE,C
16201A,PASTEL PINK PHOTO ALBUM,C
85032B,BLOSSOM IMAGES GIFT WRAP SET,C
37343,POLKADOT MUG PINK ,C
84857C,PINK MONTE CARLO HANDBAG,C
47422,ASSORTED MONKEY SUCTION CUP HOOK,C
90013C,GREEN VINTAGE EARRINGS ,C
84313A,PINK TV TRAY TABLE ,C
84247C,PACK/12 BLUE REINDEER CARD,C
84705C,PINK FLOCK PHOTO FRAME ,C
47593B,SCOTTIES DESIGN BABY BIB,C
21420,OYSTER TRINKET BOX,C
46000R,POLYESTER FILLER PAD 45x30cm,C
22511,RETROSPOT BABUSHKA DOORSTOP,C
22395,PAPERWEIGHT VINTAGE PAISLEY,C
20814,SILVER FINCH DECORATION,C
20869,GOLD FABRIC MIRROR,C
72130,COLUMBIAN CANDLE ROUND,C
84597B,RETRO BROWN BALL ASHTRAY ,C
21246,RED RETROSPOT BIG BOWL,C
21015,DARK BIRD HOUSE TREE DECORATION,C
37485,ENGLISH ROSE TEA SET IN GIFT BOX,C
90201B,BLACK ENAMEL FLOWER RING,C
21403,BLUE EGG  SPOON,C
84870C,GREEN GEISHA GIRL ,C
37467,PIG MUG IN TWO COLOUR DESIGNS,C
20980,36 PENCILS TUBE POSY,C
82011B,BATHROOM SCALES RUBBER DUCKS,C
46118,FUNKY MONKEY CUSHION COVER,C
17014D,ORIGAMI ROSE INCENSE CONES,C
90196A,PURPLE GEMSTONE NECKLACE 45CM,C
90035A,"PEARL & SHELL 42""NECKL. GREEN",C
35962,SET/12 ZINC CHRISTMAS DECORATIONS,C
35824B,"HANGING FLOWERS+MIRROR,BLUE",C
84952A,CLEAR LOVE BIRD T-LIGHT HOLDER,C
90000D,COPPER/OLIVE GREEN FLOWER NECKLACE,C
20890,SMALL GLASS ROSE SCENTED CANDLE,C
20821,GOLDIE LOOKING MIRROR,C
72756, FAIRY CAKE CANDLES,C
72754A,FLOWER FAIRY POTPOURRI CUSHION LILY,C
84429A,MEDIUM PINK BUDDHA HEAD ,C
20672,PINK TEATIME PRINT BOWL,C
16258A,SWIRLY CIRCULAR RUBBERS IN BAG,C
22930,BAKING MOULD HEART MILK CHOCOLATE,C
16156L,"WRAP, CAROUSEL",C
90122B,JADE CRYSTAL+GLASS BRACELET,C
84870B,BLUE GEISHA GIRL ,C
84797a,PINK HAWAIIAN PICNIC HAMPER FOR 4,C
16012,FOOD/DRINK SPONGE STICKERS,C
22330,72 ROUND PINK DOILIES,C
35921,EASTER BUNNY HANGING GARLAND,C
90040B,MURANO STYLE GLASS BRACELET BLACK,C
35817P,"ACRYLIC JEWEL SNOWFLAKE,PINK",C
84855,BLOKEY SILVER TOOL SET,C
71270,PHOTO CLIP LINE,C
47504F,ENGLISH ROSE TORCH,C
22849,"BREAD BIN, DINER STYLE, MINT",C
84931A,PINK SCOTTIE DOG W FLOWER PATTERN,C
20795,LARGE BLUE PROVENCAL CERAMIC BALL,C
21194,PINK  HONEYCOMB PAPER FAN,C
84985B,SET OF 72 BLACK PAPER DOILIES ,C
22326,"ROUND SNACK BOXES ,SET4, WOODLAND ",C
79190A,RETRO PLASTIC 70'S TRAY,C
22832,BROCANTE SHELF WITH HOOKS,C
90005A,JADE GREEN ENAMEL HAIR COMB,C
21582,KINGS CHOICE SMALL TUBE MATCHES,C
21460,GREEN EASTER EGG HUNT START POST,C
90129E,PURPLE GLASS TASSLE BAG CHARM,C
90082A,DIAMANTE BOW BROOCH GREEN COLOUR,C
84899F,YELLOW PURPLE DAISY FELT PURSE KIT,C
90185B,AMETHYST DIAMANTE EXPANDABLE RING,C
35920,FOUR RABBIT EASTER DECORATIONS,C
90087,CRYSTAL SEA HORSE PHONE CHARM,C
90196B,BLACK GEMSTONE NECKLACE 45CM,C
47574B,ENGLISH ROSE SCENTED HANGING HEART,C
22841,"CAKE TIN, ROUND, VINTAGE MINT,IVORY",C
84906,PINK B'FLY C/COVER W BOBBLES,C
37506,NEW ENGLAND MILK JUG W GIFT BOX,C
90163A,PINK ROSEBUD & PEARL NECKLACE,C
84255B,ORANGE COCKTAIL GLASS LAMP,C
47421,ASSORTED COLOUR LIZARD SUCTION HOOK,C
84926C,FAIRY CAKES TILE COASTER,C
22931,BAKING MOULD HEART WHITE CHOCOLATE,C
21399,BLUE POLKADOT COFFEE MUG,C
84711A,SILVER OVAL SHAPE TRINKET BOX,C
85088,CANDY SPOT HAND BAG,C
85128,PLANTPOT SINGLE HOOK PISTACHIO,C
85232A,SET/3 POLKADOT STACKING TINS,C
72801C,4 ROSE PINK DINNER CANDLES,C
84706B,FAIRY CAKES TABLE CLOCK,C
84576,BLUE CAT BISCUIT BARREL PINK HEART,C
72801D,S/4 SKY BLUE DINNER CANDLES,C
22510,DOORSTOP RUSSIAN DOLL GINGHAM,C
72807b,SET/3 OCEAN SCENT CANDLE JEWEL BOX,C
22976,CIRCUS PARADE CHILDRENS EGG CUP ,C
21003,ROSE DU SUD CUSHION COVER,C
21028,NINJA RABBIT BLACK,C
84893,ANT WHITE IRON BASKET,C
16053,POPART COL BALLPOINT PEN ASST,C
90014B,GOLD M PEARL  ORBIT NECKLACE,C
84422,PINK/BLUE DISC/MIRROR STRING,C
78033,FLAG OF ST GEORGE CHAIR,C
20968,GREEN FLORAL FELTCRAFT SHOULDER BAG,C
35638B,PINK/BLUE STRING CURTAIN ,C
20957,PORCELAIN HANGING BELL SMALL,C
47593B,SCOTTIE DOGS BABY BIB,C
35838A,S/6 MULTICOLOUR ORNAMENETAL CANDLE,C
84803A,PINK ALLIUM  ARTIFICIAL FLOWER,C
84029D,LEOPARD PRINT HOT WATER BOTTLE,C
21530,DAIRY MAID CERAMIC TOASTRACK,C
90206C,CRYSTAL DIAMANTE STAR BROOCH,C
84800M,MEDIUM WHITE/PINK ROSE ART FLOWER,C
85230G,ORANGE VOTIVE CANDLE,C
40001, WHITE BAMBOO RIBS LAMPSHADE,C
22344,PARTY PIZZA DISH PINK RETROSPOT,C
37379B,BLUE CHERRY BLOSSOM CUP & SAUCER,C
22545,MINI JIGSAW BUNNIES AT HOME,C
21025,SPACE FROG,C
90146,FINE SILVER NECKLACE W PASTEL FLOWE,C
84725,FREESTYLE CANVAS ART PICTURE,C
21018,BIRD BOX CHRISTMAS TREE DECORATION,C
90201A,PURPLE ENAMEL FLOWER RING,C
21881,CUTE CATS TAPE,C
85170B,SET/6 BLACK BIRD T-LIGHT CANDLES,C
46000U,POLYESTER FILLER PAD 30CMx30CM,C
22384,LUNCHBAG PINK RETROSPOT,C
47347B,BLUE FLOWER T-LIGHT HOLDER,C
84962,SET/3 COLOUR PAINTED KASHMIRI STOOL,C
17011A,ORIGAMI VANILLA INCENSE+FLOWER ,C
90178B,PURPLE CHUNKY GLASS+BEAD NECKLACE,C
84984D,ORIENTAL RED CUSHION COVER ,C
90210B,CLEAR ACRYLIC FACETED BANGLE,C
84464,S/60 PINK FLUFFY CHICKS IN BOX,C
82011A,"BATHROOM SCALES, TROPICAL BEACH",C
90185C,BLACK DIAMANTE EXPANDABLE RING,C
90191,SILVER LARIAT 40CM,C
90211B,JET BLACK LAS VEGAS NECKLACE 45CM,C
90199B,5 STRAND GLASS NECKLACE AMETHYST,C
22345,PARTY PIZZA DISH BLUE RETROSPOT,C
85014b,RED RETROSPOT UMBRELLA,C
72801C,S/4 ROSE PINK DINNER CANDLES,C
22839,"CAKE TIN, 3 TIER MINT/IVORY",C
79190D,RETRO PLASTIC DAISY TRAY,C
82607C,GLASS BONBON JAR. SUPERFINES,C
90056,CHUNKY CRACKED GLAZE NECKLACE IVORY,C
84564,6 SEGMENT COLOURED SNACK BOWL ,C
90036C,"FLOWER GLASS GARLAND NECKL.36""BLUE",C
20827,GOLD APERITIF GLASS,C
84967A,PINK KASHMIRI OCCASIONAL TABLE,C
35911A,MULTICOLOUR RABBIT EGG WARMER,C
90186A,AMETHYST HOOP EARRING FLORAL LEAF,C
85129B,BEADED CRYSTAL HEART GREEN SMALL,C
90081A,LILY BROOCH AMETHYST COLOUR,C
84876B,GREEN HEART COMPACT MIRROR,C
90158,ST TROPEZ NECKLACE,C
84800S,SMALL WHITE/PINK ROSE ART FLOWER,C
84951B,S/4 BLACK LOVEBIRD COASTERS,C
84247K,"FOLK ART GREETING CARD,pack/12",C
16218,CARTOON  PENCIL SHARPENERS,C
85185C,COW  SOCK PUPPET,C
84711B,PINK OVAL SHAPE TRINKET BOX,C
84706C,PINK FLOCK TABLE CLOCK ,C
72800C,4 PINK DINNER CANDLE SILVER FLOCK,C
84030e,ENGLISH ROSE HOT WATER BOTTLE,C
47593A,CAROUSEL DESIGN BABY BIB,C
90122A,PINK CRYSTAL+GLASS BRACELET,C
22932,BAKING MOULD TOFFEE CUP CHOCOLATE,C
90032,IVORY SHELL HEART NECKLACE,C
90129C,GREEN GLASS TASSLE BAG CHARM,C
16043,POP ART PUSH DOWN RUBBER ,C
90019A,SILVER M.O.P ORBIT BRACELET,C
90201D,GREEN ENAMEL FLOWER RING,C
85205A,IVORY FELT EASTER RABBIT GARLAND,C
35818B,"ACRYLIC JEWEL ICICLE, BLUE",C
21372,MIRRORED WALL ART TABLE LAMP,C
90036A,FLOWER GARLAND NECKLACE RED,C
21401,BLUE PUDDING SPOON,C
22676,FRENCH BLUE METAL DOOR SIGN 1,C
16052,TEATIME PUSH DOWN RUBBER,C
82587,TEXRIO TOMATOES CANDLE+CUP,C
84660B,BLACK STITCHED WALL CLOCK,C
84457,SET/3 RABBITS FLOWER SKIPPPING ROPE,C
84951A,S/4 PISTACHIO LOVEBIRD COASTERS,C
21394,RED SPOTTY BEAKER ,C
22201,FRYING PAN BLUE POLKADOT,C
10123G,ARMY CAMO WRAPPING TAPE,C
90201C,RED ENAMEL FLOWER RING,C
84984D,ORIENTAL RED C/COVER ,C
84806A,PINK CANDYSTUFT ARTIFICIAL FLOWER,C
22915,ASSORTED BOTTLE TOP  MAGNETS ,C
22447,PIN CUSHION BABUSHKA BLUE,C
21370,MIRRORED WALL ART FOXY,C
84510C,SET OF 4 POLKADOTS COASTERS,C
22975,SPACEBOY CHILDRENS EGG CUP,C
84927D,LA PALMIERA TILE HOOK,C
21709,FOLDING UMBRELLA CHOCOLATE POLKADOT,C
85232b,SET/3 RUSSIAN DOLL STACKING TINS,C
21095,SET/6 POSIES PAPER PLATES,C
17012F,ORIGAMI SANDLEWOOD INCENSE/CAND SET,C
20826,SILVER APERITIF GLASS,C
90115,SUMMER BUTTERFLIES BAG CHARM,C
20693,FLORAL DINOSAUR GREEN,C
90209A,PURPLE ENAMEL+GLASS HAIR COMB,C
85130B,BEADED CRYSTAL HEART GREEN LARGE,C
84706F,RED PEONY TABLE CLOCK,C
21353,SILVER SLEIGHBELL  WREATH,C
84535A,ENGLISH ROSE NOTEBOOK A6 SIZE,C
84599,CANDY STRIPE ROSE FLOOR CUSHION,C
21373,MIRRORED WALL ART SNOWFLAKES,C
72801D,4 SKY BLUE DINNER CANDLES,C
22645,CERAMIC HEART CAKE MONEY BANK,C
85166A,WHITE METAL BAROQUE PHOTO FRAME,C
90159,COTE D'AZURE NECKLACE,C
22864,MUG AND COASTER SET RED CIRCLES,C
90155,RESIN NECKLACE W PASTEL BEADS,C
16012,FOOD/DRINK SPUNGE STICKERS,C
48175,DOOR MAT CAMOUFLAGE,C
22853,ENAMEL CAT BOWL CREAM,C
21306,SET/4 DAISY MIRROR MAGNETS,C
21489,BLUE WHITE SCARF HOT WATER BOTTLE,C
90185D,CRYSTAL DIAMANTE EXPANDABLE RING,C
17178,FLAT PALM T-LIGHT HOLDER,C
84806B,WHITE CANDYSTUFT ARTIFICIAL FLOWER,C
90081C,LILY BROOCH OLIVE COLOUR,C
84914A,PINK ROSE PICNIC RUG,C
90019C,SILVER BLACK ORBIT BRACELET,C
16202E,BLACK PHOTO ALBUM ,C
22587,"FELTCRAFT HAIRBAND, S/2, RED/BLUE",C
47504H,ENGLISH ROSE SPIRIT LEVEL ,C
90094,NECKLACE+BRACELET SET FRUIT SALAD ,C
37491C,GREEN/BLUE CERAMIC CANDLE HOLDER,C
90096,NECKLACE+BRACELET SET BLUE BLOSSOM,C
37342,SPOTTY COFFEE CUP & SAUCER,C
85179A,GREEN BITTY LIGHT CHAIN,C
90042A,FRESHWATER PEARL BRACELET GOLD,C
90029,NEW BAROQUE SMALL NECKLACE BLACK,C
90013D,PURPLE VINTAGE EARRINGS,C
84805A,CREAM CLIMBING HYDRANGA ART FLOWER,C
90040A,MURANO STYLE GLASS BRACELET RED,C
84622,PINK GINGHAM ROSE CUSHION COVER,C
84884a,ANT WHITE WIRE HEART SPIRAL,C
47566b,TEA TIME PARTY BUNTING,C
37379A,PINK CHERRY BLOSSOM CUP & SAUCER,C
47503A,ASS FLORAL PRINT MULTI SCREWDRIVER,C
21226,POCKET MIRROR WOODLAND,C
22536,MAGIC DRAWING SLATE FIDO,C
DCGSSGIRL,GIRLS PARTY BAG,C
20952,PORCELAIN CHERUB BELL SMALL,C
21397,BLUE POLKADOT EGG CUP ,C
22259,FELT FARM ANIMAL HEN,C
90122C,TURQUOISE CRYSTAL+GLASS BRACELET,C
90210A,GREY ACRYLIC FACETED BANGLE,C
21310,CAPIZ CHANDELIER,C
84461,12 PINK HEN+CHICKS IN BASKET,C
17108D,FLOWER FAIRY SUMMER BOUQUET SACHET,C
79192A,RETRO PLASTIC 70'S TRAY,C
90040D,MURANO STYLE GLASS BRACELET PINK,C
47570b,TEA TIME TABLE CLOTH,C
21402,RED  EGG  SPOON,C
90197B,BLACK GLASS BRACELET W HEART CHARMS,C
35980C,REDWHITE STRIPE SCANDINAVIAN HEART ,C
84192,ASSORTED COLOUR METAL CAT ,C
85131C,BEADED CRYSTAL HEART BLUE ON STICK,C
21461,BLUE EASTER EGG HUNT START POST,C
84720,DOT MATRIX CANVAS ART PICTURE,C
85024C,PINK SMALL JEWELLED PHOTOFRAME,C
21398,RED POLKADOT COFFEE  MUG,C
90024B,NEW BAROQUE B'FLY NECKLACE RED,C
79161A,ST GEORGE SET OF 10 PARTY LIGHTS,C
90036F,"FLOWER GLASS GARLD NECKL36""TURQUOIS",C
84927E,FLOWERS TILE HOOK,C
90048,GREEN WITH METAL BAG CHARM,C
22977,DOLLY GIRL CHILDRENS EGG CUP,C
84926E,FLOWERS TILE COASTER,C
21157,RED RETROSPOT WASHBAG,C
37482P,CUBIC MUG PINK POLKADOT,C
90133,TEAL/FUSCHIA COL BEAD NECKLACE,C
47503H,ASS FLORAL PRINT SPIRIT LEVEL ,C
90065B,BLACK VINT ART DEC CRYSTAL BRACELET,C
72740A,LARGE STRAWBERRY CHOCOLATE CANDLE,C
84661A,WHITE SQUARE TABLE CLOCK,C
47574A,ENGLISH ROSE SCENTED HANGING FLOWER,C
84765,SILVER ROCOCO CANDELABRA,C
84508C,BLUE CIRCLES DESIGN TEDDY,C
78026,SEAGRASS S/3 SQU LAUNDRY BOX,C
22869,"NUMBER TILE COTTAGE GARDEN, 1",C
35818P,"ACRYLIC JEWEL ICICLE, PINK",C
47592A,CAROUSEL CHILDRENS OVERALL,C
22195,HEART MEASURING SPOONS LARGE,C
90093,CLEAR CRYSTAL STAR PHONE CHARM,C
22069, BROWN  PIRATE TREASURE CHEST ,C
16216,LETTER SHAPE PENCIL SHARPENER,C
72754B,F FAIRY POTPOURRI CUSHIONS LAVENDER,C
90042C,FRESHWATER PEARL BRACELET IVORY,C
90123D,WHITE HEART OF GLASS BRACELET,C
90060F,FIRE POLISHED GLASS NECKL GREEN,C
21032,SPACE CADET WHITE,C
84709A,SILVER OVAL JEWELLED MIRROR,C
35824P,"HANGING FLOWERS+MIRROR,PINK",C
85204,HANGING WOOD AND FELT FLOWER,C
21004,ROSE DU SUD CHILDRENS APRON,C
17011D,ORIGAMI ROSE INCENSE+FLOWER,C
84915,HAND TOWEL PINK FLOWER AND DAISY,C
90002A,FLOWER BURST SILVER RING OPAL,C
37330,BIG POLKADOT MUG,C
35015,JACOBS LADDER SMALL,C
22241,"GARLAND , WOODEN  "" HAPPY EASTER""",C
84555A,YELLOW VW BEETLE CERAMIC MONEY BOX,C
77079,DOLPHIN WINDMILL,C
90065A,WHITE VINTAGE CRYSTAL BRACELET,C
46137D,GREEN CHENILLE SHAGGY RUG,C
21030,SPACE CADET RED,C
90018A,SILVER M.O.P ORBIT DROP EARRINGS,C
90144,SILVER DROP EARRINGS WITH FLOWER,C
84882,GREEN WIRE STANDING CANDLE HOLDER,C
35646,VINTAGE BEAD PINK EVENING BAG,C
84656,WHITE ROSE C/COVER,C
35609A,PINK FEATHER CHRISTMAS DECORATION,C
16119,FUNKY GIRL ADDRESS BOOK,C
72140E,BEST DAD CANDLE LETTERS,C
90180B,PURPLE AMETHYST NECKLACE W TASSEL,C
84925E,FLOWERS WALL THERMOMETER,C
20899,VINTAGE NOTEBOOK RED ROSE,C
90129D,AMBER GLASS TASSLE BAG CHARM,C
84951A,SET OF 4 PISTACHIO LOVEBIRD COASTER,C
84858A,NATURAL RIVIERA HANDBAG,C
22983,CARD BILLBOARD FONT,C
22322,BIRD DECORATION GREEN POLKADOT,C
90028,NEW BAROQUE LARGE NECKLACE BLK/WHIT,C
22848,"BREAD BIN, DINER STYLE, PINK",C
84877A,PINK ROUND COMPACT MIRROR,C
84782B,BLACK 3 TIER GLASS PLATE STAND,C
90016B,GOLD/M.O.P PENDANT ORBIT NECKLACE,C
84968e,SET OF 16 VINTAGE BLACK CUTLERY,C
85018C,S/6 PAPER BOXES CURIOUS IMAGES ,C
85014a,BLACK/BLUE DOTS RUFFLED UMBRELLA,C
16168S,FUNKY MONKEY GIFT BAG SMALL,C
84559D,3D SHEET OF SEA WORLD STICKERS,C
84367,LA STREGA CANVAS PICTURE ,C
82607E,GLASS BONBON JAR. D'AMANDES,C
35914,PINK CHICK EGG WARMER + EGG CUP,C
90073,VINTAGE ENAMEL & CRYSTAL EARRINGS,C
47592B,SCOTTIES DESIGN CHILD'S OVERALL,C
90123A,PINK HEART OF GLASS BRACELET,C
84614A,PINK BAROQUE FLOCK CANDLE HOLDER,C
20847,ZINC HEART LATTICE CHARGER LARGE,C
90002C,FLOWER BURST SILVER RING MIDN'T BLU,C
17084P,DRAGONS BLOOD INCENSE,C
22359,"GLASS JAR, KINGS CHOICE SOAP",C
22850,BREAD BIN DINER STYLE BLACK,C
84452,METAL RABBIT LADDER EASTER ,C
45013,FOLDING SHOE TIDY,C
47593A,CAROUSEL PONIES BABY BIB,C
22832,SWEETHEART WIRE WALL TIDY,C
85190,PINK FLOWER HANGING HEART ,C
79308B,MOSAIC CANDLE DISH BLUE PURPLE,C
21379, CAMPHOR WOOD PORTOBELLO MUSHROOM,C
84660c,PINK STITCHED WALL CLOCK,C
85094,CANDY SPOT EGG WARMER RABBIT,C
79532,MOSAIC GLASS BALL CANDLEHOLDER,C
90000A,RASPBERRY ANT COPPER FLOWER NECKLAC,C
22534,MAGIC SLATE SPACEBOY ,C
22536,MAGIC SLATE FIDO,C
22535,MAGIC SLATE BUNNIES AT HOME ,C
84509F,NEW ENGLAND PLACEMATS,C
84886,BLUE METAL WALL SHELF,C
90024E,NEW BAROQUE B'FLY NECKLACE MONTANA,C
90016C,SILVER/BLACK PENDANT ORBIT NECKLACE,C
84288B,SET/2 BLUE  NOODLE BASKETS,C
22972,CHILDRENS SPACEBOY MUG,C
20887,BOX OF 6 PEBBLE CANDLES,C
90139,FLOWER BROOCH 4 ASSORTED COLOURS,C
90156,RESIN BRACELET W PASTEL BEADS,C
90212B,JET BLACK LAS VEGAS BRACELET ROUND,C
22877,"NUMBER TILE COTTAGE GARDEN, 9",C
21196,ROUND WHITE CONFETTI IN TUBE,C
35824C,"HANGING FLOWERS+MIRROR,CLEAR",C
84509E,SET OF 4 CAROUSEL PLACEMATS ,C
90214S,"LETTER ""S"" BLING KEY RING",C
17012D,ORIGAMI ROSE INCENSE/CANDLE SET ,C
72038P,PRICE'S CANDLE PEACH,C
85169C,EAU DE NIL LOVE BIRD CANDLE,C
21228,"POCKET MIRROR ""GLAMOROUS""",C
21031,SPACE CADET BLACK,C
90137,PINK COMBO MINI CRYSTALS NECKLACE,C
90000B,MIDNIGHT BLUE COPPER FLOWER NECKLAC,C
79403,FROSTED WHITE BASE ,C
20896,VINTAGE NOTEBOOK PINK FLOWER,C
85014a,BLACK/BLUE POLKADOT UMBRELLA,C
84509c,SET OF 4 DOTTY PLACEMATS ,C
35610B,BLACK CHRISTMAS FLOCK DROPLET ,C
90003D,CRYSTAL PAIR HEART HAIR SLIDES,C
90125D,PURPLE BERTIE GLASS BEAD BAG CHARM,C
90211A,DIAMOND LAS VEGAS NECKLACE 45CM,C
22875,"NUMBER TILE COTTAGE GARDEN, 7",C
22870,"NUMBER TILE COTTAGE GARDEN, 2",C
22868,"NUMBER TILE COTTAGE GARDEN, 0 ",C
90003B,ROSE COLOUR PAIR HEART HAIR SLIDES,C
17090A,LAVENDER INCENSE 40 CONES IN TIN,C
84705B,FAIRY CAKES PHOTO FRAME,C
46138B,BLUE CHENILLE SHAGGY CUSHION COVER ,C
85160a,WHITE BIRD GARDEN DESIGN MUG,C
22204,MILK PAN BLUE POLKADOT,C
22677,FRENCH BLUE METAL DOOR SIGN 2,C
90181B,AMETHYST GLASS/SHELL/PEARL NECKLACE,C
90190C,SILVER/AMETHYST DROP EARRINGS LEAF,C
90036B,"FLOWER GLASS GARLAND NECKL.36""GREEN",C
10138,ASSORTED COLOUR JUMBO PEN,C
22873,"NUMBER TILE COTTAGE GARDEN, 5",C
84493,BLUE/PINK NEST STRIPE BOX,C
90170,DAISY HAIR BAND,C
90024D,NEW BAROQUE B'FLY NECKLACE PINK,C
90151,SILVER/NATURAL SHELL NECKLACE,C
90124C,GREEN MURANO TWIST NECKLACE,C
35607A,PINK FLUFFY CHRISTMAS DECORATION,C
44234,ASSORTED CIRCULAR MOBILE,C
82069,BEECH WOOD P/FRAME,C
90214J,"LETTER ""J"" BLING KEY RING",C
22876,"NUMBER TILE COTTAGE GARDEN, 8",C
22872,"NUMBER TILE COTTAGE GARDEN, 4",C
22874,"NUMBER TILE COTTAGE GARDEN, 6",C
22871,"NUMBER TILE COTTAGE GARDEN, 3 ",C
90086,CRYSTAL FROG PHONE CHARM,C
85185F,LION SOCK PUPPET,C
84247H,PACK/12 DECOUPAGE CARD,C
20836,FRENCH PAISLEY CUSHION COVER,C
17191A,ROSE FLOWER CANDLE+INCENSE 16X16CM,C
22346,PARTY PIZZA DISH GREEN POLKADOT,C
47471,RAINBOW PEGS PHOTO CLIP STRING,C
22068, BLACK PIRATE TREASURE CHEST,C
20816,GOLD FLOWER CUSHION COVER ,C
35816P,"ACRYLIC JEWEL ANGEL,PINK",C
72753C,S/3 FLWR FAIRY ROSE CANDLES,C
84558a,3D DOG PICTURE PLAYING CARDS,C
16206B,RED PURSE WITH PINK HEART,C
90030B,RED KUKUI COCONUT SEED NECKLACE,C
72812,LARGE ZINC GLASS CANDLEHOLDER,C
35840,FLAT GLASS  BAUBLE WHITE FLOCK ,C
90214A,"LETTER ""A"" BLING KEY RING",C
84509c,SET OF 4 POLKADOT PLACEMATS ,C
90186B,CRYSTAL HOOP EARRING FLORAL LEAF,C
84562B,BLUE/WHITE RIBBED MELAMINE JUG,C
48103,DOORMAT KISS MY.......,C
90185A,AMBER DIAMANTE EXPANDABLE RING,C
35096B,RED VICTORIAN FABRIC HEART BOX,C
90129F,RED GLASS TASSLE BAG CHARM,C
79191D,RETRO PLASTIC DAISY TRAY,C
22445,PENCIL CASE GINGHAM FOREST,C
44235,ASS COL CIRCLE MOBILE ,C
84867A,PINK BABY GIRLS PHOTO ALBUM,C
10120,DOGGY RUBBER,C
84458,S/3 RABBIT FLOWER/EGG/CARROT ROPE,C
22433,WATERING CAN PINK BUNNY,C
72351a,SET/6 TURQUOISE BUTTERFLY T-LIGHTS,C
16169D,WRAP WINTER FOREST,C
21711,FOLDING UMBRELLA WHITE/RED POLKADOT,C
84531A,PINK KNITTED EGG COSY,C
20838,FRENCH LATTICE CUSHION COVER ,C
21118,SHOPPING BAG DOORSTOP,C
72051S,BAG OF SILVER STONES,C
90210D,PURPLE ACRYLIC FACETED BANGLE,C
90214L,"LETTER ""L"" BLING KEY RING",C
21337,SILVER WASHBAG,C
17038,PORCELAIN BUDAH INCENSE HOLDER,C
84723,CHERRY BLOSSOM CANVAS ART PICTURE,C
35594,WOODEN CHRISTMAS TREE 3 HANGING,C
22859,EASTER TIN BUNNY BOUQUET,C
17014A,ORIGAMI VANILLA INCENSE CONES,C
90016A,SILVER/M.O.P PENDANT ORBIT NECKLACE,C
84968e,S/16 VINTAGE BLACK CUTLERY,C
90199D,5 STRAND GLASS NECKLACE AMBER,C
90123B,TURQUOISE HEART OF GLASS BRACELET,C
90114,SUMMER DAISIES BAG CHARM,C
35966,FOLKART CHRISTMAS TREE T-LIGHT HOLD,C
85050,FRENCH ENAMEL SOAP DISH WITH LID,C
DCGSSBOY,BOYS PARTY BAG,C
90214K,"LETTER ""K"" BLING KEY RING",C
78027,SEAGRASS S/2 CORNER LAUNDRY ,C
84462,3 PINK HEN+CHICKS IN BASKET,C
90164A,PINK ROSEBUD PEARL BRACELET,C
90214C,"LETTER ""C"" BLING KEY RING",C
37471,MULTICOLOUR DOTS PLATE,C
22736,"RIBBON REEL, MAKING SNOWMEN ",C
21266,VINTAGE SILVER TINSEL REEL,C
22678,FRENCH BLUE METAL DOOR SIGN 3,C
22878,"NUMBER TILE COTTAGE GARDEN, No",C
84970l,SINGLE HEART ZINC T-LIGHT HOLDER,C
84705D,CHERRY BLOSSOM PHOTO FRAME ,C
90160A,PURPLE BOUDICCA LARGE BRACELET,C
90150,BLUE SHELL+SILVER NECKLACE,C
22937,BAKING MOULD CHOCOLATE CUPCAKES,C
90214M,"LETTER ""M"" BLING KEY RING",C
90040C,MURANO STYLE GLASS BRACELET GOLD,C
90058A,CRYSTAL STUD EARRINGS CLEAR DISPLAY,C
47481,50CM METAL STRING WITH  7 CLIPS,C
48103,DOOR MAT KISS MY.......,C
21394,RED POLKADOT BEAKER ,C
84926A,WAKE UP COCKEREL TILE COASTER,C
72606A,BROWN ANTIQUE CUBE CANDLE,C
84927F,PSYCHEDELIC TILE HOOK,C
21880,RED RETROSPOT TAPE,C
20861,GOLD COSMETIC BAG PINK STAR,C
90190B,GOLD/AMBER DROP EARRINGS W LEAF,C
21241,GREEN POLKADOT CUP,C
21367,MIRRORED WALL ART GENTS,C
90063B,BLACK VINT ART DEC CRYSTAL NECKLACE,C
84926D,LA PALMIERA TILE COASTER,C
22432,WATERING CAN GREEN DINOSAUR,C
84231,EASTER BUNNY WITH BASKET ON BACK,C
16219,HOUSE SHAPE PENCIL SHARPENER,C
21087,SET/6 POSIES PAPER CUPS,C
79051A,SMOKEY GREY COLOUR D.O.F. GLASS,C
84796a,PINK HAWAIIAN PICNIC HAMPER FOR 2,C
81950B,FLOWER BLUE CLOCK W/SUCKER,C
35610A,PINK CHRISTMAS FLOCK DROPLET ,C
90072,RUBY DROP CHANDELIER EARRINGS,C
84753A,PINK EAU DE COLOGNE BOTTLE,C
84199,GLOW IN DARK DOLPHINS,C
22246,MAGIC GARDEN FELT GARLAND ,C
21343,GOLD JEWELERY BOX,C
85232b,SET OF 3 BABUSHKA STACKING TINS,C
84927A,WAKE UP COCKEREL TILE HOOK,C
90214E,"LETTER ""E"" BLING KEY RING",C
84437A,S/6 PINK EASTER DECS IN BOX,C
85039a,SET/4 RED MINI ROSE CANDLE IN BOWL,C
81952V,ROUND PURPLE CLOCK W/SUCKER,C
84984C,ORIENTAL BLUE C/COVER ,C
17013C,ORIGAMI LAVENDER INCENSE IN TUBE,C
47578A,ENGLISH ROSE SMALL SCENTED FLOWER,C
90112,PINK DOLLY HAIR CLIPS,C
47598,NEW ENGLAND EGG WARMER,C
90199A,5 STRAND GLASS NECKLACE BLACK,C
20660,VIP LUGGAGE TAG ,C
37342,POLKADOT COFFEE CUP & SAUCER PINK,C
90104,PURPLE FRANGIPANI HAIRCLIP,C
85114c,RED ENCHANTED FOREST PLACEMAT,C
35651,VINTAGE BEAD PINK SCARF ,C
84721,MANHATTAN CANVAS ART PICTURE,C
84629,WHITE 3 FRAME BIRDS AND TREE ,C
90039D,FIRE POLISHED GLASS BRACELET GREEN,C
22686,FRENCH BLUE METAL DOOR SIGN No,C
84891B,GREEN WIRE GOBLET CANDLEHOLDER,C
37462B,"PET MUG, BUDGIE",C
35822B,"ACRYLIC BEAD CHAIN, BLUE",C
90088,CRYSTAL KEY+LOCK PHONE CHARM,C
35819B,"ACRYLIC HANGING JEWEL,BLUE",C
84424A,FOUR PICTURE WHITE GLASS FRAME,C
79144C,PAINTED LIGHTBULB RAINBOW DESIGN,C
84531B,BLUE KNITTED EGG COSY,C
gift_0001_50,Dotcomgiftshop Gift Voucher £50.00,C
35271S,GOLD PRINT PAPER BAG,C
90092,BLUE CRYSTAL BOOT PHONE CHARM,C
90059A,DIAMANTE HAIR GRIP PACK/2 CRYSTAL,C
90162B,ANT SILVER LIME GREEN BOUDICCA RING,C
84454,WOBBLING METAL CHICKEN EASTER,C
85132a,CHARLIE + LOLA BISCUITS TINS,C
85099c,JUMBO  BAG BAROQUE BLACK WHITE,C
90166,PINK & WHITE ROSEBUD RING,C
90116,FRUIT SALAD BAG CHARM,C
35838B,S/6 SILVER ORNAMENETAL CANDLE,C
22844,"DOG FOOD CONTAINER , VINTAGE",C
16248B,BLUE HOLE PUNCH,C
17027A,INCENSE BAZAAR CANNABIS,C
46775B,BERRIES CHUNKY KNITTED THROW ,C
16051,TEATIME PENCIL W STAMP ASST,C
21400,RED PUDDING SPOON,C
90165B,WHITE ROSEBUD  PEARL EARRINGS,C
35911B,PINK/FLOWER RABBIT EGG WARMER ,C
84251F,"GREETING CARD, RITA",C
90179C,BLACK FINE BEAD NECKLACE W TASSEL,C
22928,YELLOW GIANT GARDEN THERMOMETER,C
82605,OLD DOC.RUSSEL METAL SIGN,C
79144B,PAINTED LIGHTBULB STAR+ MOON,C
90190A,SILVER/CRYSTAL DROP EARRINGS W LEAF,C
84030C,KNITTED RAINBOW HOT WATER BOTTLE,C
90002B,FLOWER BURST SILVER RING ROSE,C
84926F,PSYCHEDELIC TILE COASTER,C
90162C,ANT SILVER FUSCHIA BOUDICCA RING,C
72821,CUPID SCENTED CANDLE IN GLASS,C
21699,SET 5 MINI CHOCOLATE FRIDGE MAGNETS,C
22857,ASSORTED EASTER GIFT TAGS,C
84907,PINK/YELLOW PATCH CUSHION COVER,C
22916,HERB MARKER THYME,C
22579,WOODEN TREE CHRISTMAS SCANDISPOT,C
22566,"FELTCRAFT HAIRBAND S/2, PINK/PURPLE",C
22918,HERB MARKER PARSLEY,C
72779,SET/6 BLACK ROSE T-LIGHT CANDLES,C
16201B,PASTEL BLUE PHOTO ALBUM,C
90023,FILIGREE DIAMANTE EARRINGS,C
22920,HERB MARKER BASIL,C
16011, ANIMAL STICKERS,C
90018B,GOLD M.O.P ORBIT DROP EARRINGS,C
71496A,A4 WALL TIDY BLUE OFFICE,C
90121B,VINTAGE ROSE BEAD BRACELET BLUE,C
22531,MAGIC SLATE CIRCUS PARADE  ,C
22530,MAGIC SLATE DOLLY GIRL ,C
84596I,WRAP SWEETS LIGHT PINK SMALL BOWL,C
17011E,ORIGAMI OPIUM SCENT INCENSE+FLOWER,C
22346,PARTY PIZZA DISH GREEN RETROSPOT,C
22679,FRENCH BLUE METAL DOOR SIGN 4,C
22680,FRENCH BLUE METAL DOOR SIGN 5,C
90130B,TURQ STONE/CRYSTAL EARRINGS,C
90038A,GLASS AND PAINTED BEADS BRACELET TO,C
90089,PINK CRYSTAL SKULL PHONE CHARM,C
84795E,RIO PINK STRIPE HAMMOCK,C
90049,IVORY GOLD METAL BAG CHARM,C
90003C,MIDNIGHT BLUE PAIR HEART HAIR SLIDE,C
22649,STRAWBERRY CAKE TEAPOT,C
84509C,SET OF 4 POLKADOT PLACEMATS ,C
84751B,BLACK MEDIUM GLASS CAKE STAND,C
90138,WHITE/PINK MINI CRYSTALS NECKLACE,C
22344,PARTY PIZZA DISH PINK WHITE SPOT ,C
90099,NECKLACE+BRACELET SET BLUE HIBISCUS,C
22344,PARTY PIZZA DISH PINK POLKADOT,C
79026B,"S/4 ICON COASTER,ELVIS LIVES",C
20796,SMALL BLUE PROVENCAL CERAMIC BALL,C
22917,HERB MARKER ROSEMARY,C
35931,PINK STAR CHRISTMAS DECORATION,C
84455,SET OF 3 RABBIT CARROTS EASTER,C
72134,COLUMBIAN  CUBE CANDLE ,C
90125A,PINK BERTIE GLASS BEAD BAG CHARM,C
17090D,VANILLA INCENSE 40 CONES IN TIN,C
90019B,GOLD M.O.P ORBIT BRACELET,C
84388,WISE MAN STAR SHAPE EGG PAN,C
90123C,GREEN HEART OF GLASS BRACELET,C
21450,DISTRESSED CANDLE STICK WHITE,C
90202D,PINK ENAMEL FLOWER HAIR TIE,C
21595,Dad's Cab Electronic Meter,C
85014b,RED/WHITE DOTS RUFFLED UMBRELLA,C
84425A,WHITE GLASS TV TRIPLE FRAME,C
84617, NEW BAROQUE BLACK BOXES,C
90063A,WHITE VINT ART DECO CRYSTAL NECKLAC,C
90026A,GLASS BEAD HOOP NECKLACE BLACK,C
84951B,SET OF 4 BLACK LOVEBIRD COASTERS,C
84874B,BLUE TRAVEL FIRST AID KIT,C
71510,SQUARE METAL CANDLEHOLDER BASE,C
21369,MIRRORED WALL ART SPLODGES,C
16161E,WRAP BOUDOIR ,C
37399,"ASS RETROSPOOF MUGS,SPORTS",C
90204,PAIR OF ENAMEL BUTTERFLY HAIRCLIP,C
84661C,PINK SQUARE TABLE CLOCK,C
84757,ENCHANTED GARDEN WROUGHT IRON TABLE,C
21267,VINTAGE PINK TINSEL REEL ,C
84613A,PINK NEW BAROQUE FLOCK CANDLESTICK,C
84919,L BLUE C/COVER W PINK/YELLOW FLOWER,C
90168,2 DAISIES HAIR COMB,C
90205C,LARGE CRYSTAL DIAMANTE HAIRSLIDE,C
90100,NECKLACE+BRACELET SET PINK DAISY,C
S,SAMPLES,C
84744,S/6 SEW ON CROCHET FLOWERS,C
20664,TROPICAL HOLIDAY PURSE ,C
20615,BLUE POLKADOT PASSPORT COVER,C
84447,6 RABBIT CHAIN EASTER,C
22921,HERB MARKER CHIVES ,C
84427B,BLACK GLASS TV DOUBLE P/FRAME 15X10,C
90194,SILVER LARIAT BLACK STONE EARRINGS,C
22345,PARTY PIZZA DISH BLUE POLKADOT,C
84660A,WHITE STITCHED WALL CLOCK,C
35937,CERISE+GOLD CHRISTMAS STOCKING DEC,C
84925C,FAIRY CAKES  WALL THERMOMETER,C
37509,NEW ENGLAND MUG W GIFT BOX,C
44242B,PINK FEATHERS CURTAIN,C
20698,LITTLE PINK MONSTER SOFT TOY,C
16256C,HEARTS PENCIL/RUBBER+5 MINI PENCILS,C
84905,PINK BUTTERFLY C/COVER ,C
90162A,ANT SILVER TURQUOISE BOUDICCA RING,C
20958,PORCELAIN HANGING BELL LARGE,C
22682,FRENCH BLUE METAL DOOR SIGN 7,C
47343A,FUSCHIA FLOWER PURSE WITH BEADS,C
90214R,"LETTER ""R"" BLING KEY RING",C
gift_0001_80,Dotcomgiftshop Gift Voucher £80.00,C
84918,CREAM C/COVER W YELLOW/GREEN FLOWER,C
84510E,SET OF 4 GREEN CAROUSEL COASTERS,C
72140F,HAPPY ANNIVERSARY CANDLE LETTERS,C
21368,MIRRORED WALL ART LADIES,C
37471,MULTICOLOUR POLKADOT PLATE,C
90024C,NEW BAROQUE B'FLY NECKLACE GREEN,C
90177D,DROP DIAMANTE EARRINGS PURPLE,C
90018C,SILVER BLACK ORBIT DROP EARRINGS,C
84857A,SILVER MONTE CARLO HANDBAG,C
90039C,FIRE POLISHED GLASS BRACELET BLACK,C
85114b,IVORY ENCHANTED FOREST PLACEMAT,C
84549,CROCHET WHITE RABBIT KEYRING ,C
20879,TREE OF NOAH FESTIVE SCENTED CANDLE,C
90002E,FLOWER BURST SILVER RING GREEN,C
84864A,PINK PAISLEY PHOTO ALBUM,C
90189A,SILVER 2 STRAND NECKLACE-LEAF CHARM,C
90069,RUBY GLASS CLUSTER NECKLACE,C
84926B,SCOTTS ROSES TILE COASTER,C
84415B,BLUE FLOCK CUSHION COVER ,C
90149,SILVER FLOWR PINK SHELL NECKLACE,C
47504J,ENGLISH ROSE SET/3 GARDEN TOOLS,C
84465,15 PINK FLUFFY CHICKS IN BOX,C
90059D,DIAMANTE HAIR GRIP PACK/2 PERIDOT,C
72133,COLUMBIAN CANDLE RECTANGLE,C
90165A,PINK ROSEBUD PEARL EARRINGS,C
40002,WHITE BAMBOO RIBS LAMPSHADE,C
85072,OCCASIONS GIFT CARD ASSORTMENT,C
84340,LARGE FIBRE OPTIC CHRISTMAS TREE,C
90030C,BROWN KUKUI COCONUT SEED NECKLACE,C
gift_0001_40,Dotcomgiftshop Gift Voucher £40.00,C
72812,LARGE ZINC/GLASS CANDLEHOLDER,C
84989a,75 GREEN FAIRY CAKE CASES,C
84705A,ENGLISH ROSE PHOTO FRAME ,C
22257,FELT FARM ANIMAL SHEEP,C
90130A,WHITE STONE/CRYSTAL EARRINGS,C
21089,SET/6 GREEN SPRING PAPER CUPS,C
90181A,AMBER GLASS/SHELL/PEARL NECKLACE,C
16020C,CLEAR STATIONERY BOX SET ,C
DCGS0069,OOH LA LA DOGS COLLAR,C
85040a,S/4 PINK FLOWER CANDLES IN BOWL,C
35910A,MULTICOLOUR EASTER RABBIT ,C
84539,KNITTED RABBIT DOLL ,C
71215,METAL BASE FOR CANDLES,C
90037A,TINY CRYSTAL BRACELET RED,C
79534,MULTICOLOUR GLASS PLATE,C
85018A,S/6 PAPER BOXES ROMANTIC IMAGES,C
90020,FILIGREE DIAMANTE CHAIN,C
85018B,S/6 PAPER BOXES BLOSSOM IMAGES ,C
20791,BLUE TILED SET OF 3 DRAWERS,C
84921,CREAM AND PINK FLOWERS PONY ,C
20905,VINTAGE KEEPSAKE BOX BEAUTY GIRL,C
22845,"CAT FOOD CONTAINER , VINTAGE",C
35916C,PINK FELT HANGING HEART W FLOWER,C
22987,"WRAP , SUMMER ROSE DESIGN",C
16008,SMALL FOLDING SCISSOR(POINTED EDGE),C
84596e,SMALL LICORICE DES PINK BOWL,C
84529B,BLUE KNITTED KID'S RUCKSACK,C
47369A,PINK GREEN EMBROIDERY COSMETIC BAG,C
84450B,PINK/YELLOW RABBIT SAT EASTER,C
20620,RED SPOTTY PASSPORT COVER,C
72369A,PINK CLEAR GLASS CANDLE PLATE,C
35817B,"ACRYLIC JEWEL SNOWFLAKE,BLUE",C
35973,GERANIUM FOLKART HEART DECORATION,C
22578,WOODEN STAR CHRISTMAS SCANDISPOT,C
22565,FELTCRAFT HAIRBANDS PINK + WHITE ,C
62043B,BLUE CHECK BAG W HANDLE 34X20CM,C
47016,LIGHT DECORATION BATTERY OPERATED,C
90022,EDWARDIAN DROP EARRINGS JET BLACK,C
90071,RUBY GLASS CLUSTER EARRINGS,C
22537,MAGIC SLATE DINOSAUR,C
84984B,RED PEONY DES C/COVER ,C
90140,PINK SWEETIE NECKLACE,C
22619, SET Of 6 SOLDIER SKITTLES,C
84875A,PINK SQUARE COMPACT MIRROR,C
22409,TIN CAN BISCUITS DESIGN,C
90171,DAISY RING,C
gift_0001_70,Dotcomgiftshop Gift Voucher £70.00,C
84575A,PINK DOG CANNISTER,C
44241C,BLUE BUTTERFLY ON SPRING,C
90026D,GLASS BEAD HOOP NECKLACE AMETHYST,C
84582,PINK CROCHET CAT WITH SCARF,C
90060D,FIRE POLISHED GLASS NECKL BRONZE,C
90001D,ANTIQUE OLIVE GREEN FLOWER EARRINGS,C
22973,CHILDRENS CIRCUS PARADE MUG,C
35654,VINTAGE BEAD FILLED PINK CUSHION,C
22329,ROUND FOOD CONTAINER S/5 RETROSPOT,C
35001B,HAND OPEN SHAPE BLACK,C
90210C,RED   ACRYLIC FACETED BANGLE,C
20667,CHERRY BLOSSOM PURSE,C
47369B,BLUE GREEN EMBROIDERY COSMETIC BAG,C
90162D,ANT SILVER PURPLE BOUDICCA RING,C
84593,CROCHET ROSE DES CLOTHES HANGER,C
22903,CALENDAR FAMILY FAVORITES,C
90169,DAISY HAIR COMB,C
81985A,"ICON ALARM CLOCK,FUSCHIA  PIN UP",C
85023C,PINK LARGE JEWELED PHOTOFRAME,C
84984A,GREEN PEONY DES C/COVER,C
35816B,"ACRYLIC JEWEL ANGEL,BLUE",C
18094C,WHITE/BLUE RECT CERAMIC OIL BURNER,C
17129C,SKY BLUE COLOUR GLASS GEMS IN BAG,C
84510a,SET OF 4 ENGLISH ROSE COASTERS,C
22919,HERB MARKER MINT,C
35821B,"JEWELLED DECORATION,BLUE",C
35913B,WHITE/PINK CHICK EASTER DECORATION,C
72771B,BURG FLOCK GOLD CUP/CANDLE ,C
72783,BLACK SIL'T SQU CANDLE PLATE ,C
90214G,"LETTER ""G"" BLING KEY RING",C
84415A,PINK FLOCK SUEDE CUSHION COVER ,C
79331,PINK FLOCK GLASS CANDLEHOLDER,C
85023A,CRYSTAL LARGE JEWELLED PHOTO FRAME,C
90067A,PINK VINTAGE VICTORIAN EARRINGS,C
85179C,PINK BITTY LIGHT CHAIN,C
44236,PINK/PURPLE CIRCLE CURTAIN,C
85080,PADDED RED HEART DECORATION,C
71495B,CD WALL TIDY RED FLOWERS,C
75178,ASSTD COL BUTTERFLY/CRYSTAL W/CHIME,C
90079,VINTAGE ENAMEL & CRYSTAL NECKLACE,C
85151,WELCOME METAL SIGN,C
35916A,YELLOW FELT HANGING HEART W FLOWER,C
90075,MONTANA DIAMOND CLUSTER NECKLACE,C
20953,PORCELAIN CHERUB BELL LARGE,C
35912B,WHITE/PINK CHICK DECORATION,C
22345,PARTY PIZZA DISH BLUE WHITE SPOT ,C
79329,PINK FLOCK GLASS CANDLEHOLDER,C
17084J,LOVE POTION MASALA INCENSE,C
84251G,"GREETING CARD, OVERCROWDED POOL.",C
90176C,DIAMANTE NECKLACE,C
90059E,DIAMANTE HAIR GRIP PACK/2 RUBY,C
90037C,TINY CRYSTAL BRACELET BLUE,C
22252,BIRDCAGE DECORATION MAGIC GARDEN,C
90084,PINK CRYSTAL GUITAR PHONE CHARM,C
90176A,CLASSIC DIAMANTE NECKLACE JET,C
37491D,PURPLE/BLUE CERAMIC CANDLE HOLDER,C
84509a,SET OF 4 ENGLISH ROSE PLACEMATS,C
20697,LITTLE GREEN MONSTER SOFT TOY,C
46115B,GREEN POP ART MAO CUSHION COVER ,C
20848,ZINC HEART LATTICE CHARGER SMALL,C
84899E,YELLOW + BROWN BEAR FELT PURSE KIT,C
90078,PINK/WHITE GLASS DEMI CHOKER,C
22684,FRENCH BLUE METAL DOOR SIGN 9,C
84845C,CARNATION SQUARE HANDY TIN,C
90214B,"LETTER ""B"" BLING KEY RING",C
20870,OPULENT VELVET CANDLE IN BOX,C
84292B,BLUE COL METAL FOLDING CHAIR,C
22683,FRENCH BLUE METAL DOOR SIGN 8,C
DCGS0004,HAYNES CAMPER SHOULDER BAG,C
84845D,GERANIUM SQUARE HANDY TIN,C
gift_0001_10,Dotcomgiftshop Gift Voucher £10.00,C
35071,ASSORTED SANTA CHRISTMAS DECORATION,C
84527,FLAMES SUNGLASSES PINK LENSES,C
84612B,SET/4 BLACK  BAROQUE FLOCK COASTER,C
84795b,SUNSET CHECK HAMMOCK,C
85069,CREAM SWEETHEART DOUBLE SHELF,C
22846,"BREAD BIN, DINER STYLE, RED ",C
17084A,TRANQUILITY MASALA INCENSE,C
22889,"NUMBER TILE VINTAGE FONT, No ",C
84559a,3D SHEET OF DOG STICKERS,C
85124a,PINK JUICY FRUIT PHOTO FRAME,C
72083A,STRAWBERY SWIRL FLARE CANDLE,C
90177B,DROP DIAMANTE EARRINGS BLACK DIAMON,C
72801c,S/4 ROSE PINK DINNER CANDLES,C
22657,HEN & 2 CHICKS IN BASKET,C
72817,SET/2 CHRISTMAS DECOUPAGE CANDLES,C
90051,CRACKED GLAZE NECKLACE RED,C
90214N,"LETTER ""N"" BLING KEY RING",C
90135A,ORANGE/FUSCHIA STONES NECKLACE,C
90046,WHITE WITH METAL BAG CHARM,C
16045,POPART WOODEN PENCILS ASST,C
84537B,FAIRY CAKES GIFT BAG,C
72129,COLUMBIAN CANDLE ROUND ,C
35610C,WHITE CHRISTMAS FLOCK DROPLET ,C
90214P,"LETTER ""P"" BLING KEY RING",C
62086A,PINK RETRO BIG FLOWER BAG,C
35603C,SET/16 WHITE SHINY & MATT BAUBLES,C
47591A,CAROUSEL CHILDRENS APRON,C
90021,LASER CUT MULTI STRAND NECKLACE,C
90179B,PURPLE FINE BEAD NECKLACE W TASSEL,C
84608,ORNATE EDWARDIAN CANDLE HOLDER,C
15058B,PINK POLKADOT GARDEN PARASOL,C
21347,GOTHIC CARRIAGE LANTERN,C
84679,CLASSICAL ROSE TABLE LAMP,C
71495A,CD WALL TIDY BLUE OFFICE,C
22685,FRENCH BLUE METAL DOOR SIGN 0,C
90141A,GREEN PENDANT TRIPLE SHELL NECKLACE,C
20895,VINTAGE NOTEBOOK FRENCH LETTER ,C
20988,TRELLIS FLOWER CHOPSTICKS SET/5,C
84227,HEN HOUSE W CHICK IN NEST,C
81952B,ROUND BLUE CLOCK W/SUCKER,C
16050,TEATIME PENCIL WITH RUBBER,C
22860,EASTER TIN CHICKS PINK DAISY,C
17007B,S/3 POT POURI CUSHIONS BLUE COLOURS,C
84951b,S/4 BLACK LOVEBIRD COASTERS,C
85081,PADDED HOLLY CHRISTMAS DECORATION ,C
84626,CANDY STRIPE ROSE QUILT,C
22604,SET OF 4 NAPKIN CHARM CUTLERY,C
20964,POLYESTER FILLER PAD 60x40cm,C
90037B,TINY CRYSTAL BRACELET GREEN,C
35611B,BLACK ASSORTED DROPLET DECORATION,C
90163B,WHITE ROSEBUD & PEARL NECKLACE,C
84660b,BLACK STITCHED WALL CLOCK,C
20837,FRENCH FLORAL CUSHION COVER ,C
90214H,"LETTER ""H"" BLING KEY RING",C
90059F,DIAMANTE HAIR GRIP PACK/2 LT ROSE,C
90059C,DIAMANTE HAIR GRIP PACK/2 MONTANA,C
22406,TIN CAN KINGS CHOICE DESIGN,C
22347,PIZZA DISH SLICE ,C
16161C,WRAP SPEED DEMONS ,C
72724,SET/6 CHRISTMAS ICICLE T-LIGHTS,C
21685,MEDINA STAMPED METAL TRAY ,C
35916B,BLUE FELT HANGING HEART W FLOWER,C
90177E,DROP DIAMANTE EARRINGS GREEN,C
90197D,AMBER GLASS BRACELET HEART CHARMS,C
72796B,S/3 FRENCH VANILLA SQU CANDLE,C
20820,SILVER LOOKING MIRROR,C
84586L,"PINK ROSES/GINGHAM PATCH RABBIT 8""",C
35085E,IVORY ROSE LAMPSHADE ,C
35607B,BLACK FEATHER CHRISTMAS DECORATION,C
35815B,"ACRYLIC JEWEL SNOWFLAKE,BLUE",C
90108,BLUE BLOSSOM HAIR CLIP,C
90027D,GLASS BEAD HOOP EARRINGS AMETHYST,C
17014C,ORIGAMI LAVENDER INCENSE CONES,C
90214D,"LETTER ""D"" BLING KEY RING",C
90042B,FRESHWATER PEARL BRACELET PINK,C
35822P,"ACRYLIC BEAD CHAIN, PINK",C
72798C,SET/4 GARDEN ROSE DINNER CANDLE,C
84548,CROCHET BEAR RED/BLUE  KEYRING,C
84551,CROCHET DOG KEYRING,C
21596,Hypochondriac Pill Stress Ball,C
21815, STAR  T-LIGHT HOLDER ,C
90026B,GLASS BEAD HOOP NECKLACE MONTANA,C
90024A,NEW BAROQUE B'FLY NECKLACE BLACK,C
85035b,CHOCOLATE 3 WICK MORRIS BOX CANDLE,C
22346,PARTY PIZZA DISH GREEN WHITE SPOT ,C
84803B,WHITE ALLIUM  ARTIFICIAL FLOWER,C
90214T,"LETTER ""T"" BLING KEY RING",C
72771C,BLACK FLOCK GOLD CANDLE,C
90030A,SPOTTED WHITE NATURAL SEED NECKLACE,C
90177C,DROP DIAMANTE EARRINGS CRYSTAL,C
84611B,BLACK NEW BAROQUE FLOCK BOX,C
90060C,FIRE POLISHED GLASS NECKL SILVER,C
90039B,FIRE POLISHED GLASS BRACELET MONTAN,C
90183A,AMBER DROP EARRINGS W LONG BEADS,C
90067B,BROWN VINTAGE VICTORIAN EARRINGS,C
85184B,SET 4 EASTER DECOUPAGE OVAL BOXES,C
90128A,PINK LEAVES AND BEADS PHONE CHARM,C
85024B,EAU DE NILE JEWELLED PHOTOFRAME,C
90212C,PURPLE LAS VEGAS BRACELET ROUND,C
37477B,"FLOWER FAIRY MUG+COASTER,LAVENDER",C
18096c,WHITE ROUND PORCELAIN TLIGHT HOLDER,C
21119,Glow In The Dark Shot Glasses ,C
35644,PAIR PINK/BLACK COATHANGERS,C
22740,POLKADOT PENS,C
84798C,WHITE FOXGLOVE ARTIIFCIAL FLOWER,C
72709,IVORY SCULPTED RND CANDLE ,C
90012B,BLACK DROP CRYSTAL NECKLACE,C
90034,WHITE SILVER NECKLACE SHELL GLASS,C
90064A,WHITE VINTAGE CRYSTAL EARRINGS,C
22532,MAGIC SLATE LEAP FROG ,C
22529,MAGIC SLATE GO TO THE FAIR ,C
22681,FRENCH BLUE METAL DOOR SIGN 6,C
20994,JAZZ HEARTS SPIRAL NOTEPAD,C
20860,GOLD COSMETICS BAG WITH BUTTERFLY,C
79065A,TEATIME ROUND CAKE TINS ,C
47518F,ICON PLACEMAT POP ART ELVIS,C
35933,PINK STOCKING CHRISTMAS DECORATION,C
22853,"CAT BOWL, ENAMEL , CREAM COLOUR",C
82545A,COGNAC AUX OEUFS METAL 1 HOOK,C
47567b,TEA TIME KITCHEN APRON,C
90188,DROP EARRINGS W FLOWER & LEAF,C
35963,FOLKART ZINC CLIP ON ANGEL WINGS,C
84968B,SET OF 16 VINTAGE IVORY CUTLERY,C
90103,PURPLE FRANGIPANI NECKLACE,C
90003E,GREEN PAIR HEART HAIR SLIDES,C
90119,METALIC LEAVES BAG CHARMS,C
90181C,BLACK GLASS/SHELL/PEARL NECKLACE,C
90038C,GLASS AND BEADS BRACELET IVORY,C
72801d,S/4 SKY BLUE DINNER CANDLES,C
22954,HEN PARTY CORDON BARRIER TAPE,C
37112,YELLOW BIRDS FELT DES FOODCOVER,C
79413,GLASS WINE GLASS DECORATIONS,C
35233,PASTA ENAMEL/BRASS CONTAINER,C
71406C,BLACK ORANGE SQUEEZER,C
84705F,RED PEONY PHOTO FRAME ,C
84251J,"GREETING CARD, THE BLACK CAT",C
72715,SPHERICAL IVORY CANDLE ,C
47013A,WINE BOTTLE DRESSING LT.BLUE,C
90074,BLACK DIAMOND CLUSTER NECKLACE,C
17014E,ORIGAMI OPIUM INCENSE CONES,C
37462E,"PET MUG, GOLDFISH",C
22984,CARD GINGHAM ROSE ,C
90037D,TINY CRYSTALS BRACELET BLACK,C
35910B,PINK FLOWERS RABBIT EASTER,C
90202C,GREEN ENAMEL FLOWER HAIR TIE,C
90152C,BLUE/NAT SHELL NECKLACE W PENDANT,C
37348,SET OF 4 PASTEL STACKING MUGS,C
90179A,AMBER FINE BEAD NECKLACE W TASSEL,C
90130C,GREEN STONE/CRYSTAL EARRINGS,C
90101,WHITE FRANGIPANI NECKLACE,C
90126C,AMBER BERTIE MOBILE PHONE CHARM,C
90052,CRACKED GLAZE NECKLACE BROWN,C
47351B,BLUE  VOILE LAMPSHADE,C
22933,BAKING MOULD EASTER EGG MILK CHOC,C
35909A,RABBIT EASTER DECORATION,C
21395,BLUE POLKADOT BEAKER ,C
DCGS0058,MISO PRETTY  GUM,C
90131,PINK/AMETHYST/GOLD NECKLACE,C
84868B,BLUE BABY BOY'S MEMORY BOX,C
37482p,CUBIC MUG PINK POLKA DOT,C
84546,CROCHET POODLE KEYRING,C
35955,SMALL FOLKART CHRISTMAS TREE DEC,C
37489A,YELLOW/PINK FLOWER DESIGN BIG MUG,C
90026C,GLASS BEAD HOOP NECKLACE GREEN,C
22852,"DOG BOWL, ENAMEL , CREAM COLOUR",C
22200,FRYING PAN PINK RETROSPOT,C
90001B,ANTIQUE MID BLUE FLOWER EARRINGS,C
90187B,GREEN DROP EARRINGS W BEAD CLUSTER,C
90126A,PINK BERTIE MOBILE PHONE CHARM,C
84746,PINK EASTER HENS+FLOWER,C
90066A,PINK VINTAGE VICTORIAN CHOKER,C
90064B,BLACK VINTAGE  CRYSTAL EARRINGS,C
75011,BLUE DAISY MOBILE,C
84228,HEN HOUSE W CHICK STANDING,C
90033,IVORY SHELL HEART EARRINGS,C
90174,BUTTERFLY HAIR BAND,C
18097A,PINK TALL PORCELAIN T-LIGHT HOLDER ,C
84456,SET OF 3 RABBIT EGG EASTER,C
90214I,"LETTER ""I"" BLING KEY RING",C
84249A,"GREETING CARD,SQUARE, DOUGHNUTS",C
90118,PINK DAISY BAG CHARM,C
84510e,SET OF 4 GREEN CAROUSEL COASTERS,C
72801d,4 SKY BLUE DINNER CANDLES,C
85079,EMBROIDERED REINDEER DECORATION,C
20835,FRENCH LATTICE CUSHION COVER ,C
15030,FAN BLACK FRAME ,C
17136A,BLUE STONES ON WIRE FOR CANDLE,C
37491A,YELLOW/PINK CERAMIC CANDLE HOLDER,C
21391,FRENCH LAVENDER SCENT HEART,C
90125B,AQUA BERTIE GLASS BEAD BAG CHARM,C
90125C,TURQUOISE BERTIE GLASS BEAD CHARM,C
79406,FROSTED WHITE BASE ,C
90141C,TURQ PENDANT TRIPLE SHELL NECKLACE,C
85131D,BEADED CRYSTAL HEART PINK\ON STICK,C
47420,ASSORTED COLOUR SUCTION CUP HOOK,C
72024U,LILAC VOTIVE CANDLE,C
44091C,MULTICOLOUR CRUSOE CHECK LAMPSHADE,C
22577,WOODEN HEART CHRISTMAS SCANDISPOT,C
22937,BAKING MOULD CHOCOLATE CUP CAKES,C
22641,SET OF 4 NAPKIN CHARMS INSTUMENT   ,C
21919,Electronic Talking Breath-A-Loser,C
90038B,GLASS AND PAINTED BEADS BRACELET OL,C
90176D,DIAMANTE NECKLACE PURPLE,C
18010,ASSORTED FRAGRANCE BATH CONFETTI,C
20652,BLUE POLKADOT LUGGAGE TAG ,C
22771,DRAWER KNOB ACRYLIC EDWARDIAN CLEAR,C
22953,BIRTHDAY BANNER TAPE,C
47563B,WAVELINE SURF IRONING BOARD COVER,C
22405,TIN CAN POCKET MONEY DESIGN,C
22410,TIN CAN HOUSEKEEPING DESIGN,C
BANK CHARGES, Bank Charges,C
22772,DRAWER KNOB ACRYLIC EDWARDIAN PINK,C
22775,DRAWERKNOB ACRYLIC EDWARDIAN PURPLE,C
22773,DRAWER KNOB ACRYLIC EDWARDIAN GREEN,C
21767,FRENCH STYLE WIRE DOOR CABINET ,C
78056,CAMOUFLAGE BACKPACK ON WHEELS,C
90001C,ANTIQUE OPAL WHITE FLOWER EARRINGS,C
84985a,SET OF 72 GREEN PAPER DOILIES,C
90060B,FIRE POLISHED GLASS NECKL GOLD,C
90152B,BLUE/GREEN SHELL NECKLACE W PENDANT,C
22474,"TRAY FOR TV DINNER ,SPACEBOY",C
90043,COPPER AND BRASS BAG CHARM,C
22472,"TRAY FOR TV DINNER , DOLLY GIRL",C
90081B,LILY BROOCH WHITE/SILVER COLOUR,C
90130D,RED STONE/CRYSTAL EARRINGS,C
90011C,GREEN CRYSTAL DROP EARRINGS,C
90027B,GLASS BEAD HOOP EARRINGS MONTANA,C
47591b,SCOTTIES CHILDRENS APRON,C
22936,BAKING MOULD ROSE WHITE CHOCOLATE,C
84510C,SET OF 4 POLKADOT COASTERS,C
22882,NUMBER TILE VINTAGE FONT 3,C
35265,COLOURFUL FLOWER FRUIT BOWL,C
17091F,SANDALWOOD INCENSE IN TIN,C
47013C,WINE BOTTLE DRESSING DARK BLUE,C
16161G,WRAP BAD HAIR DAY,C
22878,NUMBER TILE COTTAGE GARDEN No,C
21097,SET/6 GREEN SPRING  PAPER PLATE,C
84867b,BLUE BABY BOY'S PHOTO ALBUM,C
90011A,MIDNIGHT BLUE CRYSTAL DROP EARRINGS,C
17013F,ORIGAMI SANDLEWOOD INCENSE IN TUBE,C
90027C,GLASS BEAD HOOP EARRINGS GREEN,C
90202A,PURPLE ENAMEL FLOWER HAIR TIE,C
22232,3 PIECE JIGSAW TOADSTOOLS,C
84876C,SILVER HEART COMPACT MIRROR,C
85164b,BLACK BAROQUE CUCKOO CLOCK,C
90001A,ANTIQUE RASPBERRY FLOWER EARRINGS,C
90132,LIGHT TOPAZ TEAL/AQUA COL NECKLACE,C
90054,CRACKED GLAZE EARRINGS RED,C
22168,"ORGANISER WOOD, ANTIQUE WHITE ",C
84617,NEW BAROQUE BLACK BOXES,C
44265,M/COLOUR POM-POM CURTAIN,C
84968a,S/16 VINTAGE ROSE CUTLERY,C
84968a,SET OF 16 VINTAGE ROSE CUTLERY,C
84968b,SET OF 16 VINTAGE IVORY CUTLERY,C
84968d,S/16 VINTAGE RED CUTLERY,C
84968b,S/16 VINTAGE IVORY CUTLERY,C
84968f,SET OF 16 VINTAGE SKY BLUE CUTLERY,C
90024F,NEW BAROQUE B'FLY NECKLACE CRYSTAL,C
90214O,"LETTER ""O"" BLING KEY RING",C
84997c,BLUE 3 PIECE MINI DOTS CUTLERY SET,C
90141E,ORANGE PENDANT TRIPLE SHELL NECKLAC,C
16162M,THE KING GIFT BAG 25x24x12cm,C
90141B,IVORY PENDANT TRIPLE SHELL NECKLACE,C
82613b,"METAL SIGN,CUPCAKE SINGLE HOOK",C
84510c,SET OF 4 POLKADOTS COASTERS,C
90059B,DIAMANTE HAIR GRIP PACK/2 BLACK DIA,C
22719,"GUMBALL COATHOOK., BLACK & WHITE ",C
35633B,BLUE TINSEL GARLAND ,C
35596,WOOD XMAS TREE 9 FIG SHELVES,C
22872,NUMBER TILE COTTAGE GARDEN 4,C
90083,CRYSTAL CZECH CROSS PHONE CHARM,C
22885,NUMBER TILE VINTAGE FONT 6 ,C
84450A,PINK RABBIT SITTING EASTER,C
37494a,FAIRY CAKE CERAMIC BUTTER DISH,C
85114a,BLACK ENCHANTED FOREST PLACEMAT,C
72801E,4 FESTIVE GREEN DINNER CANDLES,C
90183B,AMETHYST DROP EARRINGS W LONG BEADS,C
84575B,BROWN DOG CANNISTER W BONE,C
90011B,BLACK CRYSTAL DROP EARRINGS,C
85184c,S/4 VALENTINE DECOUPAGE HEART BOX,C
79302m,"ART LIGHTS,FUNK MONKEY",C
90128B,BLUE LEAVES AND BEADS PHONE CHARM,C
90187A,BLUE DROP EARRINGS W BEAD CLUSTER,C
22722,SET OF 6 SPICE TINS PANTRY DESIGN,C
17014F,ORIGAMI SANDLEWOOD INCENSE CONES,C
47556b,TEA TIME TEA TOWELS ,C
35909B,PINK FLOWERS RABBIT EASTER,C
84086B,YELLOW/BLUE RETRO RADIO,C
85040b,SET/4 BLUE FLOWER CANDLES IN BOWL,C
37491B,BLUE/YELLOW CERAMIC CANDLE HOLDER,C
47552A,DOTS IRONING BOARD COVER,C
90125E,AMBER BERTIE GLASS BEAD BAG CHARM,C
84550,CROCHET LILAC/RED BEAR KEYRING,C
84509E,CAROUSEL PLACEMATS ,C
37479P,CUBIC MUG FLOCK PINK ON BROWN,C
90095,NECKLACE+BRACELET SET PINK BLOSSOM,C
82001s,VINYL RECORD FRAME SILVER,C
84660a,WHITE STITCHED WALL CLOCK,C
84251C,"GREETING CARD, TWO SISTERS.",C
90025E,BAROQUE BUTTERFLY EARRINGS MONTANA,C
DCGS0003,BOXED GLASS ASHTRAY,C
84450B,YELLOW RABBIT SAT EASTER,C
84510c,SET OF 4 POLKADOT COASTERS,C
90128C,GREEN LEAVES AND BEADS PHONE CHARM,C
90025C,BAROQUE BUTTERFLY EARRINGS GREEN,C
90214F,"LETTER ""F"" BLING KEY RING",C
37477C,"FLOWER FAIRY MUG+COASTER,ROSE",C
90189B,GOLD 2 STRAND NECKLACE-LEAF CHARMS,C
84226,HEN HOUSE W FAMILY IN BARN & NEST,C
35652,VINTAGE BEAD CHAISE LONG JEWEL BOX,C
84745B,BLUE HANGING GINGHAM EASTER HEN,C
90050,CRACKED GLAZE NECKLACE IVORY,C
84899E,YELLOW BROWN BEAR FELT PURSE KIT,C
21387,IVORY HANGING DECORATION  RABBIT,C
85132b,CHARLIE AND LOLA TABLE TINS,C
85132c,CHARLIE AND LOLA FIGURES TINS,C
22201,FRYING PAN BLUE RETROSPOT,C
35603B,S/16 BLACK SHINY/MAT BAUBLES,C
90202B,WHITE ENAMEL FLOWER HAIR TIE,C
DCGS0072,CAT CAMOUFLAGUE COLLAR,C
90012A,MIDNIGHT BLUE DROP CRYSTAL NECKLACE,C
10002R,ROBOT PENCIL SHARPNER,C
22880,NUMBER TILE VINTAGE FONT 1,C
22418,"PEN, 10 COLOURS - SPACEBOY",C
22345,PARTY PIZZA DISH BLUE+WHITE SPOT ,C
22344,PARTY PIZZA DISH PINK+WHITE SPOT ,C
79172D,PURPLE TINT ACRYLIC FLOWER VASE,C
90142A,GREEN PENDANT SHELL NECKLACE,C
85232a,SET/3 POLKA DOT STACKING TINS,C
22533,MAGIC SLATE BAKE A CAKE ,C
72801g,4 BURGUNDY WINE DINNER CANDLES,C
82613c,"METAL SIGN,CUPCAKE SINGLE HOOK",C
90082C,DIAMANTE BOW BROOCH WHITE COLOUR,C
90206A,GOLD DIAMANTE STAR BROOCH,C
84570B,WHITE SATIN DRESS JEWEL STAND,C
20680,PINK FLOWERS CHILDS UMBRELLA,C
10124A,SPOTS ON RED BOOKCOVER TAPE,C
21185,HOME SWEET HOME  BLACKBOARD,C
90128D,PURPLE LEAVES AND BEADS PHONE CHAR,C
84030B,KNITTED POM POM HOT WATER BOTTLE,C
90205A,LARGE MINT DIAMANTE HAIRSLIDE,C
40005B,BLUE ORGANDY ROUND LAMPSHADE W BEA,C
22884,NUMBER TILE VINTAGE FONT 5,C
44089C,LILAC GAUZE BUTTERFLY LAMPSHADE,C
22870,NUMBER TILE COTTAGE GARDEN 2,C
16054,POPART RECT PENCIL SHARPENER ASST,C
84311,CAMOFLAGE CUSHION COVER,C
72796A,S/3 ENGLISH LAVENDER SQU CANDLE,C
90154,LAZER CUT NECKLACE W PASTEL BEADS,C
84986b,SET OF 36 SILVER PAPER DOILIES,C
84614C,BLUE BAROQUE FLOCK CANDLE HOLDER,C
18097B,BLUE TALL PORCELAIN T-LIGHT HOLDER,C
90053,CRACKED GLAZE EARRINGS IVORY,C
21249,WOOD ANIMALS HEIGHT CHART STICKERS ,C
85095,THREE CANVAS LUGGAGE TAGS,C
35591T,TURQUOISE CHRISTMAS TREE ,C
22885,"NUMBER TILE VINTAGE FONT, 6 ",C
22883,"NUMBER TILE VINTAGE FONT, 4",C
22884,"NUMBER TILE VINTAGE FONT, 5",C
22879,"NUMBER TILE VINTAGE FONT, 0",C
22886,"NUMBER TILE VINTAGE FONT, 7",C
22880,"NUMBER TILE VINTAGE FONT, 1",C
22882,"NUMBER TILE VINTAGE FONT, 3",C
22881,"NUMBER TILE VINTAGE FONT, 2",C
22887,"NUMBER TILE VINTAGE FONT, 8",C
37482b,CUBIC MUG BLUE POLKA DOT,C
DCGS0066N,NAVY CUDDLES DOG HOODIE,C
DCGS0068,DOGS NIGHT COLLAR,C
84796b,BLUE SAVANNAH PICNIC HAMPER FOR 2,C
47518f,ICON PLACEMAT POP ART ELVIS,C
22777,GLASS BELL JAR LARGE,C
84993b,75 BLACK PETIT FOUR CASES,C
21120,*Boombox Ipod Classic,C
85036b,CHOCOLATE 1 WICK MORRIS BOX CANDLE,C
85035c,ROSE 3 WICK MORRIS BOX CANDLE,C
85035a,GARDENIA 3 WICK MORRIS BOXED CANDLE,C
15060b,FAIRY CAKE DESIGN UMBRELLA,C
72802a,ROSE SCENT CANDLE IN JEWELLED BOX,C
21594,Dr. Jam's Arouzer Stress Ball,C
84559b,3D SHEET OF CAT STICKERS,C
72805,VANILLA CANDLE IN EMBOSSED ZINC POT,C
22871,NUMBER TILE COTTAGE GARDEN 3 ,C
47591c,BLUE FAIRY CAKE CHILD'S APRON,C
22889,NUMBER TILE VINTAGE FONT No ,C
72785A,S/4 CONTEMPORY PINK ROSEBUD CANDLES,C
21750, LARGE SKULL WINDMILL,C
21511,VINTAGE COLLAGE  GREETING  CARD ,C
84745A,PINK HANGING GINGHAM EASTER HEN,C
79066k,RETRO MOD TRAY,C
22858,EASTER TIN KEEPSAKE,C
22384,LUNCH BAG PINK POLKADOTS,C
85225,BLING KEY RING STAND,C
22887,NUMBER TILE VINTAGE FONT 8,C
22877,NUMBER TILE COTTAGE GARDEN 9,C
84993a,75 GREEN PETIT FOUR CASES,C
47503J ,SET/3 FLORAL GARDEN TOOLS IN BAG,C
85160b,BLACK BIRD GARDEN DESIGN MUG,C
90141D,ROSE PENDANT TRIPLE SHELL NECKLACE,C
84630,FLOWERS AND BIRDS WALL PLAQUE,C
84250M,"GREETING CARD, BLACKPOOL ROCK",C
22778,GLASS BELL JAR SMALL,C
84251B,"GREETING CARD, STICKY GORDON",C
35932,PINK CHRISTMAS TREE DECORATION,C
78034B,BLUE NETTING STORAGE HANGER,C
37489B,BLUE/YELLOW FLOWER DESIGN BIG MUG,C
84509a,ENGLISH ROSE PLACEMATS,C
84912a,PINK ROSE WASHBAG,C
21560,TOADSTOOL  LUNCHBOX WITH CUTLERY,C
21853,GUMBALL CUSTOM CARS TOP TRUMPS GAME,C
37481,CUBIC MUG TEATIME CAKES,C
90025F,BAROQUE BUTTERFLY EARRINGS CRYSTAL,C
84509e,SET OF 4 CAROUSEL PLACEMATS ,C
85124c,GREEN JUICY FRUIT PHOTO FRAME,C
90214V,"LETTER ""V"" BLING KEY RING",C
84596b,SMALL DOLLY MIX DESIGN ORANGE BOWL,C
22288,HANGING METAL RABBIT DECORATION,C
75172,PAINTED SEA SHELL METAL WINDCHIME,C
22408,TIN CAN CONFECTIONERY DESIGN,C
22954,HEN PARTY BANNER TAPE,C
90127A,PINK BEADS+HAND PHONE CHARM,C
21475,SWEETHEART CREAM STEEL FOLDIN CHAIR,C
84567,FROSTED GLASS WITH SILVER SURROUND,C
22139,11 PC CERAMIC TEA SET POLKADOT,C
90011E,AMBER CRYSTAL DROP EARRINGS,C
90177A,CLASSIC DIAMANTE EARRINGS JET,C
90182C,BLACK 3 BEAD DROP EARRINGS,C
SP1002,KID'S CHALKBOARD/EASEL,C
22292,HANGING CHICK  YELLOW DECORATION,C
22876,NUMBER TILE COTTAGE GARDEN 8,C
22879,NUMBER TILE VINTAGE FONT 0,C
48195,DOORMAT GREEN PAISLEY ,C
37489C,GREEN/BLUE FLOWER DESIGN BIG MUG,C
21852,EMPIRE TEDDY,C
84868A,PINK BABY GIRL'S MEMORY BOX,C
84406b,CREAM CUPID HEARTS COAT HANGER,C
16245A,PINK MINI STATIONERY SET W CASE,C
35936,CERISE+GOLD CHRISTMAS TREE DEC,C
37489D,PINK/GREEN FLOWER DESIGN BIG MUG,C
84814B,RHOMBUS CRYSTAL PERFUME BOTTLE,C
47348A,FUSCHIA VOILE POINTY SHOE DEC,C
79342b,BROWN FLOWER LIGHTS,C
84867a,PINK BABY GIRLS PHOTO ALBUM,C
21525,BEWARE OF THE CAT DOORMAT,C
85039b,S/4 IVORY MINI ROSE CANDLE IN BOWL,C
22293,HANGING CHICK GREEN DECORATION,C
85159b,"WHITE TEA,COFFEE,SUGAR JARS",C
35004s,SET OF 3 SILVER FLYING DUCKS,C
16192,PINK BALLET OPENING CUBE BOX ,C
84989b,75 BLACK FAIRY CAKE CASES,C
84247J,PACK/12 RUSSIAN DOLL CARDS,C
20812,EMBOSSED FLOWER TRELLIS PHOTO FRAME,C
85115B,S/4 BLACK DISCO PARTITION PANEL,C
90055,CRACKED GLAZE EARRINGS BROWN,C
21772,VINTAGE METAL CAKE STAND CREAM ,C
84648,NEW BAROQUE WALL MIRROR,C
72752B,"F.FAIRY,CANDLE IN GLASS,LAVENDER",C
85083,KISS REINDEER SCANDINAVIAN STOCKING,C
DCGS0037,KEY-RING CORKSCREW,C
DCGS0075,CAMOUFLAGUE DOG LEAD,C
85157,SET OF 2 CHESTS CHOCOLAT AU LAIT,C
35004p,SET OF 3 PINK FLYING DUCKS,C
DCGS0070,CAMOUFLAGE DOG COLLAR,C
35751C,PURPLE CURRENT CANDLE RING,C
35815P,"ACRYLIC JEWEL SNOWFLAKE, PINK",C
72801e,S/4 FESTIVE GREEN DINNER CANDLES,C
m,Manual,C
51012L,"FEATHER DUSTER, LIGHT PINK",C
47344B,BLUE FLOWER DES PURSE,C
35597A,DUSTY PINK CHRISTMAS TREE 30CM,C
35918B,BLUE FLORIBUNDA EGG WARMER,C
90000C,OPAL WHITE/SILVER FLOWER NECKLACE,C
22868,NUMBER TILE COTTAGE GARDEN 0 ,C
90031,BILI NUT AND WOOD NECKLACE,C
22874,NUMBER TILE COTTAGE GARDEN 6,C
90183C,BLACK DROP EARRINGS W LONG BEADS,C
90027A,GLASS BEAD HOOP EARRINGS BLACK,C
85185E,DUCK SOCK PUPPET,C
90152A,SILVER/NAT SHELL NECKLACE W PENDANT,C
17174,ASSTD RASTA KEY-CHAINS,C
79070b,ENGLISH ROSE SQUARE CAKE TINS,C
47341B,BLUE TABLE RUN FLOWER,C
84366,VENDETTA CANVAS PICTURE,C
16151A,FLOWER DES BLUE HANDBAG/ORANG HANDL,C
17011B,ORIGAMI JASMINE INCENSE+FLOWER ,C
47590b,PINK HAPPY BIRTHDAY BUNTING,C
47590a,BLUE HAPPY BIRTHDAY BUNTING,C
72785B,S/4 CONTEMPORY RED ROSEBUD CANDLES,C
90136,PALE PINK/AMETHYST STONE NECKLACE,C
22959,"WRAPPING PAPER, XMAS VILLAGE",C
44089A,PINK GAUZE BUTTERFLY LAMPSHADE,C
90214Z,"LETTER ""Z"" BLING KEY RING",C
17084G,MOON INCENSE,C
21496,WOODLAND CREATURES  WRAP,C
16169G,WRAP ROMANTIC DECOUPAGE,C
16169A,WRAP CHRISTMAS DECOUPAGE,C
84206A,3 BLACK CATS W HEARTS BLANK CARD,C
22886,NUMBER TILE VINTAGE FONT 7,C
85124b,BLUE JUICY FRUIT PHOTO FRAME,C
21857,STAR WARS TOP TRUMPS GAME,C
21858,HIGH SCHOOL MUSICAL 3 TOP TRUMPS ,C
22343,PARTY PIZZA DISH RED+WHITE SPOT ,C
81950V,FLOWER PURPLE CLOCK W/SUCKER,C
20939,ORANGE CANDLE,C
10080,GROOVY CACTUS INFLATABLE,C
22196,HEART MEASURING SPOONS SMALL,C
22346,PARTY PIZZA DISH GREEN+WHITE SPOT ,C
44228,CANNABIS LEAF BEAD CURTAIN,C
85232d,SET/3 DECOUPAGE STACKING TINS,C
84661c,PINK SQUARE TABLE CLOCK,C
22875,NUMBER TILE COTTAGE GARDEN 7,C
22873,NUMBER TILE COTTAGE GARDEN 5,C
84743C,ORANGE FELT VASE + FLOWERS,C
84971s,SMALL HEART FLOWERS HOOK ,C
22829,BROCANTE SHELF WITH HOOKS,C
35650,VINTAGE BEAD PINK JEWEL STAND,C
84732B,CUTE BIRD CEATURE SCREEN,C
85179a,GREEN BITTY LIGHT CHAIN,C
20822,SILVER WINE GOBLET,C
72708,SCULPTED ROUND IVORY CANDLE ,C
10124G,ARMY CAMO BOOKCOVER TAPE,C
62074B,ELEPHANT CLIP W SUCTION CUP,C
84536a,ENGLISH ROSE NOTEBOOK A7 SIZE,C
90076,MONTANA DIAMOND CLUSTER EARRINGS,C
62097A,PINK STRIPES SHOULDER BAG,C
20882,MODERN CHRISTMAS TREE CANDLE,C
37488A,YELLOW PINK FLOWER DESIGN BIG BOWL,C
18098B,BLUE PORCELAIN B'FLY OIL BURNER,C
20739,*USB Office Glitter Lamp,C
20954,*USB Office Mirror Ball,C
21406,SPOTTY CAT DOORSTOP ,C
90013E,AMBER VINTAGE EARRINGS ,C
90077,BLACK DIAMOND CLUSTER EARRINGS,C
84572,6 HOOK JEWEL STAND LILAC DRESS,C
90126B,BLUE BERTIE MOBILE PHONE CHARM,C
72807a,SET/3 ROSE CANDLE IN JEWELLED BOX,C
72803b,OCEAN SCENT CANDLE JEWELLED DRAWER,C
84030b,KNITTED POM POM HOT WATER BOTTLE,C
35809a,ENAMEL PINK TEA CONTAINER,C
22883,NUMBER TILE VINTAGE FONT 4,C
35597D,PINK/WHITE CHRISTMAS TREE 30CM,C
47591C,BLUE FAIRY CAKE CHILDRENS APRON,C
22869,NUMBER TILE COTTAGE GARDEN 1,C
84029c,BROWN FURRY HOT WATER BOTTLE,C
37468,HARDMAN MUG 3 ASSORTED,C
84509c,DOTTY PLACEMATS ,C
22206,"MUG , DOTCOMGIFTSHOP.COM ",C
90039A,FIRE POLISHED GLASS BRACELET RED,C
84997d,PINK 3 PIECE MINI DOTS CUTLERY SET,C
90208,PAIR OF PINK FLOWER CLUSTER SLIDE,C
90102,WHITE FRANGIPANI HAIR CLIP,C
90025B,BAROQUE BUTTERFLY EARRINGS RED,C
72801c,4 ROSE PINK DINNER CANDLES,C
84596f,SMALL MARSHMALLOWS PINK BOWL,C
90025D,BAROQUE BUTTERFLY EARRINGS PINK,C
90176B,DIAMANTE NECKLACE BLACK ,C
47341A,FUSCHIA TABLE RUN FLOWER ,C
46037A,PINK CANVAS DES CUSHION COVER ,C
90068,"RUBY GLASS NECKLACE 42""",C
20942,SET/6 GINGERBREAD TREE T-LIGHTS,C
82011E,"BATHROOM SCALES, FAG BREAK",C
90041,PEARL AND CHERRY QUARTZ BRACLET,C
90111,BLUE HIBISCUS  HAIR CLIP,C
22291,HANGING CHICK CREAM DECORATION,C
35001P,HAND OPEN SHAPE PINK,C
85230C,ROSE SCENTED VOTIVE CANDLE,C
85230D,VANILLA SCENTED VOTIVE CANDLE,C
84705b,FAIRY CAKES PHOTO FRAME,C
35443,RASTA IN BATH W SPLIFF ASHTRAY,C
37484,ENGLISH ROSE TEA FOR ONE GIFT BOX,C
22843,"BISCUIT TIN, MINT,IVORY, VINTAGE",C
48173A,DOOR MAT BLUE FLOCK,C
22351,DOTCOMGIFTSHOP TEA TOWEL,C
84534b,FAIRY CAKE NOTEBOOK A5 SIZE,C
20858,SILVER PURSE GOLD PINK BUTTERFLY,C
84732D,CUTE RABBIT CEATURE SCREEN ,C
84536b,FAIRY CAKES NOTEBOOK A7 SIZE,C
47592B,SCOTTIE DOGS CHILDRENS OVERALL,C
20884,MODERN CHRISTMAS TREE CANDLE ,C
79140,ASS WINDPROOF MARIJUANA LIGHTERS,C
71050,SMALL SINGLE FLAME CANDLE HOLDER,C
82072,WHITE WOOD SINGLE P/FRAME,C
20673,STRAWBERRIES PRINT BOWL,C
37408,ASSORTED DESIGN GEISHA GIRL MUGS,C
85123b,ZINC HANGING HEART T-LITE HLDR,C
79051a,SMOKEY GREY COLOUR D.O.F. GLASS,C
90011D,PURPLE CRYSTAL DROP EARRINGS,C
35638A,PINK AND BLACK STRING CURTAIN,C
85077,KISSING REINDEER TABLE RUNNER,C
72751B,"F.FAIRY S/3 SML CANDLE, LAVENDER",C
72751C,"F.FAIRY S/3 SML CANDLE, ROSE",C
72751A,"F.FAIRY S/3 SML CANDLE,LILY/VALLEY",C
37409,ASSORTED DESIGN FLOWER MUGS,C
85184d,S/4 BLUE ROUND DECOUPAGE BOXES,C
22360,"GLASS JAR, ENGLISH CONFECTIONERY",C
35823P,"ACRYLIC BEAD GARLAND,PINK",C
35821P,"JEWELLED DECORATION,PINK",C
62097B,BLUE STRIPES SHOULDER BAG,C
79303A,WHITE ROHMBIC BLOCK TABLE LAMP,C
18098A,PINK PORCELAIN B'FLY OIL BURNER,C
85186B,BUNNY BUNCH OF FLOWERS,C
35051B,PINK BEADED CONE CHRISTMAS,C
22888,NUMBER TILE VINTAGE FONT 9 ,C
35537,CANDLE RING W/CLEAR BEADS,C
21838,DADDY MOUSE RED GINGHAM BOW TIE,C
35751D,PINK CURRENT CANDLE RING,C
16215,FUNKY GIRLZ MAGNETIC TO DO LIST ,C
21860,DR WHO TOP TRUMPS GAME,C
21854,EURO FOOTBALL STARS TOP TRUMPS GAME,C
71101A,ANGEL ON KNEES METAL POLE 100CM H,C
71434B,"BLACK RND BULLET""KEEP CLEAN"" BIN",C
90142C,ROSE PINK PENDANT SHELL NECKLACE,C
90135,ORANGE/WHT/FUSCHIA STONES NECKLACE,C
90142B,IVORY PENDANT SHELL NECKLACE,C
84942,KASHMIR FOLKART HEART DISHES,C
84661a,WHITE SQUARE TABLE CLOCK,C
DCGS0041,HAYNES MINI-COOPER PLAYING CARDS,C
84951b,SET OF 4 BLACK LOVEBIRD COASTERS,C
72740B,LARGE WHITE CHOCOLATE CANDLE,C
20877,MODERN CHRISTMAS BAUBLE CANDLE ,C
79149B,SILICON STAR BULB  BLUE,C
85049g,CHOCOLATE BOX RIBBONS ,C
72801g,S/4 BURGUNDY WINE DINNER CANDLES,C
72801e,4 FESTIVE GREEN DINNER CANDLES,C
85049b,LUSH GREENS RIBBONS,C
84596j,MIXED NUTS LIGHT GREEN BOWL,C
82613a,"METAL SIGN,CUPCAKE SINGLE HOOK",C
84596g,SMALL CHOCOLATES PINK BOWL,C
85043,RED HEART CANDY POP LIGHTS,C
85232C,RUSSIAN FOLKART STACKING TINS,C
37451,CERAMIC CAKE TEAPOT WITH CHERRY,C
90142D,MOP PENDANT SHELL NECKLACE,C
84201B,HAPPY BIRTHDAY CARD STRIPEY TEDDY,C
45014,FOLDING SHIRT TIDY,C
37326,FAIRY DESIGN MUGS,C
72529w,WHITE ADVENT CANDLE,C
81953P,ROUND ARTICULATED PINK CLOCK W/SUCK,C
72752A,"F.FAIRY,CANDLE IN GLASS,LILY/VALLEY",C
21409,SPOTTY COCKEREL DOORSTOP,C
47594a,CAROUSEL DESIGN WASHBAG,C
84255A,PINK GLASS COCKTAIL LAMP,C
22881,NUMBER TILE VINTAGE FONT 2,C
72084B,CHOCOLATE ICE CREAM CANDLE,C
37432,MUG PINK AND PURPLE ARABIC DESIGN,C
44091A,BLUE CRUSOE CHECK LAMPSHADE,C
35995,SET/6 BLACK GLITTER REINDEER CANDLE,C
40046C,PINK BUTTERFLY PAPER LAMPSHADE,C
37438,FUNKY FLOWER COFFEE POT,C
90004A,JADE GREEN PAIR ENAMEL HAIR SLIDES,C
35974,S/6 CHRISTMAS TREE PLACE SETTING,C
35818C,"ACRYLIC JEWEL ICICLE, CLEAR ",C
21081,SET/20 POSIES PAPER NAPKINS,C
84559d,3D SHEET OF SEA WORLD STICKERS,C
90214Y,"LETTER ""Y"" BLING KEY RING",C
90214W,"LETTER ""W"" BLING KEY RING",C
20683,RAIN GIRL CHILDS UMBRELLA,C
90182B,AMETHYST 3 BEAD DROP EARRINGS,C
84985b,SET OF 72 BLACK PAPER DOILIES ,C
90182A,AMBER 3 BEAD DROP EARRINGS,C
20885,BOX OF 3 PEBBLE CANDLES,C
35598A,DUSTY PINK CHRISTMAS TREE 60CM,C
84402B,PURPLE DRESS JEWELLERY STAND,C
79301,FEATHER HEART LIGHTS,C
35598C,WHITE CHRISTMAS TREE 60CM,C
DCGS0044,HANDZ-OFF CAR FRESHENER,C
47554,S/3 COLOURS FLOCK TEA TOWELS,C
47556,SET/2 SPOTTY + ROSE TEA TOWELS ,C
21493,VINTAGE DESIGN GIFT TAGS,C
81953B,ROUND ARTICULATED BLUE CLOCK W/SUCK,C
47569,ENGLISH ROSE DESIGN SHOPPING BAG,C
20881,MODERN CHRISTMAS TREE CANDLE,C
21036,SET/2 TEA TOWELS MODERN VINTAGE,C
85171,S/2 HYACINTH BULB CANDLES,C
44092C,PURPLE/COPPER HANGING LAMPSHADE,C
35999,S/6 SCANDINAVIAN HEART T-LIGHT,C
90091,CRYSTAL DRAGONFLY PHONE CHARM,C
47593a,CAROUSEL DESIGN BABY BIB,C
21008,ETCHED GLASS HEART TREE DECORATION,C
DCGS0062,ROAD-RAGE CAR FRESHENER,C
44242A,LILAC FEATHERS CURTAIN,C
90127B,BLUE BEADS+HAND PHONE CHARM,C
21225,POCKET MIRROR BUTTERFLY ,C
21290,LARGE SPOTTY CHOCOLATE GIFT BAG,C
84510b,SET OF 4 FAIRY CAKES COASTERS ,C
17061,ASSORTED SHAPED STENCIL FOR HENNA,C
85192S,HANGING SPRING FLOWER HEART SMALL,C
22659,LUNCHBOX I LOVE LONDON,C
35945,GOLD CHRISTMAS STOCKING DECORATION,C
46138D,GREEN CHENILLE SHAGGY C/COVER,C
84814A,HEXAGONAL CRYSTAL PERFUME BOTTLE,C
22631,CIRCUS PARADE LUNCHBOX ,C
35837,SET OF SIX SILVER+RED FLOCK BAUBLES,C
20737,RED MINI TAPE MEASURE ,C
22963,JAM JAR WITH BLUE LID,C
30086C,ASSORTED FRUIT STRAWS,C
72754D,F FAIRY POTPOURRI CUSHIONS SUMMER,C
10109,BENDY COLOUR PENCILS,C
16010,FOLDING CAMPING SCISSOR W/KNIF & S,C
85231b,CINAMMON SET OF 9 T-LIGHTS,C
85231e,STRAWBERRY SCENTED SET/9 T-LIGHTS,C
85024A,CRYSTAL SMALL JEWELLED PHOTOFRAME,C
72796C,S/3 ROSE GARDEN SCENT SQU CANDLE,C
21585,SWALLOW SMALL TUBE MATCHES,C
84731,3 BIRDS CANVAS SCREEN,C
35980B,RED TOP SCANDINAVIAN HEART ,C
71496B,A4 WALL TIDY RED FLOWERS,C
90214U,"LETTER ""U"" BLING KEY RING",C
35950,FOLKART HEART CHRISTMAS DECORATIONS,C
84845A,HOLLYHOCK SQUARE HANDY TIN,C
35976B,WHITE SCANDINAVIAN HEART CHRISTMAS,C
TEST002,This is a test product.,C
84201C,HAPPY BIRTHDAY CARD TEDDY/CAKE,C
44092B,BLUE WHITE PLASTIC RINGS LAMPSHADE,C
20721,OWLS CHARLOTTE BAG,C
79157B,UBO-LIGHT TRIOBASE BLUE,C
84206B,CAT W SUNGLASSES BLANK CARD,C
79151B,"SILICON CUBE 25W, BLUE",C
84205C,HAPPY BIRTHDAY GINGER CAT CARD,C
84206C,CHAMPAGNE TRAY BLANK CARD,C
35930,PINK HEART CHRISTMAS DECORATION,C
PADS,PADS TO MATCH ALL CUSHIONS,C
