StockCode,Description,Total_Quantity,Total_Revenue,Total_Orders,Average_Daily_Demand,Maximum_Daily_Demand,Safety_Stock,Reorder_Level,Inventory_Status
10002,INFLATABLE POLITICAL GLOBE ,7971,6333.76,310,25.87987012987013,400,4200.0,181.1590909090909,Healthy
10002R,ROBOT PENCIL SHARPNER,4,20.57,3,1.3333333333333333,2,21.0,9.333333333333332,Restock Soon
10080,GROOVY CACTUS INFLATABLE,12,10.2,5,2.4,6,63.0,16.8,Restock Soon
10109,BENDY COLOUR PENCILS,4,1.68,1,4.0,4,42.0,28.0,Restock Soon
10120,DOGGY RUBBER,487,105.57,47,10.361702127659575,60,630.0,72.53191489361703,Healthy
10123C,HEARTS WRAPPING TAPE ,646,251.81,61,10.59016393442623,144,1512.0,74.1311475409836,Healthy
10123G,ARMY CAMO WRAPPING TAPE,2251,165.55999999999997,16,140.6875,1104,11592.0,984.8125,Healthy
10124A,SPOTS ON RED BOOKCOVER TAPE,46,19.32,14,3.2857142857142856,9,94.5,23.0,Healthy
10124G,ARMY CAMO BOOKCOVER TAPE,21,9.24,7,3.0,5,52.5,21.0,Healthy
10125,MINI FUNKY DESIGN TAPES,853,761.66,81,10.530864197530864,40,420.0,73.71604938271605,Overstock
10133,COLOURING PENCILS BROWN TUBE,1015,863.37,101,10.049504950495049,150,1575.0,70.34653465346534,Healthy
10134,COLOURING PENCILS BROWN TUBE,625,721.13,52,12.01923076923077,200,2100.0,84.13461538461539,Healthy
10135,COLOURING PENCILS BROWN TUBE,2042,2435.21,159,12.842767295597485,700,7350.0,89.8993710691824,Healthy
10138,ASSORTED COLOUR JUMBO PEN,261,111.22,21,12.428571428571429,96,1008.0,87.0,Healthy
11001,ASSTD DESIGN RACING CAR PEN,3267,5115.46,144,22.6875,240,2520.0,158.8125,Healthy
15030,FAN BLACK FRAME ,111,32.19,14,7.928571428571429,15,157.5,55.5,Healthy
15034,PAPER POCKET TRAVELING FAN ,3591,582.4300000000001,123,29.195121951219512,360,3780.0,204.3658536585366,Healthy
15036,ASSORTED COLOURS SILK FAN,20539,14471.71,484,42.523809523809526,1200,12600.0,297.6666666666667,Healthy
15039,SANDALWOOD FAN,3027,2381.39,164,18.45731707317073,250,2625.0,129.2012195121951,Healthy
15044A,PINK PAPER PARASOL ,4506,11771.83,148,30.445945945945947,3500,36750.0,213.12162162162164,Healthy
15044B,BLUE PAPER PARASOL ,1352,3709.11,132,10.242424242424242,500,5250.0,71.69696969696969,Healthy
15044C,PURPLE PAPER PARASOL,657,2019.0400000000002,145,4.531034482758621,50,525.0,31.717241379310344,Healthy
15044D,RED PAPER PARASOL,953,2745.8,144,6.618055555555555,100,1050.0,46.326388888888886,Healthy
15056BL,EDWARDIAN PARASOL BLACK,6756,31999.350000000002,553,12.216998191681736,600,6300.0,85.51898734177215,Healthy
15056N,EDWARDIAN PARASOL NATURAL,7416,36251.1,591,12.548223350253807,600,6300.0,87.83756345177665,Healthy
15056P,EDWARDIAN PARASOL PINK,1750,8124.55,203,8.620689655172415,600,6300.0,60.344827586206904,Healthy
15056bl,EDWARDIAN PARASOL BLACK,39,496.64000000000004,31,1.3,4,42.0,9.1,Healthy
15056n,EDWARDIAN PARASOL NATURAL,53,674.1600000000001,37,1.5142857142857142,5,52.5,10.6,Healthy
15056p,EDWARDIAN PARASOL PINK,17,216.24,15,1.1333333333333333,2,21.0,7.933333333333334,Healthy
15058A,BLUE WHITE SPOTS GARDEN PARASOL,276,1485.24,59,4.677966101694915,14,147.0,32.74576271186441,Healthy
15058B,PINK POLKADOT GARDEN PARASOL,6,47.7,3,2.0,2,21.0,14.0,Restock Soon
15058B,PINK WHITE SPOTS GARDEN PARASOL,204,1394.7,56,3.642857142857143,20,210.0,25.5,Healthy
15058C,ICE CREAM DESIGN GARDEN PARASOL,230,1323.9,50,4.6,30,315.0,32.199999999999996,Healthy
15059A,ENGLISH ROSE EDWARDIAN PARASOL,509,1567.0,4,127.25,505,5302.5,890.75,Restock Soon
15060B,FAIRY CAKE DESIGN UMBRELLA,986,4747.28,330,2.9969604863221884,60,630.0,20.97872340425532,Healthy
15060b,FAIRY CAKE DESIGN UMBRELLA,2,16.94,2,1.0,1,10.5,7.0,Restock Soon
16008,SMALL FOLDING SCISSOR(POINTED EDGE),251,62.75,16,15.6875,36,378.0,109.8125,Healthy
16010,FOLDING CAMPING SCISSOR W/KNIF & S,14,1.68,2,7.0,12,126.0,49.0,Restock Soon
16011, ANIMAL STICKERS,385,80.85,12,32.083333333333336,48,504.0,224.58333333333334,Healthy
16011,ANIMAL STICKERS,1724,360.84,56,30.785714285714285,144,1512.0,215.5,Healthy
16012,FOOD/DRINK SPONGE STICKERS,946,198.66,29,32.62068965517241,72,756.0,228.3448275862069,Healthy
16012,FOOD/DRINK SPUNGE STICKERS,759,158.19,20,37.95,240,2520.0,265.65000000000003,Healthy
16014,SMALL CHINESE STYLE SCISSOR,17042,5503.64,43,396.3255813953488,3000,31500.0,2774.279069767442,Healthy
16015,MEDIUM CHINESE STYLE SCISSOR,911,421.9,42,21.69047619047619,100,1050.0,151.83333333333331,Healthy
16016,LARGE CHINESE STYLE SCISSOR,1065,837.65,45,23.666666666666668,200,2100.0,165.66666666666669,Healthy
16020C,CLEAR STATIONERY BOX SET ,76,64.6,22,3.4545454545454546,12,126.0,24.181818181818183,Healthy
16033,MINI HIGHLIGHTER PENS,14281,1443.72,46,310.45652173913044,1800,18900.0,2173.195652173913,Healthy
16043,POP ART PUSH DOWN RUBBER ,2047,168.54,11,186.0909090909091,960,10080.0,1302.6363636363637,Healthy
16044,POP-ART FLUORESCENT PENS,6193,389.22,3,2064.3333333333335,6144,64512.0,14450.333333333334,Restock Soon
16045,POPART WOODEN PENCILS ASST,412,49.44,6,68.66666666666667,100,1050.0,480.6666666666667,Restock Soon
16046,TEATIME PEN CASE & PENS,9992,1169.1,46,217.2173913043478,4608,48384.0,1520.5217391304348,Healthy
16047,POP ART PEN CASE & PENS,10612,1054.7,31,342.3225806451613,5184,54432.0,2396.258064516129,Healthy
16048,TEATIME ROUND PENCIL SHARPENER ,2001,331.76,38,52.6578947368421,768,8064.0,368.60526315789474,Healthy
16049,TEATIME GEL PENS ASST,2665,478.4,27,98.70370370370371,720,7560.0,690.925925925926,Healthy
16050,TEATIME PENCIL WITH RUBBER,151,46.45,8,18.875,50,525.0,132.125,Healthy
16051,TEATIME PENCIL W STAMP ASST,941,84.69,4,235.25,866,9093.0,1646.75,Restock Soon
16052,TEATIME PUSH DOWN RUBBER,371,167.7,23,16.130434782608695,30,315.0,112.91304347826087,Healthy
16053,POPART COL BALLPOINT PEN ASST,4313,185.73,10,431.3,2000,21000.0,3019.1,Healthy
16054,POPART RECT PENCIL SHARPENER ASST,44,18.48,6,7.333333333333333,36,378.0,51.33333333333333,Restock Soon
16119,FUNKY GIRL ADDRESS BOOK,273,130.71,8,34.125,144,1512.0,238.875,Healthy
16151A,FLOWER DES BLUE HANDBAG/ORANG HANDL,3,11.25,2,1.5,2,21.0,10.5,Restock Soon
16156L,"WRAP, CAROUSEL",475,199.5,18,26.38888888888889,50,525.0,184.72222222222223,Healthy
16156N,"WRAP, FRIENDSHIP ON GREEN",1475,619.5,56,26.339285714285715,50,525.0,184.375,Overstock
16156S,WRAP PINK FAIRY CAKES ,10961,4269.62,256,42.81640625,600,6300.0,299.71484375,Healthy
16161C,WRAP SPEED DEMONS ,450,45.0,2,225.0,350,3675.0,1575.0,Restock Soon
16161E,WRAP BOUDOIR ,750,75.0,9,83.33333333333333,500,5250.0,583.3333333333333,Healthy
16161G,WRAP BAD HAIR DAY,275,27.5,11,25.0,25,262.5,175.0,Healthy
16161M,WRAP  PINK FLOCK,1050,439.0,39,26.923076923076923,50,525.0,188.46153846153845,Healthy
16161P,WRAP ENGLISH ROSE ,6022,2465.48,193,31.202072538860104,372,3906.0,218.41450777202073,Healthy
16161U,WRAP SUKI AND FRIENDS,2651,1055.42,76,34.88157894736842,400,4200.0,244.17105263157893,Healthy
16161U,"WRAP,SUKI AND FRIENDS",3350,1363.0,110,30.454545454545453,400,4200.0,213.1818181818182,Healthy
16162L,THE KING GIFT BAG,8081,557.43,22,367.3181818181818,3744,39312.0,2571.2272727272725,Healthy
16162M,THE KING GIFT BAG 25x24x12cm,60,25.2,5,12.0,12,126.0,84.0,Restock Soon
16168M,FUNKY MONKEY GIFT BAG MEDIUM,1342,351.89,63,21.3015873015873,288,3024.0,149.11111111111111,Healthy
16168S,FUNKY MONKEY GIFT BAG SMALL,1283,126.83,11,116.63636363636364,432,4536.0,816.4545454545455,Healthy
16169A,WRAP CHRISTMAS DECOUPAGE,25,10.5,1,25.0,25,262.5,175.0,Restock Soon
16169C,WRAP BLUE REINDEER,1350,567.0,43,31.3953488372093,100,1050.0,219.7674418604651,Healthy
16169D,WRAP WINTER FOREST,250,105.0,9,27.77777777777778,50,525.0,194.44444444444446,Healthy
16169F,WRAP BLIZZARD,975,409.5,34,28.676470588235293,50,525.0,200.73529411764704,Healthy
16169G,WRAP ROMANTIC DECOUPAGE,25,10.5,1,25.0,25,262.5,175.0,Restock Soon
16169K,WRAP FOLK ART,1900,585.25,53,35.84905660377358,500,5250.0,250.94339622641508,Healthy
16169M,WRAP DAISY CARPET ,1400,363.75,34,41.1764705882353,500,5250.0,288.2352941176471,Healthy
16169N,WRAP BLUE RUSSIAN FOLKART,2025,626.25,56,36.160714285714285,500,5250.0,253.125,Healthy
16169P,WRAP GREEN RUSSIAN FOLKART ,1700,512.75,46,36.95652173913044,500,5250.0,258.69565217391306,Healthy
16192,PINK BALLET OPENING CUBE BOX ,3,12.9,1,3.0,3,31.5,21.0,Restock Soon
16201A,PASTEL PINK PHOTO ALBUM,101,213.37,9,11.222222222222221,36,378.0,78.55555555555554,Healthy
16201B,PASTEL BLUE PHOTO ALBUM,34,81.1,5,6.8,12,126.0,47.6,Restock Soon
16202A,PASTEL PINK PHOTO ALBUM ,655,286.95,19,34.473684210526315,300,3150.0,241.31578947368422,Healthy
16202B,PASTEL BLUE PHOTO ALBUM ,1010,514.06,20,50.5,444,4662.0,353.5,Healthy
16202C,BEIGE PHOTO ALBUM,97,230.59,12,8.083333333333334,28,294.0,56.583333333333336,Healthy
16202E,BLACK PHOTO ALBUM ,67,155.23,11,6.090909090909091,12,126.0,42.63636363636363,Healthy
16206B,RED PURSE WITH PINK HEART,89,107.65,14,6.357142857142857,24,252.0,44.5,Healthy
16207A,PINK STRAWBERRY HANDBAG ,83,260.43,42,1.9761904761904763,6,63.0,13.833333333333334,Healthy
16207B,PINK HEART RED HANDBAG,236,381.51,28,8.74074074074074,120,1260.0,61.18518518518518,Healthy
16212,FUNKY GIRLZ ASST MAGNETIC MEMO PAD,366,287.01,37,9.891891891891891,36,378.0,69.24324324324324,Healthy
16215,FUNKY GIRLZ MAGNETIC TO DO LIST ,8,5.2,3,2.6666666666666665,4,42.0,18.666666666666664,Restock Soon
16216,LETTER SHAPE PENCIL SHARPENER,825,137.64000000000001,43,19.186046511627907,80,840.0,134.30232558139534,Healthy
16218,CARTOON  PENCIL SHARPENERS,811,171.21,37,21.91891891891892,80,840.0,153.43243243243245,Healthy
16219,HOUSE SHAPE PENCIL SHARPENER,310,93.53,29,10.689655172413794,24,252.0,74.82758620689656,Healthy
16225,RATTLE SNAKE EGGS,714,605.83,68,10.5,288,3024.0,73.5,Healthy
16235,RECYCLED PENCIL WITH RABBIT ERASER,2838,659.1,151,18.794701986754966,180,1890.0,131.56291390728475,Healthy
16236,KITTY PENCIL ERASERS,1228,279.21999999999997,130,9.446153846153846,56,588.0,66.12307692307692,Overstock
16237,SLEEPING CAT ERASERS,5944,1289.1,308,19.2987012987013,270,2835.0,135.0909090909091,Overstock
16238,PARTY TIME PENCIL ERASERS,1127,258.01,111,10.153153153153154,56,588.0,71.07207207207207,Healthy
16239,BALLERINA HEART DECORATION.,347,492.17,21,16.523809523809526,288,3024.0,115.66666666666669,Healthy
16243B,BROWN COZY SQUARE PHOTO ALBUM,212,441.77,8,26.5,205,2152.5,185.5,Healthy
16244A,MAXWELL 2 TONE PINK 60 PAGE PHOTO A,186,479.40999999999997,28,6.642857142857143,87,913.5,46.5,Healthy
16244B,MAXWELL 2 TONE BLUE 60 PAGE PHOTO A,338,757.17,26,13.0,247,2593.5,91.0,Healthy
16245A,PINK MINI STATIONERY SET W CASE,11,13.75,7,1.5714285714285714,3,31.5,11.0,Healthy
16248B,BLUE HOLE PUNCH,68,85.0,5,13.6,48,504.0,95.2,Restock Soon
16254,TRANSPARENT ACRYLIC TAPE DISPENSER,901,263.08,23,39.17391304347826,864,9072.0,274.2173913043478,Healthy
16256B,FLOWER PENCIL/RUBBER+5 MINI PENCILS,524,232.35,35,14.971428571428572,72,756.0,104.8,Healthy
16256C,HEARTS PENCIL/RUBBER+5 MINI PENCILS,169,70.98,10,16.9,48,504.0,118.29999999999998,Healthy
16258A,SWIRLY CIRCULAR RUBBERS IN BAG,596,200.32,45,13.244444444444444,180,1890.0,92.71111111111111,Healthy
16258B,DAISY ERASERS IN BAG,1016,221.06,15,67.73333333333333,526,5523.0,474.1333333333333,Healthy
16259,PIECE OF CAMO STATIONERY SET,2093,439.53,24,87.20833333333333,216,2268.0,610.4583333333333,Healthy
17001,HEAVENS SCENT FRAGRANCE OILS ASSTD,1139,278.46999999999997,22,51.77272727272727,432,4536.0,362.40909090909093,Healthy
17003,BROCADE RING PURSE ,48374,8922.8,230,210.3217391304348,11088,116424.0,1472.2521739130436,Healthy
17007B,S/3 POT POURI CUSHIONS BLUE COLOURS,22,46.2,5,4.4,12,126.0,30.800000000000004,Restock Soon
17011A,ORIGAMI VANILLA INCENSE+FLOWER ,261,179.56,12,21.75,97,1018.5,152.25,Healthy
17011B,ORIGAMI JASMINE INCENSE+FLOWER ,19,11.100000000000001,2,9.5,16,168.0,66.5,Restock Soon
17011C,ORIGAMI LAVENDER INCENSE+FLOWER,335,221.4,2,167.5,334,3507.0,1172.5,Restock Soon
17011D,ORIGAMI ROSE INCENSE+FLOWER,209,135.7,4,52.25,192,2016.0,365.75,Restock Soon
17011E,ORIGAMI OPIUM SCENT INCENSE+FLOWER,124,80.60000000000001,1,124.0,124,1302.0,868.0,Restock Soon
17011F,ORIGAMI SANDLEWOOD INCENSE+FLOWER,305,274.05,14,21.785714285714285,192,2016.0,152.5,Healthy
17012A,ORIGAMI VANILLA INCENSE/CANDLE SET ,408,442.78,33,12.363636363636363,192,2016.0,86.54545454545455,Healthy
17012B,ORIGAMI JASMINE INCENSE/CANDLE SET,203,289.16999999999996,46,4.413043478260869,96,1008.0,30.891304347826086,Healthy
17012C,ORIGAMI LAVENDER INCENSE/CANDL SET ,441,481.15,32,13.78125,192,2016.0,96.46875,Healthy
17012D,ORIGAMI ROSE INCENSE/CANDLE SET ,61,116.5,21,2.9047619047619047,24,252.0,20.333333333333332,Healthy
17012E,ORIGAMI OPIUM INCENSE/CANDLE SET ,226,251.71999999999997,24,9.416666666666666,192,2016.0,65.91666666666666,Healthy
17012F,ORIGAMI SANDLEWOOD INCENSE/CAND SET,143,162.6,18,7.944444444444445,96,1008.0,55.611111111111114,Healthy
17013B,ORIGAMI JASMINE INCENSE IN TUBE,256,221.03,3,85.33333333333333,130,1365.0,597.3333333333333,Restock Soon
17013C,ORIGAMI LAVENDER INCENSE IN TUBE,213,89.46000000000001,2,106.5,117,1228.5,745.5,Restock Soon
17013D,ORIGAMI ROSE INCENSE IN TUBE,534,307.94,19,28.105263157894736,192,2016.0,196.73684210526315,Healthy
17013F,ORIGAMI SANDLEWOOD INCENSE IN TUBE,62,26.7,5,12.4,56,588.0,86.8,Restock Soon
17014A,ORIGAMI VANILLA INCENSE CONES,122,102.3,9,13.555555555555555,89,934.5,94.88888888888889,Healthy
17014C,ORIGAMI LAVENDER INCENSE CONES,97,43.75,2,48.5,96,1008.0,339.5,Restock Soon
17014D,ORIGAMI ROSE INCENSE CONES,479,204.36,8,59.875,192,2016.0,419.125,Healthy
17014E,ORIGAMI OPIUM INCENSE CONES,95,36.599999999999994,6,15.833333333333334,89,934.5,110.83333333333334,Restock Soon
17014F,ORIGAMI SANDLEWOOD INCENSE CONES,61,23.699999999999996,4,15.25,57,598.5,106.75,Restock Soon
17021,NAMASTE SWAGAT INCENSE,1931,496.5,31,62.29032258064516,600,6300.0,436.0322580645161,Healthy
17027A,INCENSE BAZAAR CANNABIS,228,84.84,2,114.0,144,1512.0,798.0,Restock Soon
17033,"BROCADE PURSE,SMALL ARCH BUTTON",3280,867.8399999999999,69,47.53623188405797,648,6804.0,332.75362318840575,Healthy
17038,PORCELAIN BUDAH INCENSE HOLDER,1134,103.45,22,51.54545454545455,200,2100.0,360.8181818181818,Healthy
17039,INLAID WOOD INCENSE HOLDER,3707,837.88,43,88.26190476190476,985,10342.5,617.8333333333333,Healthy
17061,ASSORTED SHAPED STENCIL FOR HENNA,52,2.08,1,52.0,52,546.0,364.0,Restock Soon
17084A,TRANQUILITY MASALA INCENSE,242,50.82,11,22.0,25,262.5,154.0,Healthy
17084G,MOON INCENSE,50,10.5,2,25.0,25,262.5,175.0,Restock Soon
17084J,LOVE POTION MASALA INCENSE,256,53.76,13,19.692307692307693,25,262.5,137.84615384615387,Healthy
17084N,FAIRY DREAMS INCENSE ,1534,334.35,90,17.044444444444444,250,2625.0,119.3111111111111,Healthy
17084P,DRAGONS BLOOD INCENSE,593,123.99,33,17.96969696969697,200,2100.0,125.78787878787878,Healthy
17084R,ASSORTED INCENSE PACK,8033,1438.53,40,200.825,1440,15120.0,1405.7749999999999,Healthy
17090A,LAVENDER INCENSE 40 CONES IN TIN,106,113.3,18,5.888888888888889,36,378.0,41.22222222222223,Healthy
17090D,VANILLA INCENSE 40 CONES IN TIN,66,77.7,18,3.6666666666666665,12,126.0,25.666666666666664,Healthy
17091A,LAVENDER INCENSE IN TIN,1921,1195.73,94,20.43617021276596,252,2646.0,143.05319148936172,Healthy
17091B,JASMINE TEA INCENSE IN TIN,276,316.98,51,5.411764705882353,36,378.0,37.88235294117647,Healthy
17091F,SANDALWOOD INCENSE IN TIN,19,27.71,8,2.375,6,63.0,16.625,Healthy
17091J,VANILLA INCENSE IN TIN,2002,1377.32,89,22.49438202247191,288,3024.0,157.46067415730337,Healthy
17096,ASSORTED LAQUERED INCENSE HOLDERS,3696,661.5400000000001,53,69.73584905660377,864,9072.0,488.15094339622635,Healthy
17107D,"FLOWER FAIRY,5 SUMMER B'DRAW LINERS",160,408.0,43,3.7209302325581395,12,126.0,26.046511627906977,Healthy
17108D,FLOWER FAIRY SUMMER BOUQUET SACHET,355,149.1,23,15.434782608695652,48,504.0,108.04347826086956,Healthy
17109A,FLOWER FAIRY INCENSE LILY,709,333.61,13,54.53846153846154,300,3150.0,381.7692307692308,Healthy
17109B,FLOWER FAIRY INCENSE LAVENDER,4542,896.3399999999999,17,267.1764705882353,3888,40824.0,1870.235294117647,Healthy
17109C,FLOWER FAIRY INCENSE ROSE,3124,661.23,15,208.26666666666668,2520,26460.0,1457.8666666666668,Healthy
17109D,FLOWER FAIRY INCENSE BOUQUET,1198,569.34,34,35.23529411764706,360,3780.0,246.6470588235294,Healthy
17129C,SKY BLUE COLOUR GLASS GEMS IN BAG,86,57.98,11,7.818181818181818,72,756.0,54.72727272727273,Healthy
17129D,CLEAR COLOUR GLASS GEMS IN BAG,1125,1351.18,39,28.846153846153847,303,3181.5,201.92307692307693,Healthy
17129F,BLUE GLASS GEMS IN BAG,327,342.93,27,12.11111111111111,72,756.0,84.77777777777777,Healthy
17129F,DEEP BLUE GLASS GEMS IN BAG,669,794.4599999999999,64,10.453125,72,756.0,73.171875,Healthy
17136A,BLUE STONES ON WIRE FOR CANDLE,391,32.19,17,23.0,48,504.0,161.0,Healthy
17164B,ASS COL SMALL SAND GECKO P'WEIGHT,1595,636.06,73,21.84931506849315,288,3024.0,152.94520547945206,Healthy
17164D,ASS COL SMALL SAND FROG P'WEIGHT,1150,447.0,28,41.07142857142857,288,3024.0,287.5,Healthy
17165B,ASS COL LARGE SAND GECKO P'WEIGHT,810,751.68,57,14.210526315789474,288,3024.0,99.47368421052632,Healthy
17165D,ASS COL LARGE SAND FROG P'WEIGHT,689,653.97,82,8.402439024390244,108,1134.0,58.8170731707317,Healthy
17174,ASSTD RASTA KEY-CHAINS,27,11.34,4,6.75,24,252.0,47.25,Restock Soon
17178,FLAT PALM T-LIGHT HOLDER,133,156.65,24,5.541666666666667,25,262.5,38.79166666666667,Healthy
17181,CIRCLE OF FRIENDS CANDLE HOLDER,353,642.66,65,5.515625,72,756.0,38.609375,Healthy
17191A,ROSE FLOWER CANDLE+INCENSE 16X16CM,29,108.75,10,2.9,6,63.0,20.3,Healthy
18007,ESSENTIAL BALM 3.5g TIN IN ENVELOPE,5539,652.97,46,120.41304347826087,2400,25200.0,842.8913043478261,Healthy
18010,ASSORTED FRAGRANCE BATH CONFETTI,64,30.16,9,7.111111111111111,24,252.0,49.77777777777777,Healthy
18094C,WHITE AND BLUE CERAMIC OIL BURNER,221,274.93,45,4.911111111111111,24,252.0,34.37777777777778,Healthy
18094C,WHITE/BLUE RECT CERAMIC OIL BURNER,33,58.05,13,2.5384615384615383,6,63.0,17.769230769230766,Healthy
18096C,WHITE ROUND PORCELAIN TLIGHT HOLDER,117,298.7,20,5.85,48,504.0,40.949999999999996,Healthy
18096c,WHITE ROUND PORCELAIN TLIGHT HOLDER,8,41.14,6,1.3333333333333333,2,21.0,9.333333333333332,Restock Soon
18097A,PINK TALL PORCELAIN T-LIGHT HOLDER ,13,33.15,9,1.4444444444444444,3,31.5,10.11111111111111,Healthy
18097B,BLUE TALL PORCELAIN T-LIGHT HOLDER,7,17.849999999999998,3,2.3333333333333335,3,31.5,16.333333333333336,Restock Soon
18097C,WHITE TALL PORCELAIN T-LIGHT HOLDER,1116,2458.82,149,7.54054054054054,192,2016.0,52.78378378378378,Healthy
18098A,PINK PORCELAIN B'FLY OIL BURNER,2,5.9,2,1.0,1,10.5,7.0,Restock Soon
18098B,BLUE PORCELAIN B'FLY OIL BURNER,3,8.850000000000001,3,1.0,1,10.5,7.0,Restock Soon
18098C,PORCELAIN BUTTERFLY OIL BURNER,1039,2681.61,197,5.301020408163265,96,1008.0,37.107142857142854,Healthy
18098c,PORCELAIN BUTTERFLY OIL BURNER,280,1418.8899999999999,130,2.4347826086956523,13,136.5,17.043478260869566,Overstock
20615,BLUE POLKADOT PASSPORT COVER,22,73.63,20,1.1,3,31.5,7.700000000000001,Healthy
20615,BLUE SPOTTY PASSPORT COVER,316,570.85,88,3.590909090909091,100,1050.0,25.136363636363637,Healthy
20616,CHERRY BLOSSOM PASSPORT COVER,93,218.35,53,1.7884615384615385,12,126.0,12.51923076923077,Healthy
20617,FIRST CLASS PASSPORT COVER ,406,802.26,63,6.444444444444445,200,2100.0,45.111111111111114,Healthy
20618,QUEEN OF THE SKIES PASSPORT COVER ,150,364.25,62,2.4193548387096775,20,210.0,16.935483870967744,Healthy
20619,TROPICAL PASSPORT COVER ,317,578.98,96,3.3020833333333335,100,1050.0,23.114583333333336,Healthy
20620,RED SPOTTY PASSPORT COVER,15,61.76,14,1.0714285714285714,2,21.0,7.5,Healthy
20621,ECONOMY PASSPORT COVER ,207,451.67,33,6.2727272727272725,100,1050.0,43.90909090909091,Healthy
20622,VIPPASSPORT COVER ,401,840.73,81,4.950617283950617,200,2100.0,34.654320987654316,Healthy
20652,BLUE POLKADOT LUGGAGE TAG ,19,30.049999999999997,16,1.1875,2,21.0,8.3125,Healthy
20652,BLUE SPOTTY LUGGAGE TAG ,1236,657.9,80,15.645569620253164,600,6300.0,109.51898734177215,Healthy
20653,CHERRY BLOSSOM LUGGAGE TAG,1933,438.61,50,39.44897959183673,1800,18900.0,276.1428571428571,Healthy
20654,FIRST CLASS LUGGAGE TAG ,246,311.82,71,3.464788732394366,24,252.0,24.25352112676056,Healthy
20655,QUEEN OF SKIES LUGGAGE TAG,223,326.21,95,2.3473684210526318,12,126.0,16.431578947368422,Healthy
20657,TROPICAL LUGGAGE TAG,1805,621.81,86,21.235294117647058,1200,12600.0,148.6470588235294,Healthy
20658,RED RETROSPOT LUGGAGE TAG,180,259.02,62,2.903225806451613,12,126.0,20.322580645161292,Healthy
20658,RED SPOTTY LUGGAGE TAG,1000,1385.3,195,5.154639175257732,30,315.0,36.08247422680412,Overstock
20659,ECONOMY LUGGAGE TAG,212,287.92,77,2.7532467532467533,12,126.0,19.272727272727273,Healthy
20660,VIP LUGGAGE TAG ,71,88.75,26,2.730769230769231,12,126.0,19.115384615384617,Healthy
20661,BLUE POLKADOT PURSE ,372,251.96,21,17.714285714285715,300,3150.0,124.0,Healthy
20661,BLUE SPOTTY PURSE ,483,589.9000000000001,70,6.9,300,3150.0,48.300000000000004,Healthy
20662,FIRST CLASS HOLIDAY PURSE ,699,385.93000000000006,31,22.548387096774192,300,3150.0,157.83870967741933,Healthy
20663,QUEEN OF THE SKIES HOLIDAY PURSE ,1051,308.17,26,40.42307692307692,500,5250.0,282.96153846153845,Healthy
20664,TROPICAL HOLIDAY PURSE ,25,73.75,13,1.9230769230769231,4,42.0,13.461538461538462,Healthy
20665,RED RETROSPOT PURSE ,169,547.0300000000001,49,3.4489795918367347,12,126.0,24.142857142857142,Healthy
20665,RED SPOTTY PURSE ,736,2278.17,156,4.748387096774193,24,252.0,33.23870967741935,Overstock
20666,ECONOMY HOLIDAY PURSE,881,370.92,29,30.379310344827587,400,4200.0,212.6551724137931,Healthy
20667,CHERRY BLOSSOM PURSE,20,59.00000000000001,8,2.5,4,42.0,17.5,Healthy
20668,DISCO BALL CHRISTMAS DECORATION,8865,1049.25,170,52.14705882352941,1002,10521.0,365.0294117647059,Healthy
20669,RED HEART LUGGAGE TAG,514,698.36,125,4.112,36,378.0,28.784,Healthy
20670,VIP HOLIDAY PURSE,680,334.81000000000006,37,18.37837837837838,300,3150.0,128.64864864864865,Healthy
20671,BLUE TEATIME PRINT BOWL ,786,1038.72,143,5.496503496503497,72,756.0,38.47552447552448,Healthy
20672,PINK TEATIME PRINT BOWL,138,201.0,36,3.8333333333333335,16,168.0,26.833333333333336,Healthy
20673,STRAWBERRIES PRINT BOWL,5,6.25,2,2.5,4,42.0,17.5,Restock Soon
20674,GREEN POLKADOT BOWL,310,403.88,50,6.2,36,378.0,43.4,Healthy
20674,GREEN SPOTTY BOWL,1564,1963.44,214,7.342723004694836,72,756.0,51.399061032863855,Overstock
20675,BLUE POLKADOT BOWL,595,740.1,70,8.5,80,840.0,59.5,Healthy
20675,BLUE SPOTTY BOWL,2849,3455.94,308,9.25,144,1512.0,64.75,Healthy
20676,RED RETROSPOT BOWL,968,1244.16,110,8.8,72,756.0,61.60000000000001,Healthy
20676,RED SPOTTY BOWL,4629,5660.1900000000005,422,10.995249406175772,144,1512.0,76.9667458432304,Overstock
20677,PINK POLKADOT BOWL,648,839.87,89,7.280898876404494,96,1008.0,50.96629213483146,Healthy
20677,PINK SPOTTY BOWL,3566,4348.93,348,10.24712643678161,144,1512.0,71.72988505747126,Overstock
20679,EDWARDIAN PARASOL RED,4546,20628.05,409,11.114914425427873,600,6300.0,77.80440097799512,Healthy
20680,PINK FLOWERS CHILDS UMBRELLA,6,19.5,4,1.5,3,31.5,10.5,Restock Soon
20681,PINK POLKADOT CHILDRENS UMBRELLA,289,1059.97,99,2.9489795918367347,18,189.0,20.642857142857142,Healthy
20681,PINK SPOTTY CHILDS UMBRELLA,1000,3292.86,206,4.854368932038835,60,630.0,33.98058252427184,Healthy
20682,RED RETROSPOT CHILDRENS UMBRELLA,405,1426.41,119,3.403361344537815,24,252.0,23.823529411764707,Healthy
20682,RED SPOTTY CHILDS UMBRELLA,1483,4791.04,247,6.004048582995951,60,630.0,42.02834008097166,Overstock
20683,RAIN GIRL CHILDS UMBRELLA,1,3.25,1,1.0,1,10.5,7.0,Restock Soon
20684,STRAWBERRY DREAM CHILDS UMBRELLA,504,1663.06,145,3.475862068965517,60,630.0,24.331034482758618,Healthy
20685,DOOR MAT RED SPOT,2485,15889.75,412,6.090686274509804,203,2131.5,42.634803921568626,Healthy
20685,DOORMAT RED RETROSPOT,1135,8544.27,241,4.729166666666667,60,630.0,33.10416666666667,Healthy
20685,DOORMAT RED SPOT,1086,7765.42,205,5.323529411764706,80,840.0,37.26470588235294,Healthy
20685,RED SPOTTY COIR DOORMAT,1174,7563.34,208,5.671497584541063,150,1575.0,39.70048309178744,Healthy
20686,DOLLY MIXTURE CHILDREN'S UMBRELLA,335,1136.77,114,2.93859649122807,12,126.0,20.570175438596493,Overstock
20688,BEAUTY SPEED EXPRESSO CUPS,464,332.9,11,42.18181818181818,420,4410.0,295.27272727272725,Healthy
20689,RETRO SISTERS EXPRESSO CUPS,429,614.1,41,10.725,336,3528.0,75.075,Healthy
20692,FLORAL ELEPHANT SOFT TOY,908,3682.76,139,6.532374100719425,96,1008.0,45.726618705035975,Healthy
20693,FLORAL DINOSAUR GREEN,33,161.89000000000001,18,1.8333333333333333,6,63.0,12.833333333333332,Healthy
20694,FLORAL PINK MONSTER,123,434.79,38,3.236842105263158,24,252.0,22.657894736842106,Healthy
20695,FLORAL BLUE MONSTER,138,587.58,58,2.3793103448275863,24,252.0,16.655172413793103,Healthy
20696,FLORAL SOFT CAR TOY,99,402.37,32,3.09375,12,126.0,21.65625,Healthy
20697,LITTLE GREEN MONSTER SOFT TOY,23,53.25,12,1.9166666666666667,6,63.0,13.416666666666668,Healthy
20698,LITTLE PINK MONSTER SOFT TOY,30,71.1,13,2.3076923076923075,6,63.0,16.153846153846153,Healthy
20699,MOUSEY LONG LEGS SOFT TOY,203,559.78,52,3.9038461538461537,12,126.0,27.326923076923077,Healthy
20700,GREEN CAT FLORAL CUSHION COVER ,348,790.05,50,7.1020408163265305,144,1512.0,49.714285714285715,Healthy
20701,PINK CAT FLORAL CUSHION COVER ,328,620.52,32,10.580645161290322,144,1512.0,74.06451612903226,Healthy
20702,PINK PADDED MOBILE,661,2778.41,205,3.2243902439024392,36,378.0,22.570731707317073,Healthy
20703,BLUE PADDED SOFT MOBILE,470,1989.22,168,2.7976190476190474,15,157.5,19.583333333333332,Overstock
20704,MR ROBOT SOFT TOY,145,673.72,36,4.027777777777778,40,420.0,28.194444444444443,Healthy
20705,MRS ROBOT SOFT TOY,130,567.34,25,5.2,40,420.0,36.4,Healthy
20707,CRAZY DAISY HEART DECORATION,1151,779.0500000000001,52,22.134615384615383,480,5040.0,154.94230769230768,Healthy
20711,JUMBO BAG TOYS ,7829,15168.38,539,14.661048689138577,400,4200.0,102.62734082397003,Healthy
20712,JUMBO BAG WOODLAND ANIMALS,8163,15896.52,570,14.321052631578947,400,4200.0,100.24736842105263,Healthy
20713,JUMBO BAG OWLS,9741,18331.83,683,14.325,220,2310.0,100.27499999999999,Overstock
20714,POSY SHOPPER BAG,1580,649.8199999999999,28,58.51851851851852,500,5250.0,409.6296296296296,Healthy
20715,LITTLE FLOWER SHOPPER BAG,400,424.0,1,400.0,400,4200.0,2800.0,Restock Soon
20716,PARTY FOOD SHOPPER BAG,1138,1464.18,177,6.429378531073446,30,315.0,45.005649717514125,Overstock
20717,STRAWBERRY SHOPPER BAG,3482,4272.75,357,9.753501400560225,400,4200.0,68.27450980392157,Healthy
20718,RED RETROSPOT SHOPPER BAG,1654,2362.62,132,12.530303030303031,300,3150.0,87.71212121212122,Healthy
20718,RED SPOTTY SHOPPER BAG,7058,8763.09,517,13.731517509727626,400,4200.0,96.12062256809338,Healthy
20719,WOODLAND CHARLOTTE BAG,11611,11505.47,763,15.338177014531043,300,3150.0,107.3672391017173,Overstock
20721,OWLS CHARLOTTE BAG,1,0.85,1,1.0,1,10.5,7.0,Restock Soon
20723,STRAWBERRY CHARLOTTE BAG,8648,8092.07,678,12.792899408284024,200,2100.0,89.55029585798816,Overstock
20724,RED RETROSPOT CHARLOTTE BAG,3148,3553.4,252,12.592,200,2100.0,88.144,Healthy
20724,RED SPOTTY CHARLOTTE BAG,11534,10231.44,780,14.844272844272844,300,3150.0,103.90990990990991,Overstock
20725,LUNCH BAG RED RETROSPOT,3435,6365.72,321,10.83596214511041,250,2625.0,75.85173501577286,Healthy
20725,LUNCH BAG RED SPOTTY,17885,29773.27,1218,14.78099173553719,200,2100.0,103.46694214876034,Overstock
20726,LUNCH BAG WOODLAND,12392,20599.95,941,13.211087420042643,830,8715.0,92.4776119402985,Healthy
20727,LUNCH BAG  BLACK SKULL.,14847,23936.93,1115,13.363636363636363,830,8715.0,93.54545454545455,Healthy
20728,LUNCH BAG CARS BLUE,13052,20996.16,944,13.870350690754517,830,8715.0,97.09245483528161,Healthy
20729,RED SPOTTY CANDY BAG,5262,1778.12,121,43.85,4200,44100.0,306.95,Healthy
20730,STRAWBERRY CANDY BAG,2218,1011.7,102,21.96039603960396,1400,14700.0,153.72277227722773,Healthy
20731,POSY CANDY BAG,4051,1144.21,58,69.84482758620689,2700,28350.0,488.91379310344826,Healthy
20733,GOLD MINI TAPE MEASURE ,723,521.34,100,7.23,100,1050.0,50.61,Healthy
20734,SILVER MINI TAPE MEASURE ,1440,1214.46,93,15.483870967741936,360,3780.0,108.38709677419355,Healthy
20735,BLACK MINI TAPE MEASURE ,922,963.23,102,9.128712871287128,200,2100.0,63.900990099009896,Healthy
20736,PINK MINI TAPE MEASURE ,290,233.5,19,15.263157894736842,100,1050.0,106.84210526315789,Healthy
20737,RED MINI TAPE MEASURE ,1,1.7,1,1.0,1,10.5,7.0,Restock Soon
20738,GREEN MINI TAPE MEASURE ,1610,1301.72,74,21.756756756756758,240,2520.0,152.2972972972973,Healthy
20739,*USB Office Glitter Lamp,1,8.65,1,1.0,1,10.5,7.0,Restock Soon
20747,PICCADILLY TEA SET,683,9224.92,108,6.324074074074074,48,504.0,44.26851851851852,Healthy
20748,KENSINGTON COFFEE SET,1547,13566.81,153,10.177631578947368,429,4504.5,71.24342105263158,Healthy
20749,ASSORTED COLOUR MINI CASES,1381,10152.59,406,3.4014778325123154,30,315.0,23.810344827586206,Overstock
20750, RED/WHITE DOT MINI CASES,491,3696.59,145,3.386206896551724,36,378.0,23.70344827586207,Healthy
20750,RED RETROSPOT MINI CASES,403,3139.98,146,2.76027397260274,24,252.0,19.32191780821918,Healthy
20750,RED/WHITE DOT MINI CASES,1131,8051.57,256,4.41796875,84,882.0,30.92578125,Healthy
20751,FUNKY WASHING UP GLOVES ASSORTED,1904,4061.5600000000004,287,6.634146341463414,72,756.0,46.4390243902439,Overstock
20752,BLUE POLKADOT WASHING UP GLOVES,154,363.49,66,2.3333333333333335,6,63.0,16.333333333333336,Overstock
20752,RETRO BLUE SPOTTY WASHING UP GLOVES,965,1655.74,156,6.185897435897436,216,2268.0,43.30128205128205,Healthy
20753,RETRO PINK SPOT WASHING UP GLOVES,218,509.0,56,3.892857142857143,24,252.0,27.25,Healthy
20754,RETRO RED SPOTTY WASHING UP GLOVES,3139,6257.39,420,7.473809523809524,216,2268.0,52.31666666666667,Healthy
20754,RETROSPOT RED WASHING UP GLOVES,561,1258.3,151,3.7152317880794703,72,756.0,26.00662251655629,Healthy
20755,BLUE PAISLEY POCKET BOOK,4855,833.78,65,75.859375,4320,45360.0,531.015625,Healthy
20756,GREEN FERN POCKET BOOK,5665,798.01,42,138.17073170731706,5280,55440.0,967.1951219512194,Healthy
20757,RED DAISY POCKET BOOK ,5202,765.11,48,108.375,4800,50400.0,758.625,Healthy
20758,ABSTRACT CIRCLES POCKET BOOK,5279,829.3199999999999,55,97.75925925925925,4800,50400.0,684.3148148148148,Healthy
20759,CHRYSANTHEMUM POCKET BOOK ,5718,840.98,45,129.95454545454547,5280,55440.0,909.6818181818182,Healthy
20760,GARDEN PATH POCKET BOOK,5485,1258.41,62,89.91803278688525,4320,45360.0,629.4262295081967,Healthy
20761,BLUE PAISLEY SKETCHBOOK,346,954.23,88,3.9318181818181817,96,1008.0,27.522727272727273,Healthy
20762,GREEN FERN SKETCHBOOK ,360,961.45,86,4.235294117647059,96,1008.0,29.647058823529413,Healthy
20763,DAISY SKETCHBOOK ,196,509.19,49,4.0,48,504.0,28.0,Healthy
20764,ABSTRACT CIRCLES SKETCHBOOK ,548,1550.2,122,4.528925619834711,96,1008.0,31.702479338842977,Healthy
20765,CHRYSANTHEMUM SKETCHBOOK ,346,871.51,92,3.802197802197802,96,1008.0,26.615384615384613,Healthy
20766,GARDEN PATH SKETCHBOOK,401,1077.52,103,3.9313725490196076,96,1008.0,27.519607843137255,Healthy
20767,BLUE PAISLEY JOURNAL ,564,1090.65,102,5.529411764705882,108,1134.0,38.705882352941174,Healthy
20768,GREEN FERN JOURNAL ,594,1103.27,96,6.1875,108,1134.0,43.3125,Healthy
20769,DAISY JOURNAL ,362,601.45,47,7.702127659574468,108,1134.0,53.91489361702128,Healthy
20770,ABSTRACT CIRCLE JOURNAL ,871,1768.56,136,6.451851851851852,108,1134.0,45.162962962962965,Healthy
20771,CHRYSANTHEMUM  JOURNAL,507,942.2,102,5.01980198019802,108,1134.0,35.13861386138614,Healthy
20772,GARDEN PATH JOURNAL,727,1242.76,100,7.343434343434343,108,1134.0,51.4040404040404,Healthy
20773,BLUE PAISLEY NOTEBOOK,3300,899.63,99,33.673469387755105,3040,31920.0,235.71428571428572,Healthy
20774,GREEN FERN NOTEBOOK,3406,834.44,79,43.666666666666664,3200,33600.0,305.66666666666663,Healthy
20775,DAISY NOTEBOOK ,3472,698.01,51,68.07843137254902,3360,35280.0,476.54901960784315,Healthy
20776,ABSTRACT CIRCLES NOTEBOOK,3258,832.66,84,38.785714285714285,3040,31920.0,271.5,Healthy
20777,CHRYSANTHEMUM NOTEBOOK,3500,998.48,94,37.634408602150536,3200,33600.0,263.44086021505376,Healthy
20778,GARDEN PATH NOTEBOOK ,3600,926.21,84,42.857142857142854,3360,35280.0,300.0,Healthy
20780,BLACK EAR MUFF HEADPHONES,200,1104.55,74,2.7027027027027026,36,378.0,18.91891891891892,Healthy
20781,GOLD EAR MUFF HEADPHONES,71,384.14,38,1.868421052631579,12,126.0,13.078947368421053,Healthy
20782,CAMOUFLAGE EAR MUFF HEADPHONES,116,726.38,63,1.8412698412698412,7,73.5,12.888888888888888,Healthy
20783,HEART EAR MUFF HEADPHONES,165,1051.4,55,3.0,36,378.0,21.0,Healthy
20784,RED RETRO BAR STOOL,101,3570.87,37,2.72972972972973,17,178.5,19.10810810810811,Healthy
20785,FUSCHIA RETRO BAR STOOL,88,3149.05,31,2.838709677419355,13,136.5,19.870967741935484,Healthy
20786,BLACK RETRO BAR STOOL,99,3533.9,31,3.193548387096774,22,231.0,22.354838709677416,Healthy
20787,BLUE RETRO BAR STOOL,69,2535.1,30,2.3,22,231.0,16.099999999999998,Healthy
20791,BLUE TILED SET OF 3 DRAWERS,5,63.75,1,5.0,5,52.5,35.0,Restock Soon
20793,BLUE TILED TRAY,273,464.5,18,15.166666666666666,240,2520.0,106.16666666666666,Healthy
20794,BLUE  TILE HOOK,114,313.28999999999996,22,5.181818181818182,16,168.0,36.27272727272727,Healthy
20795,LARGE BLUE PROVENCAL CERAMIC BALL,86,195.65,18,4.777777777777778,36,378.0,33.44444444444444,Healthy
20796,SMALL BLUE PROVENCAL CERAMIC BALL,37,78.22,13,2.8461538461538463,12,126.0,19.923076923076923,Healthy
20798,CLEAR MILKSHAKE GLASS,529,1261.95,80,6.6125,48,504.0,46.2875,Healthy
20799,PINK MILKSHAKE GLASS,200,355.33,26,7.6923076923076925,104,1092.0,53.84615384615385,Healthy
20800,LARGE GLASS SUNDAE DISH CLEAR,1005,303.96,5,201.0,992,10416.0,1407.0,Restock Soon
20801,LARGE PINK GLASS SUNDAE DISH,81,274.32,31,2.6129032258064515,17,178.5,18.29032258064516,Healthy
20802,SMALL GLASS SUNDAE DISH CLEAR,328,645.58,56,5.857142857142857,26,273.0,41.0,Healthy
20803,SMALL PINK GLASS SUNDAE DISH,215,414.88,46,4.673913043478261,12,126.0,32.71739130434783,Healthy
20804,GLASS CHICKEN BUTTER DISH,325,579.3100000000001,61,5.327868852459017,144,1512.0,37.295081967213115,Healthy
20812,EMBOSSED FLOWER TRELLIS PHOTO FRAME,5,12.75,3,1.6666666666666667,2,21.0,11.666666666666668,Restock Soon
20814,SILVER FINCH DECORATION,189,208.89000000000001,13,14.538461538461538,72,756.0,101.76923076923077,Healthy
20816,GOLD FLOWER CUSHION COVER ,16,108.0,5,3.2,6,63.0,22.400000000000002,Restock Soon
20818,GOLD TEDDY BEAR,72,225.8,25,2.88,24,252.0,20.16,Healthy
20819,SILVER TEDDY BEAR,165,390.52,39,4.230769230769231,24,252.0,29.615384615384617,Healthy
20820,SILVER LOOKING MIRROR,9,44.55,7,1.2857142857142858,3,31.5,9.0,Healthy
20821,GOLDIE LOOKING MIRROR,25,202.27,19,1.3157894736842106,6,63.0,9.210526315789474,Healthy
20822,SILVER WINE GOBLET,2,9.3,1,2.0,2,21.0,14.0,Restock Soon
20823,GOLD WINE GOBLET,89,404.15000000000003,11,8.090909090909092,48,504.0,56.63636363636364,Healthy
20825,GOLD WINE GLASS,361,1255.08,7,51.57142857142857,288,3024.0,361.0,Healthy
20826,SILVER APERITIF GLASS,79,162.32000000000002,6,13.166666666666666,48,504.0,92.16666666666666,Restock Soon
20827,GOLD APERITIF GLASS,85,175.04000000000002,6,14.166666666666666,48,504.0,99.16666666666666,Restock Soon
20828,GLITTER BUTTERFLY CLIPS,3340,7987.9800000000005,378,8.835978835978835,336,3528.0,61.85185185185185,Healthy
20829,GLITTER HANGING BUTTERFLY STRING,3528,7152.490000000001,296,11.91891891891892,270,2835.0,83.43243243243244,Healthy
20830,SILVER PHOTO FRAME,271,554.78,45,6.022222222222222,96,1008.0,42.15555555555555,Healthy
20831,GOLD PHOTO FRAME,258,461.43,40,6.45,96,1008.0,45.15,Healthy
20832,RED FLOCK LOVE HEART PHOTO FRAME,623,561.68,80,7.7875,72,756.0,54.512499999999996,Healthy
20833,SHAKER THROW  QUILTED,52,811.8,5,10.4,24,252.0,72.8,Restock Soon
20835,FRENCH LATTICE CUSHION COVER ,14,32.239999999999995,3,4.666666666666667,12,126.0,32.66666666666667,Restock Soon
20836,FRENCH PAISLEY CUSHION COVER,54,108.9,5,10.8,12,126.0,75.60000000000001,Restock Soon
20837,FRENCH FLORAL CUSHION COVER ,24,45.60000000000001,3,8.0,12,126.0,56.0,Restock Soon
20838,FRENCH LATTICE CUSHION COVER ,61,104.35000000000001,6,10.166666666666666,36,378.0,71.16666666666666,Restock Soon
20839,FRENCH PAISLEY CUSHION COVER ,67,223.33000000000004,16,4.1875,6,63.0,29.3125,Healthy
20840,FRENCH FLORAL CUSHION COVER ,353,796.0899999999999,20,17.65,204,2142.0,123.54999999999998,Healthy
20845,ZINC HEART LATTICE 2 WALL PLANTER,57,381.62,13,4.384615384615385,17,178.5,30.692307692307693,Healthy
20846,ZINC HEART LATTICE T-LIGHT HOLDER,754,1042.16,85,8.870588235294118,36,378.0,62.09411764705882,Healthy
20847,ZINC HEART LATTICE CHARGER LARGE,29,124.39,10,2.9,12,126.0,20.3,Healthy
20848,ZINC HEART LATTICE CHARGER SMALL,18,53.10000000000001,4,4.5,12,126.0,31.5,Restock Soon
20849,ZINC HEART LATTICE DOUBLE PLANTER,674,593.03,24,28.083333333333332,576,6048.0,196.58333333333331,Healthy
20850,ZINC HEART LATTICE PLANTER BOWL,820,713.8000000000001,23,35.65217391304348,696,7308.0,249.56521739130434,Healthy
20851,ZINC HEART LATTICE TRAY OVAL ,326,376.02,21,15.523809523809524,288,3024.0,108.66666666666667,Healthy
20854,BLUE PATCH PURSE PINK HEART,217,359.76,72,3.013888888888889,10,105.0,21.09722222222222,Overstock
20855,PINK PATCH PURSE BLUE HEART,142,234.29999999999998,47,3.021276595744681,24,252.0,21.148936170212767,Healthy
20856,DENIM PATCH PURSE PINK BUTTERFLY,201,331.65,63,3.1904761904761907,11,115.5,22.333333333333336,Healthy
20857,BLUE ROSE PATCH PURSE PINK BUTTERFL,223,367.95,66,3.378787878787879,11,115.5,23.651515151515152,Healthy
20858,SILVER PURSE GOLD PINK BUTTERFLY,4,6.6,1,4.0,4,42.0,28.0,Restock Soon
20860,GOLD COSMETICS BAG WITH BUTTERFLY,19,39.900000000000006,10,1.9,5,52.5,13.299999999999999,Healthy
20861,GOLD COSMETIC BAG PINK STAR,45,94.5,15,3.0,10,105.0,21.0,Healthy
20862,PINK PATCH PENCIL CASE BLUE HEART,325,691.1400000000001,37,8.783783783783784,108,1134.0,61.48648648648649,Healthy
20863,BLUE PATCH PENCIL CASE PINK HEART,293,601.53,50,5.86,100,1050.0,41.02,Healthy
20864,DENIM PATCH PENCIL CASE BUTTERFLY,252,498.14,29,8.689655172413794,100,1050.0,60.827586206896555,Healthy
20865,PATCHWORK PENCIL CASE BUTTERFLY ,251,500.49,33,7.606060606060606,100,1050.0,53.24242424242424,Healthy
20866,BLUE ROSE FABRIC MIRROR,687,667.99,105,6.605769230769231,240,2520.0,46.24038461538461,Healthy
20867,PINK ROSE FABRIC MIRROR,809,759.73,96,8.51578947368421,240,2520.0,59.61052631578947,Healthy
20868,SILVER FABRIC MIRROR,424,298.72,25,16.96,240,2520.0,118.72,Healthy
20869,GOLD FABRIC MIRROR,349,208.36,24,14.541666666666666,240,2520.0,101.79166666666666,Healthy
20870,OPULENT VELVET CANDLE IN BOX,29,52.2,7,4.142857142857143,18,189.0,29.000000000000004,Restock Soon
20871,OPULENT VELVET SET/3 CANDLES,1271,1969.63,126,10.25,240,2520.0,71.75,Healthy
20877,MODERN CHRISTMAS BAUBLE CANDLE ,12,5.04,5,2.4,6,63.0,16.8,Restock Soon
20878,SET/9 CHRISTMAS T-LIGHTS SCENTED ,737,952.51,85,8.670588235294117,96,1008.0,60.69411764705882,Healthy
20879,TREE OF NOAH FESTIVE SCENTED CANDLE,57,67.8,11,5.181818181818182,12,126.0,36.27272727272727,Healthy
20881,MODERN CHRISTMAS TREE CANDLE,3,2.55,2,1.5,2,21.0,10.5,Restock Soon
20882,MODERN CHRISTMAS TREE CANDLE,3,8.850000000000001,2,1.5,2,21.0,10.5,Restock Soon
20884,MODERN CHRISTMAS TREE CANDLE ,3,6.300000000000001,3,1.0,1,10.5,7.0,Restock Soon
20885,BOX OF 3 PEBBLE CANDLES,1,2.95,1,1.0,1,10.5,7.0,Restock Soon
20886,BOX OF 9 PEBBLE CANDLES,1302,2591.5699999999997,212,6.170616113744076,72,756.0,43.194312796208536,Healthy
20887,BOX OF 6 PEBBLE CANDLES,18,118.39,8,2.25,7,73.5,15.75,Healthy
20888,SET 3 JARDIN DE FEMME SCENT CANDLES,367,547.74,19,19.31578947368421,240,2520.0,135.21052631578945,Healthy
20889,JARDIN DE FEMME SCENTED CANDLE,657,398.04,13,50.53846153846154,408,4284.0,353.7692307692308,Healthy
20890,SMALL GLASS ROSE SCENTED CANDLE,605,202.62,4,151.25,528,5544.0,1058.75,Restock Soon
20891,LARGE GLASS ROSE SCENTED CANDLE ,684,236.33,3,228.0,681,7150.5,1596.0,Restock Soon
20892,SET/3 TALL GLASS CANDLE HOLDER PINK,101,1069.86,37,2.72972972972973,8,84.0,19.10810810810811,Healthy
20893,HANGING BAUBLE T-LIGHT HOLDER SMALL,399,926.37,51,7.823529411764706,108,1134.0,54.76470588235294,Healthy
20894,HANGING BAUBLE T-LIGHT HOLDER LARGE,238,730.3900000000001,66,3.606060606060606,36,378.0,25.242424242424242,Healthy
20895,VINTAGE NOTEBOOK FRENCH LETTER ,16,47.20000000000001,4,4.0,12,126.0,28.0,Restock Soon
20896,VINTAGE NOTEBOOK PINK FLOWER,39,115.05000000000001,14,2.7857142857142856,12,126.0,19.5,Healthy
20897,VINTAGE NOTEBOOK PARIS DAYS,251,574.0400000000001,53,4.735849056603773,144,1512.0,33.15094339622641,Healthy
20898,VINTAGE NOTEBOOK TRAVELOGUE,289,588.19,40,7.225,144,1512.0,50.574999999999996,Healthy
20899,VINTAGE NOTEBOOK RED ROSE,44,129.8,12,3.6666666666666665,12,126.0,25.666666666666664,Healthy
20901,VINTAGE KEEPSAKE BOX PINK FLOWER,72,721.45,52,1.3846153846153846,6,63.0,9.692307692307692,Healthy
20902,VINTAGE KEEPSAKE BOX PARIS DAYS,100,901.94,65,1.5384615384615385,24,252.0,10.76923076923077,Healthy
20903,VINTAGE KEEPSAKE BOX TRAVELOGUE,107,490.61,31,3.4516129032258065,24,252.0,24.161290322580644,Healthy
20905,VINTAGE KEEPSAKE BOX BEAUTY GIRL,10,63.5,4,2.5,4,42.0,17.5,Restock Soon
20906,VINTAGE NOTEBOOK BEAUTY GIRL,99,362.34000000000003,46,2.152173913043478,8,84.0,15.065217391304346,Healthy
20910,VINTAGE PHOTO ALBUM PARIS DAYS,100,731.02,45,2.2222222222222223,24,252.0,15.555555555555557,Healthy
20913,SET/5 BLUE SPOTTY LID GLASS BOWLS,314,898.7199999999999,43,7.3023255813953485,208,2184.0,51.11627906976744,Healthy
20914,SET/5 RED RETROSPOT LID GLASS BOWLS,2173,6243.79,300,7.291946308724833,128,1344.0,51.04362416107383,Healthy
20914,SET/5 RED SPOTTY LID GLASS BOWLS,10418,28734.120000000003,882,11.852104664391353,608,6384.0,82.96473265073948,Healthy
20931,BLUE POT PLANT CANDLE ,377,1200.03,91,4.142857142857143,48,504.0,29.000000000000004,Healthy
20932,PINK POT PLANT CANDLE,129,515.1800000000001,46,2.8043478260869565,24,252.0,19.630434782608695,Healthy
20933,YELLOW POT PLANT CANDLE,482,1258.44,43,11.209302325581396,312,3276.0,78.46511627906978,Healthy
20934,SET/3 POT PLANT CANDLES,129,760.61,42,3.0714285714285716,16,168.0,21.5,Healthy
20935,ROUND CACTUS CANDLE,294,556.7800000000001,42,7.0,48,504.0,49.0,Healthy
20936,FORKED CACTUS CANDLE,240,547.34,44,5.454545454545454,48,504.0,38.18181818181818,Healthy
20939,ORANGE CANDLE,12,10.2,1,12.0,12,126.0,84.0,Restock Soon
20940,SET/6 GARDEN GNOME T-LIGHT CANDLES,118,342.75,22,5.363636363636363,36,378.0,37.54545454545455,Healthy
20941,FROG CANDLE,935,815.01,106,8.904761904761905,144,1512.0,62.333333333333336,Healthy
20942,SET/6 GINGERBREAD TREE T-LIGHTS,6,7.5,4,1.5,2,21.0,10.5,Restock Soon
20943,SET/6 GINGERBREAD STAR T-LIGHTS,381,540.21,71,5.366197183098592,24,252.0,37.563380281690144,Healthy
20950,SET/6  ANGEL T-LIGHTS WHITE/GOLD,687,353.39,83,8.27710843373494,36,378.0,57.93975903614458,Healthy
20952,PORCELAIN CHERUB BELL SMALL,329,150.72,24,13.708333333333334,248,2604.0,95.95833333333334,Healthy
20953,PORCELAIN CHERUB BELL LARGE,33,54.449999999999996,9,3.6666666666666665,13,136.5,25.666666666666664,Healthy
20954,*USB Office Mirror Ball,1,8.65,1,1.0,1,10.5,7.0,Restock Soon
20956,PORCELAIN T-LIGHT HOLDERS ASSORTED,1559,2013.73,148,10.605442176870747,288,3024.0,74.23809523809523,Healthy
20957,PORCELAIN HANGING BELL SMALL,126,184.61,15,8.4,36,378.0,58.800000000000004,Healthy
20958,PORCELAIN HANGING BELL LARGE,38,70.5,10,3.8,12,126.0,26.599999999999998,Healthy
20960,WATERMELON BATH SPONGE,1879,2498.43,207,9.077294685990339,144,1512.0,63.54106280193237,Healthy
20961,STRAWBERRY BATH SPONGE ,2440,3141.14,306,7.973856209150327,200,2100.0,55.81699346405229,Healthy
20963,APPLE BATH SPONGE,2306,3021.45,303,7.6105610561056105,200,2100.0,53.273927392739274,Healthy
20964,POLYESTER FILLER PAD 60x40cm,18,45.9,5,3.6,6,63.0,25.2,Restock Soon
20966,SANDWICH BATH SPONGE,2432,3477.88,350,6.948571428571428,120,1260.0,48.64,Healthy
20967,GREY FLORAL FELTCRAFT SHOULDER BAG,874,3292.14,236,3.7033898305084745,36,378.0,25.923728813559322,Overstock
20968,GREEN FLORAL FELTCRAFT SHOULDER BAG,43,185.11,19,2.263157894736842,6,63.0,15.842105263157894,Healthy
20969,RED FLORAL FELTCRAFT SHOULDER BAG,1330,5070.67,330,4.042553191489362,108,1134.0,28.297872340425535,Healthy
20970,PINK FLORAL FELTCRAFT SHOULDER BAG,1427,5384.87,334,4.285285285285285,108,1134.0,29.996996996996998,Healthy
20971,PINK BLUE FELT CRAFT TRINKET BOX,11587,15138.109999999999,656,17.663109756097562,600,6300.0,123.64176829268294,Healthy
20972,PINK CREAM FELT CRAFT TRINKET BOX ,13367,15952.529999999999,815,16.482120838471022,500,5250.0,115.37484586929716,Overstock
20973,12 PENCIL SMALL TUBE WOODLAND,5550,3707.85,325,17.12962962962963,768,8064.0,119.9074074074074,Healthy
20974,12 PENCILS SMALL TUBE SKULL,6517,4356.11,494,13.219066937119676,384,4032.0,92.53346855983773,Healthy
20975,12 PENCILS SMALL TUBE RED RETROSPOT,3816,2594.4300000000003,209,18.258373205741627,768,8064.0,127.80861244019138,Healthy
20975,12 PENCILS SMALL TUBE RED SPOTTY,8219,5278.03,367,22.456284153005466,500,5250.0,157.19398907103826,Healthy
20976,12 PENCILS SMALL TUBE POSY,549,376.34000000000003,76,7.223684210526316,48,504.0,50.56578947368421,Healthy
20977,36 PENCILS TUBE WOODLAND,2108,2810.1,306,6.888888888888889,48,504.0,48.22222222222223,Overstock
20978,36 PENCILS TUBE SKULLS,2354,3084.7799999999997,303,7.768976897689769,128,1344.0,54.382838283828384,Healthy
20979,36 PENCILS TUBE RED RETROSPOT,1084,1367.22,116,9.344827586206897,128,1344.0,65.41379310344828,Healthy
20979,36 PENCILS TUBE RED SPOTTY,3395,4252.11,275,12.39051094890511,128,1344.0,86.73357664233578,Overstock
20980,36 PENCILS TUBE POSY,155,206.65,39,3.9743589743589745,16,168.0,27.82051282051282,Healthy
20981,12 PENCILS TALL TUBE WOODLAND,2799,2377.77,276,10.178181818181818,192,2016.0,71.24727272727273,Healthy
20982,12 PENCILS TALL TUBE SKULLS,2764,2417.5299999999997,331,8.350453172205437,96,1008.0,58.453172205438065,Overstock
20983,12 PENCILS TALL TUBE RED RETROSPOT,1231,1059.31,123,10.008130081300813,120,1260.0,70.0569105691057,Healthy
20983,12 PENCILS TALL TUBE RED SPOTTY,2358,2074.06,258,9.13953488372093,192,2016.0,63.97674418604652,Healthy
20984,12 PENCILS TALL TUBE POSY,2090,781.6899999999999,78,26.794871794871796,576,6048.0,187.56410256410257,Healthy
20985,HEART CALCULATOR,1207,1529.92,165,7.315151515151515,100,1050.0,51.20606060606061,Healthy
20986,BLUE CALCULATOR RULER,592,755.1,96,6.166666666666667,100,1050.0,43.16666666666667,Healthy
20987,GEISHA GIRL CHOPSTICKS SET/5,131,288.35,22,5.954545454545454,35,367.5,41.68181818181818,Healthy
20988,TRELLIS FLOWER CHOPSTICKS SET/5,24,46.8,9,2.6666666666666665,6,63.0,18.666666666666664,Healthy
20989,URBAN CHIC CHOPSTICKS SET/5,407,782.18,57,7.140350877192983,100,1050.0,49.98245614035088,Healthy
20990,SPRING FLOWER CHOPSTICKS SET/5,895,1706.1399999999999,103,8.689320388349515,100,1050.0,60.8252427184466,Healthy
20991,JAZZ HEARTS MAGNETIC MEMO PAD,7084,884.5600000000002,32,221.375,6768,71064.0,1549.625,Healthy
20992,JAZZ HEARTS PURSE NOTEBOOK,1771,1318.07,164,10.798780487804878,288,3024.0,75.59146341463415,Healthy
20993,JAZZ HEARTS MEMO PAD,10967,1334.1100000000001,32,342.71875,9312,97776.0,2399.03125,Healthy
20994,JAZZ HEARTS SPIRAL NOTEPAD,47,39.949999999999996,12,3.9166666666666665,9,94.5,27.416666666666664,Healthy
20996,JAZZ HEARTS ADDRESS BOOK,3146,978.3900000000001,116,27.120689655172413,864,9072.0,189.8448275862069,Healthy
20997,ROSE DU SUD CUSHION COVER ,111,539.13,49,2.2653061224489797,6,63.0,15.857142857142858,Healthy
20998,ROSE DU SUD OVEN GLOVE,147,464.03000000000003,63,2.3333333333333335,6,63.0,16.333333333333336,Overstock
21000,ROSE DU SUD COSMETICS BAG,599,1401.83,47,12.74468085106383,500,5250.0,89.2127659574468,Healthy
21001,ROSE DU SUD WASHBAG ,75,400.82,45,1.6666666666666667,6,63.0,11.666666666666668,Healthy
21002,ROSE DU SUD DRAWSTRING BAG,304,1118.8799999999999,124,2.4516129032258065,30,315.0,17.161290322580644,Healthy
21003,ROSE DU SUD CUSHION COVER,31,187.17,18,1.7222222222222223,5,52.5,12.055555555555557,Healthy
21004,ROSE DU SUD CHILDRENS APRON,31,135.93,18,1.7222222222222223,4,42.0,12.055555555555557,Healthy
21004,ROSE DU SUD CHILDS APRON,106,489.14,52,2.0384615384615383,6,63.0,14.269230769230768,Healthy
21007,ETCHED GLASS DROPLET DECORATION,1927,914.67,48,40.145833333333336,394,4137.0,281.02083333333337,Healthy
21008,ETCHED GLASS HEART TREE DECORATION,1,2.51,1,1.0,1,10.5,7.0,Restock Soon
21009,ETCHED GLASS STAR TREE DECORATION,1046,1493.74,101,10.356435643564357,110,1155.0,72.4950495049505,Healthy
21010,ETCHED GLASS BIRD TREE DECORATION,850,1114.76,83,10.240963855421686,48,504.0,71.6867469879518,Healthy
21011,GLITTER SNOW PEAR TREE DECORATION,1838,1370.8999999999999,117,15.709401709401709,72,756.0,109.96581196581197,Overstock
21012,ANTIQUE ALL GLASS CANDLESTICK,1193,1836.6499999999999,111,10.747747747747749,288,3024.0,75.23423423423424,Healthy
21014,SWISS CHALET TREE DECORATION ,588,439.84,80,7.35,60,630.0,51.449999999999996,Healthy
21015,DARK BIRD HOUSE TREE DECORATION,237,207.78,50,4.74,48,504.0,33.18,Healthy
21016,LIGHT BIRD HOUSE TREE DECORATION,834,582.85,82,10.170731707317072,48,504.0,71.1951219512195,Healthy
21017,RED BIRD HOUSE TREE DECORATION,659,535.89,87,7.574712643678161,192,2016.0,53.02298850574713,Healthy
21018,BIRD BOX CHRISTMAS TREE DECORATION,211,181.01,40,5.275,20,210.0,36.925000000000004,Healthy
21025,SPACE FROG,139,181.37,28,4.964285714285714,20,210.0,34.75,Healthy
21026,SPACE OWL,298,408.5,60,4.966666666666667,30,315.0,34.766666666666666,Healthy
21027,NINJA RABBIT PINK,190,249.57999999999998,37,5.135135135135135,20,210.0,35.945945945945944,Healthy
21028,NINJA RABBIT BLACK,137,187.17,35,3.914285714285714,10,105.0,27.4,Healthy
21030,SPACE CADET RED,109,132.45,19,5.7368421052631575,12,126.0,40.1578947368421,Healthy
21031,SPACE CADET BLACK,94,116.22,22,4.2727272727272725,20,210.0,29.909090909090907,Healthy
21032,SPACE CADET WHITE,108,136.88,21,5.142857142857143,20,210.0,36.0,Healthy
21033,JUMBO BAG CHARLIE AND LOLA TOYS,2691,5388.31,283,9.64516129032258,500,5250.0,67.51612903225806,Healthy
21034,REX CASH+CARRY JUMBO SHOPPER,2202,2091.9,1074,2.0579439252336447,30,315.0,14.405607476635513,Overstock
21035,SET/2 RED RETROSPOT TEA TOWELS ,821,2454.35,132,6.21969696969697,200,2100.0,43.53787878787879,Healthy
21035,SET/2 RED SPOTTY TEA TOWELS ,2659,7960.570000000001,426,6.2564705882352944,200,2100.0,43.79529411764706,Healthy
21036,SET/2 TEA TOWELS MODERN VINTAGE,1,2.55,1,1.0,1,10.5,7.0,Restock Soon
21038,SET/4 MODERN VINTAGE COTTON NAPKINS,93,280.53000000000003,31,3.0,10,105.0,21.0,Healthy
21039,RED RETROSPOT SHOPPING BAG,110,293.94,27,4.074074074074074,18,189.0,28.51851851851852,Healthy
21039,RED SPOTTY SHOPPING BAG,686,1798.04,116,5.913793103448276,24,252.0,41.39655172413793,Overstock
21040,MODERN VINTAGE COTTON SHOPPING BAG,873,1098.7,61,14.311475409836065,288,3024.0,100.18032786885246,Healthy
21041,RED RETROSPOT OVEN GLOVE DOUBLE,526,1675.38,120,4.495726495726496,120,1260.0,31.470085470085472,Healthy
21041,RED SPOTTY OVEN GLOVE DOUBLE,1284,3715.23,173,7.421965317919075,120,1260.0,51.95375722543353,Healthy
21042,RED RETROSPOT APRON ,372,2047.1000000000001,76,4.894736842105263,120,1260.0,34.26315789473684,Healthy
21042,RED SPOTTY APRON ,794,4638.110000000001,204,3.892156862745098,60,630.0,27.245098039215687,Healthy
21043,APRON MODERN VINTAGE COTTON,185,781.1700000000001,51,3.7,60,630.0,25.900000000000002,Healthy
21051,RIBBONS PURSE ,566,1121.58,78,7.256410256410256,48,504.0,50.794871794871796,Healthy
21054,NURSE'S BAG SOFT TOY,320,2975.0699999999997,156,2.051282051282051,20,210.0,14.358974358974358,Healthy
21055,TOOL BOX SOFT TOY ,226,2267.67,125,1.808,10,105.0,12.656,Overstock
21056,DOCTOR'S BAG SOFT TOY,374,3312.2799999999997,126,2.9682539682539684,40,420.0,20.77777777777778,Healthy
21058,PARTY INVITES WOODLAND,1259,1105.1899999999998,156,8.070512820512821,144,1512.0,56.49358974358975,Healthy
21059,PARTY INVITES DINOSAURS,1009,840.73,129,7.821705426356589,144,1512.0,54.751937984496124,Healthy
21060,PARTY INVITES BALLOON GIRL,883,603.4599999999999,81,10.901234567901234,288,3024.0,76.30864197530863,Healthy
21061,PARTY INVITES FOOTBALL,944,625.4599999999999,83,11.373493975903614,288,3024.0,79.6144578313253,Healthy
21062,PARTY INVITES SPACEMAN,539,438.89,64,8.421875,48,504.0,58.953125,Healthy
21063,PARTY INVITES JAZZ HEARTS,964,828.56,139,6.9352517985611515,144,1512.0,48.54676258992806,Healthy
21064,BOOM BOX SPEAKER BOYS,608,3276.64,77,7.896103896103896,400,4200.0,55.27272727272727,Healthy
21065,BOOM BOX SPEAKER GIRLS,48,312.6,30,1.6,6,63.0,11.200000000000001,Healthy
21066,VINTAGE RED MUG,1584,806.22,79,20.050632911392405,288,3024.0,140.35443037974684,Healthy
21067,VINTAGE RED TEATIME MUG,4475,3369.07,194,23.067010309278352,612,6426.0,161.46907216494847,Healthy
21068,VINTAGE BILLBOARD LOVE/HATE MUG,2758,2695.08,197,14.0,720,7560.0,98.0,Healthy
21069,VINTAGE BILLBOARD TEA MUG,3199,3223.91,203,15.758620689655173,612,6426.0,110.3103448275862,Healthy
21070,VINTAGE BILLBOARD MUG ,944,923.52,126,7.492063492063492,144,1512.0,52.44444444444444,Healthy
21071,VINTAGE BILLBOARD DRINK ME MUG,3459,3841.17,325,10.643076923076922,612,6426.0,74.50153846153846,Healthy
21076,SET/20 COLLAGE PAPER NAPKIN ,843,714.55,92,9.16304347826087,192,2016.0,64.14130434782608,Healthy
21077,SET/20 WOODLAND PAPER NAPKINS ,2790,2058.1,192,14.607329842931938,384,4032.0,102.25130890052357,Healthy
21078,SET/20 STRAWBERRY PAPER NAPKINS ,4458,3669.6,434,10.295612009237875,96,1008.0,72.06928406466513,Overstock
21080,SET/20 RED RETROSPOT PAPER NAPKINS ,2911,2515.3199999999997,236,12.334745762711865,96,1008.0,86.34322033898306,Overstock
21080,SET/20 RED SPOTTY PAPER NAPKINS ,15688,12185.39,942,16.67162592986185,576,6048.0,116.70138150903296,Overstock
21081,SET/20 POSIES PAPER NAPKINS,4,3.4,4,1.0,1,10.5,7.0,Restock Soon
21082,SET/20 FRUIT SALAD PAPER NAPKINS ,7095,1817.01,138,51.41304347826087,3072,32256.0,359.89130434782606,Healthy
21084,SET/6 COLLAGE PAPER CUPS,319,235.67000000000002,42,7.595238095238095,24,252.0,53.166666666666664,Healthy
21085,SET/6 WOODLAND PAPER CUPS,13731,1872.68,66,211.24615384615385,12744,133812.0,1478.7230769230769,Healthy
21086,SET/6 RED SPOTTY PAPER CUPS,9766,6088.25,430,22.817757009345794,576,6048.0,159.72429906542055,Healthy
21087,SET/6 POSIES PAPER CUPS,119,93.51,16,7.4375,24,252.0,52.0625,Healthy
21088,SET/6 FRUIT SALAD PAPER CUPS,14937,1388.45,33,452.6363636363636,7128,74844.0,3168.4545454545455,Healthy
21089,SET/6 GREEN SPRING PAPER CUPS,92,64.85000000000001,16,5.75,12,126.0,40.25,Healthy
21090,SET/6 COLLAGE PAPER PLATES,696,456.59999999999997,62,11.225806451612904,192,2016.0,78.58064516129033,Healthy
21091,SET/6 WOODLAND PAPER PLATES,13700,1868.7,47,297.82608695652175,12960,136080.0,2084.782608695652,Healthy
21092,SET/6 STRAWBERRY PAPER PLATES,12846,1571.5,28,458.7857142857143,12480,131040.0,3211.5,Healthy
21094,SET/6 RED SPOTTY PAPER PLATES,11402,8789.859999999999,473,24.259574468085106,576,6048.0,169.81702127659574,Healthy
21095,SET/6 POSIES PAPER PLATES,178,162.64,27,6.592592592592593,24,252.0,46.148148148148145,Healthy
21096,SET/6 FRUIT SALAD  PAPER PLATES,14660,2130.62,38,385.7894736842105,7008,73584.0,2700.5263157894738,Healthy
21097,SET/6 GREEN SPRING  PAPER PLATE,32,27.2,7,4.571428571428571,12,126.0,32.0,Healthy
21098,CHRISTMAS TOILET ROLL,5288,9095.45,385,13.770833333333334,236,2478.0,96.39583333333334,Overstock
21099,SET/6 STRAWBERRY PAPER CUPS,13290,1516.64,33,402.72727272727275,12960,136080.0,2819.090909090909,Healthy
21100,CHARLIE AND LOLA CHARLOTTE BAG,2481,3650.37,247,10.126530612244897,300,3150.0,70.88571428571429,Healthy
21102,"CANDLE IN JAR COLLAGE , VANILLA",82,221.08,20,4.1,12,126.0,28.699999999999996,Healthy
21106,CREAM SLICE FLANNEL CHOCOLATE SPOT ,564,1752.5800000000002,120,4.7,24,252.0,32.9,Overstock
21107,CREAM SLICE FLANNEL PINK SPOT ,1551,4550.240000000001,231,6.714285714285714,120,1260.0,47.0,Healthy
21108,FAIRY CAKE FLANNEL ASSORTED COLOUR,2846,7802.7699999999995,370,7.733695652173913,189,1984.5,54.13586956521739,Healthy
21109,"LARGE CAKE TOWEL, CHOCOLATE SPOTS",245,1787.75,117,2.094017094017094,10,105.0,14.65811965811966,Overstock
21110,LARGE CAKE TOWEL PINK SPOTS,546,4008.38,202,2.702970297029703,24,252.0,18.92079207920792,Overstock
21111,"SWISS ROLL TOWEL, CHOCOLATE  SPOTS",508,1648.3300000000002,129,3.937984496124031,24,252.0,27.565891472868216,Overstock
21112,"SWISS ROLL TOWEL, PINK  SPOTS",875,2646.3700000000003,113,7.743362831858407,192,2016.0,54.20353982300885,Healthy
21114,LAVENDER SCENTED FABRIC HEART,4392,5621.58,365,12.065934065934066,200,2100.0,84.46153846153845,Overstock
21115,ROSE CARAVAN DOORSTOP,695,4884.14,276,2.5181159420289854,72,756.0,17.6268115942029,Healthy
21116,OWL DOORSTOP,690,4042.48,299,2.3389830508474576,70,735.0,16.372881355932204,Healthy
21117,BLOND DOLL DOORSTOP,219,360.33000000000004,12,18.25,96,1008.0,127.75,Healthy
21118,SHOPPING BAG DOORSTOP,69,104.25,7,9.857142857142858,15,157.5,69.0,Healthy
21119,Glow In The Dark Shot Glasses ,3,41.01,3,1.0,1,10.5,7.0,Restock Soon
21120,*Boombox Ipod Classic,1,16.98,1,1.0,1,10.5,7.0,Restock Soon
21121,SET/10 RED POLKADOT PARTY CANDLES,2472,2940.96,120,20.77310924369748,288,3024.0,145.41176470588235,Healthy
21121,SET/10 RED SPOTTY PARTY CANDLES,6561,7990.77,388,16.90979381443299,576,6048.0,118.36855670103094,Healthy
21122,SET/10 PINK POLKADOT PARTY CANDLES,1610,1909.3600000000001,87,18.72093023255814,288,3024.0,131.04651162790697,Healthy
21122,SET/10 PINK SPOTTY PARTY CANDLES,5666,6882.16,387,14.640826873385013,288,3024.0,102.4857881136951,Healthy
21123,SET/10 IVORY POLKADOT PARTY CANDLES,377,471.25,21,17.952380952380953,48,504.0,125.66666666666667,Healthy
21123,SET/10 IVORY SPOTTY PARTY CANDLES,1261,1578.47,80,15.7625,72,756.0,110.33749999999999,Healthy
21124,SET/10 BLUE POLKADOT PARTY CANDLES,1172,1412.8,75,15.626666666666667,288,3024.0,109.38666666666667,Healthy
21124,SET/10 BLUE SPOTTY PARTY CANDLES,4901,5966.95,321,15.26791277258567,288,3024.0,106.87538940809968,Healthy
21125,SET 6 FOOTBALL CELEBRATION CANDLES,1504,1429.16,148,10.162162162162161,288,3024.0,71.13513513513513,Healthy
21126,SET OF 6 GIRLS CELEBRATION CANDLES,1747,1619.03,162,10.783950617283951,432,4536.0,75.48765432098766,Healthy
21127,COLOURFUL FISHING GNOME,297,998.03,48,6.1875,176,1848.0,43.3125,Healthy
21128,GOLD FISHING GNOME,61,321.65000000000003,23,2.652173913043478,16,168.0,18.565217391304348,Healthy
21129,SILVER FISHING GNOME ,72,529.9200000000001,33,2.1818181818181817,8,84.0,15.272727272727272,Healthy
21130,COLOURFUL STANDING GNOME,721,1200.93,49,14.714285714285714,480,5040.0,103.0,Healthy
21131,GOLD STANDING GNOME,170,700.84,21,8.095238095238095,120,1260.0,56.666666666666664,Healthy
21132,SILVER STANDING GNOME   ,53,276.25,26,2.0384615384615383,12,126.0,14.269230769230768,Healthy
21133,PAINTED BIRD ASSORTED CHRISTMAS,410,712.9100000000001,42,9.761904761904763,36,378.0,68.33333333333334,Healthy
21134,VICTORIAN METAL POSTCARD CHRISTMAS,377,646.4399999999999,46,8.377777777777778,52,546.0,58.644444444444446,Healthy
21135,VICTORIAN  METAL POSTCARD SPRING,3169,5450.81,234,13.600858369098713,96,1008.0,95.20600858369099,Overstock
21136,PAINTED METAL PEARS ASSORTED,5919,9868.01,383,15.49476439790576,212,2226.0,108.46335078534032,Overstock
21137,BLACK RECORD COVER FRAME,8294,28662.34,272,30.71851851851852,480,5040.0,215.02962962962962,Healthy
21143,ANTIQUE GLASS HEART DECORATION ,1906,3776.6499999999996,161,11.9125,96,1008.0,83.3875,Healthy
21144,PINK POODLE HANGING DECORATION ,540,277.39,59,9.152542372881356,48,504.0,64.0677966101695,Healthy
21145,ANTIQUE GLASS PLACE SETTING,747,1103.71,41,18.21951219512195,144,1512.0,127.53658536585365,Healthy
21146,ANTIQUE GLASS RIDGED HANGING BALL,789,1513.6699999999998,58,13.60344827586207,96,1008.0,95.22413793103449,Healthy
21147,JINGLE BELLS TREE DECORATION,285,481.09,50,5.7,24,252.0,39.9,Healthy
21153,RED SPOTTY TABLECLOTH ,393,4294.6900000000005,139,2.827338129496403,50,525.0,19.79136690647482,Healthy
21154,RED RETROSPOT OVEN GLOVE ,1546,2001.34,140,11.202898550724637,200,2100.0,78.42028985507245,Healthy
21154,RED SPOTTY OVEN GLOVE ,2816,3778.37,339,8.306784660766962,200,2100.0,58.14749262536873,Healthy
21155,RED RETROSPOT PEG BAG,909,1896.22,132,7.15748031496063,200,2100.0,50.10236220472441,Healthy
21155,RED SPOTTY PEG BAG,2662,5282.89,364,7.373961218836565,300,3150.0,51.61772853185596,Healthy
21156,RED SPOTTY CHILDS APRON,2506,4678.23,296,8.466216216216216,150,1575.0,59.26351351351351,Healthy
21156,RETROSPOT CHILDRENS APRON,3715,6718.03,299,12.466442953020135,600,6300.0,87.26510067114094,Healthy
21157,RED RETROSPOT WASHBAG,49,142.99,18,2.8823529411764706,11,115.5,20.176470588235293,Healthy
21157,RED SPOTTY WASHBAG,586,1319.96,132,4.473282442748092,18,189.0,31.31297709923664,Overstock
21158,MOODY GIRL DOOR HANGER ,1137,1045.98,147,7.73469387755102,288,3024.0,54.14285714285714,Healthy
21159,MOODY BOY  DOOR HANGER ,991,860.9799999999999,127,7.803149606299213,288,3024.0,54.62204724409449,Healthy
21160,KEEP OUT GIRLS DOOR HANGER ,793,554.13,57,13.912280701754385,288,3024.0,97.3859649122807,Healthy
21161,KEEP OUT BOYS DOOR HANGER ,2240,1613.3,168,13.333333333333334,960,10080.0,93.33333333333334,Healthy
21162,TOXIC AREA  DOOR HANGER ,942,867.7099999999999,125,7.536,288,3024.0,52.751999999999995,Healthy
21163,DO NOT TOUCH MY STUFF DOOR HANGER ,1621,1107.75,132,12.280303030303031,672,7056.0,85.96212121212122,Healthy
21164,HOME SWEET HOME METAL SIGN ,4274,11656.320000000002,452,9.455752212389381,288,3024.0,66.19026548672566,Healthy
21165,BEWARE OF THE CAT METAL SIGN ,5291,8415.65,539,9.83457249070632,336,3528.0,68.84200743494424,Healthy
21166,COOK WITH WINE METAL SIGN ,9739,17553.77,732,13.341095890410958,480,5040.0,93.38767123287671,Healthy
21167,WHITE SAGE INCENSE,1063,263.03,51,20.84313725490196,150,1575.0,145.90196078431373,Healthy
21169,YOU'RE CONFUSING ME METAL SIGN ,4511,7095.92,344,13.26764705882353,432,4536.0,92.87352941176471,Healthy
21171,BATHROOM METAL SIGN ,1420,1985.8899999999999,189,7.5132275132275135,192,2016.0,52.592592592592595,Healthy
21172,PARTY METAL SIGN ,4253,6123.139999999999,511,8.322896281800391,200,2100.0,58.26027397260274,Overstock
21173,LOO ROLL  METAL SIGN ,340,607.96,77,4.415584415584416,36,378.0,30.90909090909091,Healthy
21174,POTTERING IN THE SHED METAL SIGN,5625,10432.949999999999,620,9.08723747980614,336,3528.0,63.610662358642976,Healthy
21175,GIN + TONIC DIET METAL SIGN,8649,17252.260000000002,880,9.82840909090909,480,5040.0,68.79886363636363,Healthy
21179,NO JUNK MAIL METAL SIGN,2372,2245.44,245,9.721311475409836,288,3024.0,68.04918032786885,Healthy
21181,PLEASE ONE PERSON  METAL SIGN,1867,3868.07,178,10.548022598870057,288,3024.0,73.8361581920904,Healthy
21181,PLEASE ONE PERSON METAL SIGN,10887,21725.370000000003,834,13.148550724637682,432,4536.0,92.03985507246377,Overstock
21185, HOME SWEET HOME  BLACKBOARD,129,857.24,41,3.1463414634146343,24,252.0,22.024390243902438,Healthy
21185,HOME SWEET HOME  BLACKBOARD,3,19.049999999999997,3,1.0,1,10.5,7.0,Restock Soon
21186,WHITE DOVE HONEYCOMB PAPER GARLAND,5270,8525.449999999999,368,14.320652173913043,250,2625.0,100.2445652173913,Overstock
21187,WHITE BELL HONEYCOMB PAPER GARLAND ,1071,1750.97,105,10.2,288,3024.0,71.39999999999999,Healthy
21188,3D HEARTS  HONEYCOMB PAPER GARLAND,592,1784.9,81,7.4,48,504.0,51.800000000000004,Healthy
21189,WHITE HONEYCOMB PAPER GARLAND ,458,863.97,57,8.035087719298245,50,525.0,56.24561403508771,Healthy
21190,PINK HEARTS PAPER GARLAND,750,1255.19,107,7.0754716981132075,110,1155.0,49.528301886792455,Healthy
21191,LARGE WHITE HONEYCOMB PAPER BELL  ,982,2158.7000000000003,119,8.252100840336135,96,1008.0,57.76470588235295,Healthy
21192,WHITE BELL HONEYCOMB PAPER ,1143,2117.3,145,7.9375,96,1008.0,55.5625,Healthy
21193,WHITE HONEYCOMB PAPER FAN ,111,274.37,22,5.045454545454546,44,462.0,35.31818181818182,Healthy
21194,PINK  HONEYCOMB PAPER FAN,80,195.53,30,2.6666666666666665,12,126.0,18.666666666666664,Healthy
21195,PINK  HONEYCOMB PAPER BALL ,324,885.64,75,4.32,48,504.0,30.240000000000002,Healthy
21196,ROUND WHITE CONFETTI IN TUBE,70,117.21000000000001,9,7.777777777777778,15,157.5,54.44444444444444,Healthy
21197,MULTICOLOUR  CONFETTI IN TUBE,182,300.3,20,9.1,24,252.0,63.699999999999996,Healthy
21198,WHITE HEART CONFETTI IN TUBE,254,465.48,47,5.404255319148936,12,126.0,37.82978723404255,Overstock
21199,PINK  HEART CONFETTI IN TUBE,339,607.37,71,4.774647887323944,12,126.0,33.42253521126761,Overstock
21200,MULTICOLOUR HONEYCOMB PAPER GARLAND,305,538.97,52,5.865384615384615,40,420.0,41.05769230769231,Healthy
21201,TROPICAL  HONEYCOMB PAPER GARLAND ,1515,3567.55,137,11.058394160583942,96,1008.0,77.4087591240876,Healthy
21202,DOLLY HONEYCOMB GARLAND,381,619.67,42,9.071428571428571,48,504.0,63.5,Healthy
21203,BUTTERFLIES  HONEYCOMB GARLAND,1539,2527.0,145,10.613793103448275,288,3024.0,74.29655172413793,Healthy
21204,DAISIES  HONEYCOMB GARLAND ,1110,1817.91,121,9.173553719008265,288,3024.0,64.21487603305785,Healthy
21205,MULTICOLOUR 3D BALLS GARLAND,424,1095.2,79,5.367088607594937,48,504.0,37.56962025316456,Healthy
21206,STRAWBERRY HONEYCOMB  GARLAND ,878,1478.43,131,6.702290076335878,48,504.0,46.916030534351144,Healthy
21207,SKULL AND CROSSBONES  GARLAND ,2550,3942.39,153,16.666666666666668,576,6048.0,116.66666666666667,Healthy
21208,PASTEL COLOUR HONEYCOMB FAN,139,282.5,38,3.6578947368421053,24,252.0,25.605263157894736,Healthy
21209,MULTICOLOUR HONEYCOMB FAN,253,483.45,49,5.163265306122449,24,252.0,36.142857142857146,Healthy
21210,SET OF 72 RETRO SPOT PAPER  DOILIES,7671,10949.4,554,13.896739130434783,288,3024.0,97.27717391304348,Overstock
21210,SET OF 72 RETROSPOT PAPER  DOILIES,1764,2630.77,174,10.137931034482758,384,4032.0,70.9655172413793,Healthy
21211,SET OF 72 SKULL PAPER  DOILIES,1536,2115.87,137,11.211678832116789,576,6048.0,78.48175182481752,Healthy
21212,PACK OF 72 RETRO SPOT CAKE CASES,46728,24054.43,1410,33.37714285714286,960,10080.0,233.64,Overstock
21212,PACK OF 72 RETROSPOT CAKE CASES,13348,7647.92,443,30.267573696145124,1200,12600.0,211.87301587301587,Healthy
21213,PACK OF 72 SKULL CAKE CASES,25394,13247.16,839,30.375598086124402,1200,12600.0,212.62918660287082,Overstock
21214,SET OF 72 IVORY PAPER DOILIES,2006,2920.8199999999997,199,10.131313131313131,384,4032.0,70.91919191919192,Healthy
21215, IVORY PAPER CUP CAKE CASES ,1153,530.16,28,41.17857142857143,480,5040.0,288.25,Healthy
21215,IVORY PAPER CUP CAKE CASES ,2257,1328.94,143,15.783216783216783,240,2520.0,110.48251748251748,Healthy
21216,"SET 3 RED SPOT TIN TEA,COFFEE,SUGAR",1500,7404.09,304,4.966887417218543,120,1260.0,34.7682119205298,Healthy
21216,"SET 3 RETROSPOT TEA,COFFEE,SUGAR",312,1697.13,83,3.7590361445783134,48,504.0,26.313253012048193,Healthy
21217,RED RETROSPOT ROUND CAKE TINS,380,4225.0,149,2.6027397260273974,60,630.0,18.21917808219178,Healthy
21217,RED SPOTTY ROUND CAKE TINS,1484,14646.039999999999,463,3.212121212121212,36,378.0,22.484848484848484,Overstock
21218,RED SPOTTY BISCUIT TIN,2866,10963.07,521,5.532818532818533,120,1260.0,38.72972972972973,Overstock
21219,SET/4 BADGES BALLOON GIRL,580,766.48,92,6.304347826086956,20,210.0,44.130434782608695,Overstock
21220,SET/4 BADGES DOGS,325,453.71,73,4.4520547945205475,20,210.0,31.16438356164383,Healthy
21221,SET/4 BADGES CUTE CREATURES,286,388.21999999999997,57,5.017543859649122,20,210.0,35.122807017543856,Healthy
21222,SET/4 BADGES BEETLES,358,461.48,62,5.774193548387097,20,210.0,40.41935483870968,Healthy
21223,SET/4 BADGES WOODLAND ANIMAL,492,587.08,43,11.44186046511628,200,2100.0,80.09302325581396,Healthy
21224,SET/4 SKULL BADGES,1291,1659.45,155,8.329032258064515,50,525.0,58.30322580645161,Overstock
21225,POCKET MIRROR BUTTERFLY ,2,2.5,2,1.0,1,10.5,7.0,Restock Soon
21226,POCKET MIRROR WOODLAND,121,151.25,18,6.722222222222222,15,157.5,47.05555555555556,Healthy
21228,"POCKET MIRROR ""GLAMOROUS""",92,116.32,29,3.1724137931034484,15,157.5,22.20689655172414,Healthy
21231,SWEETHEART CERAMIC TRINKET BOX,13618,16882.1,1001,13.618,144,1512.0,95.32600000000001,Overstock
21232,STRAWBERRY CERAMIC TRINKET BOX,27059,34411.68,1640,16.51953601953602,288,3024.0,115.63675213675214,Overstock
21238,RED RETROSPOT CUP,853,760.79,98,8.704081632653061,96,1008.0,60.92857142857143,Healthy
21238,RED SPOTTY CUP,4746,3999.45,434,10.960739030023095,96,1008.0,76.72517321016167,Overstock
21239,PINK  POLKADOT CUP,744,656.76,87,8.551724137931034,96,1008.0,59.86206896551724,Healthy
21239,PINK  SPOTTY CUP,3684,3145.4900000000002,369,9.983739837398375,96,1008.0,69.88617886178862,Overstock
21240,BLUE  SPOTTY CUP,3390,2877.47,370,9.162162162162161,96,1008.0,64.13513513513513,Overstock
21240,BLUE POLKADOT CUP,674,605.49,83,8.120481927710843,96,1008.0,56.8433734939759,Healthy
21241,GREEN POLKADOT CUP,111,94.35,10,11.1,32,336.0,77.7,Healthy
21241,GREEN SPOTTY CUP,2102,1774.72,250,8.408,96,1008.0,58.855999999999995,Overstock
21242,RED RETROSPOT PLATE ,397,756.49,72,5.513888888888889,56,588.0,38.59722222222223,Healthy
21242,RED SPOTTY PLATE ,3350,5523.2,289,11.591695501730104,192,2016.0,81.14186851211073,Healthy
21243,PINK  POLKADOT PLATE ,508,850.9399999999999,59,8.610169491525424,96,1008.0,60.271186440677965,Healthy
21243,PINK  SPOTTY PLATE ,2864,4645.09,239,11.98326359832636,192,2016.0,83.88284518828452,Healthy
21244,BLUE  SPOTTY PLATE ,2404,3859.6299999999997,204,11.784313725490197,192,2016.0,82.49019607843138,Healthy
21244,BLUE POLKADOT PLATE ,473,799.74,50,9.46,96,1008.0,66.22,Healthy
21245,GREEN  SPOTTY PLATE ,1308,2155.17,146,9.020689655172413,96,1008.0,63.144827586206894,Healthy
21245,GREEN POLKADOT PLATE ,194,342.89,33,5.878787878787879,36,378.0,41.151515151515156,Healthy
21246,RED RETROSPOT BIG BOWL,42,207.9,13,3.230769230769231,6,63.0,22.615384615384617,Healthy
21246,RED SPOTTY BIG BOWL,423,2150.8500000000004,101,4.188118811881188,24,252.0,29.316831683168317,Healthy
21247,SET OF RED SALAD SERVERS ,422,664.73,81,5.209876543209877,12,126.0,36.46913580246914,Overstock
21248,DOOR HANGER  MUM + DADS ROOM,838,968.8299999999999,92,9.108695652173912,96,1008.0,63.760869565217384,Healthy
21249,WOOD ANIMALS HEIGHT CHART STICKERS ,6,17.700000000000003,1,6.0,6,63.0,42.0,Restock Soon
21249,WOODLAND  HEIGHT CHART STICKERS ,949,2663.69,147,6.5,120,1260.0,45.5,Healthy
21250,SET OF SKULL WALL STICKERS,309,729.08,41,7.536585365853658,120,1260.0,52.756097560975604,Healthy
21251,DINOSAUR HEIGHT CHART STICKER SET,416,1132.68,88,4.7272727272727275,120,1260.0,33.09090909090909,Healthy
21252,SET OF MEADOW  FLOWER STICKERS,168,408.66,22,7.636363636363637,30,315.0,53.45454545454545,Healthy
21253,SET OF PICTURE FRAME  STICKERS,207,670.1800000000001,64,3.2857142857142856,33,346.5,23.0,Healthy
21255,"FRENCH BOTTLE , LAVENDER",476,860.08,96,4.958333333333333,48,504.0,34.70833333333333,Healthy
21256,"FRENCH BOTTLE, BRASSERIE DES ARTIST",326,588.64,65,5.015384615384615,48,504.0,35.107692307692304,Healthy
21257,VICTORIAN SEWING BOX MEDIUM,899,7532.76,289,3.165492957746479,48,504.0,22.158450704225352,Healthy
21258,VICTORIAN SEWING BOX LARGE,1155,16415.04,397,2.931472081218274,32,336.0,20.52030456852792,Overstock
21259,VICTORIAN SEWING BOX SMALL ,1216,7379.780000000001,394,3.1020408163265305,36,378.0,21.714285714285715,Overstock
21260,FIRST AID TIN,2416,8053.45,381,6.3578947368421055,520,5460.0,44.50526315789474,Healthy
21261,GREEN GOOSE FEATHER CHRISTMAS TREE ,105,542.61,39,2.6923076923076925,12,126.0,18.846153846153847,Healthy
21262,WHITE GOOSE FEATHER CHRISTMAS TREE ,305,1341.0100000000002,65,4.6923076923076925,51,535.5,32.84615384615385,Healthy
21263,GREEN GOOSE FEATHER TREE 60CM,135,326.85,17,7.9411764705882355,72,756.0,55.58823529411765,Healthy
21264,WHITE GOOSE FEATHER TREE 60CM ,109,352.11,21,5.190476190476191,14,147.0,36.333333333333336,Healthy
21265,PINK GOOSE FEATHER TREE 60CM,192,450.2,17,11.294117647058824,72,756.0,79.05882352941177,Healthy
21266,VINTAGE SILVER TINSEL REEL,23,98.9,9,2.5555555555555554,8,84.0,17.888888888888886,Healthy
21267,VINTAGE PINK TINSEL REEL ,24,74.6,10,2.4,6,63.0,16.8,Healthy
21268,VINTAGE BLUE TINSEL REEL,397,261.66,49,8.10204081632653,96,1008.0,56.714285714285715,Healthy
21269,ANTIQUE CREAM CUTLERY SHELF ,86,798.84,47,1.8297872340425532,4,42.0,12.808510638297872,Overstock
21270,ANTIQUE CREAM CUTLERY CUPBOARD,26,344.24,15,1.7333333333333334,6,63.0,12.133333333333333,Healthy
21272,SALLE DE BAIN HOOK,1828,2376.08,246,7.430894308943089,144,1512.0,52.016260162601625,Healthy
21274,EMBOSSED HEART 3 DRAWER SHELF,175,2420.69,105,1.6666666666666667,8,84.0,11.666666666666668,Overstock
21275,ZINC TOP  2 DOOR WOODEN SHELF ,237,1461.35,44,5.386363636363637,16,168.0,37.70454545454545,Healthy
21276,TWO EMBOSSED HEART MINI DRAWERS,677,1558.94,29,23.344827586206897,144,1512.0,163.41379310344828,Healthy
21277,FRENCH STYLE EMBOSSED HEART CABINET,29,759.91,27,1.0740740740740742,2,21.0,7.518518518518519,Healthy
21278,VINTAGE KITCHEN PRINT PUDDINGS,2727,1575.4,111,24.56756756756757,1200,12600.0,171.97297297297297,Healthy
21279,VINTAGE KITCHEN PRINT FRUITS,3445,1370.86,75,45.93333333333333,1632,17136.0,321.5333333333333,Healthy
21280,VINTAGE KITCHEN PRINT VEGETABLES,3268,1634.69,58,56.3448275862069,1248,13104.0,394.41379310344826,Healthy
21281,VINTAGE KITCHEN PRINT SEAFOOD,3646,1617.65,57,63.96491228070175,1536,16128.0,447.7543859649123,Healthy
21282,NATURAL BARK CANDLE LARGE,356,1522.28,69,5.159420289855072,30,315.0,36.11594202898551,Healthy
21283,NATURAL BARK CANDLE SMALL,512,1629.2,81,6.320987654320987,48,504.0,44.24691358024691,Healthy
21284,RETRO SPOT CANDLE  SMALL,408,744.75,60,6.8,48,504.0,47.6,Healthy
21284,RETROSPOT CANDLE  SMALL,749,573.12,40,18.725,96,1008.0,131.07500000000002,Healthy
21285,RETRO SPOT CANDLE  MEDIUM,263,566.22,36,7.305555555555555,48,504.0,51.138888888888886,Healthy
21285,RETROSPOT CANDLE  MEDIUM,384,403.57,22,17.454545454545453,72,756.0,122.18181818181817,Healthy
21286,RETRO SPOT CANDLE  LARGE,295,789.26,49,6.020408163265306,36,378.0,42.14285714285714,Healthy
21286,RETROSPOT CANDLE  LARGE,441,486.81,24,18.375,72,756.0,128.625,Healthy
21287,SCENTED VELVET LOUNGE CANDLE ,2344,1133.6000000000001,41,57.170731707317074,720,7560.0,400.1951219512195,Healthy
21288,STRIPEY CHOCOLATE NESTING BOXES,635,1525.5800000000002,117,5.427350427350428,32,336.0,37.991452991452995,Healthy
21289,LARGE STRIPES CHOCOLATE GIFT BAG,865,864.31,55,15.727272727272727,48,504.0,110.0909090909091,Healthy
21290,LARGE SPOTTY CHOCOLATE GIFT BAG,2,2.5,1,2.0,2,21.0,14.0,Restock Soon
21291,SMALL POLKADOT CHOCOLATE GIFT BAG ,490,422.97999999999996,31,15.806451612903226,48,504.0,110.64516129032258,Healthy
21291,SMALL SPOTTY CHOCOLATE GIFT BAG ,1073,918.49,77,13.935064935064934,32,336.0,97.54545454545455,Overstock
21292,SMALL STRIPES CHOCOLATE GIFT BAG ,1610,856.4,65,24.76923076923077,96,1008.0,173.3846153846154,Healthy
21293,MIRRORED DOVE WALL DECORATION,227,595.62,61,3.721311475409836,24,252.0,26.049180327868854,Healthy
21294,ETCHED GLASS COASTER,724,948.26,70,10.342857142857143,48,504.0,72.4,Healthy
21298,EDWARDIAN 2 DRAWER WALL CABINET ,52,755.8,14,3.7142857142857144,8,84.0,26.0,Healthy
21299,EDWARDIAN TOILET ROLL UNIT ,166,966.35,34,4.882352941176471,48,504.0,34.1764705882353,Healthy
21300,ANTIQUE EDWARDIAN DRESSER,53,841.7,12,4.416666666666667,16,168.0,30.916666666666668,Healthy
21303,FILIGREE WALL MIRROR  ANTIQUE WHITE,96,985.54,30,3.2,20,210.0,22.400000000000002,Healthy
21304,ARCHED GREY MIRROR,86,591.58,18,4.777777777777778,32,336.0,33.44444444444444,Healthy
21306,SET/4 DAISY MIRROR MAGNETS,190,157.62,27,7.037037037037037,48,504.0,49.25925925925926,Healthy
21307,SET/4 BUTTERFLY MIRROR MAGNETS,672,615.07,61,11.01639344262295,240,2520.0,77.11475409836065,Healthy
21308,LOUVRE VANITY MIRROR,132,705.9,6,22.0,126,1323.0,154.0,Restock Soon
21309,LOUVRE CHALKBOARD,49,325.6,5,9.8,41,430.5,68.60000000000001,Restock Soon
21310,CAPIZ CHANDELIER,5,149.75,3,1.6666666666666667,2,21.0,11.666666666666668,Restock Soon
21311,SET/4 BIRD MIRROR MAGNETS ,248,370.94,46,5.391304347826087,48,504.0,37.73913043478261,Healthy
21312,LARGE CHUNKY GLASS ROMAN BOWL,299,1179.17,26,11.5,104,1092.0,80.5,Healthy
21313,GLASS HEART T-LIGHT HOLDER ,3541,3009.83,213,16.624413145539908,192,2016.0,116.37089201877936,Healthy
21314,SMALL GLASS HEART TRINKET POT,7401,15454.87,545,13.604779411764707,600,6300.0,95.23345588235294,Healthy
21316,SMALL CHUNKY GLASS ROMAN  BOWL,535,937.29,33,16.21212121212121,152,1596.0,113.48484848484847,Healthy
21317,GLASS SPHERE CANDLE STAND MEDIUM,247,780.34,41,6.024390243902439,120,1260.0,42.170731707317074,Healthy
21318,GLASS CHALICE BLUE SMALL ,278,478.64,44,6.318181818181818,36,378.0,44.22727272727273,Healthy
21319,GLASS CHALICE GREEN  SMALL ,349,574.55,47,7.425531914893617,36,378.0,51.97872340425532,Healthy
21320,GLASS CHALICE GREEN  LARGE ,201,549.12,37,5.4324324324324325,24,252.0,38.027027027027025,Healthy
21321,GLASS CHALICE BLUE  LARGE ,122,301.8,18,6.777777777777778,43,451.5,47.44444444444444,Healthy
21322,GLASS SPHERE CANDLE STAND LARGE ,301,590.45,14,21.5,120,1260.0,150.5,Healthy
21323,HANGING MEDINA LANTERN LARGE,740,2506.89,80,9.25,300,3150.0,64.75,Healthy
21324,HANGING MEDINA LANTERN SMALL,942,2615.55,150,6.28,312,3276.0,43.96,Healthy
21326,AGED GLASS SILVER T-LIGHT HOLDER,7689,5027.41,324,23.73148148148148,288,3024.0,166.12037037037038,Overstock
21327,SKULLS WRITING SET ,1098,1984.56,258,4.255813953488372,36,378.0,29.790697674418603,Overstock
21328,BALLOONS  WRITING SET ,1186,2405.9,320,3.70625,24,252.0,25.943749999999998,Overstock
21329,DINOSAURS  WRITING SET ,1178,2121.96,283,4.162544169611308,36,378.0,29.137809187279153,Overstock
21330,WOODLAND ANIMAL  WRITING SET ,1452,2454.0699999999997,201,7.223880597014926,400,4200.0,50.56716417910448,Healthy
21331,MOROCCAN BEATEN METAL DISH LARGE,98,780.94,22,4.454545454545454,48,504.0,31.18181818181818,Healthy
21332,MOROCCAN BEATEN METAL MIRROR,251,1376.07,37,6.783783783783784,24,252.0,47.48648648648649,Healthy
21333,CLASSIC WHITE FRAME,1024,3094.7400000000002,212,4.830188679245283,48,504.0,33.81132075471698,Overstock
21335,LIBRARY LAMP,42,989.62,28,1.5555555555555556,4,42.0,10.88888888888889,Healthy
21336,GOLD WASHBAG,1797,475.94,34,52.85294117647059,864,9072.0,369.9705882352941,Healthy
21337,SILVER WASHBAG,33,103.53000000000002,12,2.75,12,126.0,19.25,Healthy
21338,MARAKESH LANTERN SMALL ,199,873.25,13,15.307692307692308,163,1711.5,107.15384615384616,Healthy
21339,MARAKESH LANTERN LARGE,30,544.5,12,2.5,10,105.0,17.5,Healthy
21340,CLASSIC METAL BIRDCAGE PLANT HOLDER,797,8098.09,138,5.77536231884058,120,1260.0,40.42753623188406,Healthy
21341,KASBAH LANTERN WITH GLASS ,72,410.64,29,2.4827586206896552,24,252.0,17.379310344827587,Healthy
21343,GOLD JEWELERY BOX,20,92.0,3,6.666666666666667,12,126.0,46.66666666666667,Restock Soon
21344,MOROCCAN BEATEN METAL DISH,151,589.73,20,7.55,48,504.0,52.85,Healthy
21347,GOTHIC CARRIAGE LANTERN,8,47.6,4,2.0,4,42.0,14.0,Restock Soon
21348,PINK SPOTS CHOCOLATE NESTING BOXES ,702,1669.2800000000002,127,5.52755905511811,32,336.0,38.69291338582677,Overstock
21349,IVY HEART WREATH,547,3970.23,166,3.315151515151515,32,336.0,23.206060606060603,Healthy
21350,GINGHAM HEART WREATH,225,647.7500000000001,42,5.357142857142857,40,420.0,37.5,Healthy
21351,CINAMMON & ORANGE WREATH,1028,3238.22,148,6.945945945945946,32,336.0,48.62162162162162,Overstock
21352,EUCALYPTUS & PINECONE  WREATH,539,1829.45,93,5.795698924731183,36,378.0,40.56989247311828,Healthy
21353,SILVER SLEIGHBELL  WREATH,19,160.45,9,2.111111111111111,5,52.5,14.777777777777779,Healthy
21354,TOAST ITS - BEST MUM,1733,2040.6100000000001,130,13.330769230769231,288,3024.0,93.31538461538462,Healthy
21355,TOAST ITS - I LOVE YOU ,2732,3315.5,231,11.826839826839826,288,3024.0,82.78787878787878,Healthy
21356,TOAST ITS - FAIRY FLOWER,981,1367.25,210,4.671428571428572,48,504.0,32.7,Healthy
21357,TOAST ITS - DINOSAUR,1373,1809.01,203,6.797029702970297,72,756.0,47.57920792079208,Healthy
21358,TOAST ITS - HAPPY BIRTHDAY,735,927.93,118,6.228813559322034,36,378.0,43.601694915254235,Healthy
21359,RELAX LARGE WOOD LETTERS,80,1306.2,45,1.7777777777777777,14,147.0,12.444444444444443,Healthy
21360,JOY LARGE WOOD LETTERS,404,2574.14,86,4.6976744186046515,180,1890.0,32.88372093023256,Healthy
21361,LOVE LARGE WOOD LETTERS ,474,6154.86,224,2.1160714285714284,18,189.0,14.812499999999998,Overstock
21363,HOME SMALL WOOD LETTERS,767,4051.59,289,2.6539792387543253,18,189.0,18.577854671280278,Overstock
21364,PEACE SMALL WOOD LETTERS,443,3218.51,146,3.0342465753424657,180,1890.0,21.23972602739726,Healthy
21365,MIRRORED WALL ART STARS,113,284.44,27,4.185185185185185,24,252.0,29.296296296296298,Healthy
21366,MIRRORED WALL ART PHOTO FRAMES,158,733.4,35,4.514285714285714,96,1008.0,31.6,Healthy
21367,MIRRORED WALL ART GENTS,44,94.21,21,2.0952380952380953,24,252.0,14.666666666666668,Healthy
21368,MIRRORED WALL ART LADIES,38,68.75999999999999,14,2.7142857142857144,24,252.0,19.0,Healthy
21369,MIRRORED WALL ART SPLODGES,34,75.24,8,4.25,24,252.0,29.75,Healthy
21370,MIRRORED WALL ART FOXY,40,164.01,14,2.857142857142857,24,252.0,20.0,Healthy
21371,MIRRORED WALL ART POPPIES,117,236.29999999999998,26,4.5,24,252.0,31.5,Healthy
21372,MIRRORED WALL ART TABLE LAMP,83,168.12,19,4.368421052631579,24,252.0,30.57894736842105,Healthy
21373,MIRRORED WALL ART SNOWFLAKES,124,159.85,14,8.857142857142858,24,252.0,62.0,Healthy
21374,MIRRORED WALL ART SKULLS,170,360.88,26,6.538461538461538,24,252.0,45.76923076923077,Healthy
21375,LARGE CAMPHOR WOOD FIELD MUSHROOM ,96,532.3199999999999,36,2.6666666666666665,12,126.0,18.666666666666664,Healthy
21376,LARGE  TALL CAMPHOR WOOD TOADSTOOL ,151,662.55,30,5.033333333333333,48,504.0,35.233333333333334,Healthy
21377,SMALL CAMPHOR WOOD FIELD  MUSHROOM,406,545.15,60,6.766666666666667,144,1512.0,47.36666666666667,Healthy
21378,SMALL TALL CAMPHOR WOOD TOADSTOOL,418,511.08,54,7.7407407407407405,144,1512.0,54.18518518518518,Healthy
21379, CAMPHOR WOOD PORTOBELLO MUSHROOM,70,122.36,26,2.6923076923076925,12,126.0,18.846153846153847,Healthy
21379,CAMPHOR WOOD PORTOBELLO MUSHROOM,402,350.03999999999996,52,7.730769230769231,192,2016.0,54.11538461538461,Healthy
21380,WOODEN HAPPY BIRTHDAY GARLAND,2882,8335.970000000001,368,7.852861035422343,288,3024.0,54.9700272479564,Healthy
21381,MINI WOODEN HAPPY BIRTHDAY GARLAND,3329,5503.46,314,10.601910828025478,288,3024.0,74.21337579617834,Healthy
21382,SET/4 SPRING FLOWER DECORATION,98,297.98,25,3.92,12,126.0,27.439999999999998,Healthy
21383,PACK OF 12 STICKY BUNNIES,1227,848.25,158,7.765822784810126,96,1008.0,54.360759493670884,Healthy
21384,IVORY HANGING DECORATION  BUTTERFLY,1917,1810.1899999999998,150,12.78,130,1365.0,89.46,Healthy
21385,IVORY HANGING DECORATION  HEART,7035,5998.5,383,18.368146214099216,288,3024.0,128.5770234986945,Overstock
21386,IVORY HANGING DECORATION  EGG,439,395.14,54,8.12962962962963,24,252.0,56.907407407407405,Healthy
21387,IVORY HANGING DECORATION  RABBIT,25,21.25,4,6.25,18,189.0,43.75,Restock Soon
21388,IVORY HANGING DECORATION  CHICKEN,311,290.16999999999996,29,10.724137931034482,24,252.0,75.06896551724138,Healthy
21389,IVORY HANGING DECORATION  BIRD,1188,1047.1799999999998,135,8.8,24,252.0,61.60000000000001,Overstock
21390,FILIGRIS HEART WITH BUTTERFLY,7064,8742.34,378,18.73740053050398,288,3024.0,131.16180371352786,Overstock
21391,FRENCH EMROIDR LAVENDER SCENT HEART,341,741.6,67,5.08955223880597,36,378.0,35.62686567164179,Healthy
21391,FRENCH LAVENDER SCENT HEART,11,31.54,5,2.2,6,63.0,15.400000000000002,Restock Soon
21392,RED POLKADOT PUDDING BOWL,3686,568.8100000000001,11,335.09090909090907,3648,38304.0,2345.6363636363635,Healthy
21392,RED SPOTTY PUDDING BOWL,3828,869.23,31,123.48387096774194,3648,38304.0,864.3870967741935,Healthy
21393,BLUE  SPOTTY PUDDING BOWL,2679,723.5500000000001,28,95.67857142857143,2496,26208.0,669.75,Healthy
21393,BLUE POLKADOT PUDDING BOWL,2545,429.49,10,254.5,2496,26208.0,1781.5,Healthy
21394,RED POLKADOT BEAKER ,55,95.10999999999999,3,18.333333333333332,48,504.0,128.33333333333331,Restock Soon
21394,RED SPOTTY BEAKER ,85,165.75,16,5.3125,12,126.0,37.1875,Healthy
21395,BLUE POLKADOT BEAKER ,18,35.099999999999994,2,9.0,12,126.0,63.0,Restock Soon
21395,BLUE SPOTTY BEAKER ,112,227.44,23,4.869565217391305,12,126.0,34.08695652173913,Healthy
21396,RED SPOTTY EGG CUP ,948,1205.25,77,12.311688311688311,96,1008.0,86.18181818181817,Healthy
21397,BLUE  SPOTTY EGG CUP ,994,1338.36,99,10.04040404040404,144,1512.0,70.28282828282828,Healthy
21397,BLUE POLKADOT EGG CUP ,102,150.67,19,5.368421052631579,24,252.0,37.578947368421055,Healthy
21398,RED  SPOTTY COFFEE  MUG,710,1367.79,53,13.39622641509434,96,1008.0,93.77358490566039,Healthy
21398,RED POLKADOT COFFEE  MUG,57,145.02,13,4.384615384615385,18,189.0,30.692307692307693,Healthy
21399,BLUE  SPOTTY  COFFEE MUG,241,495.98,35,6.885714285714286,48,504.0,48.2,Healthy
21399,BLUE POLKADOT COFFEE MUG,85,189.05,13,6.538461538461538,24,252.0,45.76923076923077,Healthy
21400,RED PUDDING SPOON,197,84.44,19,10.368421052631579,24,252.0,72.57894736842105,Healthy
21401,BLUE PUDDING SPOON,392,167.88,41,9.560975609756097,48,504.0,66.92682926829268,Healthy
21402,RED  EGG  SPOON,329,147.9,59,5.576271186440678,24,252.0,39.03389830508475,Healthy
21403,BLUE EGG  SPOON,469,206.84,53,8.849056603773585,48,504.0,61.943396226415096,Healthy
21406,SPOTTY CAT DOORSTOP ,1,8.65,1,1.0,1,10.5,7.0,Restock Soon
21407,BROWN CHECK CAT DOORSTOP ,1024,4580.9800000000005,327,3.1314984709480123,37,388.5,21.920489296636084,Overstock
21408,SPOTTY PINK DUCK DOORSTOP,430,1851.48,129,3.3333333333333335,96,1008.0,23.333333333333336,Healthy
21409,SPOTTY COCKEREL DOORSTOP,1,4.25,1,1.0,1,10.5,7.0,Restock Soon
21410,COUNTRY COTTAGE  DOORSTOP GREEN,312,1458.28,150,2.108108108108108,32,336.0,14.756756756756754,Healthy
21411,GINGHAM HEART  DOORSTOP RED,1333,5531.21,395,3.391857506361323,70,735.0,23.74300254452926,Healthy
21412,VINTAGE GOLD TINSEL REEL,275,279.0,67,4.104477611940299,19,199.5,28.731343283582092,Healthy
21413,PERIWINKLE T-LIGHT HOLDER,3123,1077.45,40,78.075,2972,31206.0,546.525,Healthy
21414,SCALLOP SHELL SOAP DISH,1636,868.79,35,46.74285714285714,1500,15750.0,327.2,Healthy
21415,CLAM SHELL SMALL ,132,288.55,38,3.473684210526316,12,126.0,24.315789473684212,Healthy
21416,CLAM SHELL LARGE,747,588.0600000000002,19,39.31578947368421,720,7560.0,275.2105263157895,Healthy
21417,COCKLE SHELL DISH,164,400.41,52,3.1538461538461537,24,252.0,22.076923076923077,Healthy
21418,STARFISH SOAP DISH,120,344.09,41,2.926829268292683,18,189.0,20.48780487804878,Healthy
21419,CONCH SHELL,1259,577.6899999999999,19,66.26315789473684,1200,12600.0,463.84210526315786,Healthy
21420,OYSTER TRINKET BOX,67,211.75,12,5.583333333333333,24,252.0,39.08333333333333,Healthy
21421,PORCELAIN ROSE LARGE ,1508,1814.8,93,16.21505376344086,180,1890.0,113.50537634408602,Healthy
21422,PORCELAIN ROSE SMALL,1596,1360.72,88,18.136363636363637,288,3024.0,126.95454545454545,Healthy
21424,WOODLAND STORAGE BOX LARGE ,609,1460.6200000000001,72,8.577464788732394,120,1260.0,60.04225352112676,Healthy
21425,SKULLS STORAGE BOX LARGE,418,954.44,65,6.430769230769231,144,1512.0,45.01538461538462,Healthy
21426,WOODLAND STORAGE BOX SMALL,773,1024.59,54,14.314814814814815,240,2520.0,100.20370370370371,Healthy
21427,SKULLS STORAGE BOX SMALL,421,766.5799999999999,85,4.952941176470588,96,1008.0,34.67058823529412,Healthy
21428,SET3 BOOK BOX GREEN GINGHAM FLOWER ,1728,6812.3,214,8.074766355140186,240,2520.0,56.523364485981304,Healthy
21429,RED GINGHAM ROSE JEWELLERY BOX,4828,8352.38,741,6.542005420054201,288,3024.0,45.794037940379404,Healthy
21430,SET/3 RED GINGHAM ROSE STORAGE BOX,1707,6608.25,353,4.891117478510028,48,504.0,34.2378223495702,Overstock
21431,GREEN GINGHAM FLOWER JEWELLERY BOX,1483,2511.3599999999997,278,5.33453237410072,192,2016.0,37.34172661870504,Healthy
21432,SET OF 3 CASES WOODLAND DESIGN,942,5435.91,237,3.9746835443037973,48,504.0,27.82278481012658,Healthy
21437,24 HANGING EASTER EGGS FLORAL TUB,677,2350.92,109,6.2110091743119265,216,2268.0,43.477064220183486,Healthy
21438,TUB 24 HANGING EASTER EGGS SPOTTY,373,1229.8200000000002,36,10.36111111111111,216,2268.0,72.52777777777777,Healthy
21439,BASKET OF TOADSTOOLS,858,1112.94,116,7.396551724137931,36,378.0,51.775862068965516,Overstock
21440,12 MINI TOADSTOOL PEGS,472,597.56,95,4.968421052631579,24,252.0,34.77894736842106,Healthy
21441,BLUE BIRDHOUSE DECORATION,520,375.28999999999996,73,7.123287671232877,144,1512.0,49.86301369863014,Healthy
21442,GREEN BIRDHOUSE DECORATION,537,398.69,78,6.884615384615385,144,1512.0,48.19230769230769,Healthy
21443,OLIVE CHALET BIRDFEEDER,257,727.9300000000001,26,9.884615384615385,208,2184.0,69.1923076923077,Healthy
21444,BLUE CHALET BIRDFEEDER,291,902.0300000000001,36,8.083333333333334,208,2184.0,56.583333333333336,Healthy
21445,12 PINK ROSE PEG PLACE SETTINGS,1321,1639.73,127,10.401574803149606,432,4536.0,72.81102362204724,Healthy
21446,12 RED ROSE PEG PLACE SETTINGS,817,1052.69,133,6.142857142857143,48,504.0,43.0,Healthy
21447,12 IVORY ROSE PEG PLACE SETTINGS,1827,2390.79,193,9.466321243523316,432,4536.0,66.26424870466322,Healthy
21448,12 DAISY PEGS IN WOOD BOX,615,1055.86,136,4.522058823529412,12,126.0,31.654411764705884,Overstock
21450,DISTRESSED CANDLE STICK WHITE,13,77.35,3,4.333333333333333,10,105.0,30.333333333333332,Restock Soon
21452,TOADSTOOL MONEY BOX,1127,3411.6500000000005,238,4.735294117647059,48,504.0,33.14705882352941,Overstock
21454,PAINTED PINK RABBIT ,365,322.44,58,6.293103448275862,24,252.0,44.05172413793103,Healthy
21455,PAINTED YELLOW WOODEN DAISY,289,280.48,50,5.78,13,136.5,40.46,Overstock
21456,2 PICTURE BOOK EGGS EASTER CHICKS,567,553.83,40,14.175,300,3150.0,99.22500000000001,Healthy
21457,2 PICTURE BOOK EGGS EASTER DUCKS,561,550.11,40,14.025,300,3150.0,98.175,Healthy
21458,2 PICTURE BOOK EGGS EASTER BUNNY,586,592.7,52,11.26923076923077,300,3150.0,78.88461538461539,Healthy
21459,YELLOW EASTER EGG HUNT START POST,187,370.17,25,7.48,72,756.0,52.36,Healthy
21460,GREEN EASTER EGG HUNT START POST,85,192.87,16,5.3125,12,126.0,37.1875,Healthy
21461,BLUE EASTER EGG HUNT START POST,72,147.18,17,4.235294117647059,12,126.0,29.647058823529413,Healthy
21462,"NURSERY A,B,C PAINTED LETTERS",221,1533.51,102,2.1666666666666665,16,168.0,15.166666666666666,Healthy
21463,MIRRORED DISCO BALL ,721,4158.71,172,4.191860465116279,32,336.0,29.343023255813954,Overstock
21464,DISCO BALL ROTATOR BATTERY OPERATED,310,1316.5,116,2.6724137931034484,16,168.0,18.70689655172414,Healthy
21465,PINK FLOWER CROCHET FOOD COVER,558,1985.3400000000001,110,5.072727272727272,192,2016.0,35.50909090909091,Healthy
21466,RED FLOWER CROCHET FOOD COVER,633,2400.4,167,3.7904191616766467,48,504.0,26.53293413173653,Healthy
21467,CHERRY CROCHET FOOD COVER,765,2274.36,154,5.0,98,1029.0,35.0,Healthy
21468,BUTTERFLY CROCHET FOOD COVER,523,1796.66,78,6.705128205128205,192,2016.0,46.93589743589744,Healthy
21469,POLKA DOT RAFFIA FOOD COVER,883,2426.69,124,7.178861788617886,98,1029.0,50.2520325203252,Healthy
21470,FLOWER VINE RAFFIA FOOD COVER,737,2788.35,186,3.9623655913978495,48,504.0,27.736559139784948,Healthy
21471,STRAWBERRY RAFFIA FOOD COVER,775,2905.04,159,4.905063291139241,48,504.0,34.335443037974684,Healthy
21472,LADYBIRD + BEE RAFFIA FOOD COVER,942,3635.16,252,3.738095238095238,48,504.0,26.166666666666668,Healthy
21473,SWEETHEART CREAM STEEL TABLE RECT,130,2593.5,69,1.8840579710144927,6,63.0,13.18840579710145,Overstock
21474,SWEETHEART CREAM STEEL FOLDIN BENCH,210,4189.5,94,2.234042553191489,8,84.0,15.638297872340424,Overstock
21475,SWEETHEART CREAM STEEL FOLDIN CHAIR,1,14.95,1,1.0,1,10.5,7.0,Restock Soon
21476,STEEL SWEETHEART ROUND TABLE CREAM,101,1519.8799999999999,61,1.6557377049180328,7,73.5,11.59016393442623,Healthy
21477,STRING OF 20 ROSE LIGHTS,273,3248.94,45,6.066666666666666,150,1575.0,42.46666666666667,Healthy
21478,SILVER SKULL HOT WATER BOTTLE ,204,854.23,92,2.241758241758242,24,252.0,15.692307692307693,Healthy
21479,WHITE SKULL HOT WATER BOTTLE ,2942,13978.48,507,5.837301587301587,96,1008.0,40.86111111111111,Overstock
21480,PINK STRIPE HOT WATER BOTTLE,285,899.5200000000001,57,5.0,36,378.0,35.0,Healthy
21481,FAWN BLUE HOT WATER BOTTLE,5230,15481.310000000001,616,8.517915309446254,280,2940.0,59.62540716612378,Healthy
21482,MUSHROOM BLUE HOT WATER BOTTLE,740,2296.76,184,4.021739130434782,72,756.0,28.152173913043477,Healthy
21484,CHICK GREY HOT WATER BOTTLE,2893,10454.18,503,5.774451097804391,72,756.0,40.42115768463074,Overstock
21485,RED SPOT HEART HOT WATER BOTTLE,2425,11670.66,455,5.365044247787611,72,756.0,37.55530973451328,Overstock
21485,RETROSPOT HEART HOT WATER BOTTLE,1923,9250.710000000001,362,5.326869806094183,144,1512.0,37.28808864265928,Healthy
21486,PINK HEART DOTS HOT WATER BOTTLE,1116,3638.67,294,3.795918367346939,120,1260.0,26.571428571428573,Healthy
21488,RED WHITE SCARF  HOT WATER BOTTLE,2374,9700.060000000001,356,6.668539325842697,192,2016.0,46.67977528089888,Healthy
21489,BLUE WHITE SCARF HOT WATER BOTTLE,28,157.60000000000002,14,2.0,4,42.0,14.0,Healthy
21490,SET OF THREE 50'S GIFT WRAPS ,637,1210.6,55,11.581818181818182,144,1512.0,81.07272727272728,Healthy
21491,SET OF THREE VINTAGE GIFT WRAPS,2877,5365.0599999999995,247,11.742857142857142,144,1512.0,82.19999999999999,Healthy
21493, VINTAGE DESIGN GIFT TAGS,269,249.9,27,9.962962962962964,48,504.0,69.74074074074075,Healthy
21493,VINTAGE DESIGN GIFT TAGS,3,2.55,2,1.5,2,21.0,10.5,Restock Soon
21494,ROTATING LEAVES T-LIGHT HOLDER,1998,3091.75,209,9.60576923076923,120,1260.0,67.24038461538461,Healthy
21495,SKULLS AND CROSSBONES WRAP,3315,1360.3,104,31.875,200,2100.0,223.125,Healthy
21495,SKULLS WRAP,3400,1424.0,109,31.192660550458715,175,1837.5,218.348623853211,Healthy
21496,WOODLAND CREATURES  WRAP,25,10.5,1,25.0,25,262.5,175.0,Restock Soon
21497,FANCY FONTS BIRTHDAY WRAP,9025,3600.5,258,34.98062015503876,600,6300.0,244.8643410852713,Healthy
21498,RED RETROSPOT WRAP ,3925,1572.5,112,35.044642857142854,200,2100.0,245.31249999999997,Healthy
21498,RED SPOTS  WRAP ,12675,5115.5,362,35.01381215469613,600,6300.0,245.09668508287294,Overstock
21499,BLUE POLKADOT WRAP,2125,822.5,53,40.094339622641506,200,2100.0,280.66037735849056,Healthy
21499,BLUE SPOTS  WRAP,6350,2555.0,196,32.56410256410256,200,2100.0,227.94871794871793,Overstock
21500,PINK POLKADOT WRAP ,1950,773.0,52,37.5,200,2100.0,262.5,Healthy
21500,PINK SPOTS  WRAP ,7825,3144.5,232,33.72844827586207,300,3150.0,236.0991379310345,Overstock
21503,TOYBOX  WRAP ,1075,451.5,41,26.21951219512195,50,525.0,183.53658536585365,Overstock
21504,SKULLS GREETING CARD,3082,1251.33,218,14.137614678899082,144,1512.0,98.96330275229357,Overstock
21506,"FANCY FONT BIRTHDAY CARD, ",6272,2576.13,360,17.47075208913649,432,4536.0,122.29526462395543,Healthy
21507,"ELEPHANT, BIRTHDAY CARD, ",4990,2070.12,326,15.306748466257668,144,1512.0,107.14723926380367,Overstock
21508,VINTAGE KID DOLLY CARD ,4300,1792.14,334,12.874251497005988,84,882.0,90.11976047904191,Overstock
21509,COWBOYS AND INDIANS BIRTHDAY CARD ,5064,2059.71,360,14.066666666666666,84,882.0,98.46666666666667,Overstock
21511,VINTAGE COLLAGE  GREETING  CARD ,40,16.8,2,20.0,24,252.0,140.0,Restock Soon
21518,BANK ACCOUNT  GREETING  CARD ,801,341.88,72,11.125,72,756.0,77.875,Healthy
21519,GIN & TONIC DIET GREETING CARD ,4159,1806.13,314,13.245222929936306,101,1060.5,92.71656050955414,Overstock
21520,BOOZE & WOMEN GREETING CARD ,491,214.26,55,8.927272727272728,24,252.0,62.49090909090909,Healthy
21523,DOOR MAT FANCY FONT HOME SWEET HOME,1178,8238.8,245,4.827868852459017,80,840.0,33.795081967213115,Healthy
21523,DOORMAT FANCY FONT HOME SWEET HOME,1960,12983.39,236,8.376068376068377,300,3150.0,58.63247863247864,Healthy
21523,FANCY FONT HOME SWEET HOME DOORMAT,663,4378.65,164,4.0426829268292686,40,420.0,28.29878048780488,Healthy
21524,DOOR MAT SPOTTY HOME SWEET HOME,1772,10563.06,286,6.195804195804196,200,2100.0,43.37062937062937,Healthy
21524,DOORMAT SPOTTY HOME SWEET HOME,1139,8451.76,284,4.01056338028169,80,840.0,28.073943661971832,Healthy
21524,SPOTTY  HOME SWEET HOME DOORMAT,666,3978.34,120,5.55,150,1575.0,38.85,Healthy
21525,BEWARE OF THE CAT DOORMAT,2,13.5,2,1.0,1,10.5,7.0,Restock Soon
21527,RED RETROSPOT TRADITIONAL TEAPOT ,1929,13830.12,445,4.334831460674157,204,2142.0,30.3438202247191,Healthy
21527,RETRO SPOT TRADITIONAL TEAPOT ,1008,7937.910000000001,261,3.8620689655172415,60,630.0,27.03448275862069,Healthy
21528,DAIRY MAID TRADITIONAL TEAPOT ,689,4163.95,150,4.593333333333334,204,2142.0,32.153333333333336,Healthy
21529,RED RETROSPOT TOASTRACK,120,444.36,49,2.4489795918367347,12,126.0,17.142857142857142,Healthy
21529,RETRO SPOT CERAMIC TOASTRACK,383,1346.0800000000002,103,3.7184466019417477,18,189.0,26.029126213592235,Overstock
21530,DAIRY MAID CERAMIC TOASTRACK,59,183.06000000000003,19,3.1052631578947367,6,63.0,21.736842105263158,Healthy
21530,DAIRY MAID TOASTRACK,127,426.65000000000003,43,2.953488372093023,18,189.0,20.674418604651162,Healthy
21531,RED RETROSPOT SUGAR JAM BOWL,1697,4254.46,343,4.961988304093567,120,1260.0,34.73391812865497,Healthy
21531,RETRO SPOT SUGAR JAM BOWL,921,2382.2400000000002,196,4.698979591836735,72,756.0,32.892857142857146,Healthy
21532,DAIRY MAID SUGAR JAM BOWL,1387,1419.71,90,15.411111111111111,1128,11844.0,107.87777777777778,Healthy
21533,RETRO SPOT LARGE MILK JUG,1687,8420.28,516,3.275728155339806,48,504.0,22.93009708737864,Overstock
21533,RETROSPOT LARGE MILK JUG,347,1742.37,110,3.18348623853211,24,252.0,22.284403669724767,Healthy
21534,DAIRY MAID LARGE MILK JUG,572,2914.48,189,3.0264550264550265,24,252.0,21.185185185185187,Overstock
21535,RED RETROSPOT SMALL MILK JUG,2572,6475.4800000000005,472,5.484008528784648,96,1008.0,38.38805970149254,Overstock
21535,RETRO SPOT SMALL MILK JUG,1719,4380.61,297,5.8074324324324325,96,1008.0,40.652027027027025,Healthy
21536,DAIRY MAID  SMALL  MILK JUG,221,474.74,61,3.622950819672131,12,126.0,25.360655737704917,Healthy
21537,RED RETROSPOT PUDDING BOWL,423,1865.37,126,3.357142857142857,32,336.0,23.5,Healthy
21537,RETRO SPOTS PUDDING BOWL,294,1273.26,74,3.972972972972973,32,336.0,27.81081081081081,Healthy
21538,DAIRY MAID  PUDDING BOWL,1308,1924.51,51,25.647058823529413,1200,12600.0,179.52941176470588,Healthy
21539,RED RETROSPOT BUTTER DISH,931,4882.67,312,3.022727272727273,36,378.0,21.15909090909091,Overstock
21539,RETRO SPOTS BUTTER DISH,867,4142.87,173,5.011560693641618,198,2079.0,35.080924855491325,Healthy
21540,DAIRY MAID BUTTER DISH,1209,1885.33,39,31.0,1098,11529.0,217.0,Healthy
21540,DAIRY MAID CERAMIC BUTTER DISH,114,509.62,48,2.375,18,189.0,16.625,Healthy
21541,DINOSAURS WATER TRANSFER TATTOOS ,1907,1636.24,201,9.535,200,2100.0,66.745,Healthy
21542,WOODLAND WATER TRANSFER TATTOOS ,1877,1600.75,190,9.878947368421052,200,2100.0,69.15263157894736,Healthy
21543,BUTTERFLY WATER TRANSFER TATTOOS ,284,215.0,24,11.833333333333334,200,2100.0,82.83333333333334,Healthy
21544,SKULLS  WATER TRANSFER TATTOOS ,4156,3429.46,342,12.152046783625732,600,6300.0,85.06432748538012,Healthy
21545,CERAMIC BIRDHOUSE BUTTERFLY SMALL,697,1640.1200000000001,82,8.5,225,2362.5,59.5,Healthy
21547,CERAMIC BIRDHOUSE CRESTED TIT SMALL,649,1624.45,100,6.49,225,2362.5,45.43,Healthy
21548,CERAMIC BIRDHOUSE FINCH BLUE ROOF,682,1776.1200000000001,107,6.373831775700935,225,2362.5,44.61682242990654,Healthy
21549,CERAMIC BIRDHOUSE RED ROOF SMALL,547,1270.39,51,10.72549019607843,240,2520.0,75.07843137254902,Healthy
21550,CERAMIC BIRDHOUSE CRESTED TIT LARGE,295,1565.51,64,4.609375,120,1260.0,32.265625,Healthy
21551,CERAMIC BIRDHOUSE BUTTERFLY LARGE,169,824.95,22,7.681818181818182,104,1092.0,53.77272727272727,Healthy
21552,CERAMIC BIRDHOUSE BLACK ROSE  LARGE,165,837.6,35,4.714285714285714,75,787.5,33.0,Healthy
21553,CERAMIC BIRDHOUSE FINCH BLUE  LARGE,90,581.27,39,2.3076923076923075,27,283.5,16.153846153846153,Healthy
21554,CERAMIC BIRDHOUSE RED ROOF LARGE,167,767.75,22,7.590909090909091,120,1260.0,53.13636363636363,Healthy
21555,CERAMIC STRAWBERRY TRINKET TRAY,294,796.2,66,4.454545454545454,72,756.0,31.18181818181818,Healthy
21556,CERAMIC STRAWBERRY MONEY BOX,649,1789.93,185,3.5081081081081082,24,252.0,24.55675675675676,Overstock
21557,SET OF 6 FUNKY BEAKERS,402,1407.43,149,2.7162162162162162,24,252.0,19.013513513513512,Healthy
21558,SKULL LUNCH BOX WITH CUTLERY ,1815,4598.83,310,5.931372549019608,72,756.0,41.51960784313726,Overstock
21558,SKULL LUNCHBOX WITH CUTLERY ,298,796.12,65,4.584615384615384,100,1050.0,32.09230769230769,Healthy
21559,STRAWBERRY LUNCH BOX WITH CUTLERY,2932,7423.05,489,6.020533880903491,120,1260.0,42.143737166324435,Overstock
21559,STRAWBERRY LUNCHBOX WITH CUTLERY,1448,3454.09,183,7.912568306010929,240,2520.0,55.387978142076506,Healthy
21560,TOADSTOOL  LUNCHBOX WITH CUTLERY,4,15.44,4,1.0,1,10.5,7.0,Restock Soon
21561,DINOSAUR LUNCH BOX WITH CUTLERY,1126,2769.54,199,5.658291457286432,60,630.0,39.608040201005025,Healthy
21561,DINOSAUR LUNCHBOX WITH CUTLERY,570,1429.9,113,5.04424778761062,60,630.0,35.309734513274336,Healthy
21562,HAWAIIAN GRASS SKIRT ,354,589.9200000000001,45,7.866666666666666,80,840.0,55.06666666666666,Healthy
21563,RED HEART SHAPE LOVE BUCKET ,1405,4122.76,209,6.722488038277512,120,1260.0,47.057416267942585,Healthy
21564,PINK  HEART SHAPE LOVE BUCKET ,925,2746.0000000000005,176,5.255681818181818,60,630.0,36.78977272727273,Healthy
21576,LETS GO SHOPPING COTTON TOTE BAG,490,1126.16,130,3.769230769230769,13,136.5,26.384615384615383,Overstock
21577,SAVE THE PLANET COTTON TOTE BAG,1872,4160.72,302,6.219269102990033,200,2100.0,43.53488372093023,Healthy
21578,WOODLAND DESIGN  COTTON TOTE BAG,1469,3430.41,259,5.6937984496124034,60,630.0,39.856589147286826,Overstock
21579,LOLITA  DESIGN  COTTON TOTE BAG,862,1174.19,90,9.577777777777778,200,2100.0,67.04444444444444,Healthy
21580,RABBIT  DESIGN  COTTON TOTE BAG,369,903.56,113,3.265486725663717,16,168.0,22.858407079646017,Overstock
21581,SKULLS  DESIGN  COTTON TOTE BAG,936,1344.5,134,7.037593984962406,200,2100.0,49.26315789473684,Healthy
21582,KINGS CHOICE SMALL TUBE MATCHES,117,193.04999999999998,16,7.3125,20,210.0,51.1875,Healthy
21584,RETRO SPOT SMALL TUBE MATCHES,2005,3183.45,131,15.305343511450381,480,5040.0,107.13740458015266,Healthy
21584,RETROSPOT SMALL TUBE MATCHES,776,1260.4,85,9.129411764705882,100,1050.0,63.90588235294118,Healthy
21585,SWALLOW SMALL TUBE MATCHES,1,1.65,1,1.0,1,10.5,7.0,Restock Soon
21586,KINGS CHOICE GIANT TUBE MATCHES,1914,4464.0,179,10.692737430167599,144,1512.0,74.84916201117319,Healthy
21587,COSY HOUR GIANT TUBE MATCHES,2006,5007.3,249,8.088709677419354,48,504.0,56.62096774193548,Overstock
21588,RETRO SPOT GIANT  TUBE MATCHES,1295,3034.9500000000003,102,12.696078431372548,192,2016.0,88.87254901960785,Healthy
21588,RETROSPOT GIANT TUBE MATCHES,601,1370.55,59,10.186440677966102,204,2142.0,71.30508474576271,Healthy
21589,SWALLOW GIANT TUBE MATCHES,1119,2583.4500000000003,88,12.715909090909092,192,2016.0,89.01136363636364,Healthy
21590,KINGS CHOICE CIGAR BOX MATCHES ,3448,4141.28,286,12.140845070422536,288,3024.0,84.98591549295776,Healthy
21591,COSY HOUR CIGAR BOX MATCHES ,2710,4139.4400000000005,232,11.681034482758621,389,4084.5,81.76724137931035,Healthy
21592,RETRO SPOT  CIGAR BOX MATCHES ,3104,3652.0,190,16.33684210526316,576,6048.0,114.35789473684211,Healthy
21592,RETROSPOT CIGAR BOX MATCHES ,718,870.14,83,8.75609756097561,144,1512.0,61.292682926829265,Healthy
21593,SWALLOW CIGAR BOX MATCHES ,1391,1629.31,94,14.956989247311828,576,6048.0,104.6989247311828,Healthy
21594,Dr. Jam's Arouzer Stress Ball,4,16.93,4,1.0,1,10.5,7.0,Restock Soon
21595,Dad's Cab Electronic Meter,9,76.95,9,1.0,1,10.5,7.0,Healthy
21596,Hypochondriac Pill Stress Ball,10,42.64,9,1.1111111111111112,2,21.0,7.777777777777779,Healthy
21609,SET 12 LAVENDER  BOTANICAL T-LIGHTS,750,2143.86,148,5.0675675675675675,48,504.0,35.472972972972975,Healthy
21610,SET 12 PEAR BOTANICAL T-LIGHTS,542,1543.67,97,5.587628865979381,48,504.0,39.113402061855666,Healthy
21611,SET OF 12 LILY BOTANICAL T-LIGHTS,750,2182.19,148,5.1020408163265305,48,504.0,35.714285714285715,Healthy
21612,SET 12 WILDFLOWER BOTANICAL T-LIGHT,698,2025.7700000000002,113,6.176991150442478,48,504.0,43.23893805309735,Healthy
21613,S/12 VANILLA  BOTANICAL T-LIGHTS,409,1211.3200000000002,104,3.9326923076923075,24,252.0,27.528846153846153,Healthy
21614,SET OF 12 ROSE BOTANICAL T-LIGHTS,1576,4384.88,185,8.518918918918919,192,2016.0,59.63243243243243,Healthy
21615,4 LAVENDER BOTANICAL DINNER CANDLES,283,983.25,35,8.085714285714285,48,504.0,56.599999999999994,Healthy
21616,4 PEAR BOTANICAL DINNER CANDLES,341,1211.49,56,6.089285714285714,48,504.0,42.625,Healthy
21617,4 LILY  BOTANICAL DINNER CANDLES,325,1185.75,70,4.642857142857143,48,504.0,32.5,Healthy
21618,4 WILDFLOWER BOTANICAL CANDLES,298,1074.24,50,5.96,48,504.0,41.72,Healthy
21619,4 VANILLA BOTANICAL CANDLES,158,600.24,49,3.2244897959183674,12,126.0,22.571428571428573,Healthy
21620,S/4 ROSE    BOTANICAL  CANDLE,127,477.12,38,3.3421052631578947,24,252.0,23.394736842105264,Healthy
21620,SET OF 4 ROSE BOTANICAL CANDLES,80,303.87,20,4.0,12,126.0,28.0,Healthy
21621,VINTAGE UNION JACK BUNTING,4144,36023.71,829,5.004830917874396,408,4284.0,35.033816425120776,Healthy
21622,VINTAGE UNION JACK CUSHION COVER,3348,18097.85,527,6.377142857142857,648,6804.0,44.64,Healthy
21623,VINTAGE UNION JACK MEMOBOARD,3927,29102.69,327,12.009174311926605,600,6300.0,84.06422018348624,Healthy
21624,VINTAGE UNION JACK DOORSTOP,1567,9380.99,314,5.006389776357827,648,6804.0,35.04472843450479,Healthy
21625,VINTAGE UNION JACK APRON,600,4295.36,177,3.409090909090909,100,1050.0,23.863636363636363,Healthy
21626,VINTAGE UNION JACK PENNANT,717,1468.3,109,6.577981651376147,24,252.0,46.04587155963303,Overstock
21627,ELEPHANT CARNIVAL POUFFE,137,2570.95,72,1.9027777777777777,24,252.0,13.319444444444443,Healthy
21628,TRIANGULAR POUFFE VINTAGE ,103,2053.5299999999997,55,1.8727272727272728,24,252.0,13.10909090909091,Healthy
21629,SQUARE FLOOR CUSHION VINTAGE PINK ,19,270.47,14,1.3571428571428572,2,21.0,9.5,Healthy
21629,SQUARE FLOOR CUSHION VINTAGE RED,89,1034.75,51,1.7450980392156863,6,63.0,12.215686274509803,Healthy
21630,FLOOR CUSHION ELEPHANT CARNIVAL,98,1319.46,64,1.5555555555555556,5,52.5,10.88888888888889,Healthy
21631,HIPPY CHIC DECORATIVE PARASOL,52,675.74,27,1.9259259259259258,7,73.5,13.481481481481481,Healthy
21632,VINTAGE PINK DECORATIVE PARASOL,45,611.97,30,1.5,5,52.5,10.5,Healthy
21633,SUNFLOWER DECORATIVE PARASOL,50,767.65,30,1.6666666666666667,6,63.0,11.666666666666668,Healthy
21634,ASSORTED MINI MADRAS NOTEBOOK,797,1030.81,43,18.53488372093023,144,1512.0,129.74418604651163,Healthy
21635,MADRAS NOTEBOOK LARGE ,132,499.03,28,4.714285714285714,24,252.0,33.0,Healthy
21636,MADRAS NOTEBOOK MEDIUM,101,280.58,25,4.04,24,252.0,28.28,Healthy
21637,ASSORTED SANSKRIT MINI NOTEBOOK,1249,1605.47,87,14.35632183908046,288,3024.0,100.49425287356321,Healthy
21638,ASSORTED TUTTI FRUTTI NOTEBOOK,792,1727.8500000000001,107,7.401869158878505,48,504.0,51.81308411214953,Healthy
21639,ASSORTED TUTTI FRUTTI KEYRING,259,228.64999999999998,15,17.266666666666666,48,504.0,120.86666666666666,Healthy
21640,ASSORTED TUTTI FRUTTI  FOB NOTEBOOK,1578,1419.74,130,12.138461538461538,96,1008.0,84.96923076923076,Healthy
21641,ASSORTED TUTTI FRUTTI KEYRING BALL,521,507.99999999999994,67,7.776119402985074,48,504.0,54.43283582089552,Healthy
21642,ASSORTED TUTTI FRUTTI PEN,1949,1753.6399999999999,154,12.655844155844155,240,2520.0,88.5909090909091,Healthy
21643,ASSORTED TUTTI FRUTTI MIRROR,986,1418.5,150,6.573333333333333,36,378.0,46.013333333333335,Overstock
21644,ASSORTED TUTTI FRUTTI HEART BOX,874,1195.22,106,8.245283018867925,50,525.0,57.716981132075475,Healthy
21645,ASSORTED TUTTI FRUTTI ROUND BOX,969,1642.65,133,7.285714285714286,84,882.0,51.0,Healthy
21647,ASSORTED TUTTI FRUTTI LARGE PURSE,743,1678.7800000000002,121,6.140495867768595,36,378.0,42.98347107438017,Healthy
21648,ASSORTED TUTTI FRUTTI SMALL PURSE,2258,3061.42,173,13.052023121387283,120,1260.0,91.36416184971098,Healthy
21649,ASSORTED TUTTI FRUTTI PHOTO FRAME,421,1162.89,29,14.517241379310345,144,1512.0,101.62068965517241,Healthy
21650,ASSORTED TUTTI FRUTTI BRACELET,662,478.17,68,9.735294117647058,48,504.0,68.1470588235294,Healthy
21651,HANGING GLASS ETCHED TEALIGHT,1272,2067.91,118,10.779661016949152,216,2268.0,75.45762711864407,Healthy
21652,GLASS ETCHED T-LIGHT HOLDER MEDIUM,896,1747.9399999999998,78,11.487179487179487,36,378.0,80.41025641025641,Overstock
21653,GLASS ETCHED T-LIGHT HOLDER LARGE,1246,2565.67,111,11.225225225225225,144,1512.0,78.57657657657657,Healthy
21654,RIDGED GLASS FINGER BOWL,215,324.22999999999996,24,8.958333333333334,72,756.0,62.708333333333336,Healthy
21655,HANGING RIDGE GLASS T-LIGHT HOLDER,1360,2216.66,87,15.632183908045977,108,1134.0,109.42528735632185,Healthy
21656,RIDGED GLASS POSY VASE ,770,1183.3999999999999,95,8.105263157894736,72,756.0,56.73684210526315,Healthy
21657,MILK BOTTLE WITH GLASS STOPPER ,240,1841.75,106,2.2641509433962264,12,126.0,15.849056603773585,Healthy
21658,GLASS  BEURRE DISH,1379,5724.67,319,4.363924050632911,30,315.0,30.54746835443038,Overstock
21659,GLASS CAKE STAND,120,1891.7,66,1.8181818181818181,12,126.0,12.727272727272727,Healthy
21661,VINTAGE GLASS TEA CADDY,236,1493.46,95,2.4842105263157896,12,126.0,17.38947368421053,Healthy
21662,VINTAGE GLASS COFFEE CADDY,187,1219.31,83,2.253012048192771,12,126.0,15.771084337349398,Healthy
21663,VINTAGE GLASS SUGAR CADDY,76,488.16,32,2.375,12,126.0,16.625,Healthy
21664,RIDGED GLASS STORAGE JAR CREAM LID,169,714.6,52,3.25,24,252.0,22.75,Healthy
21665,TRIANGULAR RIDGED GLASS POSY HOLDER,879,638.8,75,11.72,84,882.0,82.04,Healthy
21666, RIDGED GLASS T-LIGHT HOLDER,952,552.12,14,68.0,504,5292.0,476.0,Healthy
21666,RIDGED GLASS T-LIGHT HOLDER,397,271.18,29,13.689655172413794,48,504.0,95.82758620689656,Healthy
21667,GLASS CAKE COVER AND PLATE,352,6096.349999999999,162,2.1728395061728394,12,126.0,15.209876543209877,Overstock
21668,RED STRIPE CERAMIC DRAWER KNOB,4897,6476.88,394,12.460559796437659,192,2016.0,87.2239185750636,Overstock
21669,BLUE STRIPE CERAMIC DRAWER KNOB,5417,6879.92,391,13.854219948849105,192,2016.0,96.97953964194373,Overstock
21670,BLUE SPOT CERAMIC DRAWER KNOB,4590,6099.8,403,11.389578163771713,192,2016.0,79.72704714640199,Overstock
21671,RED SPOT CERAMIC DRAWER KNOB,5150,6372.09,367,14.032697547683924,192,2016.0,98.22888283378747,Overstock
21672,WHITE SPOT RED CERAMIC DRAWER KNOB,6180,7703.91,413,14.963680387409202,192,2016.0,104.74576271186442,Overstock
21673,WHITE SPOT BLUE CERAMIC DRAWER KNOB,5849,7456.31,411,14.231143552311435,384,4032.0,99.61800486618004,Healthy
21674,RIDGED GLASS PENDANT LAMPSHADE,43,680.8499999999999,9,4.777777777777778,12,126.0,33.44444444444444,Healthy
21675,BUTTERFLIES STICKERS,1189,1042.3799999999999,165,7.206060606060606,36,378.0,50.442424242424245,Overstock
21676,FLOWERS  STICKERS,955,664.51,101,9.455445544554456,120,1260.0,66.1881188118812,Healthy
21677,HEARTS  STICKERS,1341,1171.37,169,7.93491124260355,60,630.0,55.544378698224854,Overstock
21678,PAISLEY PATTERN  STICKERS,455,318.75,51,8.92156862745098,120,1260.0,62.450980392156865,Healthy
21679,SKULLS  STICKERS,3791,3060.17,238,15.928571428571429,576,6048.0,111.5,Healthy
21680,WOODLAND  STICKERS,2059,1757.6399999999999,172,11.970930232558139,288,3024.0,83.79651162790697,Healthy
21681,GIANT MEDINA STAMPED METAL BOWL ,231,2214.91,77,3.0,24,252.0,21.0,Healthy
21682,LARGE MEDINA STAMPED METAL BOWL ,397,1935.63,100,3.97,72,756.0,27.790000000000003,Healthy
21683,MEDIUM MEDINA STAMPED METAL BOWL ,652,1888.4300000000003,98,6.653061224489796,96,1008.0,46.57142857142857,Healthy
21684,SMALL MEDINA STAMPED METAL BOWL ,964,783.64,61,15.80327868852459,360,3780.0,110.62295081967214,Healthy
21685,MEDINA STAMPED METAL TRAY ,3,44.849999999999994,2,1.5,2,21.0,10.5,Restock Soon
21686,MEDINA STAMPED METAL STOOL,31,1148.45,14,2.2142857142857144,6,63.0,15.5,Healthy
21687,SILVER PLATE CANDLE BOWL LARGE,477,1871.23,101,4.7227722772277225,72,756.0,33.05940594059406,Healthy
21688,SILVER PLATE CANDLE BOWL SMALL,607,1874.1800000000003,92,6.5978260869565215,55,577.5,46.18478260869565,Healthy
21689,SILVER VANILLA  FLOWER CANDLE POT,248,902.0,35,7.085714285714285,96,1008.0,49.599999999999994,Healthy
21690,SILVER  CANDLEPOT JARDIN ,254,975.84,79,3.2151898734177213,24,252.0,22.50632911392405,Healthy
21691,SILVER VANILLA FLOWER CANDLE POT,249,960.99,72,3.4583333333333335,12,126.0,24.208333333333336,Healthy
21692,SILVER LATTICE VANILLA CANDLE POT,493,1872.87,107,4.607476635514018,48,504.0,32.25233644859813,Healthy
21693,SMALL HAMMERED SILVER CANDLEPOT ,544,1649.89,76,7.157894736842105,42,441.0,50.10526315789474,Healthy
21694,SMALL REGAL  SILVER CANDLEPOT ,273,823.6300000000001,49,5.571428571428571,18,189.0,39.0,Healthy
21695,SMALL SILVER FLOWER CANDLE POT,358,1129.9,63,5.682539682539683,45,472.5,39.77777777777778,Healthy
21696,SMALL SILVER TRELLIS CANDLEPOT,544,1637.7500000000002,78,6.9743589743589745,27,283.5,48.82051282051282,Healthy
21697,SET 5 MINI DOUGHNUT FRIDGE MAGNET ,372,295.08000000000004,7,53.142857142857146,240,2520.0,372.0,Healthy
21698,MOCK LOBSTER FRIDGE MAGNET,240,244.79999999999998,73,3.287671232876712,36,378.0,23.013698630136986,Healthy
21699,SET 5 MINI CHOCOLATE FRIDGE MAGNETS,108,82.44,3,36.0,72,756.0,252.0,Restock Soon
21700,BIG DOUGHNUT FRIDGE MAGNETS,4695,4842.87,342,13.890532544378699,240,2520.0,97.23372781065089,Healthy
21702,SET 5 MINI GATEAUX  FRIDGE MAGNETS,2636,918.6800000000001,8,329.5,2040,21420.0,2306.5,Healthy
21703,BAG 125g SWIRLY MARBLES,5405,2212.58,275,19.654545454545456,192,2016.0,137.5818181818182,Overstock
21704,BAG 250g SWIRLY MARBLES,12155,9304.07,333,36.5015015015015,1944,20412.0,255.5105105105105,Healthy
21705,BAG 500g SWIRLY MARBLES,1104,1748.49,91,12.131868131868131,96,1008.0,84.92307692307692,Healthy
21706,"FOLDING UMBRELLA , RED/WHITE SPOT",916,2962.82,104,8.807692307692308,144,1512.0,61.65384615384616,Healthy
21706,FOLDING UMBRELLA RED/WHITE POLKADOT,93,507.33000000000004,35,2.657142857142857,12,126.0,18.599999999999998,Healthy
21707,"FOLDING UMBRELLA , BLACK/BLUE  SPOT",775,3077.01,69,11.231884057971014,300,3150.0,78.6231884057971,Healthy
21707,FOLDING UMBRELLA BLACKBLUE POLKADOT,70,344.28000000000003,29,2.413793103448276,12,126.0,16.89655172413793,Healthy
21708,FOLDING UMBRELLA  CREAM/MULTI  SPOT,379,1260.25,53,7.150943396226415,48,504.0,50.056603773584904,Healthy
21708,FOLDING UMBRELLA CREAM POLKADOT,43,218.07000000000002,13,3.3076923076923075,12,126.0,23.153846153846153,Healthy
21709,FOLDING UMBRELLA  CHOC/WHITE  SPOT,533,2115.77,49,10.877551020408163,300,3150.0,76.14285714285714,Healthy
21709,FOLDING UMBRELLA CHOCOLATE POLKADOT,32,163.62,11,2.909090909090909,12,126.0,20.363636363636363,Healthy
21710,FOLDING UMBRELLA  PINK/WHITE  SPOT,584,1549.34,49,11.918367346938776,168,1764.0,83.42857142857143,Healthy
21710,FOLDING UMBRELLA PINKWHITE POLKADOT,39,213.93,20,1.95,4,42.0,13.65,Healthy
21711,FOLDING UMBRELLA  WHITE/RED  SPOT,262,953.0,28,9.357142857142858,48,504.0,65.5,Healthy
21711,FOLDING UMBRELLA WHITE/RED POLKADOT,18,104.76,9,2.0,4,42.0,14.0,Healthy
21713,CITRONELLA CANDLE FLOWERPOT,1961,3361.32,237,8.274261603375528,96,1008.0,57.9198312236287,Healthy
21714,CITRONELLA CANDLE GARDEN POT,2635,3178.01,299,9.023972602739725,432,4536.0,63.16780821917808,Healthy
21715,GIRLS VINTAGE TIN SEASIDE BUCKET,2234,5510.63,259,8.625482625482626,224,2352.0,60.37837837837838,Healthy
21716,BOYS VINTAGE TIN SEASIDE BUCKET,2309,5618.0199999999995,258,8.949612403100776,224,2352.0,62.647286821705436,Healthy
21717,EASTER TIN BUCKET,1147,3097.7599999999998,136,8.433823529411764,64,672.0,59.03676470588235,Healthy
21718,RED METAL BEACH SPADE ,2551,3156.93,241,10.5850622406639,400,4200.0,74.0954356846473,Healthy
21719,LOVELY BONBON STICKER SHEET,593,534.52,91,6.516483516483516,36,378.0,45.61538461538461,Healthy
21720,CAKE SHOP  STICKER SHEET,1024,892.41,106,9.660377358490566,100,1050.0,67.62264150943396,Healthy
21721,CANDY SHOP  STICKER SHEET,944,862.41,120,7.866666666666666,72,756.0,55.06666666666666,Healthy
21722,SWEET PUDDING STICKER SHEET,265,248.24999999999997,48,5.520833333333333,84,882.0,38.64583333333333,Healthy
21723,ALPHABET HEARTS STICKER SHEET,498,446.13,82,6.073170731707317,50,525.0,42.51219512195122,Healthy
21724,PANDA AND BUNNIES STICKER SHEET,630,570.64,105,6.0,36,378.0,42.0,Healthy
21725,SWEETIES  STICKERS,856,785.18,130,6.584615384615384,84,882.0,46.09230769230769,Healthy
21726,MULTI HEARTS  STICKERS,868,751.7199999999999,119,7.294117647058823,100,1050.0,51.05882352941176,Healthy
21728,METAL MEDINA LANTERN ,298,2773.11,40,7.45,204,2142.0,52.15,Healthy
21729,SMALL MARAKESH METAL  LANTERN ,124,422.9,30,4.133333333333334,32,336.0,28.933333333333337,Healthy
21730,GLASS STAR FROSTED T-LIGHT HOLDER,752,3714.46,191,3.93717277486911,18,189.0,27.56020942408377,Overstock
21731,RED TOADSTOOL LED NIGHT LIGHT,15695,25588.56,720,21.79861111111111,720,7560.0,152.59027777777777,Overstock
21732,RED HANGING METAL STAR TLIGHT HLDR,925,3214.57,58,15.948275862068966,352,3696.0,111.63793103448276,Healthy
21733,RED HANGING HEART T-LIGHT HOLDER,10088,28242.68,1066,9.54399243140965,324,3402.0,66.80794701986756,Overstock
21734,SMALL MARAKESH LANTERN ON STICK,97,529.49,29,3.3448275862068964,12,126.0,23.413793103448274,Healthy
21735,TWO DOOR CURIO CABINET,675,8925.699999999999,185,3.6486486486486487,114,1197.0,25.54054054054054,Healthy
21736,GOLD SCROLL GLASS T-LIGHT HOLDER,113,256.47,22,5.136363636363637,12,126.0,35.95454545454545,Healthy
21737,SET 3 WICKER LOG BASKETS,398,7362.66,164,2.426829268292683,104,1092.0,16.98780487804878,Healthy
21738,COSY SLIPPER SHOES SMALL  RED ,396,1245.93,118,3.3559322033898304,36,378.0,23.491525423728813,Healthy
21739,COSY SLIPPER SHOES SMALL GREEN,255,793.0200000000001,70,3.642857142857143,12,126.0,25.5,Overstock
21740,COSY SLIPPER SHOES LARGE RED,201,698.0100000000001,66,3.0923076923076924,18,189.0,21.646153846153847,Healthy
21741,COSY SLIPPER SHOES LARGE GREEN,586,1913.9,155,3.7806451612903227,36,378.0,26.46451612903226,Healthy
21742,LARGE ROUND WICKER PLATTER ,245,1498.3700000000001,104,2.355769230769231,8,84.0,16.490384615384617,Overstock
21743,STAR PORTABLE TABLE LIGHT ,1144,3310.1200000000003,147,7.782312925170068,96,1008.0,54.476190476190474,Healthy
21744,SNOWFLAKE PORTABLE TABLE LIGHT ,394,1225.1000000000001,97,4.104166666666667,13,136.5,28.729166666666668,Overstock
21745,GAOLERS KEYS DECORATIVE GARDEN ,1797,5845.59,277,6.487364620938628,204,2142.0,45.411552346570396,Healthy
21746,SMALL RED RETROSPOT WINDMILL,2042,2593.75,189,10.804232804232804,192,2016.0,75.62962962962962,Healthy
21746,SMALL RED SPOT  WINDMILL,852,1116.44,76,11.210526315789474,192,2016.0,78.47368421052632,Healthy
21747,SMALL SKULL WINDMILL,1564,1806.74,99,15.797979797979798,300,3150.0,110.58585858585859,Healthy
21749,LARGE RED RETROSPOT WINDMILL,753,1565.8100000000002,96,7.84375,96,1008.0,54.90625,Healthy
21749,LARGE RED SPOT WINDMILL,2945,5554.92,52,56.63461538461539,816,8568.0,396.44230769230774,Healthy
21750, LARGE SKULL WINDMILL,8,16.8,2,4.0,6,63.0,28.0,Restock Soon
21750,LARGE SKULL WINDMILL,214,452.17,37,5.783783783783784,48,504.0,40.48648648648649,Healthy
21752,GLASS CAKE STAND MIRRORED BASE,77,1244.81,37,2.081081081081081,12,126.0,14.567567567567568,Healthy
21754,HOME BUILDING BLOCK WORD,5037,30851.27,1331,3.804380664652568,36,378.0,26.630664652567976,Overstock
21755,LOVE BUILDING BLOCK WORD,3715,22920.53,1091,3.4145220588235294,36,378.0,23.901654411764707,Overstock
21756,BATH BUILDING BLOCK WORD,846,5215.900000000001,327,2.5950920245398774,24,252.0,18.165644171779142,Overstock
21757,LIGHTHOUSE PRINTED METAL SIGN,74,424.6,39,1.8974358974358974,8,84.0,13.282051282051281,Healthy
21758,VINTAGE SHELLS PRINT,88,680.46,50,1.76,6,63.0,12.32,Healthy
21759,METAL WALL SHELF UNIT WITH HOOKS,30,1274.47,13,2.3076923076923075,14,147.0,16.153846153846153,Healthy
21760,FRENCH STYLE WALL DRESSER,15,1740.0,12,1.25,3,31.5,8.75,Healthy
21761,WOOD AND GLASS MEDICINE CABINET,57,1575.15,16,3.5625,15,157.5,24.9375,Healthy
21763,VINTAGE WOODEN BAR STOOL,37,988.15,13,2.8461538461538463,8,84.0,19.923076923076923,Healthy
21764,VINTAGE WOODEN PLATE RACK,17,659.1500000000001,11,1.5454545454545454,4,42.0,10.818181818181818,Healthy
21765,HANGING METAL BIRD BATH,371,3076.39,143,2.5944055944055946,36,378.0,18.160839160839163,Healthy
21767,FRENCH STYLE WIRE DOOR CABINET ,1,29.95,1,1.0,1,10.5,7.0,Restock Soon
21768,WALL MOUNTED VINTAGE ORGANISER,497,6756.09,163,3.049079754601227,201,2110.5,21.34355828220859,Healthy
21769,VINTAGE POST OFFICE CABINET,123,7954.87,48,2.5625,34,357.0,17.9375,Healthy
21770,OPEN CLOSED METAL SIGN,1353,6883.370000000001,263,5.144486692015209,684,7182.0,36.01140684410647,Healthy
21772,VINTAGE METAL CAKE STAND CREAM ,1,12.75,1,1.0,1,10.5,7.0,Restock Soon
21773,DECORATIVE ROSE BATHROOM BOTTLE,493,782.8199999999999,152,3.2649006622516556,24,252.0,22.85430463576159,Healthy
21774,DECORATIVE CATS BATHROOM BOTTLE,649,1043.86,193,3.3626943005181347,96,1008.0,23.53886010362694,Healthy
21775,DECORATIVE FLORE BATHROOM BOTTLE,367,629.51,143,2.5664335664335662,12,126.0,17.965034965034963,Overstock
21777,RECIPE BOX WITH METAL HEART,1126,9075.51,367,3.068119891008174,72,756.0,21.47683923705722,Healthy
21779,MA CAMPAGNE MINI WOODEN CHEST,301,1097.8000000000002,22,13.681818181818182,32,336.0,95.77272727272727,Healthy
21780,MA CAMPAGNE 4 DRAWER WALL SHELF,203,1745.8500000000001,32,6.548387096774194,16,168.0,45.83870967741936,Healthy
21781,MA CAMPAGNE CUTLERY BOX,493,7553.62,267,1.8533834586466165,32,336.0,12.973684210526315,Healthy
21784,SHOE SHINE BOX ,241,2984.81,140,1.7214285714285715,16,168.0,12.05,Healthy
21785,RAIN PONCHO ,1597,1249.23,98,16.29591836734694,144,1512.0,114.07142857142857,Healthy
21786,POLKADOT RAIN HAT ,1391,581.68,84,17.17283950617284,288,3024.0,120.20987654320987,Healthy
21786,RAIN HAT WITH RED SPOTS,4457,1688.2,157,28.388535031847134,576,6048.0,198.71974522292993,Healthy
21787,RAIN PONCHO RETROSPOT,1582,1232.29,74,21.37837837837838,432,4536.0,149.64864864864865,Healthy
21787,RAIN PONCHO WITH RED SPOTS,4727,3592.97,161,29.54375,576,6048.0,206.80625,Healthy
21788,KIDS RAIN MAC BLUE,2106,1716.25,122,17.262295081967213,144,1512.0,120.8360655737705,Healthy
21789,KIDS RAIN MAC PINK,2022,1657.99,129,15.674418604651162,144,1512.0,109.72093023255813,Healthy
21790,VINTAGE SNAP CARDS,13383,11553.289999999999,1001,13.409819639278558,320,3360.0,93.86873747494991,Overstock
21791,VINTAGE HEADS AND TAILS CARD GAME ,10668,13422.58,744,14.43572395128552,400,4200.0,101.05006765899864,Overstock
21792,CLASSIC FRENCH STYLE BASKET GREEN ,151,1033.73,66,2.287878787878788,16,168.0,16.015151515151516,Healthy
21793,CLASSIC FRENCH STYLE BASKET BROWN,49,330.75,28,1.75,3,31.5,12.25,Healthy
21794,CLASSIC FRENCH STYLE BASKET NATURAL,194,1372.56,75,2.5866666666666664,16,168.0,18.106666666666666,Healthy
21795,SET OF 3 BLUE STRIPE BASKET,441,3734.9400000000005,80,5.5125,327,3433.5,38.5875,Healthy
21796,SET OF 3 RED STRIPE BASKETS,324,2782.19,67,4.835820895522388,229,2404.5,33.850746268656714,Healthy
21801,CHRISTMAS TREE DECORATION WITH BELL,2502,1088.45,149,16.79194630872483,72,756.0,117.54362416107382,Overstock
21802,CHRISTMAS TREE HEART DECORATION,2609,1148.44,160,16.40880503144654,72,756.0,114.86163522012578,Overstock
21803,CHRISTMAS TREE STAR DECORATION,2427,1058.54,142,17.091549295774648,102,1071.0,119.64084507042253,Overstock
21804,WHITE CHRISTMAS GARLAND STARS TREES,387,1478.82,78,4.961538461538462,36,378.0,34.73076923076923,Healthy
21805,WHITE CHRISTMAS TREE DECORATION ,2221,957.63,103,21.563106796116504,144,1512.0,150.94174757281553,Healthy
21806,WHITE CHRISTMAS HEART DECORATION,2707,1179.4299999999998,128,21.1484375,144,1512.0,148.0390625,Healthy
21807,WHITE CHRISTMAS STAR DECORATION,2957,1306.57,150,19.713333333333335,144,1512.0,137.99333333333334,Healthy
21808,"CHRISTMAS GARLAND STARS,TREES",834,2126.45,98,8.510204081632653,36,378.0,59.57142857142857,Overstock
21809,CHRISTMAS HANGING TREE WITH BELL,1081,1361.33,98,11.03061224489796,144,1512.0,77.21428571428572,Healthy
21810,CHRISTMAS HANGING STAR WITH BELL,1169,1473.97,104,11.240384615384615,144,1512.0,78.6826923076923,Healthy
21811,CHRISTMAS HANGING HEART WITH BELL,1596,2041.1399999999999,153,10.431372549019608,144,1512.0,73.01960784313725,Healthy
21812,GARLAND WITH HEARTS AND BELLS,440,2330.7000000000003,112,3.9285714285714284,24,252.0,27.5,Healthy
21813,GARLAND WITH STARS AND BELLS,293,1677.23,85,3.4069767441860463,12,126.0,23.848837209302324,Overstock
21814,HEART T-LIGHT HOLDER ,611,928.04,83,7.36144578313253,24,252.0,51.53012048192771,Overstock
21815, STAR  T-LIGHT HOLDER ,25,42.61,8,3.125,12,126.0,21.875,Healthy
21815,STAR  T-LIGHT HOLDER ,553,854.53,64,8.640625,24,252.0,60.484375,Overstock
21816,CHRISTMAS TREE T-LIGHT HOLDER,391,592.39,44,8.886363636363637,24,252.0,62.20454545454545,Healthy
21817,GLITTER CHRISTMAS TREE,854,728.3299999999999,79,10.810126582278482,48,504.0,75.67088607594937,Healthy
21818,GLITTER CHRISTMAS HEART ,1653,1393.94,131,12.618320610687023,144,1512.0,88.32824427480917,Healthy
21819,GLITTER CHRISTMAS STAR ,1426,1222.95,129,11.054263565891473,36,378.0,77.37984496124031,Overstock
21820,GLITTER HEART GARLAND WITH BELLS ,499,1899.28,99,5.040404040404041,60,630.0,35.282828282828284,Healthy
21821,GLITTER STAR GARLAND WITH BELLS ,472,1898.01,100,4.72,60,630.0,33.04,Healthy
21822,GLITTER CHRISTMAS TREE WITH BELLS,350,700.76,49,7.142857142857143,30,315.0,50.0,Healthy
21823,PAINTED METAL HEART WITH HOLLY BELL,1110,1619.79,122,9.098360655737705,96,1008.0,63.68852459016394,Healthy
21824,PAINTED METAL STAR WITH HOLLY BELLS,884,1276.6699999999998,99,8.929292929292929,96,1008.0,62.505050505050505,Healthy
21825,PAINTED METAL TREE WITH HOLLY BELLS,733,1053.1899999999998,75,9.773333333333333,96,1008.0,68.41333333333333,Healthy
21826,EIGHT PIECE DINOSAUR SET,1700,2188.06,214,7.94392523364486,192,2016.0,55.60747663551402,Healthy
21827,EIGHT PIECE CREEPY CRAWLIE SET,834,1067.64,133,6.2706766917293235,48,504.0,43.89473684210527,Healthy
21828,EIGHT PIECE SNAKE  SET,783,978.39,102,7.676470588235294,192,2016.0,53.73529411764706,Healthy
21829,DINOSAUR KEYRINGS ASSORTED,8372,1809.4599999999998,240,34.88333333333333,432,4536.0,244.18333333333334,Healthy
21830,ASSORTED CREEPY CRAWLIES,5354,2213.39,171,31.309941520467838,576,6048.0,219.16959064327486,Healthy
21832,CHOCOLATE CALCULATOR,2477,4230.89,277,8.942238267148014,200,2100.0,62.595667870036095,Healthy
21833,CAMOUFLAGE LED TORCH,3831,6613.92,291,13.164948453608247,204,2142.0,92.15463917525773,Healthy
21836,GINGHAM OVEN GLOVE RED HEART ,247,996.39,99,2.494949494949495,14,147.0,17.464646464646464,Healthy
21837,CROSS STITCH ALPHABET CUSHION COVER,244,1622.64,91,2.681318681318681,15,157.5,18.769230769230766,Healthy
21838,DADDY MOUSE RED GINGHAM BOW TIE,1,5.45,1,1.0,1,10.5,7.0,Restock Soon
21839,MUMMY MOUSE RED GINGHAM RIBBON,200,1080.14,82,2.4390243902439024,36,378.0,17.073170731707318,Healthy
21841,BABY MOUSE RED GINGHAM DRESS,364,1547.22,111,3.279279279279279,36,378.0,22.954954954954953,Healthy
21842,PINK HEART CANDY BUTTON CALCULATOR,551,1308.74,47,11.72340425531915,100,1050.0,82.06382978723404,Healthy
21843,RED RETROSPOT CAKE STAND,2758,28640.239999999998,685,4.055882352941176,204,2142.0,28.391176470588235,Healthy
21843,RETRO SPOT CAKE STAND,1493,16354.009999999998,340,4.4171597633136095,144,1512.0,30.920118343195266,Healthy
21844,RED RETROSPOT MUG,2102,6007.620000000001,194,10.835051546391753,108,1134.0,75.84536082474227,Healthy
21844,RETRO SPOT MUG,1481,4343.01,154,9.616883116883116,72,756.0,67.31818181818181,Healthy
21845,DAIRY MAID STRIPE MUG,633,2091.21,78,8.115384615384615,70,735.0,56.80769230769231,Healthy
21846,PINK DIAMANTE PEN IN GIFT BOX,1201,2700.43,170,7.064705882352941,150,1575.0,49.45294117647059,Healthy
21847,GREEN  DIAMANTE PEN IN GIFT BOX,272,500.69,39,6.9743589743589745,120,1260.0,48.82051282051282,Healthy
21849,SILVER DIAMANTE PEN IN GIFT BOX,485,1053.15,74,6.554054054054054,96,1008.0,45.87837837837838,Healthy
21850,BLUE  DIAMANTE PEN IN GIFT BOX,330,639.07,59,5.593220338983051,72,756.0,39.152542372881356,Healthy
21851,LILAC DIAMANTE PEN IN GIFT BOX,503,1089.63,95,5.294736842105263,126,1323.0,37.06315789473684,Healthy
21852,EMPIRE TEDDY,2,13.9,2,1.0,1,10.5,7.0,Restock Soon
21853,GUMBALL CUSTOM CARS TOP TRUMPS GAME,3,15.399999999999999,3,1.0,1,10.5,7.0,Restock Soon
21854,EURO FOOTBALL STARS TOP TRUMPS GAME,1,5.17,1,1.0,1,10.5,7.0,Restock Soon
21857,STAR WARS TOP TRUMPS GAME,2,10.23,2,1.0,1,10.5,7.0,Restock Soon
21858,HIGH SCHOOL MUSICAL 3 TOP TRUMPS ,2,10.23,2,1.0,1,10.5,7.0,Restock Soon
21860,DR WHO TOP TRUMPS GAME,1,5.17,1,1.0,1,10.5,7.0,Restock Soon
21864,UNION JACK FLAG PASSPORT COVER ,1132,2639.89,237,4.776371308016878,120,1260.0,33.434599156118146,Healthy
21865,PINK UNION JACK  PASSPORT COVER ,631,1483.53,197,3.203045685279188,36,378.0,22.421319796954315,Healthy
21866,UNION JACK FLAG LUGGAGE TAG,1462,2388.7599999999998,271,5.4148148148148145,100,1050.0,37.9037037037037,Healthy
21867,PINK UNION JACK  LUGGAGE TAG,818,1111.3799999999999,176,4.6477272727272725,100,1050.0,32.53409090909091,Healthy
21868,POTTING SHED TEA MUG,6758,8123.97,599,11.282136894824708,432,4536.0,78.97495826377296,Healthy
21869,POTTING SHED COFFEE MUG,1264,1469.5800000000002,111,11.387387387387387,216,2268.0,79.7117117117117,Healthy
21870,I CAN ONLY PLEASE ONE PERSON MUG,4970,6147.82,494,10.06072874493927,216,2268.0,70.4251012145749,Overstock
21871,SAVE THE PLANET MUG,6201,7220.95,451,13.78,504,5292.0,96.46,Healthy
21872,GLAMOROUS  MUG,3826,3749.76,194,19.721649484536083,480,5040.0,138.0515463917526,Healthy
21873,IF YOU CAN'T STAND THE HEAT MUG,447,596.57,87,5.137931034482759,24,252.0,35.96551724137931,Healthy
21874,GIN AND TONIC MUG,3493,4283.16,347,10.095375722543352,216,2268.0,70.66763005780346,Healthy
21875,KINGS CHOICE MUG,4799,5516.69,277,17.38768115942029,760,7980.0,121.71376811594203,Healthy
21876,POTTERING MUG,1929,2634.73,310,6.242718446601942,72,756.0,43.699029126213595,Overstock
21877,HOME SWEET HOME MUG,8743,9151.19,421,20.767220902612827,612,6426.0,145.3705463182898,Healthy
21878,PACK OF 6 SANDCASTLE FLAGS ASSORTED,3068,2419.34,182,16.857142857142858,408,4284.0,118.0,Healthy
21879,HEARTS GIFT TAPE,400,287.24,62,6.451612903225806,60,630.0,45.16129032258064,Healthy
21880,RED AND WHITE SPOT TAPE,483,360.93,71,6.802816901408451,48,504.0,47.61971830985916,Healthy
21880,RED RETROSPOT TAPE,133,94.53,23,5.782608695652174,12,126.0,40.47826086956522,Healthy
21881,CUTE CATS TAPE,243,180.29000000000002,41,5.926829268292683,24,252.0,41.48780487804878,Healthy
21882,SKULLS TAPE,356,254.48000000000002,53,6.716981132075472,36,378.0,47.0188679245283,Healthy
21883,STARS GIFT TAPE ,760,518.33,99,7.6767676767676765,36,378.0,53.73737373737374,Overstock
21884,CAKES AND BOWS GIFT  TAPE,288,258.8,73,3.9452054794520546,12,126.0,27.61643835616438,Overstock
21888,BINGO SET,1893,7493.3,473,4.010593220338983,72,756.0,28.07415254237288,Overstock
21889,WOODEN BOX OF DOMINOES,6822,8765.28,573,11.926573426573427,220,2310.0,83.48601398601399,Overstock
21890,S/6 WOODEN SKITTLES IN COTTON BAG,2391,6951.64,339,7.053097345132743,500,5250.0,49.3716814159292,Healthy
21891,TRADITIONAL WOODEN SKIPPING ROPE,4119,5208.15,434,9.490783410138249,144,1512.0,66.43548387096774,Overstock
21892,TRADITIONAL WOODEN CATCH CUP GAME ,4761,6029.41,432,11.020833333333334,500,5250.0,77.14583333333334,Healthy
21893,POTTING SHED SEED TIN,172,587.8,20,8.6,120,1260.0,60.199999999999996,Healthy
21894,POTTING SHED SEED ENVELOPES,753,975.39,125,6.024,60,630.0,42.168,Healthy
21895,POTTING SHED SOW 'N' GROW SET,555,1718.63,85,6.529411764705882,240,2520.0,45.705882352941174,Healthy
21896,POTTING SHED TWINE,1415,2702.82,185,7.648648648648648,216,2268.0,53.54054054054054,Healthy
21897,POTTING SHED CANDLE CITRONELLA,461,1373.17,103,4.475728155339806,24,252.0,31.330097087378643,Healthy
21898,POTTING SHED ROSE CANDLE,334,997.7000000000002,88,3.7954545454545454,18,189.0,26.568181818181817,Healthy
21899,"KEY FOB , GARAGE DESIGN",4104,2640.11,358,11.495798319327731,625,6562.5,80.47058823529412,Healthy
21900,"KEY FOB , SHED",5230,3425.78,477,10.987394957983193,625,6562.5,76.91176470588235,Healthy
21901,"KEY FOB , BACK DOOR ",4446,2864.07,393,11.37084398976982,625,6562.5,79.59590792838874,Healthy
21902,"KEY FOB , FRONT  DOOR ",3478,2199.32,272,12.833948339483396,625,6562.5,89.83763837638377,Healthy
21903,MAN FLU METAL SIGN,2308,4511.26,243,9.497942386831276,288,3024.0,66.48559670781893,Healthy
21904,HOUSE WRECKING METAL SIGN ,712,1107.02,125,5.696,144,1512.0,39.872,Healthy
21905,MORE BUTTER METAL SIGN ,863,1336.26,106,8.141509433962264,288,3024.0,56.99056603773585,Healthy
21906,PHARMACIE FIRST AID TIN,1232,8672.74,264,4.666666666666667,464,4872.0,32.66666666666667,Healthy
21907,I'M ON HOLIDAY METAL SIGN,2871,5995.05,416,6.934782608695652,96,1008.0,48.54347826086956,Overstock
21908,CHOCOLATE THIS WAY METAL SIGN,6068,11727.29,527,11.536121673003802,480,5040.0,80.75285171102661,Healthy
21910,WAY OUT METAL SIGN ,1031,1340.43,104,10.009708737864077,288,3024.0,70.06796116504854,Healthy
21911,GARDEN METAL SIGN ,2452,3917.48,322,7.638629283489097,288,3024.0,53.47040498442368,Healthy
21912,VINTAGE SNAKES & LADDERS,2005,7887.04,451,4.445676274944567,216,2268.0,31.11973392461197,Healthy
21913,VINTAGE SEASIDE JIGSAW PUZZLES,757,2857.37,160,4.73125,192,2016.0,33.11875,Healthy
21914,BLUE HARMONICA IN BOX ,5432,7854.54,390,13.928205128205128,286,3003.0,97.4974358974359,Healthy
21915,RED  HARMONICA IN BOX ,16185,18385.97,396,40.9746835443038,1960,20580.0,286.8227848101266,Healthy
21916,SET 12 RETRO WHITE CHALK STICKS,6525,2829.68,370,17.682926829268293,324,3402.0,123.78048780487805,Healthy
21917,SET 12 KIDS  WHITE CHALK STICKS,3901,1643.8,251,15.541832669322709,288,3024.0,108.79282868525897,Healthy
21918,SET 12 KIDS COLOUR  CHALK STICKS,7531,3126.85,439,17.19406392694064,1056,11088.0,120.35844748858447,Healthy
21919,Electronic Talking Breath-A-Loser,6,30.47,5,1.2,2,21.0,8.4,Restock Soon
21922,UNION STRIPE WITH FRINGE  HAMMOCK,551,4329.610000000001,184,3.010928961748634,24,252.0,21.07650273224044,Overstock
21923,RED/CREAM STRIPE FRINGE HAMMOCK,337,2662.64,119,2.831932773109244,16,168.0,19.823529411764707,Overstock
21924,BLUE/CREAM STRIPE FRINGE HAMMOCK,315,2486.6600000000003,123,2.5609756097560976,13,136.5,17.926829268292682,Overstock
21925,UNION STRIPE CUSHION COVER ,810,1073.58,103,7.864077669902913,40,420.0,55.04854368932039,Healthy
21926,RED/CREAM STRIPE CUSHION COVER ,595,815.37,87,6.839080459770115,40,420.0,47.87356321839081,Healthy
21927,BLUE/CREAM STRIPE CUSHION COVER ,661,987.09,94,7.031914893617022,40,420.0,49.22340425531915,Healthy
21928,JUMBO BAG SCANDINAVIAN PAISLEY,14275,25878.77,755,18.982712765957448,300,3150.0,132.87898936170214,Overstock
21929,JUMBO BAG PINK VINTAGE PAISLEY,14931,27121.76,774,19.416124837451235,400,4200.0,135.91287386215865,Overstock
21930,JUMBO STORAGE BAG SKULLS,7202,13882.66,642,11.306122448979592,200,2100.0,79.14285714285714,Overstock
21931,JUMBO STORAGE BAG SUKI,15838,31493.71,1179,13.479148936170212,220,2310.0,94.35404255319148,Overstock
21932,SCANDINAVIAN PAISLEY PICNIC BAG,1164,3544.54,209,5.569377990430622,300,3150.0,38.985645933014354,Healthy
21933,PINK VINTAGE PAISLEY PICNIC BAG,1467,4203.97,223,6.57847533632287,300,3150.0,46.04932735426009,Healthy
21934,SKULL SHOULDER BAG,2222,3914.44,326,6.836923076923077,100,1050.0,47.85846153846154,Overstock
21935,SUKI  SHOULDER BAG,3816,7055.2,417,9.173076923076923,200,2100.0,64.21153846153847,Healthy
21936,RED RETROSPOT PICNIC BAG,2713,7988.31,414,6.5690072639225185,103,1081.5,45.98305084745763,Overstock
21936,RED/WHITE SPOT PICNIC BAG,1125,3164.59,111,10.135135135135135,300,3150.0,70.94594594594595,Healthy
21937,STRAWBERRY   PICNIC BAG,2407,7193.110000000001,414,5.814009661835748,300,3150.0,40.69806763285024,Healthy
21942,SKULLS DESIGN FLANNEL,1402,851.49,130,10.868217054263566,576,6048.0,76.07751937984496,Healthy
21943,CAKES AND RABBITS DESIGN FLANNEL ,474,397.98999999999995,101,4.74,48,504.0,33.18,Healthy
21944,KITTENS DESIGN FLANNEL,1460,809.0999999999999,109,13.518518518518519,576,6048.0,94.62962962962963,Healthy
21945,STRAWBERRIES  DESIGN FLANNEL ,1533,972.18,146,10.572413793103449,576,6048.0,74.00689655172414,Healthy
21946,PARTY TIME DESIGN FLANNEL,539,283.62,42,13.146341463414634,240,2520.0,92.02439024390245,Healthy
21947,SET OF 6 HEART CHOPSTICKS,880,1186.94,151,5.827814569536423,84,882.0,40.794701986754966,Healthy
21948,SET OF 6 CAKE CHOPSTICKS,1668,1971.96,123,13.560975609756097,960,10080.0,94.92682926829268,Healthy
21949,SET OF 6 STRAWBERRY CHOPSTICKS,1835,2169.84,136,13.492647058823529,960,10080.0,94.4485294117647,Healthy
21950,SET OF 6 DOTS CHOPSTICKS,211,263.63,18,11.722222222222221,180,1890.0,82.05555555555554,Healthy
21955,  DOORMAT UNION JACK GUNS AND ROSES,177,1193.31,60,2.95,10,105.0,20.650000000000002,Healthy
21955,DOOR MAT UNION JACK GUNS AND ROSES,797,5510.39,226,3.5739910313901344,200,2100.0,25.01793721973094,Healthy
21955,DOORMAT UNION JACK GUNS AND ROSES,966,5677.72,149,6.483221476510067,300,3150.0,45.38255033557047,Healthy
21955,UNION JACK GUNS & ROSES  DOORMAT,765,3987.11,102,7.5,200,2100.0,52.5,Healthy
21967,PACK OF 12 SKULL TISSUES,10627,2896.7499999999995,270,39.35925925925926,5184,54432.0,275.5148148148148,Healthy
21972,SET OF 36 DINOSAUR PAPER DOILIES,720,1061.74,106,6.7924528301886795,60,630.0,47.54716981132076,Healthy
21973,SET OF 36 MUSHROOM PAPER DOILIES,1517,2198.18,181,8.38121546961326,144,1512.0,58.668508287292816,Healthy
21974,SET OF 36 PAISLEY FLOWER DOILIES,4840,7110.7,454,10.66079295154185,288,3024.0,74.62555066079295,Healthy
21975,PACK OF 60 DINOSAUR CAKE CASES,19169,9227.74,714,26.922752808988765,960,10080.0,188.45926966292134,Healthy
21976,PACK OF 60 MUSHROOM CAKE CASES,9546,5035.98,570,16.835978835978835,480,5040.0,117.85185185185185,Healthy
21977,PACK OF 60 PINK PAISLEY CAKE CASES,31805,16187.31,1155,27.75305410122164,960,10080.0,194.27137870855148,Overstock
21980,PACK OF 12 RED RETROSPOT TISSUES ,2140,609.9999999999999,122,17.540983606557376,432,4536.0,122.78688524590163,Healthy
21980,PACK OF 12 RED SPOTTY TISSUES ,22721,5981.8099999999995,271,83.84132841328413,10000,105000.0,586.8892988929889,Healthy
21981,PACK OF 12 WOODLAND TISSUES ,20957,5548.93,298,70.3255033557047,10000,105000.0,492.27852348993287,Healthy
21982,PACK OF 12 SUKI TISSUES ,25198,8280.279999999999,383,66.13648293963254,10000,105000.0,462.95538057742783,Healthy
21983,PACK OF 12 BLUE PAISLEY TISSUES ,3971,1147.05,180,22.06111111111111,432,4536.0,154.42777777777778,Healthy
21984,PACK OF 12 PINK PAISLEY TISSUES ,22029,5958.07,233,94.54506437768241,10000,105000.0,661.8154506437769,Healthy
21985,PACK OF 12 HEARTS DESIGN TISSUES ,16873,6286.05,511,33.21456692913386,5000,52500.0,232.501968503937,Healthy
21986,PACK OF 12 PINK POLKADOT TISSUES,1144,414.33,92,12.434782608695652,96,1008.0,87.04347826086956,Healthy
21986,PACK OF 12 PINK SPOT TISSUES ,8317,3194.19,197,42.21827411167513,2500,26250.0,295.52791878172593,Healthy
21987,PACK OF 6 SKULL PAPER CUPS,4321,2652.46,216,20.09767441860465,648,6804.0,140.68372093023257,Healthy
21988,PACK OF 6 SKULL PAPER PLATES,5533,3985.08,226,24.59111111111111,576,6048.0,172.13777777777779,Healthy
21989,PACK OF 20 SKULL PAPER NAPKINS,6162,4578.73,323,19.077399380804952,576,6048.0,133.54179566563465,Healthy
21990,MODERN FLORAL STATIONERY SET,821,1765.78,144,5.741258741258742,144,1512.0,40.188811188811194,Healthy
21991,BOHEMIAN COLLAGE STATIONERY SET,483,885.25,87,5.551724137931035,144,1512.0,38.862068965517246,Healthy
21992,VINTAGE PAISLEY STATIONERY SET,1522,3504.25,238,6.421940928270042,144,1512.0,44.9535864978903,Healthy
21993,FLORAL FOLK STATIONERY SET,961,1994.3500000000001,167,5.754491017964072,144,1512.0,40.2814371257485,Healthy
22021,BLUE FELT EASTER EGG BASKET,1072,1859.46,163,6.617283950617284,54,567.0,46.32098765432099,Healthy
22023,EMPIRE BIRTHDAY CARD,3822,1562.46,291,13.1340206185567,72,756.0,91.9381443298969,Overstock
22024,RAINY LADIES BIRTHDAY CARD,3048,1261.02,234,13.025641025641026,96,1008.0,91.17948717948718,Overstock
22025,RING OF ROSES BIRTHDAY CARD,2152,889.88,160,13.45,216,2268.0,94.14999999999999,Healthy
22026,BANQUET BIRTHDAY  CARD  ,2410,1016.32,209,11.5311004784689,72,756.0,80.7177033492823,Overstock
22027,TEA PARTY BIRTHDAY CARD,7019,2973.16,494,14.208502024291498,288,3024.0,99.45951417004048,Overstock
22028,PENNY FARTHING BIRTHDAY CARD,3342,1379.51,251,13.368,120,1260.0,93.57600000000001,Overstock
22029,SPACE BOY BIRTHDAY CARD,823,349.12,67,12.283582089552239,72,756.0,85.98507462686567,Healthy
22029,SPACEBOY BIRTHDAY CARD,8815,3628.96,522,16.919385796545107,288,3024.0,118.43570057581576,Overstock
22030,SWALLOWS GREETING CARD,7340,3015.39,418,17.559808612440193,720,7560.0,122.91866028708135,Healthy
22031,BOTANICAL LAVENDER BIRTHDAY CARD,633,273.44,63,10.047619047619047,24,252.0,70.33333333333333,Overstock
22032,BOTANICAL LILY GREETING CARD,553,236.14,51,10.843137254901961,24,252.0,75.90196078431373,Overstock
22033,BOTANICAL ROSE GREETING CARD,1266,539.98,106,11.943396226415095,72,756.0,83.60377358490567,Healthy
22034,ROBIN CHRISTMAS CARD,1610,669.73,91,17.692307692307693,144,1512.0,123.84615384615385,Healthy
22035,VINTAGE CARAVAN GREETING CARD ,2645,1120.66,226,11.70353982300885,72,756.0,81.92477876106194,Overstock
22036,DINOSAUR BIRTHDAY CARD,1649,695.11,135,12.214814814814815,72,756.0,85.5037037037037,Overstock
22037,ROBOT BIRTHDAY CARD,3215,1380.76,292,11.01027397260274,72,756.0,77.07191780821918,Overstock
22038,BOTANICAL LAVENDER GIFT WRAP ,675,281.5,26,25.96153846153846,50,525.0,181.73076923076923,Healthy
22039,BOTANICAL LILY GIFT WRAP,600,248.0,23,26.08695652173913,50,525.0,182.6086956521739,Healthy
22040,BOTANICAL ROSE GIFT WRAP,2090,839.8,66,31.666666666666668,400,4200.0,221.66666666666669,Healthy
22041,"RECORD FRAME 7"" SINGLE SIZE ",3487,8016.900000000001,211,16.68421052631579,240,2520.0,116.78947368421053,Healthy
22042,CHRISTMAS CARD SINGING ANGEL,1406,487.19,98,14.346938775510203,72,756.0,100.42857142857142,Healthy
22043,CHRISTMAS CARD SCREEN PRINT ,984,325.38,65,15.138461538461538,48,504.0,105.96923076923076,Healthy
22044,CHRISTMAS CARD STACK OF PRESENTS,1184,379.04,57,20.771929824561404,144,1512.0,145.40350877192984,Healthy
22045,SPACE BOY GIFT WRAP,775,325.5,27,28.703703703703702,75,787.5,200.92592592592592,Healthy
22045,SPACEBOY GIFT WRAP,7340,3024.8,242,30.456431535269708,500,5250.0,213.19502074688796,Healthy
22046,TEA PARTY  WRAPPING PAPER ,4125,1684.5,133,31.015037593984964,200,2100.0,217.10526315789474,Healthy
22047,EMPIRE GIFT WRAP,4875,1977.5,155,31.451612903225808,450,4725.0,220.16129032258067,Healthy
22048,BIRTHDAY BANQUET GIFT WRAP,1865,783.3,71,26.267605633802816,75,787.5,183.8732394366197,Overstock
22049,WRAP CHRISTMAS SCREEN PRINT,2525,755.75,83,30.42168674698795,200,2100.0,212.95180722891567,Healthy
22050,PINK PAISLEY ROSE GIFT WRAP,2100,866.0,76,27.63157894736842,200,2100.0,193.42105263157896,Healthy
22051,BLUE SCANDINAVIAN PAISLEY WRAP,2225,918.5,78,28.525641025641026,200,2100.0,199.67948717948718,Healthy
22052,VINTAGE CARAVAN GIFT WRAP,2950,1219.0,104,28.365384615384617,200,2100.0,198.55769230769232,Healthy
22053,EMPIRE DESIGN ROSETTE,307,414.46999999999997,59,5.203389830508475,20,210.0,36.42372881355932,Healthy
22054,MINI CAKE STAND HANGING HEARTS,361,655.01,74,4.878378378378378,32,336.0,34.148648648648646,Healthy
22055,MINI CAKE STAND  HANGING STRAWBERY,3550,6096.0,504,7.0858283433133735,160,1680.0,49.600798403193615,Overstock
22056,CERAMIC PLATE LOVE HEART DESIGN,607,656.87,34,17.852941176470587,240,2520.0,124.97058823529412,Healthy
22057,CERAMIC PLATE STRAWBERRY DESIGN,2492,3367.65,201,12.46,240,2520.0,87.22,Healthy
22058,CERAMIC LOVE HEARTS DESIGN MUG,520,795.72,103,5.048543689320389,30,315.0,35.33980582524272,Healthy
22059,CERAMIC STRAWBERRY DESIGN MUG,923,1324.25,79,11.833333333333334,240,2520.0,82.83333333333334,Healthy
22059,CERAMIC STRWBERRY DESIGN MUG,2347,3393.1,215,10.916279069767441,480,5040.0,76.41395348837209,Healthy
22060,LARGE CAKE STAND HANGING HEARTS,504,4600.26,125,4.032,96,1008.0,28.224,Healthy
22061,LARGE CAKE STAND  HANGING STRAWBERY,1603,15042.61,379,4.229551451187335,120,1260.0,29.60686015831135,Healthy
22062,CERAMIC BOWL WITH LOVE HEART DESIGN,178,570.2900000000001,53,3.358490566037736,36,378.0,23.50943396226415,Healthy
22063,CERAMIC BOWL WITH STRAWBERRY DESIGN,1732,5024.01,237,7.30801687763713,144,1512.0,51.15611814345991,Healthy
22064,PINK DOUGHNUT TRINKET POT ,4950,8190.8099999999995,465,10.668103448275861,336,3528.0,74.67672413793103,Healthy
22065,CHRISTMAS PUDDING TRINKET POT ,2009,2995.71,231,8.696969696969697,96,1008.0,60.87878787878788,Healthy
22066,LOVE HEART TRINKET POT,1196,1684.35,138,8.666666666666666,192,2016.0,60.666666666666664,Healthy
22067,CHOC TRUFFLE GOLD TRINKET POT ,1479,2436.92,186,7.951612903225806,216,2268.0,55.66129032258064,Healthy
22068, BLACK PIRATE TREASURE CHEST,55,108.48,22,2.5,10,105.0,17.5,Healthy
22068,BLACK PIRATE TREASURE CHEST,543,1050.99,120,4.563025210084033,60,630.0,31.941176470588232,Healthy
22069, BROWN  PIRATE TREASURE CHEST ,59,138.22,23,2.5652173913043477,12,126.0,17.956521739130434,Healthy
22069,BROWN  PIRATE TREASURE CHEST ,511,1090.06,107,4.820754716981132,48,504.0,33.74528301886792,Healthy
22070,SMALL RED RETROSPOT MUG IN BOX ,576,2157.3,124,4.645161290322581,36,378.0,32.516129032258064,Healthy
22070,SMALL RETRO SPOT MUG IN BOX  RED,324,1238.54,84,3.857142857142857,12,126.0,27.0,Overstock
22071,SMALL RETRO SPOT MUG IN BOX  WHITE,383,1426.13,81,4.728395061728395,72,756.0,33.098765432098766,Healthy
22071,SMALL WHITE RETROSPOT MUG IN BOX ,434,1609.32,96,4.520833333333333,36,378.0,31.645833333333332,Healthy
22072,RED RETROSPOT TEA CUP AND SAUCER ,915,3771.0,222,4.14027149321267,40,420.0,28.98190045248869,Overstock
22072,TEA CUP AND SAUCER RETRO SPOT,700,2866.34,137,5.109489051094891,192,2016.0,35.76642335766424,Healthy
22073,RED RETROSPOT STORAGE JAR,1097,4397.7,254,4.318897637795276,32,336.0,30.232283464566933,Overstock
22073,RETRO SPOT STORAGE JAR,729,2853.29,155,4.703225806451613,48,504.0,32.92258064516129,Healthy
22074,6 RIBBONS SHIMMERING PINKS ,759,984.92,92,8.25,144,1512.0,57.75,Healthy
22075,6 RIBBONS ELEGANT CHRISTMAS ,1582,2616.3,176,8.988636363636363,144,1512.0,62.92045454545455,Healthy
22076,6 RIBBONS EMPIRE  ,1117,1867.95,160,6.98125,144,1512.0,48.86875,Healthy
22077,6 RIBBONS RUSTIC CHARM,8354,14955.42,836,10.028811524609845,144,1512.0,70.2016806722689,Overstock
22078,RIBBON REEL LACE DESIGN ,2646,5596.05,296,8.93918918918919,300,3150.0,62.57432432432432,Healthy
22079,RIBBON REEL HEARTS DESIGN ,3157,5184.85,369,8.578804347826088,120,1260.0,60.051630434782616,Overstock
22080,RIBBON REEL POLKADOTS ,530,947.07,97,5.463917525773196,20,210.0,38.24742268041237,Overstock
22080,RIBBON REEL SPOTS DESIGN ,2211,3668.58,277,7.981949458483754,120,1260.0,55.87364620938628,Healthy
22081,RIBBON REEL FLORA + FAUNA ,929,1629.01,174,5.339080459770115,30,315.0,37.37356321839081,Overstock
22082,RIBBON REEL STRIPES DESIGN ,4747,7842.89,578,8.241319444444445,120,1260.0,57.689236111111114,Overstock
22083,PAPER CHAIN KIT RETRO SPOT,7579,21151.79,591,12.845762711864406,480,5040.0,89.92033898305084,Healthy
22083,PAPER CHAIN KIT RETROSPOT,1766,6052.9800000000005,236,7.514893617021277,120,1260.0,52.60425531914893,Healthy
22084,PAPER CHAIN KIT EMPIRE,3689,10354.460000000001,389,9.507731958762887,200,2100.0,66.55412371134021,Healthy
22085,PAPER CHAIN KIT SKULLS ,1997,5337.53,135,14.792592592592593,400,4200.0,103.54814814814814,Healthy
22086,PAPER CHAIN KIT 50'S CHRISTMAS ,17205,58127.3,957,18.16789862724393,835,8767.5,127.1752903907075,Healthy
22087,PAPER BUNTING WHITE LACE,4431,13634.54,531,8.376181474480152,80,840.0,58.63327032136107,Overstock
22088,PAPER BUNTING COLOURED LACE,2514,7442.39,387,6.496124031007752,120,1260.0,45.47286821705426,Healthy
22089,PAPER BUNTING VINTAGE PAISLEY,2091,5872.4800000000005,283,7.4412811387900355,200,2100.0,52.08896797153025,Healthy
22090,PAPER BUNTING RETRO SPOTS,8292,24933.940000000002,783,10.63076923076923,400,4200.0,74.41538461538461,Healthy
22090,PAPER BUNTING RETROSPOT,944,3004.6000000000004,134,7.044776119402985,40,420.0,49.3134328358209,Overstock
22091,EMPIRE TISSUE BOX,1208,1478.32,164,7.365853658536586,144,1512.0,51.5609756097561,Healthy
22092,BLUE PAISLEY TISSUE BOX,289,304.01,53,5.452830188679245,36,378.0,38.16981132075472,Healthy
22093,MOTORING TISSUE BOX,537,635.25,120,4.475,36,378.0,31.324999999999996,Healthy
22094,RED POLKA DOT TISSUE BOX,1003,1224.89,107,9.373831775700934,504,5292.0,65.61682242990653,Healthy
22094,RED RETROSPOT TISSUE BOX,423,335.43,39,10.846153846153847,36,378.0,75.92307692307693,Healthy
22095,LADS ONLY TISSUE BOX,1725,2022.21,160,10.78125,252,2646.0,75.46875,Healthy
22096,PINK PAISLEY SQUARE TISSUE BOX ,305,362.28999999999996,67,4.552238805970149,36,378.0,31.865671641791046,Healthy
22097,SWALLOW SQUARE TISSUE BOX,485,571.87,102,4.754901960784314,36,378.0,33.28431372549019,Healthy
22098,BOUDOIR SQUARE TISSUE BOX,902,996.8199999999999,148,6.094594594594595,72,756.0,42.66216216216216,Healthy
22099,CARAVAN SQUARE TISSUE BOX,704,813.64,144,4.888888888888889,36,378.0,34.22222222222223,Healthy
22100,SKULLS SQUARE TISSUE BOX,261,374.73,78,3.3461538461538463,24,252.0,23.423076923076923,Healthy
22101,MIRROR MOSAIC VOTIVE HOLDER,496,794.11,51,9.72549019607843,145,1522.5,68.07843137254902,Healthy
22102,MIRROR MOSAIC T-LIGHT HOLDER ,220,359.85,28,7.857142857142857,36,378.0,55.0,Healthy
22103,MIRROR MOSAIC T-LIGHT HOLDER ROUND,498,852.4,45,11.066666666666666,84,882.0,77.46666666666667,Healthy
22104,MIRROR MOSAIC CANDLE PLATE,903,631.01,42,21.5,480,5040.0,150.5,Healthy
22105,MIRROR MOSAIC GOBLET CANDLE HOLDER,119,451.09000000000003,23,5.173913043478261,24,252.0,36.21739130434783,Healthy
22106,MIRROR MOSAIC HURRICANE LAMP ,166,721.96,36,4.611111111111111,24,252.0,32.27777777777777,Healthy
22107,PIZZA PLATE IN BOX,684,2884.45,208,3.3365853658536584,48,504.0,23.35609756097561,Healthy
22108,PING! MICROWAVE PLATE,168,587.17,70,2.4,16,168.0,16.8,Healthy
22109,FULL ENGLISH BREAKFAST PLATE,1791,7276.53,367,4.89344262295082,96,1008.0,34.25409836065574,Healthy
22110,BIRD HOUSE HOT WATER BOTTLE,1554,4294.7300000000005,256,6.094117647058823,180,1890.0,42.65882352941176,Healthy
22111,SCOTTIE DOG HOT WATER BOTTLE,5508,27481.47,994,5.597560975609756,120,1260.0,39.1829268292683,Overstock
22112,CHOCOLATE HOT WATER BOTTLE,5515,27817.74,928,5.9686147186147185,144,1512.0,41.78030303030303,Overstock
22113,GREY HEART HOT WATER BOTTLE,2800,10268.19,482,5.8212058212058215,37,388.5,40.74844074844075,Overstock
22114,HOT WATER BOTTLE TEA AND SYMPATHY,6680,30388.910000000003,1016,6.594274432379072,96,1008.0,46.1599210266535,Overstock
22115,METAL SIGN EMPIRE TEA,1361,3756.86,280,4.860714285714286,288,3024.0,34.025,Healthy
22116,METAL SIGN HIS DINNER IS SERVED,260,524.78,54,4.814814814814815,96,1008.0,33.7037037037037,Healthy
22117,METAL SIGN HER DINNER IS SERVED ,449,1326.0400000000002,139,3.2302158273381294,48,504.0,22.611510791366907,Healthy
22118,JOY WOODEN BLOCK LETTERS,586,3058.64,192,3.0520833333333335,180,1890.0,21.364583333333336,Healthy
22119, PEACE WOODEN BLOCK LETTERS,137,952.74,49,2.795918367346939,12,126.0,19.571428571428573,Healthy
22119,PEACE WOODEN BLOCK LETTERS,442,3050.86,196,2.2551020408163267,24,252.0,15.785714285714286,Healthy
22120,WELCOME  WOODEN BLOCK LETTERS,503,5157.13,183,2.748633879781421,18,189.0,19.240437158469945,Overstock
22121,NOEL WOODEN BLOCK LETTERS ,1177,7323.030000000001,326,3.6104294478527605,180,1890.0,25.273006134969325,Healthy
22122,SET OF 2 FANCY FONT TEA TOWELS,1095,3290.0800000000004,191,5.732984293193717,160,1680.0,40.13089005235602,Healthy
22123,PING MICROWAVE APRON,152,660.62,47,3.234042553191489,36,378.0,22.638297872340424,Healthy
22124,SET OF 2 TEA TOWELS PING MICROWAVE,153,455.81000000000006,58,2.6379310344827585,24,252.0,18.46551724137931,Healthy
22125,UNION JACK HOT WATER BOTTLE ,640,3949.23,180,3.5555555555555554,31,325.5,24.888888888888886,Healthy
22127,PARTY CONES CARNIVAL ASSORTED,3088,3678.23,135,22.874074074074073,600,6300.0,160.1185185185185,Healthy
22128,PARTY CONES CANDY ASSORTED,2245,2737.06,123,18.252032520325205,300,3150.0,127.76422764227644,Healthy
22129,PARTY CONES CANDY TREE DECORATION,2064,1873.8,75,27.52,288,3024.0,192.64,Healthy
22130,PARTY CONE CHRISTMAS DECORATION ,7641,8579.49,336,22.8089552238806,1116,11718.0,159.6626865671642,Healthy
22131,FOOD CONTAINER SET 3 LOVE HEART ,3273,6108.55,415,7.905797101449275,288,3024.0,55.34057971014493,Healthy
22132,RED LOVE HEART SHAPE CUP,2319,2069.08,241,9.622406639004149,192,2016.0,67.35684647302904,Healthy
22133,PINK LOVE HEART SHAPE CUP,1692,1533.3799999999999,204,8.376237623762377,192,2016.0,58.633663366336634,Healthy
22134,LADLE LOVE HEART RED ,1484,638.15,143,10.377622377622378,288,3024.0,72.64335664335665,Healthy
22135,LADLE LOVE HEART PINK,1094,507.05,150,7.293333333333333,288,3024.0,51.05333333333333,Healthy
22136,LOVE HEART SOCK HANGER,1617,2661.39,187,8.647058823529411,96,1008.0,60.52941176470588,Healthy
22137,BATHROOM SET LOVE HEART DESIGN,525,1273.25,30,17.5,432,4536.0,122.5,Healthy
22138,BAKING SET 9 PIECE RETROSPOT ,4429,21696.74,980,4.551901336073998,324,3402.0,31.863309352517987,Healthy
22139,11 PC CERAMIC TEA SET POLKADOT,3,14.85,1,3.0,3,31.5,21.0,Restock Soon
22139,RETRO SPOT TEA SET CERAMIC 11 PC ,4438,21301.04,771,5.763636363636364,144,1512.0,40.345454545454544,Overstock
22139,RETROSPOT TEA SET CERAMIC 11 PC ,1690,8901.460000000001,366,4.642857142857143,48,504.0,32.5,Overstock
22141,CHRISTMAS CRAFT TREE TOP ANGEL,994,2772.02,156,6.371794871794871,175,1837.5,44.6025641025641,Healthy
22142,CHRISTMAS CRAFT WHITE FAIRY ,1159,1672.0,149,7.831081081081081,200,2100.0,54.817567567567565,Healthy
22143,CHRISTMAS CRAFT HEART DECORATIONS,446,942.88,70,6.371428571428571,144,1512.0,44.599999999999994,Healthy
22144,CHRISTMAS CRAFT LITTLE FRIENDS,1295,3332.41,209,6.317073170731708,122,1281.0,44.21951219512195,Healthy
22145,CHRISTMAS CRAFT HEART STOCKING ,1306,2752.66,197,6.629441624365482,80,840.0,46.40609137055837,Healthy
22146,EASTER CRAFT IVY WREATH WITH CHICK,1412,2631.18,106,13.320754716981131,160,1680.0,93.24528301886792,Healthy
22147,FELTCRAFT BUTTERFLY HEARTS,6903,9737.71,690,10.06268221574344,480,5040.0,70.43877551020408,Healthy
22148,EASTER CRAFT 4 CHICKS ,1304,2562.84,113,11.539823008849558,120,1260.0,80.77876106194691,Healthy
22149,FELTCRAFT 6 FLOWER FRIENDS,6818,14426.78,871,7.854838709677419,160,1680.0,54.983870967741936,Overstock
22150, 3 STRIPEY MICE FELTCRAFT,691,1342.03,129,5.3565891472868215,80,840.0,37.49612403100775,Healthy
22150,3 STRIPEY MICE FELTCRAFT,4236,7550.58,370,11.448648648648648,300,3150.0,80.14054054054054,Healthy
22151,PLACE SETTING WHITE HEART,12623,5370.48,396,31.876262626262626,432,4536.0,223.1338383838384,Overstock
22152,PLACE SETTING WHITE STAR,3924,1634.44,141,27.829787234042552,432,4536.0,194.80851063829786,Healthy
22153,ANGEL DECORATION STARS ON DRESS,3200,1403.52,165,19.393939393939394,96,1008.0,135.75757575757575,Overstock
22154,ANGEL DECORATION 3 BUTTONS ,4136,1759.96,173,23.90751445086705,432,4536.0,167.35260115606937,Healthy
22155,STAR DECORATION RUSTIC,3774,1677.09,213,17.718309859154928,144,1512.0,124.0281690140845,Overstock
22156,HEART DECORATION WITH PEARLS ,4041,3498.15,336,12.026785714285714,144,1512.0,84.1875,Overstock
22157,ANGEL DECORATION WITH LACE PADDED,1513,1294.1499999999999,115,13.156521739130435,48,504.0,92.09565217391304,Overstock
22158,3 HEARTS HANGING DECORATION RUSTIC,5928,18399.9,450,13.291479820627803,384,4032.0,93.04035874439462,Healthy
22161,HEART DECORATION RUSTIC HANGING ,1754,1178.6000000000001,160,10.9625,256,2688.0,76.7375,Healthy
22162,HEART GARLAND RUSTIC PADDED,994,3027.37,180,5.522222222222222,144,1512.0,38.65555555555555,Healthy
22163,HEART STRING MEMO HOLDER HANGING,412,1249.13,81,5.08641975308642,24,252.0,35.604938271604944,Healthy
22164,STRING OF STARS CARD HOLDER,244,656.6100000000001,36,6.777777777777778,48,504.0,47.44444444444444,Healthy
22165,"DIAMANTE HEART SHAPED WALL MIRROR, ",576,4516.02,132,4.363636363636363,96,1008.0,30.545454545454543,Healthy
22166,"WALL MIRROR , RECT DIAMANTE, PINK/",219,1746.78,61,3.5901639344262297,96,1008.0,25.13114754098361,Healthy
22166,WALL MIRROR RECTANGLE DIAMANTE PINK,27,336.35999999999996,17,1.6875,5,52.5,11.8125,Healthy
22167, OVAL WALL MIRROR DIAMANTE ,35,421.33,23,1.5217391304347827,6,63.0,10.652173913043478,Healthy
22167,"WALL MIRROR , DIAMANTE OVAL SHAPE",425,3331.91,129,3.3203125,96,1008.0,23.2421875,Healthy
22168,ORGANISER WOOD ANTIQUE WHITE ,525,4347.13,242,2.169421487603306,72,756.0,15.185950413223143,Healthy
22168,"ORGANISER WOOD, ANTIQUE WHITE ",3,25.5,2,1.5,2,21.0,10.5,Restock Soon
22169,FAMILY ALBUM WHITE PICTURE FRAME,1126,9585.04,342,3.2923976608187133,24,252.0,23.046783625730992,Overstock
22170,PICTURE FRAME WOOD TRIPLE PORTRAIT,1338,8823.06,318,4.220820189274448,24,252.0,29.54574132492114,Overstock
22171,3 HOOK PHOTO SHELF ANTIQUE WHITE,1387,10469.85,293,4.733788395904437,160,1680.0,33.136518771331055,Healthy
22172,METAL SHELF WITH RAIL ,378,3451.82,185,2.0432432432432432,24,252.0,14.302702702702703,Healthy
22173,METAL 4 HOOK HANGER FRENCH CHATEAU,2693,8001.150000000001,530,5.100378787878788,224,2352.0,35.702651515151516,Healthy
22174,PHOTO CUBE,2205,5014.62,264,8.352272727272727,144,1512.0,58.465909090909086,Healthy
22175,PINK OWL DECORATION,96,244.8,1,96.0,96,1008.0,672.0,Restock Soon
22175,PINK OWL SOFT TOY,872,2518.9900000000002,202,4.316831683168317,96,1008.0,30.21782178217822,Healthy
22176,BLUE OWL DECORATION,96,244.8,1,96.0,96,1008.0,672.0,Restock Soon
22176,BLUE OWL SOFT TOY,591,1811.2200000000003,151,3.9139072847682117,48,504.0,27.397350993377483,Healthy
22177,5 HOOK BLACKBOARD ORGANISER ,325,3101.46,125,2.6,108,1134.0,18.2,Healthy
22178,VICTORIAN GLASS HANGING T-LIGHT,16297,19958.77,802,20.42230576441103,960,10080.0,142.9561403508772,Healthy
22179,SET 10 LIGHTS NIGHT OWL,1127,7727.55,295,3.84641638225256,48,504.0,26.92491467576792,Overstock
22180,RETRO SPOT LAMP,511,5164.42,196,2.607142857142857,12,126.0,18.25,Overstock
22180,RETROSPOT LAMP,163,1717.25,69,2.36231884057971,12,126.0,16.53623188405797,Healthy
22181,SNOWSTORM PHOTO FRAME FRIDGE MAGNET,976,816.74,87,11.218390804597702,192,2016.0,78.52873563218391,Healthy
22182,CAKE STAND VICTORIAN FILIGREE SMALL,197,769.5500000000001,56,3.517857142857143,24,252.0,24.625,Healthy
22183,CAKE STAND VICTORIAN FILIGREE MED,291,1549.21,91,3.197802197802198,18,189.0,22.384615384615387,Healthy
22184,CAKE STAND VICTORIAN FILIGREE LARGE,345,2516.85,118,2.9237288135593222,32,336.0,20.466101694915256,Healthy
22185,SLATE TILE NATURAL HANGING,2450,4033.39,306,8.006535947712418,72,756.0,56.045751633986924,Overstock
22186,RED STAR CARD HOLDER,1192,3572.6800000000003,211,5.70334928229665,54,567.0,39.92344497607655,Overstock
22187,GREEN CHRISTMAS TREE CARD HOLDER,892,3867.82,193,4.645833333333333,48,504.0,32.52083333333333,Healthy
22188,BLACK HEART CARD HOLDER,7613,20713.83,395,19.32233502538071,1044,10962.0,135.25634517766497,Healthy
22189,CREAM HEART CARD HOLDER,10066,31111.56,797,12.70959595959596,1044,10962.0,88.96717171717172,Healthy
22190,LOCAL CAFE MUG,752,1602.6000000000001,140,5.371428571428571,96,1008.0,37.599999999999994,Healthy
22191,EAU DE NIL DINER WALL CLOCK,248,2067.2,119,2.0840336134453783,12,126.0,14.588235294117649,Healthy
22191,IVORY DINER WALL CLOCK,242,2016.2,97,2.4948453608247423,24,252.0,17.463917525773198,Healthy
22191,IVORY WALL CLOCK,60,459.0,1,60.0,60,630.0,420.0,Restock Soon
22192,BLUE DINER WALL CLOCK,490,4085.47,190,2.5925925925925926,24,252.0,18.14814814814815,Healthy
22193,RED DINER WALL CLOCK,471,3980.41,169,2.78698224852071,24,252.0,19.50887573964497,Healthy
22193,RED WALL CLOCK,60,459.0,1,60.0,60,630.0,420.0,Restock Soon
22194,BLACK DINER WALL CLOCK,311,2620.41,119,2.6134453781512605,36,378.0,18.294117647058822,Healthy
22195,HEART MEASURING SPOONS LARGE,84,138.6,5,16.8,24,252.0,117.60000000000001,Restock Soon
22195,LARGE HEART MEASURING SPOONS,3209,5580.84,457,7.052747252747253,96,1008.0,49.36923076923077,Overstock
22196,HEART MEASURING SPOONS SMALL,12,10.2,1,12.0,12,126.0,84.0,Restock Soon
22196,SMALL HEART MEASURING SPOONS,3854,3505.8399999999997,534,7.230769230769231,160,1680.0,50.61538461538461,Overstock
22197,"POPCORN HOLDER , SMALL ",3189,2531.64,112,28.473214285714285,500,5250.0,199.3125,Healthy
22197,SMALL POPCORN HOLDER,29773,27022.23,882,34.37990762124711,1540,16170.0,240.65935334872978,Healthy
22198,LARGE POPCORN HOLDER ,5760,10013.710000000001,504,11.474103585657371,300,3150.0,80.3187250996016,Healthy
22198,"POPCORN HOLDER , LARGE",1008,1696.21,92,11.076923076923077,100,1050.0,77.53846153846153,Healthy
22199,FRYING PAN RED POLKADOT ,1209,4885.89,187,6.46524064171123,264,2772.0,45.2566844919786,Healthy
22199,FRYING PAN RED RETROSPOT,185,825.69,58,3.189655172413793,24,252.0,22.32758620689655,Healthy
22200,FRYING PAN PINK POLKADOT,262,1134.9,56,4.678571428571429,72,756.0,32.75,Healthy
22200,FRYING PAN PINK POLKADOT ,650,2904.26,164,3.9634146341463414,72,756.0,27.74390243902439,Healthy
22200,FRYING PAN PINK RETROSPOT,7,33.97,3,2.3333333333333335,4,42.0,16.333333333333336,Restock Soon
22201,FRYING PAN BLUE POLKADOT,37,165.69,17,2.176470588235294,4,42.0,15.235294117647058,Healthy
22201,FRYING PAN BLUE POLKADOT ,276,1139.16,60,4.6,144,1512.0,32.199999999999996,Healthy
22201,FRYING PAN BLUE RETROSPOT,4,21.22,3,1.3333333333333333,2,21.0,9.333333333333332,Restock Soon
22202,MILK PAN PINK POLKADOT,283,1069.53,47,6.1521739130434785,84,882.0,43.06521739130435,Healthy
22202,MILK PAN PINK RETROSPOT,743,3011.2400000000002,184,4.060109289617486,72,756.0,28.420765027322403,Healthy
22203,MILK PAN RED RETROSPOT,1012,4050.61,253,4.0,264,2772.0,28.0,Healthy
22204,MILK PAN BLUE POLKADOT,29,112.62,13,2.230769230769231,4,42.0,15.615384615384617,Healthy
22204,MILK PAN BLUE RETROSPOT,311,1192.13,77,4.038961038961039,144,1512.0,28.272727272727273,Healthy
22206,"MUG , DOTCOMGIFTSHOP.COM ",9,7.65,5,1.8,4,42.0,12.6,Restock Soon
22207,FRYING PAN UNION FLAG,1852,7882.32,287,6.475524475524476,300,3150.0,45.328671328671334,Healthy
22208,WOOD STAMP SET THANK YOU,887,1532.06,163,5.4753086419753085,48,504.0,38.32716049382716,Healthy
22209,WOOD STAMP SET HAPPY BIRTHDAY,483,812.88,86,5.616279069767442,12,126.0,39.31395348837209,Overstock
22210,WOOD STAMP SET BEST WISHES,598,991.65,106,5.6415094339622645,48,504.0,39.49056603773585,Healthy
22211,WOOD STAMP SET FLOWERS,527,906.5600000000001,97,5.43298969072165,12,126.0,38.03092783505155,Overstock
22212,FOUR HOOK  WHITE LOVEBIRDS,2491,5138.9400000000005,447,5.572706935123042,156,1638.0,39.008948545861294,Healthy
22214,CANDLE PLATE LACE WHITE,356,863.19,36,9.88888888888889,48,504.0,69.22222222222223,Healthy
22215,CAKE STAND WHITE TWO TIER LACE,749,6398.04,262,2.8587786259541983,24,252.0,20.01145038167939,Overstock
22216,T-LIGHT HOLDER WHITE LACE,818,719.5,49,16.693877551020407,96,1008.0,116.85714285714285,Healthy
22217,T-LIGHT HOLDER HANGING LACE,1551,2008.59,134,11.574626865671641,96,1008.0,81.02238805970148,Healthy
22218,CAKE STAND LACE WHITE,1231,5361.41,263,4.680608365019012,72,756.0,32.76425855513308,Healthy
22219,LOVEBIRD HANGING DECORATION WHITE ,5773,5370.13,625,9.281350482315112,288,3024.0,64.96945337620579,Healthy
22220,CAKE STAND LOVEBIRD 2 TIER WHITE,515,5046.139999999999,185,2.7837837837837838,36,378.0,19.486486486486488,Healthy
22221,CAKE STAND LOVEBIRD 2 TIER PINK,775,5618.17,106,7.311320754716981,204,2142.0,51.179245283018865,Healthy
22222,CAKE PLATE LOVEBIRD WHITE,441,2325.19,186,2.370967741935484,24,252.0,16.596774193548388,Healthy
22223,CAKE PLATE LOVEBIRD PINK,286,1548.22,98,2.9183673469387754,24,252.0,20.428571428571427,Healthy
22224,WHITE LOVEBIRD LANTERN,1569,4870.14,248,6.326612903225806,90,945.0,44.28629032258064,Healthy
22227,"DECORATION, HANGING HEART+MIRROR ",2983,2161.0,287,10.393728222996515,72,756.0,72.7560975609756,Overstock
22227,HANGING HEART MIRROR DECORATION ,812,558.04,78,10.41025641025641,96,1008.0,72.87179487179488,Healthy
22228,BUNNY WOODEN PAINTED WITH BIRD ,727,678.8199999999999,128,5.6796875,36,378.0,39.7578125,Healthy
22229,BUNNY WOODEN PAINTED WITH FLOWER ,439,412.84,84,5.226190476190476,36,378.0,36.583333333333336,Healthy
22230,JIGSAW TREE WITH WATERING CAN,610,654.01,92,6.630434782608695,80,840.0,46.41304347826087,Healthy
22231,JIGSAW TREE WITH BIRDHOUSE,1165,1725.36,158,7.420382165605096,96,1008.0,51.94267515923567,Healthy
22232,3 PIECE JIGSAW TOADSTOOLS,16,26.4,2,8.0,8,84.0,56.0,Restock Soon
22232,JIGSAW TOADSTOOLS 3 PIECE,403,688.13,73,5.52054794520548,64,672.0,38.64383561643836,Healthy
22233,JIGSAW RABBIT AND BIRDHOUSE,356,607.92,61,5.933333333333334,24,252.0,41.53333333333333,Healthy
22236,CAKE STAND 3 TIER MAGIC GARDEN,832,10485.07,335,2.4835820895522387,24,252.0,17.38507462686567,Overstock
22241,"GARLAND , WOODEN  "" HAPPY EASTER""",105,133.89,11,9.545454545454545,24,252.0,66.81818181818181,Healthy
22241,GARLAND WOODEN HAPPY EASTER,2294,3121.6,225,10.195555555555556,300,3150.0,71.36888888888889,Healthy
22242,5 HOOK HANGER MAGIC TOADSTOOL,1190,1867.1100000000001,83,14.337349397590362,288,3024.0,100.36144578313254,Healthy
22242,"HOOK, 5 HANGER , MAGIC TOADSTOOL",2982,4795.95,258,11.55813953488372,96,1008.0,80.90697674418604,Overstock
22243,5 HOOK HANGER RED MAGIC TOADSTOOL,1481,2288.97,89,16.640449438202246,384,4032.0,116.48314606741573,Healthy
22243,"HOOK, 5 HANGER ,MAGIC TOADSTOOL RED",3152,4908.8,175,18.114942528735632,384,4032.0,126.80459770114942,Healthy
22244,3 HOOK HANGER MAGIC GARDEN,1083,1965.4099999999999,73,14.835616438356164,288,3024.0,103.84931506849314,Healthy
22244,"HOOK, 3 HANGER ,MAGIC GARDEN",2028,3979.2,208,9.75,96,1008.0,68.25,Overstock
22245,"HOOK, 1 HANGER ,MAGIC GARDEN",3435,2976.49,322,10.667701863354038,192,2016.0,74.67391304347827,Healthy
22246,"GARLAND, MAGIC GARDEN 1.8M",656,1332.36,95,6.905263157894737,72,756.0,48.33684210526316,Healthy
22246,MAGIC GARDEN FELT GARLAND ,24,92.0,9,2.6666666666666665,6,63.0,18.666666666666664,Healthy
22247,BUNNY DECORATION MAGIC GARDEN,516,431.34999999999997,69,7.478260869565218,128,1344.0,52.34782608695652,Healthy
22248,DECORATION  PINK CHICK MAGIC GARDEN,421,378.07,65,6.476923076923077,48,504.0,45.33846153846154,Healthy
22249,DECORATION WHITE CHICK MAGIC GARDEN,708,621.8,98,7.224489795918367,48,504.0,50.57142857142857,Healthy
22250,DECORATION  BUTTERFLY  MAGIC GARDEN,705,656.99,111,6.351351351351352,128,1344.0,44.45945945945946,Healthy
22251,BIRDHOUSE DECORATION MAGIC GARDEN,1172,1445.66,163,7.190184049079755,128,1344.0,50.331288343558285,Healthy
22252,BIRDCAGE DECORATION MAGIC GARDEN,21,53.55,3,7.0,10,105.0,49.0,Restock Soon
22252,BIRDCAGE DECORATION TEALIGHT HOLDER,304,375.44,44,6.909090909090909,24,252.0,48.36363636363637,Healthy
22253,6 CROCHET STRAWBERRIES,964,1158.28,86,11.209302325581396,192,2016.0,78.46511627906978,Healthy
22254,FELT TOADSTOOL LARGE,753,970.41,88,8.556818181818182,48,504.0,59.89772727272727,Healthy
22255,FELT TOADSTOOL  SMALL,587,552.4499999999999,70,8.385714285714286,36,378.0,58.7,Healthy
22256,FELT FARM ANIMAL CHICKEN,651,818.43,71,9.169014084507042,144,1512.0,64.1830985915493,Healthy
22257,FELT FARM ANIMAL SHEEP,46,65.06,15,3.066666666666667,12,126.0,21.46666666666667,Healthy
22258,FELT FARM ANIMAL RABBIT,430,547.16,54,7.962962962962963,144,1512.0,55.74074074074074,Healthy
22259,FELT FARM ANIMAL HEN,109,150.10999999999999,28,3.892857142857143,12,126.0,27.25,Healthy
22260,FELT EGG COSY BLUE RABBIT ,1019,1036.52,144,7.076388888888889,300,3150.0,49.53472222222223,Healthy
22261,FELT EGG COSY WHITE RABBIT ,1533,1490.45,141,10.872340425531915,350,3675.0,76.1063829787234,Healthy
22262,FELT EGG COSY CHICKEN,1022,1024.85,177,5.7740112994350286,48,504.0,40.4180790960452,Overstock
22263,FELT EGG COSY LADYBIRD ,510,431.40999999999997,54,9.444444444444445,288,3024.0,66.11111111111111,Healthy
22264,FELT FARM ANIMAL WHITE BUNNY ,466,427.09999999999997,74,6.297297297297297,36,378.0,44.08108108108108,Healthy
22265,EASTER DECORATION NATURAL CHICK,1311,848.11,106,12.367924528301886,256,2688.0,86.5754716981132,Healthy
22266,EASTER DECORATION HANGING BUNNY,655,444.26,69,9.492753623188406,70,735.0,66.44927536231884,Healthy
22267,EASTER DECORATION EGG BUNNY ,636,618.3,34,18.705882352941178,300,3150.0,130.94117647058823,Healthy
22268,EASTER DECORATION SITTING BUNNY,545,468.95,78,6.987179487179487,144,1512.0,48.91025641025641,Healthy
22269,EGG CUP NATURAL CHICKEN,590,738.72,80,7.375,128,1344.0,51.625,Healthy
22270,HAPPY EASTER HANGING DECORATION,442,1696.47,100,4.42,48,504.0,30.939999999999998,Healthy
22271,FELTCRAFT DOLL ROSIE,3244,9148.95,501,6.488,144,1512.0,45.416000000000004,Overstock
22272,FELTCRAFT DOLL MARIA,1200,3363.09,264,4.562737642585551,100,1050.0,31.939163498098857,Healthy
22273,FELTCRAFT DOLL MOLLY,2889,8299.93,494,5.860040567951319,144,1512.0,41.02028397565923,Healthy
22274,FELTCRAFT DOLL EMILY,2478,6973.02,408,6.103448275862069,140,1470.0,42.724137931034484,Healthy
22275,WEEKEND BAG VINTAGE ROSE PAISLEY,946,7875.33,313,3.022364217252396,69,724.5,21.156549520766774,Healthy
22276,WASH BAG VINTAGE ROSE PAISLEY,1660,4258.67,300,5.551839464882943,100,1050.0,38.8628762541806,Healthy
22277,COSMETIC BAG VINTAGE ROSE PAISLEY,1024,2126.4,154,6.64935064935065,100,1050.0,46.54545454545455,Healthy
22278,OVERNIGHT BAG VINTAGE ROSE PAISLEY,658,3572.81,221,2.97737556561086,80,840.0,20.84162895927602,Healthy
22279,POCKET BAG BLUE PAISLEY RED SPOT,612,1104.97,87,7.0344827586206895,120,1260.0,49.241379310344826,Healthy
22280,POCKET BAG PINK PAISELY BROWN SPOT,412,742.9,64,6.4375,120,1260.0,45.0625,Healthy
22281,EASTER TREE YELLOW BIRDS,380,2356.42,86,4.4186046511627906,160,1680.0,30.930232558139533,Healthy
22282,12 EGG HOUSE PAINTED WOOD,416,5028.13,120,3.466666666666667,160,1680.0,24.266666666666666,Healthy
22283,6 EGG HOUSE PAINTED WOOD,743,5902.52,232,3.2025862068965516,160,1680.0,22.41810344827586,Healthy
22284,HEN HOUSE DECORATION,1551,2443.83,171,9.070175438596491,300,3150.0,63.49122807017544,Healthy
22285,"DECORATION HEN ON NEST, HANGING",1849,2781.28,144,12.840277777777779,300,3150.0,89.88194444444446,Healthy
22286,"DECORATION , WOBBLY RABBIT , METAL ",814,1178.26,80,10.175,300,3150.0,71.22500000000001,Healthy
22287,"DECORATION , WOBBLY CHICKEN, METAL ",546,718.89,41,13.317073170731707,300,3150.0,93.21951219512195,Healthy
22288,"DECORATION , HANGING METAL RABBIT",834,904.02,60,13.9,300,3150.0,97.3,Healthy
22288,HANGING METAL RABBIT DECORATION,6,15.059999999999999,5,1.2,2,21.0,8.4,Restock Soon
22289,"DECORATION , HANGING METAL CHICKEN",616,623.96,42,14.666666666666666,300,3150.0,102.66666666666666,Healthy
22290,STANDING METAL RABBIT WITH EGG,670,1223.02,78,8.58974358974359,300,3150.0,60.128205128205124,Healthy
22291,HANGING CHICK CREAM DECORATION,4,7.33,2,2.0,3,31.5,14.0,Restock Soon
22291,"SPRING DEC , HANGING CHICK CREAM",1900,2499.58,142,13.380281690140846,300,3150.0,93.66197183098592,Healthy
22292,HANGING CHICK  YELLOW DECORATION,9,14.58,5,1.8,3,31.5,12.6,Restock Soon
22292,"SPRING DEC , HANGING CHICK  YELLOW",1640,2164.88,109,15.045871559633028,300,3150.0,105.3211009174312,Healthy
22293,HANGING CHICK GREEN DECORATION,5,13.37,5,1.0,1,10.5,7.0,Restock Soon
22293,"SPRING DEC , HANGING CHICK  GREEN",1128,1516.9199999999998,100,11.28,300,3150.0,78.96,Healthy
22294,HEART FILIGREE DOVE  SMALL,11466,14156.94,585,19.633561643835616,288,3024.0,137.43493150684932,Overstock
22295,HEART FILIGREE DOVE LARGE,5758,9494.23,472,12.251063829787235,216,2268.0,85.75744680851065,Overstock
22296,HEART IVORY TRELLIS LARGE,6715,11012.79,533,12.693761814744802,216,2268.0,88.85633270321361,Overstock
22297,HEART IVORY TRELLIS SMALL,9707,12466.69,616,15.86111111111111,288,3024.0,111.02777777777777,Overstock
22299,PIG KEYRING WITH LIGHT & SOUND ,2587,3118.91,128,20.2109375,240,2520.0,141.4765625,Healthy
22300,COFFEE MUG DOG + BALL DESIGN,2663,6685.990000000001,345,7.718840579710145,54,567.0,54.03188405797101,Overstock
22301,COFFEE MUG CAT + BIRD DESIGN,2899,7418.83,412,7.036407766990291,72,756.0,49.25485436893204,Overstock
22302,COFFEE MUG PEARS  DESIGN,2597,5358.16,184,14.11413043478261,400,4200.0,98.79891304347827,Healthy
22303,COFFEE MUG APPLES DESIGN,2623,6363.38,279,9.401433691756273,108,1134.0,65.81003584229391,Overstock
22304,COFFEE MUG BLUE PAISLEY DESIGN,1661,3448.8,115,14.443478260869565,324,3402.0,101.10434782608695,Healthy
22305,COFFEE MUG PINK PAISLEY DESIGN,1598,3168.15,96,16.645833333333332,324,3402.0,116.52083333333333,Healthy
22306,SILVER MUG BONE CHINA TREE OF LIFE,530,1034.52,57,9.298245614035087,72,756.0,65.08771929824562,Healthy
22307,GOLD MUG BONE CHINA TREE OF LIFE,496,960.8399999999999,50,9.92,72,756.0,69.44,Healthy
22308,TEA COSY BLUE STRIPE,433,1238.03,113,3.831858407079646,60,630.0,26.82300884955752,Healthy
22309,TEA COSY RED  STRIPE,972,2418.63,153,6.352941176470588,100,1050.0,44.470588235294116,Healthy
22310,IVORY KNITTED MUG COSY ,536,1001.14,70,7.6571428571428575,100,1050.0,53.6,Healthy
22310,KNITTED MUG COSY IVORY COLOUR ,597,973.59,58,10.293103448275861,100,1050.0,72.05172413793103,Healthy
22311,OFFICE MUG WARMER BLACK+SILVER ,1013,3493.59,172,5.8895348837209305,152,1596.0,41.22674418604652,Healthy
22312,OFFICE MUG WARMER POLKADOT,667,2566.21,152,4.3881578947368425,48,504.0,30.717105263157897,Healthy
22313,OFFICE MUG WARMER PINK,457,1690.39,76,6.0131578947368425,48,504.0,42.0921052631579,Healthy
22314,OFFICE MUG WARMER CHOC+BLUE,592,2326.76,132,4.484848484848484,48,504.0,31.39393939393939,Healthy
22315,200 RED + WHITE BENDY STRAWS,1276,1601.84,225,5.671111111111111,96,1008.0,39.69777777777778,Healthy
22316,200 BENDY SKULL STRAWS,611,707.95,67,9.119402985074627,96,1008.0,63.83582089552239,Healthy
22317,FIVE CATS HANGING DECORATION,303,959.7900000000001,79,3.8354430379746836,15,157.5,26.848101265822784,Healthy
22318,FIVE HEART HANGING DECORATION,1158,3560.3900000000003,256,4.5234375,48,504.0,31.6640625,Overstock
22319,HAIRCLIPS FORTIES FABRIC ASSORTED,1677,1133.5800000000002,114,14.710526315789474,48,504.0,102.97368421052632,Overstock
22320,BIRDS MOBILE VINTAGE DESIGN,412,2415.6,108,3.814814814814815,48,504.0,26.703703703703702,Healthy
22321,BIRD DECORATION RED RETROSPOT,424,362.74,41,10.341463414634147,144,1512.0,72.39024390243902,Healthy
22321,BIRD DECORATION RED SPOT,1267,1169.55,141,8.98581560283688,60,630.0,62.90070921985816,Overstock
22322,BIRD DECORATION GREEN  SPOT,678,660.62,108,6.277777777777778,48,504.0,43.94444444444444,Healthy
22322,BIRD DECORATION GREEN POLKADOT,124,128.07999999999998,29,4.275862068965517,12,126.0,29.93103448275862,Healthy
22323,BAG FOR CHILDREN VINTAGE PINK ,96,408.0,1,96.0,96,1008.0,672.0,Restock Soon
22323,PINK POLKADOT KIDS BAG,538,1273.36,114,4.719298245614035,48,504.0,33.03508771929825,Healthy
22324,BAG FOR CHILDREN VINTAGE BLUE ,96,408.0,1,96.0,96,1008.0,672.0,Restock Soon
22324,BLUE POLKADOT KIDS BAG,299,745.2099999999999,82,3.6463414634146343,13,136.5,25.524390243902438,Overstock
22325,MOBILE VINTAGE HEARTS ,453,2022.33,134,3.406015037593985,48,504.0,23.842105263157894,Healthy
22326,"ROUND SNACK BOXES ,SET4, WOODLAND ",66,194.70000000000002,3,22.0,42,441.0,154.0,Restock Soon
22326,ROUND SNACK BOXES SET OF4 WOODLAND ,7054,20383.86,681,10.358296622613803,480,5040.0,72.50807635829662,Healthy
22327,ROUND SNACK BOXES SET OF 4 SKULLS,1928,5750.240000000001,374,5.1550802139037435,144,1512.0,36.0855614973262,Healthy
22328,"ROUND SNACK BOXES ,SET 4, FRUITS ",84,247.8,5,16.8,30,315.0,117.60000000000001,Restock Soon
22328,ROUND SNACK BOXES SET OF 4 FRUITS ,7683,21065.190000000002,596,12.934343434343434,1488,15624.0,90.54040404040404,Healthy
22329,ROUND CONTAINER SET OF 5 RETROSPOT,3526,5727.61,374,9.427807486631016,192,2016.0,65.99465240641712,Healthy
22329,ROUND FOOD CONTAINER S/5 RETROSPOT,36,59.400000000000006,3,12.0,12,126.0,84.0,Restock Soon
22330,72 ROUND PINK DOILIES,128,197.89999999999998,22,5.818181818181818,24,252.0,40.72727272727273,Healthy
22331,WOODLAND PARTY BAG + STICKER SET,1892,3160.3599999999997,264,7.166666666666667,96,1008.0,50.16666666666667,Healthy
22332,SKULLS PARTY BAG + STICKER SET,3145,4873.9,237,13.270042194092827,576,6048.0,92.8902953586498,Healthy
22333,RETRO SPORT PARTY BAG + STICKER SET,3444,5370.08,254,13.559055118110237,432,4536.0,94.91338582677166,Healthy
22333,RETRO SPOT PARTY BAG + STICKER SET,938,1412.25,34,27.58823529411765,672,7056.0,193.11764705882354,Healthy
22333,RETROSPOT PARTY BAG + STICKER SET,1291,2039.5499999999997,105,12.413461538461538,384,4032.0,86.89423076923077,Healthy
22334,DINOSAUR PARTY BAG + STICKER SET,1539,2418.0499999999997,165,9.327272727272728,336,3528.0,65.2909090909091,Healthy
22335,HEART DECORATION PAINTED ZINC ,6360,4038.4700000000003,296,21.486486486486488,288,3024.0,150.40540540540542,Overstock
22336,DOVE DECORATION PAINTED ZINC ,2353,1542.24,145,16.22758620689655,288,3024.0,113.59310344827585,Healthy
22337,ANGEL DECORATION PAINTED ZINC ,1597,976.4200000000001,76,21.013157894736842,288,3024.0,147.0921052631579,Healthy
22338,STAR DECORATION PAINTED ZINC ,1471,963.4399999999999,91,16.164835164835164,288,3024.0,113.15384615384615,Healthy
22339,CHRISTMAS TREE PAINTED ZINC ,1083,723.54,66,16.40909090909091,96,1008.0,114.86363636363637,Healthy
22340,NOEL GARLAND PAINTED ZINC ,402,727.2,57,7.052631578947368,24,252.0,49.368421052631575,Healthy
22341,LOVE GARLAND PAINTED ZINC ,3028,4897.78,165,18.35151515151515,576,6048.0,128.46060606060607,Healthy
22342,HOME GARLAND PAINTED ZINC ,823,1419.75,105,7.838095238095238,96,1008.0,54.86666666666667,Healthy
22343,PARTY PIZZA DISH RED RETROSPOT,835,678.34,61,13.688524590163935,144,1512.0,95.81967213114754,Healthy
22343,PARTY PIZZA DISH RED WHITE SPOT ,488,434.07,34,14.352941176470589,288,3024.0,100.47058823529412,Healthy
22343,PARTY PIZZA DISH RED+WHITE SPOT ,12,10.2,1,12.0,12,126.0,84.0,Restock Soon
22344,PARTY PIZZA DISH PINK POLKADOT,84,78.69,14,6.0,12,126.0,42.0,Healthy
22344,PARTY PIZZA DISH PINK RETROSPOT,185,181.54999999999998,24,7.708333333333333,36,378.0,53.95833333333333,Healthy
22344,PARTY PIZZA DISH PINK WHITE SPOT ,75,78.72999999999999,19,3.9473684210526314,12,126.0,27.63157894736842,Healthy
22344,PARTY PIZZA DISH PINK+WHITE SPOT ,24,20.4,2,12.0,12,126.0,84.0,Restock Soon
22345,PARTY PIZZA DISH BLUE POLKADOT,80,72.05,13,6.153846153846154,12,126.0,43.07692307692308,Healthy
22345,PARTY PIZZA DISH BLUE RETROSPOT,206,178.34,28,7.357142857142857,36,378.0,51.5,Healthy
22345,PARTY PIZZA DISH BLUE WHITE SPOT ,53,54.28,17,3.1176470588235294,12,126.0,21.823529411764707,Healthy
22345,PARTY PIZZA DISH BLUE+WHITE SPOT ,24,20.4,2,12.0,12,126.0,84.0,Restock Soon
22346,PARTY PIZZA DISH GREEN POLKADOT,137,108.71,10,13.7,72,756.0,95.89999999999999,Healthy
22346,PARTY PIZZA DISH GREEN RETROSPOT,89,80.50999999999999,19,4.684210526315789,12,126.0,32.78947368421053,Healthy
22346,PARTY PIZZA DISH GREEN WHITE SPOT ,40,42.3,15,2.6666666666666665,12,126.0,18.666666666666664,Healthy
22346,PARTY PIZZA DISH GREEN+WHITE SPOT ,12,10.2,1,12.0,12,126.0,84.0,Restock Soon
22347,PIZZA DISH SLICE ,36,45.0,2,18.0,24,252.0,126.0,Restock Soon
22347,PIZZA SLICE DISH,2680,3074.18,113,23.716814159292035,516,5418.0,166.01769911504425,Healthy
22348,TEA BAG PLATE RED RETROSPOT,1356,1190.85,155,8.748387096774193,288,3024.0,61.23870967741935,Healthy
22348,TEA BAG PLATE RED SPOTTY ,7126,5934.19,465,15.357758620689655,288,3024.0,107.50431034482759,Overstock
22349,"DOG BOWL , CHASING BALL DESIGN",754,3014.3,136,5.544117647058823,48,504.0,38.80882352941176,Healthy
22349,DOG BOWL CHASING BALL DESIGN,465,2212.22,102,4.5588235294117645,56,588.0,31.91176470588235,Healthy
22350,CAT BOWL ,946,2521.2400000000002,121,7.818181818181818,216,2268.0,54.72727272727273,Healthy
22350,ILLUSTRATED CAT BOWL ,504,1608.65,100,5.04,68,714.0,35.28,Healthy
22351,DOTCOMGIFTSHOP TEA TOWEL,2,6.72,1,2.0,2,21.0,14.0,Restock Soon
22352,LUNCH BOX WITH CUTLERY RETROSPOT ,2672,6724.56,426,6.30188679245283,120,1260.0,44.11320754716981,Overstock
22352,LUNCHBOX WITH CUTLERY RETROSPOT ,1412,3481.89,231,6.112554112554113,120,1260.0,42.78787878787879,Healthy
22353,LUNCH BOX WITH CUTLERY FAIRY CAKES ,1528,4167.21,273,5.597069597069597,72,756.0,39.179487179487175,Overstock
22353,LUNCHBOX WITH CUTLERY FAIRY CAKES ,1451,3597.68,196,7.403061224489796,180,1890.0,51.82142857142857,Healthy
22354,RETRO SPOT PADDED SEAT CUSHION,475,1718.93,56,8.482142857142858,36,378.0,59.375,Healthy
22354,RETROSPOT PADDED SEAT CUSHION,1032,3983.4,144,7.166666666666667,60,630.0,50.16666666666667,Healthy
22355,"CHARLOTTE BAG , SUKI DESIGN",4406,3796.59,339,13.035502958579881,100,1050.0,91.24852071005917,Overstock
22355,CHARLOTTE BAG SUKI DESIGN,10105,13534.25,547,18.609576427255984,300,3150.0,130.2670349907919,Overstock
22356,"CHARLOTTE BAG , PINK/WHITE SPOTS",4453,3740.38,359,12.403899721448468,300,3150.0,86.82729805013928,Healthy
22356,CHARLOTTE BAG PINK POLKADOT,1714,2125.45,183,9.366120218579235,60,630.0,65.56284153005464,Overstock
22356,CHARLOTTE BAG PINK WITH WHITE SPOTS,4343,3959.52,319,13.74367088607595,400,4200.0,96.20569620253166,Healthy
22357,KINGS CHOICE BISCUIT TIN,1624,7270.78,291,5.580756013745704,704,7392.0,39.06529209621993,Healthy
22358,KINGS CHOICE TEA CADDY ,1989,5990.030000000001,366,5.449315068493151,96,1008.0,38.14520547945206,Healthy
22359,GLASS JAR KINGS CHOICE,1065,3369.7500000000005,119,8.949579831932773,704,7392.0,62.64705882352941,Healthy
22359,"GLASS JAR, KINGS CHOICE SOAP",42,123.9,8,5.25,12,126.0,36.75,Healthy
22360,GLASS JAR ENGLISH CONFECTIONERY,1513,4431.280000000001,219,6.908675799086758,144,1512.0,48.36073059360731,Healthy
22360,"GLASS JAR, ENGLISH CONFECTIONERY",2,5.9,1,2.0,2,21.0,14.0,Restock Soon
22361,GLASS JAR DAISY FRESH COTTON WOOL,1125,3482.34,233,4.828326180257511,144,1512.0,33.798283261802574,Healthy
22362,GLASS JAR PEACOCK BATH SALTS,356,1131.24,122,2.918032786885246,16,168.0,20.426229508196723,Overstock
22363,GLASS JAR MARMALADE ,302,928.5000000000001,89,3.393258426966292,24,252.0,23.752808988764045,Healthy
22364,GLASS JAR DIGESTIVE BISCUITS,1445,4529.78,183,7.896174863387978,704,7392.0,55.27322404371585,Healthy
22365,DOOR MAT RESPECTABLE HOUSE,379,2765.69,123,3.0813008130081303,20,210.0,21.56910569105691,Healthy
22365,DOORMAT RESPECTABLE HOUSE,1187,6984.21,153,7.758169934640523,300,3150.0,54.30718954248366,Healthy
22366,DOOR MAT AIRMAIL ,455,3366.71,139,3.2971014492753623,40,420.0,23.079710144927535,Healthy
22366,DOORMAT AIRMAIL ,1306,8021.5599999999995,218,6.018433179723503,300,3150.0,42.12903225806452,Healthy
22367,CHILDRENS APRON SPACEBOY DESIGN,2079,4139.46,319,6.517241379310345,150,1575.0,45.62068965517241,Healthy
22367,CHILDS APRON SPACEBOY DESIGN,2325,4412.87,310,7.5,50,525.0,52.5,Overstock
22371,AIRLINE BAG VINTAGE TOKYO 78,781,4106.19,314,2.503205128205128,24,252.0,17.522435897435898,Overstock
22372,AIRLINE BAG VINTAGE WORLD CHAMPION ,337,1860.26,150,2.2466666666666666,24,252.0,15.726666666666667,Healthy
22374,AIRLINE BAG VINTAGE JET SET RED,492,2752.95,217,2.2672811059907834,12,126.0,15.870967741935484,Overstock
22375,AIRLINE BAG VINTAGE JET SET BROWN,263,1453.04,128,2.0546875,12,126.0,14.3828125,Overstock
22376,AIRLINE BAG VINTAGE JET SET WHITE,291,1588.02,133,2.18796992481203,12,126.0,15.315789473684209,Overstock
22377,BOTTLE BAG RETROSPOT ,2291,4759.95,231,9.917748917748918,500,5250.0,69.42424242424242,Healthy
22378,WALL TIDY RETROSPOT ,1493,3271.25,263,5.67680608365019,50,525.0,39.73764258555133,Overstock
22379,RECYCLING BAG RETROSPOT ,9157,19755.170000000002,847,10.836686390532545,500,5250.0,75.85680473372781,Healthy
22380,TOY TIDY SPACEBOY  ,3673,7458.96,414,8.893462469733656,200,2100.0,62.25423728813559,Healthy
22381,TOY TIDY PINK POLKADOT,1450,2996.7999999999997,130,11.153846153846153,300,3150.0,78.07692307692307,Healthy
22381,TOY TIDY PINK RETROSPOT  ,4553,9529.53,511,8.927450980392157,200,2100.0,62.4921568627451,Overstock
22382,LUNCH BAG SPACEBOY DESIGN ,9315,15263.68,980,9.524539877300613,200,2100.0,66.6717791411043,Overstock
22382,LUNCHBAG SPACEBOY DESIGN ,644,1022.6,45,14.311111111111112,100,1050.0,100.17777777777778,Healthy
22383,LUNCH BAG SUKI  DESIGN ,12475,20688.89,1114,11.29981884057971,300,3150.0,79.09873188405797,Overstock
22383,LUNCHBAG SUKI  DESIGN ,410,661.63,35,11.714285714285714,100,1050.0,82.0,Healthy
22384,LUNCH BAG PINK POLKADOT,1469,2448.69,211,6.995238095238095,100,1050.0,48.96666666666667,Healthy
22384,LUNCH BAG PINK POLKADOTS,10,16.5,1,10.0,10,105.0,70.0,Restock Soon
22384,LUNCH BAG PINK RETROSPOT,8914,14391.72,810,11.05955334987593,200,2100.0,77.41687344913151,Overstock
22384,LUNCHBAG PINK RETROSPOT,108,179.91,14,7.714285714285714,20,210.0,54.0,Healthy
22385,JUMBO BAG SPACEBOY DESIGN,8554,15663.61,578,14.850694444444445,300,3150.0,103.95486111111111,Overstock
22386,JUMBO BAG PINK POLKADOT,4159,8405.710000000001,259,16.438735177865613,400,4200.0,115.0711462450593,Healthy
22386,JUMBO BAG PINK WITH WHITE SPOTS,14202,26242.66,802,17.7525,300,3150.0,124.26750000000001,Overstock
22389,PAPERWEIGHT SAVE THE PLANET,321,634.57,49,6.551020408163265,48,504.0,45.857142857142854,Healthy
22390,PAPERWEIGHT CHILDHOOD MEMORIES,553,1023.48,48,11.520833333333334,144,1512.0,80.64583333333334,Healthy
22391,PAPERWEIGHT HOME SWEET HOME,165,389.61,37,4.45945945945946,12,126.0,31.216216216216218,Healthy
22393,PAPERWEIGHT VINTAGE COLLAGE,329,747.79,53,6.2075471698113205,48,504.0,43.45283018867924,Healthy
22394,PAPERWEIGHT KINGS CHOICE ,179,318.67,33,5.424242424242424,60,630.0,37.96969696969697,Healthy
22395,PAPERWEIGHT VINTAGE PAISLEY,85,208.9,23,3.6956521739130435,12,126.0,25.869565217391305,Healthy
22396,MAGNETS PACK OF 4 RETRO PHOTO,684,817.98,60,11.4,108,1134.0,79.8,Healthy
22398,MAGNETS PACK OF 4 SWALLOWS,1744,2202.14,192,9.083333333333334,108,1134.0,63.583333333333336,Healthy
22399,MAGNETS PACK OF 4 CHILDHOOD MEMORY,2936,3447.52,183,16.13186813186813,216,2268.0,112.92307692307692,Healthy
22400,MAGNETS PACK OF 4 HOME SWEET HOME,1069,1335.47,85,12.576470588235294,324,3402.0,88.03529411764706,Healthy
22402,MAGNETS PACK OF 4 VINTAGE COLLAGE,1726,1999.64,102,16.92156862745098,216,2268.0,118.45098039215686,Healthy
22403,MAGNETS PACK OF 4 VINTAGE LABELS ,408,527.88,91,4.483516483516484,24,252.0,31.384615384615387,Healthy
22405,MONEY BOX POCKET MONEY DESIGN,1276,1588.04,152,8.394736842105264,48,504.0,58.76315789473685,Overstock
22405,TIN CAN POCKET MONEY DESIGN,24,30.0,2,12.0,12,126.0,84.0,Restock Soon
22406,MONEY BOX KINGS CHOICE DESIGN,2125,2727.15,134,15.85820895522388,760,7980.0,111.00746268656715,Healthy
22406,TIN CAN KINGS CHOICE DESIGN,36,45.0,3,12.0,12,126.0,84.0,Restock Soon
22407,MONEY BOX FIRST ADE DESIGN,344,421.84000000000003,51,6.745098039215686,48,504.0,47.21568627450981,Healthy
22408,MONEY BOX CONFECTIONERY DESIGN,505,636.23,66,7.651515151515151,48,504.0,53.56060606060606,Healthy
22408,TIN CAN CONFECTIONERY DESIGN,12,15.0,1,12.0,12,126.0,84.0,Restock Soon
22409,MONEY BOX BISCUITS DESIGN,1436,1965.76,107,13.42056074766355,760,7980.0,93.94392523364485,Healthy
22409,TIN CAN BISCUITS DESIGN,48,60.0,4,12.0,12,126.0,84.0,Restock Soon
22410,MONEY BOX HOUSEKEEPING DESIGN,1102,1390.04,138,7.9855072463768115,48,504.0,55.89855072463768,Overstock
22410,TIN CAN HOUSEKEEPING DESIGN,24,30.0,2,12.0,12,126.0,84.0,Restock Soon
22411,JUMBO SHOPPER VINTAGE RED PAISLEY,15095,29572.25,1057,14.321631878557875,500,5250.0,100.25142314990512,Overstock
22412,METAL SIGN NEIGHBOURHOOD WITCH ,1497,3232.11,260,5.77992277992278,72,756.0,40.45945945945946,Healthy
22413,METAL SIGN TAKE IT OR LEAVE IT ,3263,8841.85,485,6.727835051546392,288,3024.0,47.09484536082474,Healthy
22414,DOOR MAT NEIGHBOURHOOD WITCH ,95,783.87,51,1.8627450980392157,10,105.0,13.03921568627451,Healthy
22414,DOORMAT NEIGHBOURHOOD WITCH ,817,4419.59,77,10.61038961038961,300,3150.0,74.27272727272728,Healthy
22415,WHITE TISSUE REAM,307,2440.65,197,1.5583756345177664,20,210.0,10.908629441624365,Healthy
22416,36 DOILIES SPACEBOY DESIGN ,709,1005.37,56,12.660714285714286,144,1512.0,88.625,Healthy
22416,SET OF 36 DOILIES SPACEBOY DESIGN ,395,551.6,46,8.58695652173913,144,1512.0,60.108695652173914,Healthy
22417,PACK OF 60 SPACEBOY CAKE CASES,13205,6686.849999999999,596,22.23063973063973,480,5040.0,155.61447811447812,Overstock
22418,10 COLOUR SPACEBOY PEN,6142,5184.469999999999,291,21.106529209621993,144,1512.0,147.74570446735396,Overstock
22418,"PEN, 10 COLOURS - SPACEBOY",24,20.4,1,24.0,24,252.0,168.0,Restock Soon
22419,LIPSTICK PEN RED,3720,1697.67,253,14.703557312252965,300,3150.0,102.92490118577075,Healthy
22420,LIPSTICK PEN BABY PINK,784,408.55,113,6.938053097345133,50,525.0,48.56637168141593,Healthy
22421,LIPSTICK PEN FUSCHIA,2217,1050.27,204,10.921182266009852,300,3150.0,76.44827586206897,Healthy
22422,TOOTHPASTE TUBE PEN,1512,1027.89,165,9.163636363636364,150,1575.0,64.14545454545456,Healthy
22423,REGENCY CAKESTAND 3 TIER,13685,169912.75999999998,2019,6.904641775983855,360,3780.0,48.33249243188698,Overstock
22424,ENAMEL BREAD BIN CREAM,684,8909.38,298,2.295302013422819,100,1050.0,16.06711409395973,Healthy
22425,ENAMEL COLANDER CREAM,284,1488.56,121,2.347107438016529,16,168.0,16.429752066115704,Healthy
22425,ENAMEL COLLANDER CREAM,122,567.12,23,5.304347826086956,28,294.0,37.130434782608695,Healthy
22426,ENAMEL WASH BOWL CREAM,605,2340.03,170,3.5588235294117645,32,336.0,24.91176470588235,Healthy
22427,ENAMEL FLOWER JUG CREAM,1132,6816.3,307,3.6872964169381106,72,756.0,25.811074918566774,Healthy
22428,ENAMEL FIRE BUCKET CREAM,233,1678.8700000000001,87,2.67816091954023,12,126.0,18.74712643678161,Healthy
22429,ENAMEL MEASURING JUG CREAM,1063,4549.21,266,3.9962406015037595,180,1890.0,27.973684210526315,Healthy
22430,ENAMEL WATERING CAN CREAM,791,3590.15,170,4.652941176470589,208,2184.0,32.57058823529412,Healthy
22431,WATERING CAN BLUE ELEPHANT,1345,2860.47,294,4.590443686006826,48,504.0,32.13310580204778,Overstock
22432,WATERING CAN GREEN DINOSAUR,48,93.6,6,8.0,12,126.0,56.0,Restock Soon
22432,WATERING CAN PINK BUNNY,1791,3347.89,241,7.431535269709544,156,1638.0,52.02074688796681,Healthy
22433,WATERING CAN GREEN DINOSAUR,1355,2469.0099999999998,196,6.913265306122449,150,1575.0,48.392857142857146,Healthy
22433,WATERING CAN PINK BUNNY,54,105.3,5,10.8,24,252.0,75.60000000000001,Restock Soon
22434,BALLOON PUMP WITH 10 BALLOONS,1786,3225.48,162,11.024691358024691,144,1512.0,77.17283950617283,Healthy
22435,SET OF 9 HEART SHAPED BALLOONS,2245,2850.99,282,7.960992907801418,100,1050.0,55.726950354609926,Overstock
22436,12 COLOURED PARTY BALLOONS,2139,1326.24,132,16.204545454545453,200,2100.0,113.43181818181817,Healthy
22437,SET OF 9 BLACK SKULL BALLOONS,3734,3084.77,226,16.52212389380531,800,8400.0,115.65486725663717,Healthy
22438,BALLOON ART MAKE YOUR OWN FLOWERS,469,915.37,79,5.936708860759493,50,525.0,41.55696202531645,Healthy
22439,6 ROCKET BALLOONS ,2058,1348.67,174,11.827586206896552,100,1050.0,82.79310344827586,Healthy
22440,BALLOON WATER BOMB PACK OF 35,2576,1050.83,144,17.88888888888889,300,3150.0,125.22222222222223,Healthy
22441,GROW YOUR OWN BASIL IN ENAMEL MUG,1670,3598.4,270,6.185185185185185,64,672.0,43.2962962962963,Overstock
22442,GROW YOUR OWN FLOWERS SET OF 3,579,3595.5699999999997,100,5.79,312,3276.0,40.53,Healthy
22443,GROW YOUR OWN HERBS SET OF 3,534,4153.66,184,2.918032786885246,40,420.0,20.426229508196723,Healthy
22444,GROW YOUR OWN PLANT IN A CAN ,9578,13123.28,412,23.24757281553398,555,5827.5,162.73300970873788,Healthy
22445,PENCIL CASE GINGHAM FOREST,36,106.20000000000002,4,9.0,18,189.0,63.0,Restock Soon
22445,PENCIL CASE LIFE IS BEAUTIFUL,742,2303.4600000000005,148,5.013513513513513,48,504.0,35.09459459459459,Healthy
22446,PIN CUSHION BABUSHKA PINK,64,214.4,22,2.909090909090909,6,63.0,20.363636363636363,Healthy
22446,PIN CUSHION RUSSIAN DOLL PINK,121,422.45000000000005,33,3.6666666666666665,6,63.0,25.666666666666664,Healthy
22447,PIN CUSHION BABUSHKA BLUE,47,164.29000000000002,16,2.9375,6,63.0,20.5625,Healthy
22447,PIN CUSHION RUSSIAN DOLL BLUE,68,238.06,23,2.9565217391304346,12,126.0,20.695652173913043,Healthy
22448,PIN CUSHION BABUSHKA RED,161,553.0300000000001,42,3.8333333333333335,12,126.0,26.833333333333336,Healthy
22448,PIN CUSHION RUSSIAN DOLL RED,395,1230.67,36,10.972222222222221,240,2520.0,76.80555555555554,Healthy
22449,SILK PURSE BABUSHKA PINK,419,1424.17,88,4.761363636363637,24,252.0,33.32954545454545,Healthy
22449,SILK PURSE RUSSIAN DOLL PINK,460,1530.6200000000001,90,5.111111111111111,60,630.0,35.77777777777777,Healthy
22450,SILK PURSE BABUSHKA BLUE,301,1022.0300000000001,67,4.492537313432836,24,252.0,31.44776119402985,Healthy
22450,SILK PURSE RUSSIAN DOLL BLUE,375,1245.93,69,5.434782608695652,60,630.0,38.04347826086956,Healthy
22451,SILK PURSE BABUSHKA RED,567,1964.3700000000001,119,4.764705882352941,60,630.0,33.35294117647059,Healthy
22451,SILK PURSE RUSSIAN DOLL RED,605,1975.27,88,6.875,120,1260.0,48.125,Healthy
22452,MEASURING TAPE BABUSHKA PINK,443,1246.2900000000002,68,6.514705882352941,84,882.0,45.60294117647059,Healthy
22452,MEASURING TAPE RUSSIAN DOLL PINK,182,551.7,48,3.7916666666666665,24,252.0,26.541666666666664,Healthy
22453,MEASURING TAPE BABUSHKA BLUE,321,897.6700000000001,43,7.465116279069767,84,882.0,52.25581395348837,Healthy
22453,MEASURING TAPE RUSSIAN DOLL BLUE,103,306.81000000000006,28,3.6785714285714284,6,63.0,25.75,Healthy
22454,MEASURING TAPE BABUSHKA RED,595,1683.65,84,7.083333333333333,84,882.0,49.58333333333333,Healthy
22454,MEASURING TAPE RUSSIAN DOLL RED,654,1796.4200000000003,64,10.21875,384,4032.0,71.53125,Healthy
22456,NATURAL SLATE CHALKBOARD LARGE ,2730,12324.56,373,7.319034852546917,402,4221.0,51.233243967828415,Healthy
22457,NATURAL SLATE HEART CHALKBOARD ,6568,20431.640000000003,843,7.819047619047619,300,3150.0,54.733333333333334,Overstock
22458,CAST IRON HOOK GARDEN FORK,1007,2394.02,156,6.538961038961039,224,2352.0,45.77272727272727,Healthy
22459,CAST IRON HOOK GARDEN TROWEL,1000,2401.99,154,6.578947368421052,224,2352.0,46.05263157894736,Healthy
22460,EMBOSSED GLASS TEALIGHT HOLDER,2275,3082.95,171,13.304093567251462,96,1008.0,93.12865497076024,Overstock
22461,SAVOY ART DECO CLOCK,177,2268.95,98,1.8061224489795917,6,63.0,12.642857142857142,Overstock
22464,HANGING METAL HEART LANTERN,4520,7643.95,444,10.18018018018018,144,1512.0,71.26126126126127,Overstock
22465,HANGING METAL STAR LANTERN,2583,4357.86,276,9.358695652173912,96,1008.0,65.51086956521739,Overstock
22466,FAIRY TALE COTTAGE NIGHTLIGHT,2807,5200.73,199,14.105527638190955,432,4536.0,98.73869346733669,Healthy
22467,GUMBALL COAT RACK,4286,10121.130000000001,443,9.69683257918552,300,3150.0,67.87782805429863,Healthy
22468,BABUSHKA LIGHTS STRING OF 10,1260,8213.460000000001,278,4.565217391304348,50,525.0,31.956521739130434,Overstock
22469,HEART OF WICKER SMALL,11050,18993.56,1025,10.822722820763957,402,4221.0,75.7590597453477,Overstock
22470,HEART OF WICKER LARGE,8621,25673.910000000003,1092,7.909174311926606,378,3969.0,55.36422018348624,Overstock
22471,TV DINNER TRAY AIR HOSTESS ,224,1176.29,83,2.6987951807228914,16,168.0,18.89156626506024,Healthy
22472,"TRAY FOR TV DINNER , DOLLY GIRL",6,29.700000000000003,1,6.0,6,63.0,42.0,Restock Soon
22472,TV DINNER TRAY DOLLY GIRL,785,3699.4300000000003,149,5.268456375838926,192,2016.0,36.87919463087248,Healthy
22473,TV DINNER TRAY VINTAGE PAISLEY,330,1587.13,106,3.1132075471698113,80,840.0,21.79245283018868,Healthy
22474,SPACEBOY TV DINNER TRAY,675,3164.24,131,5.152671755725191,192,2016.0,36.06870229007633,Healthy
22474,"TRAY FOR TV DINNER ,SPACEBOY",6,29.700000000000003,1,6.0,6,63.0,42.0,Restock Soon
22475,SKULL DESIGN TV DINNER TRAY,465,2334.81,125,3.72,80,840.0,26.040000000000003,Healthy
22476,EMPIRE UNION JACK TV DINNER TRAY,476,2577.11,157,3.051282051282051,64,672.0,21.358974358974358,Healthy
22477,WATERING CAN GARDEN MARKER,1069,1417.6299999999999,155,6.896774193548387,60,630.0,48.277419354838706,Healthy
22478,BIRDHOUSE GARDEN MARKER ,1241,1649.07,181,6.894444444444445,30,315.0,48.26111111111111,Overstock
22479,DAISY GARDEN MARKER,805,1041.39,119,6.822033898305085,30,315.0,47.75423728813559,Overstock
22480,RED TEA TOWEL CLASSIC DESIGN,1786,2169.62,203,8.798029556650246,96,1008.0,61.586206896551715,Healthy
22481,BLACK TEA TOWEL CLASSIC DESIGN,476,598.76,94,5.0638297872340425,24,252.0,35.4468085106383,Healthy
22482,BLUE TEA TOWEL CLASSIC DESIGN,1887,2231.07,171,11.035087719298245,96,1008.0,77.24561403508771,Healthy
22483,RED GINGHAM TEDDY BEAR ,1125,3208.4300000000003,188,5.98404255319149,72,756.0,41.88829787234043,Healthy
22485,SET OF 2 WOODEN MARKET CRATES,583,7589.49,214,2.7242990654205608,36,378.0,19.070093457943926,Healthy
22486,PLASMATRONIC LAMP,35,435.45,16,2.1875,6,63.0,15.3125,Healthy
22487,WHITE WOOD GARDEN PLANT LADDER,861,8640.119999999999,478,1.8088235294117647,10,105.0,12.661764705882353,Overstock
22488,NATURAL SLATE RECTANGLE CHALKBOARD,3756,6300.54,404,9.297029702970297,144,1512.0,65.07920792079209,Overstock
22489,PACK OF 12 TRADITIONAL CRAYONS,8331,3534.9700000000003,354,23.533898305084747,288,3024.0,164.73728813559325,Overstock
22491,PACK OF 12 COLOURED PENCILS,3594,2873.19,179,20.078212290502794,288,3024.0,140.54748603351956,Healthy
22492,MINI PAINT SET VINTAGE ,17700,11300.17,349,50.86206896551724,1394,14637.0,356.0344827586207,Healthy
22492,MINI PAINT SET VINTAGE  BOY+ GIRL,1260,761.4,18,70.0,576,6048.0,490.0,Healthy
22493, PAINT YOUR OWN CANVAS SET,492,744.5999999999999,18,28.941176470588236,144,1512.0,202.58823529411765,Healthy
22493,PAINT YOUR OWN CANVAS SET,1857,3007.65,188,9.877659574468085,252,2646.0,69.1436170212766,Healthy
22494,EMERGENCY FIRST AID TIN ,1771,2283.71,237,7.472573839662447,192,2016.0,52.30801687763713,Healthy
22495,SET OF 2 ROUND TINS CAMEMBERT ,672,1980.7200000000003,143,4.699300699300699,108,1134.0,32.89510489510489,Healthy
22496,SET OF 2 ROUND TINS DUTCH CHEESE,479,1463.93,115,4.165217391304348,36,378.0,29.156521739130437,Healthy
22497,SET OF 2 TINS VINTAGE BATHROOM ,722,3204.18,189,3.82010582010582,96,1008.0,26.74074074074074,Healthy
22498,WOODEN REGATTA BUNTING,803,4823.650000000001,232,3.461206896551724,144,1512.0,24.22844827586207,Healthy
22499,WOODEN UNION JACK BUNTING,1504,9106.49,373,4.043010752688172,48,504.0,28.301075268817204,Overstock
22500,SET OF 2 TINS JARDIN DE PROVENCE,340,1719.8600000000001,106,3.207547169811321,24,252.0,22.452830188679247,Healthy
22501,PICNIC BASKET WICKER LARGE,1035,11466.33,335,3.1174698795180724,60,630.0,21.822289156626507,Healthy
22502,PICNIC BASKET WICKER SMALL,1924,10057.7,485,4.008333333333334,48,504.0,28.058333333333337,Overstock
22503,CABIN BAG VINTAGE PAISLEY,50,1437.08,23,2.1739130434782608,12,126.0,15.217391304347824,Healthy
22504,CABIN BAG VINTAGE RETROSPOT,127,3550.0099999999998,50,2.54,24,252.0,17.78,Healthy
22505,MEMO BOARD COTTAGE DESIGN,2361,11233.66,451,5.258351893095768,144,1512.0,36.808463251670375,Healthy
22507,MEMO BOARD RETROSPOT  DESIGN,2734,12433.210000000001,456,6.048672566371682,400,4200.0,42.340707964601776,Healthy
22508,DOORSTOP RETROSPOT HEART,1329,5224.41,416,3.1947115384615383,35,367.5,22.362980769230766,Overstock
22509,SEWING BOX RETROSPOT DESIGN ,183,3082.5699999999997,103,1.7766990291262137,18,189.0,12.436893203883496,Healthy
22510,DOORSTOP RUSSIAN DOLL GINGHAM,44,188.22,28,1.5714285714285714,6,63.0,11.0,Healthy
22510,GINGHAM BABUSHKA DOORSTOP,70,260.61,22,3.1818181818181817,16,168.0,22.272727272727273,Healthy
22511,DOORSTOP RUSSIAN DOLL RETROSPOT,101,371.1,35,2.8857142857142857,16,168.0,20.2,Healthy
22511,RETROSPOT BABUSHKA DOORSTOP,53,210.36,24,2.2083333333333335,4,42.0,15.458333333333334,Healthy
22512,DOORSTOP RACING CAR DESIGN,263,694.08,35,7.514285714285714,96,1008.0,52.6,Healthy
22513,DOORSTOP FOOTBALL DESIGN,438,1377.42,105,4.171428571428572,96,1008.0,29.200000000000003,Healthy
22514,CHILDS GARDEN SPADE BLUE,790,1519.47,137,5.766423357664234,156,1638.0,40.36496350364963,Healthy
22515,CHILDS GARDEN SPADE PINK,790,1550.23,129,6.171875,156,1638.0,43.203125,Healthy
22516,CHILDS GARDEN RAKE BLUE,636,1216.23,103,6.174757281553398,156,1638.0,43.22330097087379,Healthy
22517,CHILDS GARDEN RAKE PINK,609,1150.2,85,7.25,156,1638.0,50.75,Healthy
22518,CHILDS GARDEN BRUSH BLUE,1049,2156.21,192,5.492146596858639,156,1638.0,38.44502617801047,Healthy
22519,CHILDS GARDEN BRUSH PINK,1032,2112.48,177,5.830508474576271,156,1638.0,40.813559322033896,Healthy
22520,CHILDS GARDEN TROWEL BLUE ,1575,1389.1799999999998,256,6.15234375,96,1008.0,43.06640625,Healthy
22521,CHILDS GARDEN TROWEL PINK,1682,1466.59,269,6.25278810408922,96,1008.0,43.76951672862454,Healthy
22522,CHILDS GARDEN FORK BLUE ,1309,1133.22,206,6.354368932038835,96,1008.0,44.48058252427184,Healthy
22523,CHILDS GARDEN FORK PINK,1321,1133.99,219,6.031963470319635,96,1008.0,42.22374429223744,Healthy
22524,CHILDRENS GARDEN GLOVES BLUE,1298,1853.0,217,6.037209302325581,20,210.0,42.26046511627907,Overstock
22525,CHILDRENS GARDEN GLOVES PINK,1482,2154.69,265,5.634980988593156,24,252.0,39.444866920152094,Overstock
22526,WHEELBARROW FOR CHILDREN ,420,4994.9,129,3.255813953488372,90,945.0,22.790697674418606,Healthy
22528,GARDENERS KNEELING PAD,5824,7623.41,554,10.512635379061372,192,2016.0,73.5884476534296,Overstock
22529,MAGIC DRAWING SLATE GO TO THE FAIR ,1521,606.26,88,17.28409090909091,192,2016.0,120.98863636363637,Healthy
22529,MAGIC SLATE GO TO THE FAIR ,96,40.32,2,48.0,48,504.0,336.0,Restock Soon
22530,MAGIC DRAWING SLATE DOLLY GIRL ,6450,2746.06,248,26.008064516129032,384,4032.0,182.05645161290323,Healthy
22530,MAGIC SLATE DOLLY GIRL ,192,80.64,4,48.0,48,504.0,336.0,Restock Soon
22531,MAGIC DRAWING SLATE CIRCUS PARADE  ,4728,2093.89,221,21.490909090909092,1056,11088.0,150.43636363636364,Healthy
22531,MAGIC SLATE CIRCUS PARADE  ,192,80.64,4,48.0,48,504.0,336.0,Restock Soon
22532,MAGIC DRAWING SLATE LEAP FROG ,1751,718.4,106,16.5188679245283,192,2016.0,115.6320754716981,Healthy
22532,MAGIC SLATE LEAP FROG ,96,40.32,2,48.0,48,504.0,336.0,Restock Soon
22533,MAGIC DRAWING SLATE BAKE A CAKE ,2840,1180.21,152,18.68421052631579,192,2016.0,130.78947368421055,Healthy
22533,MAGIC SLATE BAKE A CAKE ,48,20.16,1,48.0,48,504.0,336.0,Restock Soon
22534,MAGIC DRAWING SLATE SPACEBOY ,8372,3631.82,335,25.065868263473053,384,4032.0,175.46107784431138,Overstock
22534,MAGIC SLATE SPACEBOY ,288,120.96000000000001,6,48.0,48,504.0,336.0,Restock Soon
22535,MAGIC DRAWING SLATE BUNNIES ,2410,1075.15,162,14.876543209876543,90,945.0,104.1358024691358,Overstock
22535,MAGIC SLATE BUNNIES AT HOME ,288,120.96000000000001,6,48.0,48,504.0,336.0,Restock Soon
22536,MAGIC DRAWING SLATE FIDO,360,151.2,8,45.0,48,504.0,315.0,Healthy
22536,MAGIC DRAWING SLATE PURDEY,4762,1901.24,209,22.89423076923077,480,5040.0,160.2596153846154,Healthy
22536,MAGIC SLATE FIDO,288,120.96000000000001,6,48.0,48,504.0,336.0,Restock Soon
22537,MAGIC DRAWING SLATE DINOSAUR,3824,1532.8400000000001,185,20.67027027027027,384,4032.0,144.69189189189188,Healthy
22537,MAGIC SLATE DINOSAUR,144,60.480000000000004,3,48.0,48,504.0,336.0,Restock Soon
22538,MINI JIGSAW GO TO THE FAIR,1043,447.71,47,22.19148936170213,192,2016.0,155.3404255319149,Healthy
22539,MINI JIGSAW DOLLY GIRL,2826,1183.92,123,23.16393442622951,240,2520.0,162.14754098360658,Healthy
22540,MINI JIGSAW CIRCUS PARADE ,3767,1503.23,106,35.5377358490566,1056,11088.0,248.7641509433962,Healthy
22541,MINI JIGSAW LEAP FROG,743,302.82,32,23.21875,240,2520.0,162.53125,Healthy
22543,MINI JIGSAW BAKE A CAKE ,1845,772.97,68,27.13235294117647,240,2520.0,189.9264705882353,Healthy
22544,MINI JIGSAW SPACEBOY,5023,2110.38,180,27.905555555555555,240,2520.0,195.33888888888887,Healthy
22545,MINI JIGSAW BUNNIES,1906,816.84,105,18.152380952380952,240,2520.0,127.06666666666666,Healthy
22545,MINI JIGSAW BUNNIES AT HOME,432,181.44,9,48.0,48,504.0,336.0,Healthy
22546,MINI JIGSAW FIDO,672,282.24,10,67.2,240,2520.0,470.40000000000003,Healthy
22546,MINI JIGSAW PURDEY,1606,683.68,87,18.45977011494253,240,2520.0,129.2183908045977,Healthy
22547,MINI JIGSAW DINOSAUR ,1223,531.72,94,13.01063829787234,48,504.0,91.07446808510639,Overstock
22548,HEADS AND TAILS SPORTING FUN,1604,2126.66,237,6.796610169491525,72,756.0,47.57627118644068,Overstock
22549,PICTURE DOMINOES,3492,5169.679999999999,378,9.238095238095237,96,1008.0,64.66666666666666,Overstock
22550,HOLIDAY FUN LUDO,923,3618.57,222,4.157657657657658,72,756.0,29.103603603603602,Healthy
22551,PLASTERS IN TIN SPACEBOY,7666,12818.64,667,11.562594268476621,384,4032.0,80.93815987933635,Healthy
22553,PLASTERS IN TIN SKULLS,3767,6273.39,569,6.6203866432337435,192,2016.0,46.342706502636204,Healthy
22554,PLASTERS IN TIN WOODLAND ANIMALS,6019,9948.29,603,10.014975041597339,288,3024.0,70.10482529118137,Healthy
22555,PLASTERS IN TIN MR STRONG ,228,357.0,11,20.727272727272727,96,1008.0,145.0909090909091,Healthy
22555,PLASTERS IN TIN STRONGMAN,5644,9041.19,465,12.163793103448276,876,9198.0,85.14655172413794,Healthy
22556,PLASTERS IN TIN CIRCUS PARADE ,7658,12589.37,652,11.781538461538462,876,9198.0,82.47076923076924,Healthy
22557,PLASTERS IN TIN VINTAGE PAISLEY ,5886,10035.72,595,9.942567567567568,600,6300.0,69.59797297297298,Healthy
22558,CLOTHES PEGS RETROSPOT PACK 24 ,5587,6810.78,463,12.145652173913044,96,1008.0,85.0195652173913,Overstock
22559,SEASIDE FLYING DISC,772,993.5600000000001,97,7.958762886597938,96,1008.0,55.71134020618557,Healthy
22559,SEASIDE FRISBEE ,308,370.54,26,11.846153846153847,48,504.0,82.92307692307693,Healthy
22560,TRADITIONAL MODELLING CLAY,7048,8698.23,375,18.794666666666668,250,2625.0,131.56266666666667,Overstock
22561,WOODEN SCHOOL COLOURING SET,5888,9998.970000000001,486,12.11522633744856,216,2268.0,84.80658436213992,Overstock
22562,MONSTERS STENCIL CRAFT,2591,2951.4300000000003,191,13.565445026178011,504,5292.0,94.95811518324608,Healthy
22563,HAPPY STENCIL CRAFT,3162,3630.6800000000003,264,11.977272727272727,504,5292.0,83.8409090909091,Healthy
22564,ALPHABET STENCIL CRAFT,1926,2230.38,167,11.532934131736527,504,5292.0,80.73053892215569,Healthy
22565,FELTCRAFT HAIRBANDS PINK + WHITE ,72,61.199999999999996,6,12.0,12,126.0,84.0,Restock Soon
22565,FELTCRAFT HAIRBANDS PINK AND WHITE ,1120,1003.0899999999999,133,8.421052631578947,144,1512.0,58.94736842105263,Healthy
22566,FELTCRAFT HAIRBAND PINK AND PURPLE,1921,1550.77,151,12.721854304635762,756,7938.0,89.05298013245033,Healthy
22566,"FELTCRAFT HAIRBAND S/2, PINK/PURPLE",96,81.6,8,12.0,12,126.0,84.0,Healthy
22567,20 DOLLY PEGS RETROSPOT,3336,4025.52,301,11.083056478405316,240,2520.0,77.58139534883722,Healthy
22568,FELTCRAFT CUSHION OWL,2310,8608.86,446,5.179372197309417,96,1008.0,36.255605381165914,Overstock
22569,FELTCRAFT CUSHION BUTTERFLY,2958,10761.630000000001,478,6.214285714285714,240,2520.0,43.5,Healthy
22570,FELTCRAFT CUSHION RABBIT,2709,10337.32,462,5.863636363636363,240,2520.0,41.04545454545455,Healthy
22571,ROCKING HORSE RED CHRISTMAS ,3646,3250.6,281,13.021428571428572,192,2016.0,91.15,Healthy
22572,ROCKING HORSE GREEN CHRISTMAS ,2288,2066.7999999999997,203,11.326732673267326,96,1008.0,79.28712871287128,Overstock
22573,STAR WOODEN CHRISTMAS DECORATION,2438,2204.08,208,11.892682926829268,192,2016.0,83.24878048780488,Healthy
22574,HEART WOODEN CHRISTMAS DECORATION,3049,2727.02,214,14.382075471698114,192,2016.0,100.6745283018868,Healthy
22575,METAL MERRY CHRISTMAS WREATH,2532,5599.78,251,10.128,192,2016.0,70.896,Healthy
22576,SWALLOW WOODEN CHRISTMAS DECORATION,1822,1627.3799999999999,172,10.654970760233919,192,2016.0,74.58479532163743,Healthy
22577,WOODEN HEART CHRISTMAS SCANDINAVIAN,3516,3173.93,312,11.37864077669903,96,1008.0,79.6504854368932,Overstock
22577,WOODEN HEART CHRISTMAS SCANDISPOT,36,30.6,1,36.0,36,378.0,252.0,Restock Soon
22578,WOODEN STAR CHRISTMAS SCANDINAVIAN,2878,2581.4,271,10.698884758364311,97,1018.5,74.89219330855018,Overstock
22578,WOODEN STAR CHRISTMAS SCANDISPOT,72,61.2,2,36.0,36,378.0,252.0,Restock Soon
22579,WOODEN TREE CHRISTMAS SCANDINAVIAN,2023,1851.28,230,8.83406113537118,96,1008.0,61.838427947598255,Overstock
22579,WOODEN TREE CHRISTMAS SCANDISPOT,96,81.6,3,32.0,36,378.0,224.0,Restock Soon
22580,ADVENT CALENDAR GINGHAM SACK,1027,6429.530000000001,260,3.965250965250965,48,504.0,27.756756756756754,Overstock
22581,WOOD STOCKING CHRISTMAS SCANDISPOT,2073,1800.24,221,9.422727272727272,240,2520.0,65.9590909090909,Healthy
22582,PACK OF 6 SWEETIE GIFT BOXES,1479,3731.36,202,7.321782178217822,144,1512.0,51.25247524752475,Healthy
22583,PACK OF 6 HANDBAG GIFT BOXES,1314,3433.6,247,5.341463414634147,72,756.0,37.390243902439025,Healthy
22584,PACK OF 6 PANNETONE GIFT BOXES,2941,7480.83,404,7.27970297029703,144,1512.0,50.95792079207921,Healthy
22585,PACK OF 6 BIRDY GIFT TAGS,12067,15299.779999999999,726,16.667127071823206,288,3024.0,116.66988950276244,Overstock
22586,FELTCRAFT HAIRBAND PINK AND BLUE,1266,1074.3899999999999,145,8.73103448275862,144,1512.0,61.11724137931034,Healthy
22587,FELTCRAFT HAIRBAND RED AND BLUE,1055,914.4799999999999,153,6.940789473684211,144,1512.0,48.58552631578947,Healthy
22587,"FELTCRAFT HAIRBAND, S/2, RED/BLUE",204,154.68,6,34.0,144,1512.0,238.0,Restock Soon
22588,CARD HOLDER GINGHAM HEART,2132,5667.36,321,6.6625,96,1008.0,46.637499999999996,Overstock
22588,CARDHOLDER GINGHAM HEART,102,216.9,2,51.0,96,1008.0,357.0,Restock Soon
22589,CARDHOLDER GINGHAM STAR,1006,2622.5,170,5.91764705882353,96,1008.0,41.423529411764704,Healthy
22591,CARDHOLDER GINGHAM CHRISTMAS TREE,938,2354.94,123,7.626016260162602,120,1260.0,53.38211382113821,Healthy
22592,CARDHOLDER HOLLY WREATH METAL,1341,5014.71,178,7.533707865168539,432,4536.0,52.735955056179776,Healthy
22593,CHRISTMAS GINGHAM STAR,3494,3036.77,236,14.805084745762711,144,1512.0,103.63559322033898,Overstock
22594,CHRISTMAS GINGHAM TREE,3002,2691.65,233,12.939655172413794,144,1512.0,90.57758620689656,Healthy
22595,CHRISTMAS GINGHAM HEART,6220,5243.89,357,17.471910112359552,288,3024.0,122.30337078651687,Overstock
22596,CHRISTMAS STAR WISH LIST CHALKBOARD,2855,2360.7799999999997,176,16.22159090909091,144,1512.0,113.55113636363637,Healthy
22597,CHRISTMAS MUSICAL ZINC HEART ,1832,1561.5,111,16.504504504504503,144,1512.0,115.53153153153153,Healthy
22598,CHRISTMAS MUSICAL ZINC TREE,805,689.9,51,15.784313725490197,144,1512.0,110.49019607843138,Healthy
22599,CHRISTMAS MUSICAL ZINC STAR,1182,1023.53,69,17.130434782608695,144,1512.0,119.91304347826087,Healthy
22600,CHRISTMAS RETROSPOT STAR WOOD,3260,2774.27,250,13.14516129032258,144,1512.0,92.01612903225806,Overstock
22601,CHRISTMAS RETROSPOT ANGEL WOOD,2943,2510.0099999999998,238,12.417721518987342,288,3024.0,86.92405063291139,Healthy
22602,CHRISTMAS RETROSPOT HEART WOOD,4281,3499.11,277,15.454873646209386,144,1512.0,108.18411552346569,Overstock
22603,CHRISTMAS RETROSPOT TREE WOOD,2836,2398.48,235,12.11965811965812,288,3024.0,84.83760683760684,Healthy
22604,SET OF 4 NAPKIN CHARM CUTLERY,18,45.900000000000006,3,6.0,6,63.0,42.0,Restock Soon
22604,SET OF 4 NAPKIN CHARMS CUTLERY,766,1917.96,124,6.227642276422764,48,504.0,43.59349593495935,Healthy
22605,WOODEN CROQUET GARDEN SET,1063,12454.81,352,3.0198863636363638,200,2100.0,21.139204545454547,Healthy
22606,WOODEN SKITTLES GARDEN SET,758,10275.38,234,3.2532188841201717,200,2100.0,22.7725321888412,Healthy
22607,WOODEN ROUNDERS GARDEN SET ,1217,10498.48,394,3.0888324873096447,30,315.0,21.621827411167512,Overstock
22608,PENS ASSORTED FUNKY JEWELED ,525,460.83000000000004,27,19.444444444444443,36,378.0,136.1111111111111,Healthy
22609,PENS ASSORTED SPACEBALL,1219,1056.4,49,24.877551020408163,36,378.0,174.14285714285714,Overstock
22610,PENS ASSORTED FUNNY FACE,3149,2575.04,74,42.554054054054056,1152,12096.0,297.8783783783784,Healthy
22611,VINTAGE UNION JACK SHOPPING BAG,683,3271.77,150,4.553333333333334,24,252.0,31.873333333333335,Overstock
22612,TEA COSY VINTAGE UNION JACK,1001,3984.99,109,9.18348623853211,408,4284.0,64.28440366972477,Healthy
22613,PACK OF 20 SPACEBOY NAPKINS,1523,1206.46,131,11.715384615384615,96,1008.0,82.00769230769231,Healthy
22614,PACK OF 12 SPACEBOY TISSUES,2846,978.04,159,17.89937106918239,111,1165.5,125.29559748427673,Overstock
22615,PACK OF 12 CIRCUS PARADE TISSUES ,1790,528.3399999999999,91,19.67032967032967,48,504.0,137.6923076923077,Overstock
22616,PACK OF 12 LONDON TISSUES ,13987,4771.25,342,40.89766081871345,1440,15120.0,286.2836257309941,Healthy
22617,BAKING SET SPACEBOY DESIGN,2175,10393.09,493,4.429735234215886,324,3402.0,31.0081466395112,Healthy
22618,COOKING SET RETROSPOT,671,6531.719999999999,226,2.9955357142857144,48,504.0,20.96875,Healthy
22619, SET Of 6 SOLDIER SKITTLES,16,60.0,3,5.333333333333333,8,84.0,37.33333333333333,Restock Soon
22619,SET OF 6 SOLDIER SKITTLES,1658,6257.28,286,5.7972027972027975,80,840.0,40.58041958041958,Healthy
22620,4 TRADITIONAL SPINNING TOPS,3458,4542.84,382,9.076115485564305,160,1680.0,63.53280839895014,Overstock
22621,TRADITIONAL KNITTING NANCY,2616,3793.41,276,9.547445255474452,96,1008.0,66.83211678832116,Overstock
22622,BOX OF VINTAGE ALPHABET BLOCKS,1898,18212.73,332,5.734138972809668,156,1638.0,40.13897280966768,Healthy
22623,BOX OF VINTAGE JIGSAW BLOCKS ,1416,7429.27,322,4.39751552795031,60,630.0,30.782608695652172,Overstock
22624,IVORY KITCHEN SCALES,1349,11631.46,537,2.5262172284644193,35,367.5,17.683520599250937,Overstock
22625,RED KITCHEN SCALES,1099,9769.03,439,2.503416856492027,28,294.0,17.52391799544419,Overstock
22626,BLACK KITCHEN SCALES,344,2978.1,154,2.2337662337662336,14,147.0,15.636363636363635,Overstock
22627,MINT KITCHEN SCALES,782,6834.79,311,2.514469453376206,24,252.0,17.60128617363344,Overstock
22628,PICNIC BOXES SET OF 3 RETROSPOT ,783,3787.57,163,4.803680981595092,160,1680.0,33.625766871165645,Healthy
22629,SPACEBOY LUNCH BOX ,6944,12972.679999999998,504,13.860279441117765,320,3360.0,97.02195608782435,Overstock
22630,DOLLY GIRL LUNCH BOX,6554,12313.66,514,12.825831702544031,512,5376.0,89.78082191780821,Healthy
22631,CIRCUS PARADE LUNCH BOX ,2649,5166.49,279,9.494623655913978,256,2688.0,66.46236559139784,Healthy
22631,CIRCUS PARADE LUNCHBOX ,1,1.95,1,1.0,1,10.5,7.0,Restock Soon
22632,HAND WARMER RED POLKA DOT,2592,4876.2,46,56.34782608695652,2004,21042.0,394.4347826086957,Healthy
22632,HAND WARMER RED RETROSPOT,4106,8475.44,427,9.752969121140142,192,2016.0,68.270783847981,Overstock
22633,HAND WARMER UNION JACK,4647,9497.410000000002,468,10.102173913043478,192,2016.0,70.71521739130435,Overstock
22634,CHILDS BREAKFAST SET SPACEBOY ,954,9062.199999999999,292,3.2896551724137932,64,672.0,23.02758620689655,Healthy
22635,CHILDS BREAKFAST SET DOLLY GIRL ,1008,9681.66,309,3.262135922330097,64,672.0,22.83495145631068,Healthy
22636,CHILDS BREAKFAST SET CIRCUS PARADE,1062,8752.17,304,3.504950495049505,96,1008.0,24.534653465346533,Healthy
22637,PIGGY BANK RETROSPOT ,1851,4771.15,293,6.3174061433447095,96,1008.0,44.221843003412964,Healthy
22638,SET OF 4 NAPKIN CHARMS CROWNS ,114,276.3,26,4.384615384615385,32,336.0,30.692307692307693,Healthy
22639,SET OF 4 NAPKIN CHARMS HEARTS,868,2147.08,135,6.42962962962963,32,336.0,45.007407407407406,Overstock
22640,SET OF 4 NAPKIN CHARMS 3 KEYS ,122,323.65,32,3.8125,12,126.0,26.6875,Healthy
22641,SET OF 4 NAPKIN CHARMS INSTRUMENT,152,380.73,32,4.75,32,336.0,33.25,Healthy
22641,SET OF 4 NAPKIN CHARMS INSTUMENT   ,12,30.6,2,6.0,6,63.0,42.0,Restock Soon
22642,SET OF 4 NAPKIN CHARMS STARS   ,727,1769.96,92,7.9021739130434785,32,336.0,55.31521739130435,Overstock
22643,SET OF 4 NAPKIN CHARMS LEAVES   ,230,574.61,49,4.6938775510204085,32,336.0,32.85714285714286,Healthy
22644,CERAMIC CHERRY CAKE MONEY BANK,2846,4414.0199999999995,355,8.03954802259887,72,756.0,56.27683615819209,Overstock
22645,CERAMIC HEART CAKE MONEY BANK,120,159.6,5,24.0,72,756.0,168.0,Restock Soon
22645,CERAMIC HEART FAIRY CAKE MONEY BANK,3352,5656.15,410,8.235872235872236,72,756.0,57.65110565110565,Overstock
22646,CERAMIC STRAWBERRY CAKE MONEY BANK,5093,7467.04,518,9.889320388349514,144,1512.0,69.2252427184466,Overstock
22647,CERAMIC LOVE HEART MONEY BANK,327,456.81,38,8.605263157894736,72,756.0,60.23684210526315,Healthy
22649,STRAWBERRY CAKE TEAPOT,16,79.2,4,4.0,8,84.0,28.0,Restock Soon
22649,STRAWBERRY FAIRY CAKE TEAPOT,1514,7486.04,292,5.202749140893471,64,672.0,36.419243986254294,Overstock
22650,CERAMIC PIRATE CHEST MONEY BANK,988,1481.6699999999998,148,6.72108843537415,108,1134.0,47.04761904761905,Healthy
22651,GENTLEMAN SHIRT REPAIR KIT ,1083,968.97,117,9.256410256410257,144,1512.0,64.7948717948718,Healthy
22652,TRAVEL SEWING KIT,5055,8625.16,391,12.994858611825192,800,8400.0,90.96401028277634,Healthy
22653,BUTTON BOX ,1200,2334.24,143,8.450704225352112,200,2100.0,59.154929577464785,Healthy
22654,DELUXE SEWING KIT ,1271,8242.92,294,4.3231292517006805,80,840.0,30.261904761904763,Healthy
22655,VINTAGE RED KITCHEN CABINET,17,5015.0,16,1.0625,2,21.0,7.4375,Healthy
22656,VINTAGE BLUE KITCHEN CABINET,19,5605.0,17,1.1176470588235294,2,21.0,7.8235294117647065,Healthy
22657,HEN & 2 CHICKS IN BASKET,59,50.15,7,8.428571428571429,24,252.0,59.0,Healthy
22659,LUNCH BOX I LOVE LONDON,5333,10358.97,415,12.944174757281553,324,3402.0,90.60922330097087,Healthy
22659,LUNCHBOX I LOVE LONDON,1,1.95,1,1.0,1,10.5,7.0,Restock Soon
22660,DOORMAT I LOVE LONDON,524,3222.58,98,5.346938775510204,220,2310.0,37.42857142857143,Healthy
22661,CHARLOTTE BAG DOLLY GIRL DESIGN,3093,2488.4,228,13.56578947368421,200,2100.0,94.96052631578948,Healthy
22662,LUNCH BAG DOLLY GIRL DESIGN,3331,5307.43,329,10.15548780487805,200,2100.0,71.08841463414635,Healthy
22663,JUMBO BAG DOLLY GIRL DESIGN,2372,4476.63,247,9.603238866396762,100,1050.0,67.22267206477733,Overstock
22664,TOY TIDY DOLLY GIRL DESIGN,732,1533.93,111,6.594594594594595,100,1050.0,46.16216216216216,Healthy
22665,RECIPE BOX BLUE SKETCHBOOK DESIGN,1506,4651.650000000001,368,4.1035422343324255,96,1008.0,28.724795640326978,Healthy
22666,RECIPE BOX PANTRY YELLOW DESIGN,2659,8201.25,593,4.529812606473595,72,756.0,31.708688245315162,Overstock
22667,RECIPE BOX RETRO SPOT DESIGN,959,2694.65,178,5.387640449438202,240,2520.0,37.71348314606742,Healthy
22667,RECIPE BOX RETROSPOT ,1149,3274.3500000000004,237,4.848101265822785,48,504.0,33.936708860759495,Overstock
22668,PINK BABY BUNTING,1414,4255.54,240,5.891666666666667,50,525.0,41.24166666666667,Overstock
22669,RED BABY BUNTING ,1306,4264.62,221,5.909502262443439,50,525.0,41.366515837104075,Overstock
22670,FRENCH WC SIGN BLUE METAL,2608,3071.36,134,19.60902255639098,576,6048.0,137.26315789473685,Healthy
22671,FRENCH LAUNDRY SIGN BLUE METAL,754,1250.55,107,7.113207547169812,96,1008.0,49.79245283018868,Healthy
22672,FRENCH BATHROOM SIGN BLUE METAL,1393,2263.08,157,8.872611464968152,96,1008.0,62.108280254777064,Healthy
22673,FRENCH GARDEN SIGN BLUE METAL,556,687.69,68,8.176470588235293,96,1008.0,57.23529411764706,Healthy
22674,FRENCH TOILET SIGN BLUE METAL,1048,1286.1200000000001,114,9.274336283185841,96,1008.0,64.92035398230088,Healthy
22675,FRENCH KITCHEN SIGN BLUE METAL,995,1219.8700000000001,109,9.212962962962964,96,1008.0,64.49074074074075,Healthy
22676,FRENCH BLUE METAL DOOR SIGN 1,113,167.71,31,3.6451612903225805,20,210.0,25.516129032258064,Healthy
22676,"FRENCH BLUE METAL DOOR SIGN, 1",577,742.67,79,7.30379746835443,50,525.0,51.12658227848101,Healthy
22677,FRENCH BLUE METAL DOOR SIGN 2,79,112.61,18,4.388888888888889,20,210.0,30.722222222222225,Healthy
22677,"FRENCH BLUE METAL DOOR SIGN, 2",509,656.41,77,6.6103896103896105,50,525.0,46.27272727272727,Healthy
22678,FRENCH BLUE METAL DOOR SIGN 3,66,98.88,24,2.75,10,105.0,19.25,Healthy
22678,"FRENCH BLUE METAL DOOR SIGN, 3",501,645.15,71,7.056338028169014,50,525.0,49.394366197183096,Healthy
22679,FRENCH BLUE METAL DOOR SIGN 4,57,80.07,18,3.1666666666666665,10,105.0,22.166666666666664,Healthy
22679,"FRENCH BLUE METAL DOOR SIGN, 4",468,596.34,62,7.548387096774194,50,525.0,52.83870967741936,Healthy
22680,FRENCH BLUE METAL DOOR SIGN 5,59,80.05,14,4.214285714285714,20,210.0,29.5,Healthy
22680,"FRENCH BLUE METAL DOOR SIGN, 5",477,610.11,65,7.338461538461538,50,525.0,51.36923076923077,Healthy
22681,FRENCH BLUE METAL DOOR SIGN 6,29,40.03,9,3.2222222222222223,10,105.0,22.555555555555557,Healthy
22681,"FRENCH BLUE METAL DOOR SIGN, 6",430,550.1,56,7.678571428571429,50,525.0,53.75,Healthy
22682,FRENCH BLUE METAL DOOR SIGN 7,48,70.08,13,3.6923076923076925,20,210.0,25.846153846153847,Healthy
22682,"FRENCH BLUE METAL DOOR SIGN, 7",443,560.05,58,7.637931034482759,50,525.0,53.46551724137931,Healthy
22683,FRENCH BLUE METAL DOOR SIGN 8,33,51.33,11,3.0,10,105.0,21.0,Healthy
22683,"FRENCH BLUE METAL DOOR SIGN, 8",458,586.36,63,7.26984126984127,50,525.0,50.888888888888886,Healthy
22684,FRENCH BLUE METAL DOOR SIGN 9,36,52.56,14,2.5714285714285716,10,105.0,18.0,Healthy
22684,"FRENCH BLUE METAL DOOR SIGN, 9",450,572.58,54,8.333333333333334,50,525.0,58.333333333333336,Healthy
22685,FRENCH BLUE METAL DOOR SIGN 0,32,47.56,9,3.5555555555555554,10,105.0,24.888888888888886,Healthy
22685,"FRENCH BLUE METAL DOOR SIGN, 0",461,577.51,54,8.537037037037036,50,525.0,59.75925925925925,Healthy
22686,FRENCH BLUE METAL DOOR SIGN No,61,87.59,18,3.388888888888889,20,210.0,23.72222222222222,Healthy
22686,"FRENCH BLUE METAL DOOR SIGN, No",356,468.94,48,7.416666666666667,36,378.0,51.91666666666667,Healthy
22687,DOORMAT CHRISTMAS VILLAGE,305,2430.45,97,3.1443298969072164,10,105.0,22.010309278350515,Overstock
22688,DOORMAT PEACE ON EARTH BLUE,194,1480.94,67,2.8955223880597014,12,126.0,20.268656716417908,Healthy
22689,DOORMAT MERRY CHRISTMAS RED ,421,3206.37,119,3.5677966101694913,50,525.0,24.97457627118644,Healthy
22690,DOORMAT HOME SWEET HOME BLUE ,921,5978.63,158,5.829113924050633,220,2310.0,40.80379746835443,Healthy
22691,DOORMAT WELCOME SUNRISE,388,2527.78,99,3.919191919191919,140,1470.0,27.434343434343432,Healthy
22692,DOORMAT WELCOME TO OUR HOME,617,4485.78,166,3.716867469879518,140,1470.0,26.018072289156628,Healthy
22693,GROW A FLYTRAP OR SUNFLOWER IN TIN,1655,2571.63,46,35.97826086956522,164,1722.0,251.84782608695653,Healthy
22694,WICKER STAR ,3273,7280.28,496,6.625506072874494,120,1260.0,46.378542510121456,Overstock
22695,WICKER WREATH SMALL,759,1144.3799999999999,116,6.6,48,504.0,46.199999999999996,Healthy
22696,WICKER WREATH LARGE,747,1466.27,153,4.9144736842105265,48,504.0,34.401315789473685,Healthy
22697,GREEN REGENCY TEACUP AND SAUCER,2625,8203.67,364,7.251381215469613,120,1260.0,50.75966850828729,Overstock
22697,TEACUP AND SAUCER REGENCY GREEN,174,472.5,13,13.384615384615385,72,756.0,93.6923076923077,Healthy
22698,PINK REGENCY TEACUP AND SAUCER,2262,6548.01,260,8.767441860465116,312,3276.0,61.372093023255815,Healthy
22698,TEACUP AND SAUCER REGENCY PINK,144,384.0,9,16.0,72,756.0,112.0,Healthy
22699,ROSES REGENCY TEACUP AND SAUCER ,3240,9437.52,381,8.548812664907652,312,3276.0,59.84168865435357,Healthy
22699,TEACUP AND SAUCER REGENCY ROSES,210,566.7,14,15.0,72,756.0,105.0,Healthy
22700,BLACK AND WHITE DOG BOWL,196,579.7800000000001,49,4.0,24,252.0,28.0,Healthy
22701,PINK DOG BOWL,128,406.54,45,2.8444444444444446,6,63.0,19.91111111111111,Overstock
22702,BLACK AND WHITE CAT BOWL,228,475.87,47,4.851063829787234,72,756.0,33.95744680851064,Healthy
22703,PINK CAT BOWL,154,340.58,43,3.5813953488372094,12,126.0,25.069767441860467,Healthy
22704,WRAP RED APPLES ,3550,1459.0,126,28.174603174603174,200,2100.0,197.22222222222223,Healthy
22705,WRAP GREEN PEARS ,1975,829.5,79,25.0,25,262.5,175.0,Overstock
22706,WRAP COWBOYS  ,2215,866.3,56,39.55357142857143,400,4200.0,276.875,Healthy
22707,WRAP MONSTER FUN ,900,378.0,34,26.470588235294116,50,525.0,185.2941176470588,Healthy
22708,WRAP DOLLY GIRL,2575,1001.5,61,42.21311475409836,800,8400.0,295.49180327868856,Healthy
22709,WRAP WEDDING DAY,1474,571.08,38,38.78947368421053,200,2100.0,271.5263157894737,Healthy
22710,WRAP I LOVE LONDON ,2708,1057.3600000000001,70,38.68571428571428,300,3150.0,270.79999999999995,Healthy
22711,WRAP CIRCUS PARADE,2475,1007.5,78,31.73076923076923,400,4200.0,222.1153846153846,Healthy
22712,CARD DOLLY GIRL ,2940,1215.09,209,14.066985645933014,360,3780.0,98.4688995215311,Healthy
22713,CARD I LOVE LONDON ,2732,1218.29,160,17.075,360,3780.0,119.52499999999999,Healthy
22714,CARD BIRTHDAY COWBOY,1828,759.0,139,13.151079136690647,72,756.0,92.05755395683454,Overstock
22715,CARD WEDDING DAY,1176,489.99,90,13.066666666666666,72,756.0,91.46666666666667,Healthy
22716,CARD CIRCUS PARADE,2117,893.79,171,12.380116959064328,72,756.0,86.6608187134503,Overstock
22717,CARD DOG AND BALL ,1203,495.27,89,13.51685393258427,288,3024.0,94.6179775280899,Healthy
22718,CARD CAT AND TREE ,1022,445.99,100,10.22,72,756.0,71.54,Healthy
22719,"GUMBALL COATHOOK., BLACK & WHITE ",20,25.0,4,5.0,14,147.0,35.0,Restock Soon
22719,GUMBALL MONOCHROME COAT RACK,876,1135.3799999999999,130,6.84375,36,378.0,47.90625,Overstock
22722,SET OF 6 SPICE TINS PANTRY DESIGN,6,23.700000000000003,1,6.0,6,63.0,42.0,Restock Soon
22725,ALARM CLOCK BAKELIKE CHOCOLATE,600,2440.35,139,4.316546762589928,100,1050.0,30.215827338129493,Healthy
22726,ALARM CLOCK BAKELIKE GREEN,1516,6511.06,347,4.368876080691643,58,609.0,30.5821325648415,Overstock
22727,ALARM CLOCK BAKELIKE RED ,1765,7212.74,357,4.9858757062146895,100,1050.0,34.90112994350282,Healthy
22728,ALARM CLOCK BAKELIKE PINK,1005,4186.37,220,4.589041095890411,100,1050.0,32.12328767123288,Healthy
22729,ALARM CLOCK BAKELIKE ORANGE,770,3184.93,195,3.948717948717949,32,336.0,27.641025641025642,Overstock
22730,ALARM CLOCK BAKELIKE IVORY,983,4080.64,209,4.70334928229665,100,1050.0,32.92344497607655,Healthy
22731,3D CHRISTMAS STAMPS STICKERS ,942,1417.42,107,8.80373831775701,108,1134.0,61.626168224299064,Healthy
22731,3D STICKERS CHRISTMAS STAMPS,940,1137.0,34,28.484848484848484,100,1050.0,199.39393939393938,Healthy
22732,3D STICKERS VINTAGE CHRISTMAS,1060,1268.0,38,27.894736842105264,200,2100.0,195.26315789473685,Healthy
22732,3D VINTAGE CHRISTMAS STICKERS ,1149,1682.01,127,9.047244094488189,108,1134.0,63.33070866141732,Healthy
22733,3D STICKERS TRADITIONAL CHRISTMAS ,980,1187.0,36,28.0,100,1050.0,196.0,Healthy
22733,3D TRADITIONAL CHRISTMAS STICKERS,960,1257.69,123,7.804878048780488,108,1134.0,54.63414634146341,Healthy
22734,SET OF 6 RIBBONS VINTAGE CHRISTMAS,6559,16429.78,340,19.462908011869438,1152,12096.0,136.24035608308606,Healthy
22735,RIBBON REEL SOCKS AND MITTENS,743,1266.8899999999999,114,6.517543859649122,120,1260.0,45.622807017543856,Healthy
22736,RIBBON REEL MAKING SNOWMEN ,1336,2321.38,205,6.58128078817734,120,1260.0,46.06896551724138,Healthy
22736,"RIBBON REEL, MAKING SNOWMEN ",60,99.0,5,12.0,20,210.0,84.0,Restock Soon
22737,RIBBON REEL CHRISTMAS PRESENT ,1991,3383.12,260,7.657692307692308,120,1260.0,53.603846153846156,Healthy
22738,RIBBON REEL SNOWY VILLAGE,2442,4518.22,254,9.614173228346457,120,1260.0,67.2992125984252,Healthy
22739,RIBBON REEL CHRISTMAS SOCK BAUBLE,1641,2990.29,272,6.100371747211896,120,1260.0,42.70260223048327,Healthy
22739,"RIBBON REEL, XMAS SOCK/BAUBLE",700,1131.0,46,15.555555555555555,120,1260.0,108.88888888888889,Healthy
22740,POLKA DOT PEN,1248,1060.8,24,52.0,96,1008.0,364.0,Healthy
22740,POLKADOT PEN,5490,4775.469999999999,118,46.92307692307692,1152,12096.0,328.46153846153845,Healthy
22740,POLKADOT PENS,48,40.8,1,48.0,48,504.0,336.0,Restock Soon
22741,FUNKY DIVA PEN,2174,1884.83,65,33.44615384615385,96,1008.0,234.12307692307695,Overstock
22742,MAKE YOUR OWN PLAYTIME CARD KIT,374,1193.0600000000002,85,4.4,12,126.0,30.800000000000004,Overstock
22743,MAKE YOUR OWN FLOWERPOWER CARD KIT,601,2252.07,158,3.8037974683544302,43,451.5,26.62658227848101,Healthy
22744,MAKE YOUR OWN MONSOON CARD KIT,690,2307.9,142,4.859154929577465,48,504.0,34.014084507042256,Healthy
22745,POPPY'S PLAYHOUSE BEDROOM ,2052,5331.87,318,6.452830188679245,300,3150.0,45.16981132075472,Healthy
22746,POPPY'S PLAYHOUSE LIVINGROOM ,1519,3595.08,261,5.819923371647509,300,3150.0,40.73946360153256,Healthy
22747,POPPY'S PLAYHOUSE BATHROOM,1127,2507.17,192,5.869791666666667,300,3150.0,41.08854166666667,Healthy
22748,POPPY'S PLAYHOUSE KITCHEN,2128,5515.86,342,6.222222222222222,300,3150.0,43.55555555555556,Healthy
22749,FELTCRAFT PRINCESS CHARLOTTE DOLL,1493,6513.67,260,5.786821705426356,111,1165.5,40.507751937984494,Healthy
22750,FELTCRAFT PRINCESS LOLA DOLL,1213,4543.39,260,4.73828125,96,1008.0,33.16796875,Healthy
22751,FELTCRAFT PRINCESS OLIVIA DOLL,762,2888.73,193,3.96875,48,504.0,27.78125,Healthy
22752,SET 7 BABUSHKA NESTING BOXES,1986,16308.78,361,5.516666666666667,96,1008.0,38.61666666666667,Healthy
22753,SMALL YELLOW BABUSHKA NOTEBOOK ,1355,1192.4199999999998,200,6.809045226130653,72,756.0,47.663316582914575,Healthy
22754,SMALL RED BABUSHKA NOTEBOOK ,2029,1760.62,244,8.315573770491802,72,756.0,58.20901639344262,Overstock
22755,SMALL PURPLE BABUSHKA NOTEBOOK ,2138,1860.23,264,8.129277566539924,72,756.0,56.90494296577947,Overstock
22756,LARGE YELLOW BABUSHKA NOTEBOOK ,616,753.2,99,6.222222222222222,72,756.0,43.55555555555556,Healthy
22757,LARGE RED BABUSHKA NOTEBOOK ,1622,1948.8400000000001,158,10.265822784810126,360,3780.0,71.86075949367088,Healthy
22758,LARGE PURPLE BABUSHKA NOTEBOOK  ,1264,1545.68,148,8.54054054054054,288,3024.0,59.78378378378378,Healthy
22759,SET OF 3 NOTEBOOKS IN PARCEL,4088,7148.6,398,10.297229219143578,96,1008.0,72.08060453400505,Overstock
22760,"TRAY, BREAKFAST IN BED",85,1104.25,43,1.9767441860465116,6,63.0,13.837209302325581,Healthy
22761,CHEST 7 DRAWER MA CAMPAGNE,18,425.09999999999997,11,1.6363636363636365,4,42.0,11.454545454545455,Healthy
22762,CUPBOARD 3 DRAWER MA CAMPAGNE,45,682.0699999999999,26,1.7307692307692308,8,84.0,12.115384615384617,Healthy
22763,KEY CABINET MA CAMPAGNE,467,3374.1499999999996,34,13.735294117647058,408,4284.0,96.1470588235294,Healthy
22764,"RUSTIC WOODEN CABINET, GLASS DOORS",178,3287.72,22,8.090909090909092,100,1050.0,56.63636363636364,Healthy
22765,NEWSPAPER STAND,311,3508.3,53,5.867924528301887,104,1092.0,41.07547169811321,Healthy
22766,PHOTO FRAME CORNICE,1169,3339.3500000000004,154,7.590909090909091,288,3024.0,53.13636363636363,Healthy
22767,TRIPLE PHOTO FRAME CORNICE ,248,2494.21,86,2.883720930232558,16,168.0,20.186046511627907,Healthy
22768,FAMILY PHOTO FRAME CORNICE,328,3205.5699999999997,111,2.954954954954955,16,168.0,20.684684684684683,Healthy
22769,CHALKBOARD KITCHEN ORGANISER,168,3428.95,39,4.3076923076923075,100,1050.0,30.153846153846153,Healthy
22770,MIRROR CORNICE,20,313.84,11,1.8181818181818181,4,42.0,12.727272727272727,Healthy
22771,CLEAR DRAWER KNOB ACRYLIC EDWARDIAN,1103,1421.75,83,13.289156626506024,48,504.0,93.02409638554217,Overstock
22771,DRAWER KNOB ACRYLIC EDWARDIAN CLEAR,24,30.0,1,24.0,24,252.0,168.0,Restock Soon
22772,DRAWER KNOB ACRYLIC EDWARDIAN PINK,24,30.0,1,24.0,24,252.0,168.0,Restock Soon
22772,PINK DRAWER KNOB ACRYLIC EDWARDIAN,687,950.91,73,9.41095890410959,24,252.0,65.87671232876713,Overstock
22773,DRAWER KNOB ACRYLIC EDWARDIAN GREEN,24,30.0,1,24.0,24,252.0,168.0,Restock Soon
22773,GREEN DRAWER KNOB ACRYLIC EDWARDIAN,384,536.88,46,8.347826086956522,36,378.0,58.43478260869565,Healthy
22774,RED DRAWER KNOB ACRYLIC EDWARDIAN,691,939.53,53,13.037735849056604,36,378.0,91.26415094339623,Healthy
22775,DRAWERKNOB ACRYLIC EDWARDIAN PURPLE,24,30.0,1,24.0,24,252.0,168.0,Restock Soon
22775,PURPLE DRAWERKNOB ACRYLIC EDWARDIAN,616,834.44,56,11.0,30,315.0,77.0,Healthy
22776,"CAKESTAND, 3 TIER, LOVEHEART",46,405.5,7,6.571428571428571,12,126.0,46.0,Healthy
22776,SWEETHEART CAKESTAND 3 TIER,472,4590.4,167,2.8263473053892216,24,252.0,19.784431137724553,Healthy
22777,GLASS BELL JAR LARGE,2,17.0,1,2.0,2,21.0,14.0,Restock Soon
22777,GLASS CLOCHE LARGE,127,1106.53,49,2.5918367346938775,24,252.0,18.142857142857142,Healthy
22778,GLASS BELL JAR SMALL,4,15.8,1,4.0,4,42.0,28.0,Restock Soon
22778,GLASS CLOCHE SMALL,233,956.87,61,3.819672131147541,24,252.0,26.737704918032787,Healthy
22779,WOODEN OWLS LIGHT GARLAND ,483,1859.79,52,9.288461538461538,192,2016.0,65.01923076923077,Healthy
22780,LIGHT GARLAND BUTTERFILES PINK,502,1910.54,52,9.653846153846153,192,2016.0,67.57692307692307,Healthy
22781,GUMBALL MAGAZINE RACK,268,2060.76,86,3.116279069767442,24,252.0,21.813953488372093,Healthy
22782,SET 3 WICKER STORAGE BASKETS ,13,312.35,10,1.3,4,42.0,9.1,Healthy
22783,SET 3 WICKER OVAL BASKETS W LIDS,26,482.7,16,1.625,4,42.0,11.375,Healthy
22784,LANTERN CREAM GAZEBO ,316,1573.58,85,3.7176470588235295,12,126.0,26.023529411764706,Overstock
22785,CUSHION COVER PINK UNION FLAG,120,792.0600000000001,28,4.285714285714286,48,504.0,30.0,Healthy
22785,SQUARECUSHION COVER PINK UNION FLAG,62,438.96,28,2.2142857142857144,6,63.0,15.5,Healthy
22786,CUSHION COVER PINK UNION JACK,64,421.52,27,2.3703703703703702,6,63.0,16.59259259259259,Healthy
22786,PILLOWCUSHION COVER PINK UNION JACK,67,408.83000000000004,22,3.0454545454545454,6,63.0,21.318181818181817,Healthy
22788,BROCANTE COAT RACK,266,2047.45,31,8.580645161290322,200,2100.0,60.064516129032256,Healthy
22789,T-LIGHT HOLDER SWEETHEART HANGING,408,794.34,61,6.8,36,378.0,47.6,Healthy
22790,"MIRROR, ARCHED GEORGIAN",200,3884.000000000001,1,200.0,200,2100.0,1400.0,Restock Soon
22791,T-LIGHT GLASS FLUTED ANTIQUE,1891,2337.83,113,16.734513274336283,72,756.0,117.14159292035399,Overstock
22792,FLUTED ANTIQUE CANDLE HOLDER,811,726.9699999999999,71,11.422535211267606,72,756.0,79.95774647887325,Healthy
22794,SWEETHEART WIRE MAGAZINE RACK,76,614.34,35,2.1714285714285713,12,126.0,15.2,Healthy
22795,SWEETHEART RECIPE BOOK STAND,450,3126.06,156,2.8846153846153846,16,168.0,20.192307692307693,Overstock
22796,PHOTO FRAME 3 CLASSIC HANGING,237,2396.19,91,2.6043956043956045,24,252.0,18.23076923076923,Healthy
22797,CHEST OF DRAWERS GINGHAM HEART ,87,1523.8999999999999,55,1.5818181818181818,6,63.0,11.072727272727272,Healthy
22798,ANTIQUE GLASS DRESSING TABLE POT,688,2176.1600000000003,112,6.142857142857143,48,504.0,43.0,Healthy
22799,SWEETHEART WIRE FRUIT BOWL,47,406.26,20,2.35,12,126.0,16.45,Healthy
22800,ANTIQUE TALL SWIRLGLASS TRINKET POT,336,1345.13,84,4.0,12,126.0,28.0,Overstock
22801,ANTIQUE GLASS PEDESTAL BOWL,336,1368.36,95,3.536842105263158,12,126.0,24.757894736842104,Overstock
22802,FAUX FUR CHOCOLATE THROW,33,678.36,18,1.8333333333333333,5,52.5,12.833333333333332,Healthy
22803,IVORY EMBROIDERED QUILT ,24,887.4,14,1.7142857142857142,3,31.5,12.0,Healthy
22804,CANDLEHOLDER PINK HANGING HEART,2246,6311.13,217,10.350230414746544,320,3360.0,72.45161290322581,Healthy
22805,BLUE DRAWER KNOB ACRYLIC EDWARDIAN,426,589.2,47,9.063829787234043,48,504.0,63.446808510638306,Healthy
22806,SET OF 6 T-LIGHTS WEDDING CAKE ,182,507.38000000000005,21,8.666666666666666,48,504.0,60.666666666666664,Healthy
22807,SET OF 6 T-LIGHTS TOADSTOOLS,594,1795.7400000000002,110,5.4,48,504.0,37.800000000000004,Healthy
22808,SET OF 6 T-LIGHTS EASTER CHICKS,82,225.66000000000003,10,8.2,48,504.0,57.39999999999999,Healthy
22809,SET OF 6 T-LIGHTS SANTA,1392,4081.2000000000003,193,7.25,60,630.0,50.75,Overstock
22810,SET OF 6 T-LIGHTS SNOWMEN,1351,4019.8500000000004,190,7.110526315789474,60,630.0,49.77368421052632,Overstock
22811,SET OF 6 T-LIGHTS CACTI ,159,559.37,40,3.975,48,504.0,27.825,Healthy
22812,PACK 3 BOXES CHRISTMAS PANNETONE,3324,7557.38,310,10.72258064516129,144,1512.0,75.05806451612904,Overstock
22813,PACK 3 BOXES BIRD PANNETONE ,1659,3224.6499999999996,176,9.426136363636363,144,1512.0,65.98295454545455,Healthy
22814,CARD PARTY GAMES ,642,280.37,65,9.876923076923077,72,756.0,69.13846153846154,Healthy
22815,CARD PSYCHEDELIC APPLES,868,377.44,78,11.128205128205128,72,756.0,77.8974358974359,Healthy
22816,CARD MOTORBIKE SANTA,3363,1488.99,197,17.071065989847718,144,1512.0,119.49746192893403,Overstock
22817,CARD SUKI BIRTHDAY,768,327.68,69,11.130434782608695,72,756.0,77.91304347826087,Healthy
22818,CARD CHRISTMAS VILLAGE,3001,1333.86,183,16.48901098901099,72,756.0,115.42307692307692,Overstock
22819,"BIRTHDAY CARD, RETRO SPOT",771,326.79,63,12.238095238095237,72,756.0,85.66666666666666,Healthy
22820,GIFT BAG BIRTHDAY,425,277.51,34,12.5,36,378.0,87.5,Healthy
22821,GIFT BAG PSYCHEDELIC APPLES,528,350.13000000000005,51,10.352941176470589,36,378.0,72.47058823529412,Healthy
22822,CREAM WALL PLANTER HEART SHAPED,173,940.12,33,5.242424242424242,80,840.0,36.696969696969695,Healthy
22823,CHEST NATURAL WOOD 20 DRAWERS,8,910.0,5,1.6,2,21.0,11.200000000000001,Restock Soon
22824,3 TIER SWEETHEART GARDEN SHELF,8,287.6,7,1.1428571428571428,2,21.0,8.0,Healthy
22825,DECORATIVE PLANT POT WITH FRIEZE,30,238.5,12,2.5,6,63.0,17.5,Healthy
22827,GIANT SEVENTEEN DRAWER SIDEBOARD,8,1240.0,6,1.3333333333333333,2,21.0,9.333333333333332,Restock Soon
22827,RUSTIC  SEVENTEEN DRAWER SIDEBOARD,6,950.0,5,1.2,2,21.0,8.4,Restock Soon
22828,REGENCY MIRROR WITH SHUTTERS,8,1200.0,5,1.6,2,21.0,11.200000000000001,Restock Soon
22829,BROCANTE SHELF WITH HOOKS,1,9.95,1,1.0,1,10.5,7.0,Restock Soon
22829,SWEETHEART WIRE WALL TIDY,21,242.79,13,1.6153846153846154,5,52.5,11.307692307692308,Healthy
22830,UTILTY CABINET WITH HOOKS,178,3713.76,16,11.125,96,1008.0,77.875,Healthy
22831,WHITE BROCANTE SOAP DISH,74,233.10000000000002,20,3.7,10,105.0,25.900000000000002,Healthy
22832,BROCANTE SHELF WITH HOOKS,17,193.23000000000002,8,2.125,4,42.0,14.875,Healthy
22832,SWEETHEART WIRE WALL TIDY,12,122.6,3,4.0,8,84.0,28.0,Restock Soon
22833,HALL CABINET WITH 3 DRAWERS,117,3963.64,10,11.7,72,756.0,81.89999999999999,Healthy
22834,HAND WARMER BABUSHKA DESIGN,2592,5559.620000000001,281,9.290322580645162,104,1092.0,65.03225806451613,Overstock
22834,MINI HAND WARMER BABUSHKA DESIGN,108,214.8,5,21.6,48,504.0,151.20000000000002,Restock Soon
22835,HOT WATER BOTTLE I AM SO POORLY,2083,10563.02,401,5.2075,64,672.0,36.4525,Overstock
22837,HOT WATER BOTTLE BABUSHKA ,2707,12503.44,327,8.329230769230769,432,4536.0,58.30461538461538,Healthy
22837,HOT WATER BOTTLE BABUSHKA LARGE,128,580.8,13,9.846153846153847,36,378.0,68.92307692307693,Healthy
22838,3 TIER CAKE TIN RED AND CREAM,219,3370.85,105,2.105769230769231,16,168.0,14.740384615384617,Healthy
22838,"CAKE TIN, 3 TIER RED/IVORY",28,383.4,8,3.5,8,84.0,24.5,Healthy
22839,3 TIER CAKE TIN GREEN AND CREAM,137,2170.67,70,1.9855072463768115,16,168.0,13.89855072463768,Healthy
22839,"CAKE TIN, 3 TIER MINT/IVORY",13,176.75,4,3.25,8,84.0,22.75,Restock Soon
22840,"CAKE TIN, ROUND, VINTAGE RED,CREAM",59,421.05,10,5.9,12,126.0,41.300000000000004,Healthy
22840,ROUND CAKE TIN VINTAGE RED,376,2938.46,134,2.8059701492537314,36,378.0,19.64179104477612,Healthy
22841,"CAKE TIN, ROUND, VINTAGE MINT,IVORY",27,190.65,4,6.75,12,126.0,47.25,Restock Soon
22841,ROUND CAKE TIN VINTAGE GREEN,227,1813.91,98,2.316326530612245,24,252.0,16.214285714285715,Healthy
22842,BISCUIT TIN VINTAGE RED,217,1423.57,75,2.8933333333333335,24,252.0,20.253333333333334,Healthy
22842,"BISCUIT TIN, RED,IVORY, VINTAGE",37,230.55,7,5.285714285714286,12,126.0,37.0,Healthy
22843,BISCUIT TIN VINTAGE GREEN,150,987.74,54,2.7777777777777777,24,252.0,19.444444444444443,Healthy
22843,"BISCUIT TIN, MINT,IVORY, VINTAGE",1,6.75,1,1.0,1,10.5,7.0,Restock Soon
22844,"DOG FOOD CONTAINER , VINTAGE",10,85.0,3,3.3333333333333335,6,63.0,23.333333333333336,Restock Soon
22844,VINTAGE CREAM DOG FOOD CONTAINER,198,1733.76,83,2.4146341463414633,12,126.0,16.902439024390244,Healthy
22844,VINTAGE DOG FOOD CONTAINER,36,308.64,6,6.0,24,252.0,42.0,Restock Soon
22845,"CAT FOOD CONTAINER , VINTAGE",10,63.5,3,3.3333333333333335,6,63.0,23.333333333333336,Restock Soon
22845,VINTAGE CAT FOOD CONTAINER,34,218.14,5,6.8,24,252.0,47.6,Restock Soon
22845,VINTAGE CREAM CAT FOOD CONTAINER,178,1276.6299999999999,82,2.1707317073170733,12,126.0,15.195121951219512,Healthy
22846,BREAD BIN DINER STYLE RED ,187,3022.9,77,2.4285714285714284,16,168.0,17.0,Healthy
22846,"BREAD BIN, DINER STYLE, RED ",3,50.849999999999994,2,1.5,2,21.0,10.5,Restock Soon
22847,BREAD BIN DINER STYLE IVORY,241,3818.0,107,2.2523364485981308,8,84.0,15.766355140186915,Overstock
22847,"BREAD BIN, DINER STYLE, IVORY",45,682.7499999999999,10,4.5,12,126.0,31.5,Healthy
22848,BREAD BIN DINER STYLE PINK,67,1056.7,26,2.576923076923077,8,84.0,18.03846153846154,Healthy
22848,"BREAD BIN, DINER STYLE, PINK",8,127.6,3,2.6666666666666665,4,42.0,18.666666666666664,Restock Soon
22849,BREAD BIN DINER STYLE MINT,81,1319.05,36,2.25,8,84.0,15.75,Healthy
22849,"BREAD BIN, DINER STYLE, MINT",13,196.35,4,3.25,4,42.0,22.75,Restock Soon
22850,BREAD BIN DINER STYLE BLACK,8,123.6,1,8.0,8,84.0,56.0,Restock Soon
22851,SET 20 NAPKINS FAIRY CAKES DESIGN ,2454,1859.37,185,13.33695652173913,96,1008.0,93.35869565217392,Overstock
22852,DOG BOWL VINTAGE CREAM,91,374.75,30,3.033333333333333,24,252.0,21.233333333333334,Healthy
22852,"DOG BOWL, ENAMEL , CREAM COLOUR",8,34.0,2,4.0,4,42.0,28.0,Restock Soon
22852,ENAMEL DOG BOWL CREAM,76,300.48,3,25.333333333333332,48,504.0,177.33333333333331,Restock Soon
22853,CAT BOWL VINTAGE CREAM,110,356.06,26,4.230769230769231,24,252.0,29.615384615384617,Healthy
22853,"CAT BOWL, ENAMEL , CREAM COLOUR",12,39.0,2,6.0,6,63.0,42.0,Restock Soon
22853,ENAMEL CAT BOWL CREAM,52,157.8,3,17.333333333333332,24,252.0,121.33333333333333,Restock Soon
22854,CREAM SWEETHEART EGG HOLDER,406,1992.47,89,4.561797752808989,48,504.0,31.93258426966292,Healthy
22855,FINE WICKER HEART ,2365,2956.07,206,11.536585365853659,72,756.0,80.75609756097562,Overstock
22856,ASSORTED EASTER DECORATIONS  BELLS,308,330.28000000000003,5,61.6,288,3024.0,431.2,Restock Soon
22857,ASSORTED EASTER GIFT TAGS,85,82.42,5,17.0,36,378.0,119.0,Restock Soon
22858,EASTER TIN KEEPSAKE,9,16.560000000000002,3,3.0,6,63.0,21.0,Restock Soon
22859,EASTER TIN BUNNY BOUQUET,57,102.60000000000001,11,5.181818181818182,24,252.0,36.27272727272727,Healthy
22860,EASTER TIN CHICKS PINK DAISY,25,46.38,5,5.0,12,126.0,35.0,Restock Soon
22862,LOVE HEART NAPKIN BOX ,610,2673.56,165,3.696969696969697,32,336.0,25.87878787878788,Healthy
22863,SOAP DISH BROCANTE,430,1222.7400000000002,69,6.231884057971015,48,504.0,43.6231884057971,Healthy
22864,MUG AND COASTER SET RED CIRCLES,378,158.76,2,189.0,330,3465.0,1323.0,Restock Soon
22865,HAND WARMER OWL DESIGN,7032,15608.78,634,11.179650238473767,144,1512.0,78.25755166931637,Overstock
22866,HAND WARMER SCOTTY DOG DESIGN,7112,15957.12,613,11.697368421052632,207,2173.5,81.88157894736842,Overstock
22867,HAND WARMER BIRD DESIGN,6993,15422.43,602,11.693979933110368,192,2016.0,81.85785953177258,Overstock
22868,NUMBER TILE COTTAGE GARDEN 0 ,4,12.32,4,1.0,1,10.5,7.0,Restock Soon
22868,"NUMBER TILE COTTAGE GARDEN, 0 ",57,113.40999999999998,3,19.0,48,504.0,133.0,Restock Soon
22869,NUMBER TILE COTTAGE GARDEN 1,4,7.8,2,2.0,3,31.5,14.0,Restock Soon
22869,"NUMBER TILE COTTAGE GARDEN, 1",67,139.69,11,6.090909090909091,48,504.0,42.63636363636363,Healthy
22870,NUMBER TILE COTTAGE GARDEN 2,6,18.48,5,1.2,2,21.0,8.4,Restock Soon
22870,"NUMBER TILE COTTAGE GARDEN, 2",57,113.40999999999998,3,19.0,48,504.0,133.0,Restock Soon
22871,NUMBER TILE COTTAGE GARDEN 3 ,4,16.84,3,1.3333333333333333,2,21.0,9.333333333333332,Restock Soon
22871,"NUMBER TILE COTTAGE GARDEN, 3 ",56,109.19999999999999,2,28.0,48,504.0,196.0,Restock Soon
22872,NUMBER TILE COTTAGE GARDEN 4,8,24.64,7,1.1428571428571428,2,21.0,8.0,Healthy
22872,"NUMBER TILE COTTAGE GARDEN, 4",56,109.19999999999999,2,28.0,48,504.0,196.0,Restock Soon
22873,NUMBER TILE COTTAGE GARDEN 5,4,10.06,3,1.3333333333333333,2,21.0,9.333333333333332,Restock Soon
22873,"NUMBER TILE COTTAGE GARDEN, 5",57,111.14999999999999,3,19.0,48,504.0,133.0,Restock Soon
22874,NUMBER TILE COTTAGE GARDEN 6,5,12.01,5,1.0,1,10.5,7.0,Restock Soon
22874,"NUMBER TILE COTTAGE GARDEN, 6",56,109.19999999999999,2,28.0,48,504.0,196.0,Restock Soon
22875,NUMBER TILE COTTAGE GARDEN 7,4,10.06,3,1.3333333333333333,2,21.0,9.333333333333332,Restock Soon
22875,"NUMBER TILE COTTAGE GARDEN, 7",57,113.41,3,19.0,48,504.0,133.0,Restock Soon
22876,NUMBER TILE COTTAGE GARDEN 8,4,14.58,4,1.0,1,10.5,7.0,Restock Soon
22876,"NUMBER TILE COTTAGE GARDEN, 8",56,109.19999999999999,2,28.0,48,504.0,196.0,Restock Soon
22877,NUMBER TILE COTTAGE GARDEN 9,6,16.22,4,1.5,2,21.0,10.5,Restock Soon
22877,"NUMBER TILE COTTAGE GARDEN, 9",59,117.30999999999999,5,11.8,48,504.0,82.60000000000001,Restock Soon
22878,NUMBER TILE COTTAGE GARDEN No,8,27.35,7,1.1428571428571428,2,21.0,8.0,Healthy
22878,"NUMBER TILE COTTAGE GARDEN, No",45,98.72,5,9.0,36,378.0,63.0,Restock Soon
22879,NUMBER TILE VINTAGE FONT 0,4,14.58,4,1.0,1,10.5,7.0,Restock Soon
22879,"NUMBER TILE VINTAGE FONT, 0",8,17.36,1,8.0,8,84.0,56.0,Restock Soon
22880,NUMBER TILE VINTAGE FONT 1,7,20.43,5,1.4,2,21.0,9.799999999999999,Restock Soon
22880,"NUMBER TILE VINTAGE FONT, 1",8,17.36,1,8.0,8,84.0,56.0,Restock Soon
22881,NUMBER TILE VINTAGE FONT 2,2,3.9,1,2.0,2,21.0,14.0,Restock Soon
22881,"NUMBER TILE VINTAGE FONT, 2",8,17.36,1,8.0,8,84.0,56.0,Restock Soon
22882,NUMBER TILE VINTAGE FONT 3,11,28.23,8,1.375,2,21.0,9.625,Healthy
22882,"NUMBER TILE VINTAGE FONT, 3",8,17.36,1,8.0,8,84.0,56.0,Restock Soon
22883,NUMBER TILE VINTAGE FONT 4,2,8.42,2,1.0,1,10.5,7.0,Restock Soon
22883,"NUMBER TILE VINTAGE FONT, 4",8,17.36,1,8.0,8,84.0,56.0,Restock Soon
22884,NUMBER TILE VINTAGE FONT 5,6,18.48,4,1.5,2,21.0,10.5,Restock Soon
22884,"NUMBER TILE VINTAGE FONT, 5",8,17.36,1,8.0,8,84.0,56.0,Restock Soon
22885,NUMBER TILE VINTAGE FONT 6 ,9,24.33,7,1.2857142857142858,2,21.0,9.0,Healthy
22885,"NUMBER TILE VINTAGE FONT, 6 ",8,17.36,1,8.0,8,84.0,56.0,Restock Soon
22886,NUMBER TILE VINTAGE FONT 7,3,10.370000000000001,3,1.0,1,10.5,7.0,Restock Soon
22886,"NUMBER TILE VINTAGE FONT, 7",8,17.36,1,8.0,8,84.0,56.0,Restock Soon
22887,NUMBER TILE VINTAGE FONT 8,6,16.22,4,1.5,2,21.0,10.5,Restock Soon
22887,"NUMBER TILE VINTAGE FONT, 8",8,17.36,1,8.0,8,84.0,56.0,Restock Soon
22888,NUMBER TILE VINTAGE FONT 9 ,3,5.85,2,1.5,2,21.0,10.5,Restock Soon
22889,NUMBER TILE VINTAGE FONT No ,5,16.83,4,1.25,2,21.0,8.75,Restock Soon
22889,"NUMBER TILE VINTAGE FONT, No ",23,50.7,3,7.666666666666667,14,147.0,53.66666666666667,Restock Soon
22890,NOVELTY BISCUITS CAKE STAND 3 TIER,447,4203.95,106,4.216981132075472,48,504.0,29.518867924528305,Healthy
22891,TEA FOR ONE POLKADOT,266,1245.76,78,3.41025641025641,24,252.0,23.871794871794872,Healthy
22892,SALT AND PEPPER SHAKERS TOADSTOOLS,397,486.35,30,13.233333333333333,72,756.0,92.63333333333333,Healthy
22892,SET OF SALT AND PEPPER TOADSTOOLS,687,859.11,69,10.102941176470589,72,756.0,70.72058823529412,Healthy
22893,MINI CAKE STAND T-LIGHT HOLDER,902,399.47999999999996,44,20.5,240,2520.0,143.5,Healthy
22894,TABLECLOTH RED APPLES DESIGN ,263,2192.9,73,3.6027397260273974,50,525.0,25.21917808219178,Healthy
22895,SET OF 2 TEA TOWELS APPLE AND PEARS,828,2452.92,139,6.0,100,1050.0,42.0,Healthy
22896,PEG BAG APPLE DESIGN,287,664.35,28,10.25,50,525.0,71.75,Healthy
22896,PEG BAG APPLES DESIGN,216,568.4599999999999,58,3.789473684210526,50,525.0,26.52631578947368,Healthy
22897,OVEN MITT APPLE DESIGN,343,485.0,34,10.088235294117647,50,525.0,70.61764705882352,Healthy
22897,OVEN MITT APPLES DESIGN,279,422.90999999999997,59,4.728813559322034,20,210.0,33.101694915254235,Healthy
22898,CHILDRENS APRON APPLE DESIGN,291,524.71,26,11.192307692307692,50,525.0,78.34615384615384,Healthy
22898,CHILDRENS APRON APPLES DESIGN,544,1102.3,97,5.608247422680412,50,525.0,39.25773195876288,Healthy
22899,CHILDREN'S APRON DOLLY GIRL ,664,1384.65,109,6.091743119266055,100,1050.0,42.642201834862384,Healthy
22899,CHILDRENS APRON DOLLY GIRL ,107,226.81,17,6.294117647058823,24,252.0,44.05882352941176,Healthy
22900, SET 2 TEA TOWELS I LOVE LONDON ,1442,5521.08,231,6.242424242424242,156,1638.0,43.696969696969695,Healthy
22902,TOTE BAG I LOVE LONDON,491,1009.8000000000001,74,6.635135135135135,50,525.0,46.445945945945944,Healthy
22903,CALENDAR FAMILY FAVORITES,20,59.0,4,5.0,8,84.0,35.0,Restock Soon
22903,CALENDAR FAMILY FAVOURITES,534,1453.22,21,25.428571428571427,160,1680.0,178.0,Healthy
22904,CALENDAR PAPER CUT DESIGN,1682,5488.58,208,8.1256038647343,160,1680.0,56.8792270531401,Healthy
22905,CALENDAR IN SEASON DESIGN,508,1493.2400000000002,88,5.7727272727272725,80,840.0,40.40909090909091,Healthy
22906,12 MESSAGE CARDS WITH ENVELOPES,1710,3414.77,213,8.028169014084508,120,1260.0,56.19718309859155,Healthy
22907,PACK OF 20 NAPKINS PANTRY DESIGN,2154,1644.6899999999998,168,12.821428571428571,192,2016.0,89.75,Healthy
22908,PACK OF 20 NAPKINS RED APPLES,1286,1014.17,119,10.898305084745763,96,1008.0,76.28813559322035,Healthy
22909,SET OF 20 VINTAGE CHRISTMAS NAPKINS,8708,7719.65,531,16.492424242424242,768,8064.0,115.44696969696969,Healthy
22910,PAPER CHAIN KIT VINTAGE CHRISTMAS,8986,28828.0,689,13.118248175182481,367,3853.5,91.82773722627736,Overstock
22911,PAPER CHAIN KIT LONDON,407,1146.41,78,5.217948717948718,80,840.0,36.52564102564103,Healthy
22912,YELLOW COAT RACK PARIS FASHION,51,264.59000000000003,18,2.8333333333333335,12,126.0,19.833333333333336,Healthy
22913,RED COAT RACK PARIS FASHION,110,506.24,19,5.7894736842105265,36,378.0,40.526315789473685,Healthy
22914,BLUE COAT RACK PARIS FASHION,131,610.1899999999999,29,4.517241379310345,36,378.0,31.620689655172416,Healthy
22915,ASSORTED BOTTLE TOP  MAGNETS ,309,164.34,21,14.714285714285714,120,1260.0,103.0,Healthy
22916,HERB MARKER THYME,98,81.88,26,3.769230769230769,12,126.0,26.384615384615383,Healthy
22917,HERB MARKER ROSEMARY,97,78.2,25,3.88,12,126.0,27.16,Healthy
22918,HERB MARKER PARSLEY,99,81.52,25,3.96,12,126.0,27.72,Healthy
22919,HERB MARKER MINT,76,57.480000000000004,21,3.619047619047619,12,126.0,25.333333333333332,Healthy
22920,HERB MARKER BASIL,98,80.87,25,3.92,12,126.0,27.439999999999998,Healthy
22921,HERB MARKER CHIVES ,85,72.42,24,3.5416666666666665,12,126.0,24.791666666666664,Healthy
22922,FRIDGE MAGNETS US DINER ASSORTED,522,396.9,14,37.285714285714285,120,1260.0,261.0,Healthy
22923,FRIDGE MAGNETS LES ENFANTS ASSORTED,302,261.44,17,17.764705882352942,120,1260.0,124.3529411764706,Healthy
22924,FRIDGE MAGNETS LA VIE EN ROSE,268,252.88,15,17.866666666666667,120,1260.0,125.06666666666666,Healthy
22925,BLUE GIANT GARDEN THERMOMETER,56,345.04,18,3.111111111111111,16,168.0,21.77777777777778,Healthy
22926,IVORY GIANT GARDEN THERMOMETER,164,975.32,46,3.5652173913043477,36,378.0,24.956521739130434,Healthy
22927,GREEN GIANT GARDEN THERMOMETER,72,517.2,29,2.4827586206896552,6,63.0,17.379310344827587,Healthy
22928,YELLOW GIANT GARDEN THERMOMETER,13,83.27,6,2.1666666666666665,4,42.0,15.166666666666666,Restock Soon
22929,SCHOOL DESK AND CHAIR ,4,260.0,4,1.0,1,10.5,7.0,Restock Soon
22930,BAKING MOULD HEART MILK CHOCOLATE,91,199.65000000000003,6,15.166666666666666,72,756.0,106.16666666666666,Restock Soon
22931,BAKING MOULD HEART WHITE CHOCOLATE,87,189.45000000000002,5,17.4,72,756.0,121.79999999999998,Restock Soon
22932,BAKING MOULD TOFFEE CUP CHOCOLATE,79,169.05000000000004,3,26.333333333333332,72,756.0,184.33333333333331,Restock Soon
22933,BAKING MOULD EASTER EGG MILK CHOC,12,35.400000000000006,1,12.0,12,126.0,84.0,Restock Soon
22935,BAKING MOULD ROSE MILK CHOCOLATE,81,227.25,3,27.0,72,756.0,189.0,Restock Soon
22936,BAKING MOULD ROSE WHITE CHOCOLATE,9,29.25,2,4.5,6,63.0,31.5,Restock Soon
22937,BAKING MOULD CHOCOLATE CUP CAKES,12,30.6,2,6.0,6,63.0,42.0,Restock Soon
22937,BAKING MOULD CHOCOLATE CUPCAKES,38,96.9,4,9.5,12,126.0,66.5,Restock Soon
22938,CUPCAKE LACE PAPER SET 6,1379,2517.6699999999996,97,14.216494845360824,96,1008.0,99.51546391752576,Healthy
22939,APRON APPLE DELIGHT,236,1152.83,60,3.933333333333333,50,525.0,27.53333333333333,Healthy
22940,FELTCRAFT CHRISTMAS FAIRY,1738,8119.04,303,5.754966887417218,96,1008.0,40.28476821192053,Healthy
22941,CHRISTMAS LIGHTS 10 REINDEER,1037,8823.9,208,5.009661835748792,72,756.0,35.067632850241544,Healthy
22942,CHRISTMAS LIGHTS 10 SANTAS ,663,5439.14,114,5.815789473684211,48,504.0,40.71052631578947,Healthy
22943,CHRISTMAS LIGHTS 10 VINTAGE BAUBLES,1246,6028.35,178,7.03954802259887,108,1134.0,49.27683615819209,Healthy
22944,CHRISTMAS METAL POSTCARD WITH BELLS,1526,1787.98,50,30.52,288,3024.0,213.64,Healthy
22945,CHRISTMAS METAL TAGS ASSORTED ,4836,4687.77,187,25.86096256684492,288,3024.0,181.0267379679144,Healthy
22946,WOODEN ADVENT CALENDAR CREAM,537,8421.1,147,3.6780821917808217,24,252.0,25.746575342465754,Overstock
22947,WOODEN ADVENT CALENDAR RED,280,4397.61,84,3.3734939759036147,24,252.0,23.614457831325304,Healthy
22948,METAL DECORATION NAUGHTY CHILDREN ,644,689.4799999999999,54,11.925925925925926,48,504.0,83.48148148148148,Healthy
22949,36 DOILIES DOLLY GIRL,1060,1453.9299999999998,77,13.766233766233766,432,4536.0,96.36363636363636,Healthy
22950,36 DOILIES VINTAGE CHRISTMAS,2680,3763.69,165,16.341463414634145,288,3024.0,114.39024390243901,Healthy
22950,SET OF 36 DOILIES VINTAGE CHRISTMAS,444,557.4,2,222.0,432,4536.0,1554.0,Restock Soon
22951,60 CAKE CASES DOLLY GIRL DESIGN,2769,1426.35,191,14.497382198952879,480,5040.0,101.48167539267016,Healthy
22951,72 CAKE CASES DOLLY GIRL DESIGN,943,471.84999999999997,25,37.72,360,3780.0,264.03999999999996,Healthy
22952,60 CAKE CASES VINTAGE CHRISTMAS,12645,7793.7699999999995,472,27.01923076923077,1008,10584.0,189.1346153846154,Healthy
22952,72 CAKE CASES VINTAGE CHRISTMAS,4346,2178.14,101,43.898989898989896,672,7056.0,307.2929292929293,Healthy
22952,SET 72 CAKE CASES VINTAGE CHRISTMAS,672,291.6,4,168.0,600,6300.0,1176.0,Restock Soon
22953,BIRTHDAY BANNER TAPE,24,30.0,2,12.0,12,126.0,84.0,Restock Soon
22953,BIRTHDAY PARTY CORDON BARRIER TAPE,315,372.69,28,11.25,144,1512.0,78.75,Healthy
22954,HEN PARTY BANNER TAPE,12,15.0,1,12.0,12,126.0,84.0,Restock Soon
22954,HEN PARTY CORDON BARRIER TAPE,29,37.51,9,3.2222222222222223,12,126.0,22.555555555555557,Healthy
22955,36 FOIL STAR CAKE CASES ,439,899.12,59,7.440677966101695,60,630.0,52.08474576271186,Healthy
22956,36 FOIL HEART CAKE CASES,557,1127.14,80,6.9625,60,630.0,48.737500000000004,Healthy
22959,WRAP CHRISTMAS VILLAGE,4825,1962.5,142,33.978873239436616,200,2100.0,237.85211267605632,Overstock
22959,"WRAPPING PAPER, XMAS VILLAGE",25,10.5,1,25.0,25,262.5,175.0,Restock Soon
22960,JAM MAKING SET WITH JARS,594,2557.18,79,7.615384615384615,120,1260.0,53.30769230769231,Healthy
22961,JAM MAKING SET PRINTED,1673,2580.46,115,14.675438596491228,288,3024.0,102.72807017543859,Healthy
22962,JAM JAR WITH PINK LID,734,583.9399999999999,37,19.83783783783784,240,2520.0,138.86486486486487,Healthy
22963,JAM JAR WITH BLUE LID,2,1.7,1,2.0,2,21.0,14.0,Restock Soon
22963,JAM JAR WITH GREEN LID,662,524.12,38,17.42105263157895,192,2016.0,121.94736842105264,Healthy
22964,3 PIECE SPACEBOY COOKIE CUTTER SET,225,485.16,49,4.591836734693878,18,189.0,32.142857142857146,Healthy
22965,3 TRADITIONAL COOKIE CUTTERS  SET,204,392.40000000000003,8,25.5,144,1512.0,178.5,Healthy
22965,3 TRADITIONAl BISCUIT CUTTERS  SET,313,629.74,27,11.592592592592593,144,1512.0,81.14814814814815,Healthy
22966,GINGERBREAD MAN COOKIE CUTTER,1046,1277.98,93,11.24731182795699,144,1512.0,78.73118279569893,Healthy
22968,ROSE COTTAGE KEEPSAKE BOX ,400,4100.28,142,2.8368794326241136,32,336.0,19.858156028368796,Healthy
22969,HOMEMADE JAM SCENTED CANDLES,2555,3670.7,107,23.878504672897197,288,3024.0,167.14953271028037,Healthy
22972,CHILDREN'S SPACEBOY MUG,125,235.32,30,4.166666666666667,12,126.0,29.166666666666668,Healthy
22972,CHILDRENS SPACEBOY MUG,72,118.80000000000001,5,14.4,24,252.0,100.8,Restock Soon
22973,CHILDREN'S CIRCUS PARADE MUG,131,228.12,19,6.894736842105263,18,189.0,48.26315789473684,Healthy
22973,CHILDRENS CIRCUS PARADE MUG,36,59.400000000000006,3,12.0,12,126.0,84.0,Restock Soon
22974,CHILDRENS DOLLY GIRL MUG,140,248.1,28,5.0,12,126.0,35.0,Healthy
22975,SPACEBOY CHILDRENS EGG CUP,118,163.88,22,5.363636363636363,12,126.0,37.54545454545455,Healthy
22976,CIRCUS PARADE CHILDRENS EGG CUP ,144,187.56,18,8.0,24,252.0,56.0,Healthy
22977,DOLLY GIRL CHILDRENS EGG CUP,110,143.8,17,6.875,36,378.0,48.125,Healthy
22983,CARD BILLBOARD FONT,302,128.54,25,12.08,72,756.0,84.56,Healthy
22983,"CARD, BILLBOARD FONT",1300,543.34,100,13.0,144,1512.0,91.0,Healthy
22984,CARD GINGHAM ROSE ,85,36.13,7,12.142857142857142,24,252.0,85.0,Healthy
22984,"CARD, GINGHAM ROSE ",596,249.44,47,12.680851063829786,72,756.0,88.7659574468085,Healthy
22985,"WRAP, BILLBOARD FONTS DESIGN",990,415.8,39,25.384615384615383,50,525.0,177.69230769230768,Healthy
22986,GINGHAM ROSE WRAP,1740,698.8,51,34.11764705882353,400,4200.0,238.8235294117647,Healthy
22987,"WRAP , SUMMER ROSE DESIGN",150,63.0,6,25.0,25,262.5,175.0,Restock Soon
22988,SOLDIERS EGG CUP ,611,815.41,62,10.01639344262295,72,756.0,70.11475409836065,Healthy
30086C,ASSORTED FRUIT STRAWS,1,1.7,1,1.0,1,10.5,7.0,Restock Soon
35001B,HAND OPEN SHAPE BLACK,17,59.330000000000005,6,2.8333333333333335,6,63.0,19.833333333333336,Restock Soon
35001G,HAND OPEN SHAPE GOLD,560,1728.76,75,7.466666666666667,96,1008.0,52.266666666666666,Healthy
35001P,HAND OPEN SHAPE PINK,2,6.98,2,1.0,1,10.5,7.0,Restock Soon
35001W,HAND OPEN SHAPE DECO.WHITE,877,2794.69,189,4.64021164021164,90,945.0,32.48148148148148,Healthy
35004B,SET OF 3 BLACK FLYING DUCKS,923,3997.34,168,5.526946107784431,48,504.0,38.688622754491014,Healthy
35004C,SET OF 3 COLOURED  FLYING DUCKS,2886,15139.13,326,8.85276073619632,168,1764.0,61.96932515337424,Healthy
35004G,SET OF 3 GOLD FLYING DUCKS,236,990.26,56,4.214285714285714,12,126.0,29.5,Healthy
35004P,SET OF 3 PINK FLYING DUCKS,119,633.52,42,2.8333333333333335,12,126.0,19.833333333333336,Healthy
35004S,SET OF 3 SILVER FLYING DUCKS,145,505.4,24,6.041666666666667,24,252.0,42.29166666666667,Healthy
35004c,SET OF 3 COLOURED  FLYING DUCKS,27,343.72,25,1.2272727272727273,2,21.0,8.590909090909092,Healthy
35004p,SET OF 3 PINK FLYING DUCKS,1,12.72,1,1.0,1,10.5,7.0,Restock Soon
35004s,SET OF 3 SILVER FLYING DUCKS,1,13.0,1,1.0,1,10.5,7.0,Restock Soon
35015,JACOBS LADDER SMALL,2072,134.08,39,53.12820512820513,144,1512.0,371.8974358974359,Healthy
35051B,PINK BEADED CONE CHRISTMAS,14,5.88,2,7.0,8,84.0,49.0,Restock Soon
35071,ASSORTED SANTA CHRISTMAS DECORATION,50,51.13999999999999,7,7.142857142857143,24,252.0,50.0,Healthy
35085E,IVORY ROSE LAMPSHADE ,39,44.25,9,4.333333333333333,6,63.0,30.333333333333332,Healthy
35095A,BLUE VICTORIAN FABRIC OVAL BOX,888,340.35,69,12.869565217391305,360,3780.0,90.08695652173913,Healthy
35095B,RED VICTORIAN FABRIC OVAL BOX,1095,418.59,83,13.19277108433735,360,3780.0,92.34939759036145,Healthy
35096A,BLUE VICTORIAN FABRIC HEART BOX,765,272.45,50,15.3,537,5638.5,107.10000000000001,Healthy
35096B,RED VICTORIAN FABRIC HEART BOX,293,106.49000000000001,25,11.72,141,1480.5,82.04,Healthy
35160,BUDDHA INCENSE HOLDER ASSORTED,2180,1590.64,56,38.92857142857143,288,3024.0,272.5,Healthy
35233,PASTA ENAMEL/BRASS CONTAINER,10,37.5,8,1.25,2,21.0,8.75,Healthy
35240,ENAMEL BLUE RIM OVAL TRAY SET/2,49,416.01,39,1.2564102564102564,4,42.0,8.794871794871796,Healthy
35241,ENAMEL BLUE RIM BISCUIT BIN,209,1121.0,89,2.348314606741573,24,252.0,16.43820224719101,Healthy
35265,COLOURFUL FLOWER FRUIT BOWL,4,27.8,4,1.0,1,10.5,7.0,Restock Soon
35271S,GOLD PRINT PAPER BAG,420,85.97,20,21.0,144,1512.0,147.0,Healthy
35400,WOODEN BOX ADVENT CALENDAR ,1425,13909.6,414,3.475609756097561,48,504.0,24.329268292682926,Overstock
35443,RASTA IN BATH W SPLIFF ASHTRAY,8,6.8,4,2.0,4,42.0,14.0,Restock Soon
35471A,SET OF 3 BIRD L.BLUE FEATHER,421,499.31,83,5.072289156626506,48,504.0,35.506024096385545,Healthy
35471D,SET OF 3 BIRD LIGHT PINK FEATHER ,403,632.81,132,3.053030303030303,12,126.0,21.37121212121212,Overstock
35537,CANDLE RING W/CLEAR BEADS,13,5.46,3,4.333333333333333,6,63.0,30.333333333333332,Restock Soon
35591T,TURQUOISE CHRISTMAS TREE ,14,17.5,6,2.3333333333333335,4,42.0,16.333333333333336,Restock Soon
35594,WOODEN CHRISTMAS TREE 3 HANGING,165,103.06,39,4.230769230769231,12,126.0,29.615384615384617,Healthy
35596,WOOD XMAS TREE 9 FIG SHELVES,29,24.65,4,7.25,20,210.0,50.75,Restock Soon
35597A,DUSTY PINK CHRISTMAS TREE 30CM,10,12.5,4,2.5,6,63.0,17.5,Restock Soon
35597B,BLACKCHRISTMAS TREE 30CM,78,224.1,7,11.142857142857142,60,630.0,78.0,Healthy
35597D,PINK/WHITE CHRISTMAS TREE 30CM,12,7.800000000000001,5,2.4,5,52.5,16.8,Restock Soon
35598A,DUSTY PINK CHRISTMAS TREE 60CM,1,2.95,1,1.0,1,10.5,7.0,Restock Soon
35598B,BLACK CHRISTMAS TREE 60CM,400,442.28000000000003,36,11.11111111111111,120,1260.0,77.77777777777777,Healthy
35598C,WHITE CHRISTMAS TREE 60CM,1,2.95,1,1.0,1,10.5,7.0,Restock Soon
35598D,PINK/WHITE CHRISTMAS TREE 60CM,1080,866.16,70,15.428571428571429,240,2520.0,108.0,Healthy
35599B,BLACK CHRISTMAS TREE 120CM,59,470.96000000000004,28,2.107142857142857,12,126.0,14.75,Healthy
35599D,PINK AND WHITE CHRISTMAS TREE 120CM,208,831.1400000000001,72,2.888888888888889,30,315.0,20.22222222222222,Healthy
35600D,PINK AND WHITE CHRISTMAS TREE 180CM,141,497.70000000000005,13,10.846153846153847,47,493.5,75.92307692307693,Healthy
35603B,S/16 BLACK SHINY/MAT BAUBLES,50,21.0,2,25.0,48,504.0,175.0,Restock Soon
35603C,SET/16 WHITE SHINY & MATT BAUBLES,83,48.3,24,3.4583333333333335,12,126.0,24.208333333333336,Healthy
35607A,PINK FLUFFY CHRISTMAS DECORATION,528,110.61,29,18.20689655172414,72,756.0,127.44827586206897,Healthy
35607B,BLACK FEATHER CHRISTMAS DECORATION,216,44.06,10,21.6,72,756.0,151.20000000000002,Healthy
35609A,PINK FEATHER CHRISTMAS DECORATION,446,130.72,23,19.391304347826086,48,504.0,135.7391304347826,Healthy
35610A,PINK CHRISTMAS FLOCK DROPLET ,134,92.92,10,13.4,48,504.0,93.8,Healthy
35610B,BLACK CHRISTMAS FLOCK DROPLET ,155,114.07,12,12.916666666666666,48,504.0,90.41666666666666,Healthy
35610C,WHITE CHRISTMAS FLOCK DROPLET ,69,49.05,6,11.5,48,504.0,80.5,Restock Soon
35611B,BLACK ASSORTED DROPLET DECORATION,62,45.76,3,20.666666666666668,48,504.0,144.66666666666669,Restock Soon
35633B,BLUE TINSEL GARLAND ,130,24.7,12,10.833333333333334,36,378.0,75.83333333333334,Healthy
35637A,IVORY STRING CURTAIN WITH POLE ,382,1023.96,26,14.692307692307692,240,2520.0,102.84615384615384,Healthy
35637C,PINK STRING CURTAIN WITH POLE,70,230.28,10,7.0,48,504.0,49.0,Healthy
35638A,PINK AND BLACK STRING CURTAIN,1,5.95,1,1.0,1,10.5,7.0,Restock Soon
35638B,PINK/BLUE STRING CURTAIN ,61,184.95999999999998,6,10.166666666666666,48,504.0,71.16666666666666,Restock Soon
35644,PAIR PINK/BLACK COATHANGERS,21,40.95,7,3.0,6,63.0,21.0,Healthy
35645,VINTAGE BEAD PINK JEWEL BOX,57,284.81,31,1.8387096774193548,4,42.0,12.870967741935484,Healthy
35646,VINTAGE BEAD PINK EVENING BAG,28,131.66,12,2.3333333333333335,4,42.0,16.333333333333336,Healthy
35647,VINTAGE BEAD PINK SHADE ,550,731.99,72,7.638888888888889,144,1512.0,53.47222222222223,Healthy
35648,VINTAGE BEAD PINK PURSE ,76,251.49,18,4.222222222222222,12,126.0,29.555555555555557,Healthy
35649,VINTAGE BEAD COSMETIC BAG ,1769,1206.05,18,98.27777777777777,1728,18144.0,687.9444444444443,Healthy
35650,VINTAGE BEAD PINK JEWEL STAND,2,9.9,2,1.0,1,10.5,7.0,Restock Soon
35651,VINTAGE BEAD PINK SCARF ,9,87.91,6,1.5,3,31.5,10.5,Restock Soon
35652,VINTAGE BEAD CHAISE LONG JEWEL BOX,18,21.5,2,9.0,16,168.0,63.0,Restock Soon
35653,VINTAGE BEAD NOTEBOOK,170,587.73,66,2.5757575757575757,8,84.0,18.03030303030303,Overstock
35654,VINTAGE BEAD FILLED PINK CUSHION,12,59.400000000000006,5,2.4,5,52.5,16.8,Restock Soon
35751C,PURPLE CURRENT CANDLE RING,31,12.61,2,15.5,19,199.5,108.5,Restock Soon
35751D,PINK CURRENT CANDLE RING,28,5.32,1,28.0,28,294.0,196.0,Restock Soon
35793,S/3 PUPPIES CHRISTMAS DECORATIONS,108,216.33,15,7.2,27,283.5,50.4,Healthy
35809A,ENAMEL PINK TEA CONTAINER,718,1182.93,116,6.189655172413793,48,504.0,43.32758620689655,Healthy
35809B,ENAMEL BLUE RIM TEA CONTAINER,96,218.35999999999999,30,3.2,12,126.0,22.400000000000002,Healthy
35809a,ENAMEL PINK TEA CONTAINER,2,8.42,2,1.0,1,10.5,7.0,Restock Soon
35810A,ENAMEL PINK COFFEE CONTAINER,572,964.65,96,5.958333333333333,36,378.0,41.70833333333333,Healthy
35810B,ENAMEL BLUE RIM COFFEE CONTAINER,174,345.71999999999997,43,4.046511627906977,24,252.0,28.325581395348838,Healthy
35811A,ENAMEL PINK SUGAR CONTAINER,434,762.97,84,5.166666666666667,48,504.0,36.16666666666667,Healthy
35815B,"ACRYLIC JEWEL SNOWFLAKE,BLUE",95,43.94,3,31.666666666666668,48,504.0,221.66666666666669,Restock Soon
35815P,"ACRYLIC JEWEL SNOWFLAKE, PINK",6,12.6,2,3.0,5,52.5,21.0,Restock Soon
35816B,"ACRYLIC JEWEL ANGEL,BLUE",139,58.07,3,46.333333333333336,136,1428.0,324.33333333333337,Restock Soon
35816P,"ACRYLIC JEWEL ANGEL,PINK",219,107.78999999999999,7,31.285714285714285,150,1575.0,219.0,Healthy
35817B,"ACRYLIC JEWEL SNOWFLAKE,BLUE",143,61.3,3,47.666666666666664,141,1480.5,333.66666666666663,Restock Soon
35817P,"ACRYLIC JEWEL SNOWFLAKE,PINK",402,196.84,9,44.666666666666664,240,2520.0,312.66666666666663,Healthy
35818B,"ACRYLIC JEWEL ICICLE, BLUE",377,168.27,8,47.125,144,1512.0,329.875,Healthy
35818C,"ACRYLIC JEWEL ICICLE, CLEAR ",1,3.43,1,1.0,1,10.5,7.0,Restock Soon
35818P,"ACRYLIC JEWEL ICICLE, PINK",297,139.68,7,42.42857142857143,144,1512.0,297.0,Healthy
35819B,"ACRYLIC HANGING JEWEL,BLUE",117,86.25,8,14.625,72,756.0,102.375,Healthy
35821B,"JEWELLED DECORATION,BLUE",150,57.0,3,50.0,78,819.0,350.0,Restock Soon
35821P,"JEWELLED DECORATION,PINK",2,5.9,2,1.0,1,10.5,7.0,Restock Soon
35822B,"ACRYLIC BEAD CHAIN, BLUE",229,87.02,1,229.0,229,2404.5,1603.0,Restock Soon
35822P,"ACRYLIC BEAD CHAIN, PINK",114,43.32,1,114.0,114,1197.0,798.0,Restock Soon
35823P,"ACRYLIC BEAD GARLAND,PINK",2,5.9,2,1.0,1,10.5,7.0,Restock Soon
35824B,"HANGING FLOWERS+MIRROR,BLUE",528,203.24,6,88.0,360,3780.0,616.0,Restock Soon
35824C,"HANGING FLOWERS+MIRROR,CLEAR",235,117.05,8,29.375,102,1071.0,205.625,Healthy
35824P,"HANGING FLOWERS+MIRROR,PINK",324,136.44,3,108.0,288,3024.0,756.0,Restock Soon
35832,WOOLLY HAT SOCK GLOVE ADVENT STRING,1737,5341.85,188,9.23936170212766,60,630.0,64.67553191489361,Overstock
35833G,4 GOLD FLOCK CHRISTMAS BALLS,134,220.66,34,3.9411764705882355,12,126.0,27.58823529411765,Healthy
35833P,4 PINK FLOCK CHRISTMAS BALLS,139,261.67,45,3.088888888888889,12,126.0,21.622222222222224,Healthy
35837,SET OF SIX SILVER+RED FLOCK BAUBLES,2,1.7,1,2.0,2,21.0,14.0,Restock Soon
35838A,S/6 MULTICOLOUR ORNAMENETAL CANDLE,180,184.4,20,9.0,65,682.5,63.0,Healthy
35838B,S/6 SILVER ORNAMENETAL CANDLE,100,85.0,23,4.3478260869565215,20,210.0,30.43478260869565,Healthy
35840,FLAT GLASS  BAUBLE WHITE FLOCK ,45,107.13,11,4.090909090909091,12,126.0,28.636363636363637,Healthy
35909A,RABBIT EASTER DECORATION,12,35.400000000000006,2,6.0,6,63.0,42.0,Restock Soon
35909B,PINK FLOWERS RABBIT EASTER,8,23.6,4,2.0,3,31.5,14.0,Restock Soon
35910A,MULTICOLOUR EASTER RABBIT ,33,64.35,9,3.6666666666666665,6,63.0,25.666666666666664,Healthy
35910B,PINK FLOWERS RABBIT EASTER,16,35.72,5,3.2,6,63.0,22.400000000000002,Restock Soon
35911A,MULTICOLOUR RABBIT EGG WARMER,69,174.62,26,2.6538461538461537,6,63.0,18.576923076923077,Healthy
35911B,PINK/FLOWER RABBIT EGG WARMER ,40,84.0,9,4.444444444444445,12,126.0,31.111111111111114,Healthy
35912B,WHITE/PINK CHICK DECORATION,36,54.32,10,3.6,12,126.0,25.2,Healthy
35913B,WHITE/PINK CHICK EASTER DECORATION,64,56.91,11,5.818181818181818,12,126.0,40.72727272727273,Healthy
35914,PINK CHICK EGG WARMER + EGG CUP,50,126.19,17,2.9411764705882355,12,126.0,20.58823529411765,Healthy
35915A,CREAM KNITTED HEN,288,365.76,1,288.0,288,3024.0,2016.0,Restock Soon
35915B,BLUE KNITTED HEN ,343,456.51,17,20.176470588235293,288,3024.0,141.23529411764704,Healthy
35915C,PEACH KNITTED HEN ,347,476.86,22,15.772727272727273,288,3024.0,110.4090909090909,Healthy
35916A,YELLOW FELT HANGING HEART W FLOWER,48,54.60999999999999,17,2.823529411764706,12,126.0,19.764705882352942,Healthy
35916B,BLUE FELT HANGING HEART W FLOWER,42,44.65,15,2.8,12,126.0,19.599999999999998,Healthy
35916C,PINK FELT HANGING HEART W FLOWER,53,63.15,24,2.2083333333333335,12,126.0,15.458333333333334,Healthy
35918B,BLUE FLORIBUNDA EGG WARMER,10,12.5,5,2.0,3,31.5,14.0,Restock Soon
35920,FOUR RABBIT EASTER DECORATIONS,998,191.5,9,110.88888888888889,960,10080.0,776.2222222222222,Healthy
35921,EASTER BUNNY HANGING GARLAND,115,197.09,26,4.423076923076923,12,126.0,30.961538461538463,Healthy
35922,EASTER BUNNY WREATH,69,437.39,26,2.6538461538461537,20,210.0,18.576923076923077,Healthy
35923,CANDY HEART HANGING DECORATION,227,333.25,50,4.54,24,252.0,31.78,Healthy
35924,HANGING FAIRY CAKE DECORATION,1348,2577.7200000000003,119,11.327731092436975,120,1260.0,79.29411764705883,Healthy
35930,PINK HEART CHRISTMAS DECORATION,1,0.38,1,1.0,1,10.5,7.0,Restock Soon
35931,PINK STAR CHRISTMAS DECORATION,156,78.11999999999999,15,10.4,48,504.0,72.8,Healthy
35932,PINK CHRISTMAS TREE DECORATION,37,15.629999999999999,10,3.7,12,126.0,25.900000000000002,Healthy
35933,PINK STOCKING CHRISTMAS DECORATION,93,39.17,9,10.333333333333334,48,504.0,72.33333333333334,Healthy
35936,CERISE+GOLD CHRISTMAS TREE DEC,36,13.68,9,4.0,9,94.5,28.0,Healthy
35937,CERISE+GOLD CHRISTMAS STOCKING DEC,188,71.44,17,11.058823529411764,36,378.0,77.41176470588235,Healthy
35945,GOLD CHRISTMAS STOCKING DECORATION,1,1.95,1,1.0,1,10.5,7.0,Restock Soon
35950,FOLKART HEART CHRISTMAS DECORATIONS,1,1.25,1,1.0,1,10.5,7.0,Restock Soon
35951,FOLKART BAUBLE CHRISTMAS DECORATION,1352,717.99,46,29.391304347826086,96,1008.0,205.7391304347826,Healthy
35953,FOLKART STAR CHRISTMAS DECORATIONS,336,434.8,27,12.444444444444445,24,252.0,87.11111111111111,Healthy
35954,SMALL FOLKART STAR CHRISTMAS DEC,1080,581.07,66,16.363636363636363,96,1008.0,114.54545454545455,Healthy
35955,SMALL FOLKART CHRISTMAS TREE DEC,135,34.62,4,33.75,129,1354.5,236.25,Restock Soon
35957,SMALLFOLKART BAUBLE CHRISTMAS DEC,3087,1025.93,120,25.725,192,2016.0,180.07500000000002,Healthy
35958,FOLKART ZINC STAR CHRISTMAS DEC,1131,984.63,82,13.792682926829269,216,2268.0,96.54878048780488,Healthy
35961,FOLKART ZINC HEART CHRISTMAS DEC,8535,7002.82,409,20.919117647058822,864,9072.0,146.43382352941177,Healthy
35962,12 ASS ZINC CHRISTMAS DECORATIONS,487,1148.0500000000002,76,6.407894736842105,48,504.0,44.85526315789474,Healthy
35962,SET/12 ZINC CHRISTMAS DECORATIONS,94,203.73000000000002,16,5.875,12,126.0,41.125,Healthy
35963,FOLKART ZINC CLIP ON ANGEL WINGS,101,38.379999999999995,11,9.181818181818182,31,325.5,64.27272727272727,Healthy
35964,FOLKART CLIP ON STARS,406,289.0,34,11.941176470588236,96,1008.0,83.58823529411765,Healthy
35965,FOLKART HEART NAPKIN RINGS,277,919.1300000000001,112,2.4732142857142856,24,252.0,17.3125,Healthy
35966,FOLKART CHRISTMAS TREE T-LIGHT HOLD,228,101.08,24,9.5,48,504.0,66.5,Healthy
35967,FOLK ART METAL STAR T-LIGHT HOLDER,481,255.26,50,9.62,48,504.0,67.33999999999999,Healthy
35968,FOLK ART METAL HEART T-LIGHT HOLDER,622,290.36,58,10.724137931034482,60,630.0,75.06896551724138,Healthy
35969,FOLKART CROWN TABLE DECORATIONS,523,542.47,76,6.881578947368421,48,504.0,48.171052631578945,Healthy
35970,ZINC FOLKART SLEIGH BELLS,3350,5665.1,238,14.135021097046414,288,3024.0,98.94514767932489,Healthy
35971,ROSE FOLKART HEART DECORATIONS,1535,1393.09,134,11.455223880597014,288,3024.0,80.1865671641791,Healthy
35972,DAISY FOLKART HEART DECORATION,344,491.38,71,4.845070422535211,24,252.0,33.91549295774648,Healthy
35973,GERANIUM FOLKART HEART DECORATION,49,61.25,13,3.769230769230769,12,126.0,26.384615384615383,Healthy
35974,S/6 CHRISTMAS TREE PLACE SETTING,1,3.75,1,1.0,1,10.5,7.0,Restock Soon
35976B,WHITE SCANDINAVIAN HEART CHRISTMAS,1,1.25,1,1.0,1,10.5,7.0,Restock Soon
35979,SIX STRING SCANDINAVIAN HEART DECS,94,311.03000000000003,27,3.4814814814814814,12,126.0,24.37037037037037,Healthy
35980B,RED TOP SCANDINAVIAN HEART ,4,1.52,2,2.0,2,21.0,14.0,Restock Soon
35980C,REDWHITE STRIPE SCANDINAVIAN HEART ,377,147.64,29,13.0,48,504.0,91.0,Healthy
35981C,WHITE SNOW SCANDINAVIAN STOCKING ,589,297.62,67,8.791044776119403,60,630.0,61.537313432835816,Healthy
35991,SET/6 BLACK SNOWFLAKE T-LIGHTS ,402,232.08,54,7.444444444444445,48,504.0,52.111111111111114,Healthy
35995,SET/6 BLACK GLITTER REINDEER CANDLE,5,3.7800000000000002,5,1.0,1,10.5,7.0,Restock Soon
35999,S/6 SCANDINAVIAN HEART T-LIGHT,1,2.55,1,1.0,1,10.5,7.0,Restock Soon
37112,YELLOW BIRDS FELT DES FOODCOVER,10,37.5,5,2.0,3,31.5,14.0,Restock Soon
37326,FAIRY DESIGN MUGS,2,4.609999999999999,2,1.0,1,10.5,7.0,Restock Soon
37327,ASSTD MULTICOLOUR CIRCLES MUG,167,221.75,8,20.875,48,504.0,146.125,Healthy
37330,BIG POLKADOT MUG,74,134.42,6,12.333333333333334,48,504.0,86.33333333333334,Restock Soon
37330,SPOTS MUG,437,790.6999999999999,21,20.80952380952381,48,504.0,145.66666666666669,Healthy
37333,"RETRO ""TEA FOR ONE"" ",126,694.01,43,2.9302325581395348,48,504.0,20.51162790697674,Healthy
37340,MULTICOLOUR SPRING FLOWER MUG,11130,2231.2200000000003,75,148.4,4992,52416.0,1038.8,Healthy
37342,POLKADOT COFFEE CUP & SAUCER PINK,19,88.61,8,2.375,4,42.0,16.625,Healthy
37342,SPOTTY COFFEE CUP & SAUCER,40,153.78,14,2.857142857142857,8,84.0,20.0,Healthy
37343,POLKADOT MUG PINK ,134,213.12,20,6.7,48,504.0,46.9,Healthy
37343,SPOTS DESIGN MUG W PINK INSIDE,917,1445.78,74,12.391891891891891,144,1512.0,86.74324324324324,Healthy
37345,ASSTD HEARTS DESIGN MUGS,321,561.05,9,35.666666666666664,280,2940.0,249.66666666666666,Healthy
37348,SET OF 4 PASTEL STACKING MUGS,14,35.7,7,2.0,5,52.5,14.0,Healthy
37351,ORANGE FLOWER MUG ,5394,603.4499999999999,9,599.3333333333334,5364,56322.0,4195.333333333334,Healthy
37352,BIRD IN TREE MUG ,4643,504.55,8,580.375,4608,48384.0,4062.625,Healthy
37370,RETRO COFFEE MUGS ASSORTED,4911,7710.05,376,13.131016042780749,288,3024.0,91.91711229946524,Healthy
37379A,PINK CHERRY BLOSSOM CUP & SAUCER,35,151.7,15,2.3333333333333335,6,63.0,16.333333333333336,Healthy
37379B,BLUE CHERRY BLOSSOM CUP & SAUCER,1122,181.5,3,374.0,1110,11655.0,2618.0,Restock Soon
37399,"ASS RETROSPOOF MUGS,SPORTS",143,75.0,6,23.833333333333332,77,808.5,166.83333333333331,Restock Soon
37408,ASSORTED DESIGN GEISHA GIRL MUGS,5,6.25,1,5.0,5,52.5,35.0,Restock Soon
37409,ASSORTED DESIGN FLOWER MUGS,7,5.949999999999999,3,2.3333333333333335,5,52.5,16.333333333333336,Restock Soon
37410,BLACK AND WHITE PAISLEY FLOWER MUG,25707,3288.65,33,779.0,19152,201096.0,5453.0,Healthy
37422,WHITE WITH BLACK CATS BOWL,434,292.08,73,5.945205479452055,228,2394.0,41.61643835616438,Healthy
37423,WHITE WITH BLACK CATS PLATE,6090,810.6999999999999,67,90.8955223880597,2952,30996.0,636.2686567164179,Healthy
37424,WHITE WITH BLACK CATS MUG,5249,1134.68,108,48.601851851851855,2112,22176.0,340.212962962963,Healthy
37432,MUG PINK AND PURPLE ARABIC DESIGN,6,3.9,1,6.0,6,63.0,42.0,Restock Soon
37438,FUNKY FLOWER COFFEE POT,1,3.75,1,1.0,1,10.5,7.0,Restock Soon
37441,ASSORTED WHITE EMBOSSED CHINA MUGS,700,1639.8,54,12.962962962962964,180,1890.0,90.74074074074075,Healthy
37444A,YELLOW BREAKFAST CUP AND SAUCER,2661,520.71,29,91.75862068965517,1308,13734.0,642.3103448275863,Healthy
37444B,BLUE BREAKFAST CUP AND SAUCER ,2008,403.7,26,77.23076923076923,984,10332.0,540.6153846153845,Healthy
37444C,PINK BREAKFAST CUP AND SAUCER ,1636,646.22,48,34.083333333333336,768,8064.0,238.58333333333334,Healthy
37446,MINI CAKE STAND WITH HANGING CAKES,2446,3507.14,237,10.364406779661017,160,1680.0,72.55084745762713,Healthy
37447,CERAMIC CAKE DESIGN SPOTTED PLATE,2110,3306.25,256,8.2421875,48,504.0,57.6953125,Overstock
37448,CERAMIC CAKE DESIGN SPOTTED MUG,3168,4724.88,347,9.15606936416185,96,1008.0,64.09248554913295,Overstock
37449,CERAMIC CAKE STAND + HANGING CAKES,1852,17555.32,336,5.544910179640719,144,1512.0,38.814371257485035,Healthy
37450,CERAMIC CAKE BOWL + HANGING CAKES,1753,4988.25,263,6.665399239543726,36,378.0,46.657794676806084,Overstock
37451,CERAMIC CAKE TEAPOT WITH CHERRY,1,4.95,1,1.0,1,10.5,7.0,Restock Soon
37461,FUNKY MONKEY MUG,742,778.64,95,7.810526315789474,96,1008.0,54.67368421052632,Healthy
37462B,"PET MUG, BUDGIE",170,87.28,32,5.3125,48,504.0,37.1875,Healthy
37462E,"PET MUG, GOLDFISH",74,36.54,18,4.111111111111111,24,252.0,28.777777777777775,Healthy
37464,ROBOT MUG IN DISPLAY BOX,314,428.68,81,3.876543209876543,36,378.0,27.1358024691358,Healthy
37467,PIG MUG IN TWO COLOUR DESIGNS,116,206.66,49,2.36734693877551,12,126.0,16.57142857142857,Healthy
37468,HARDMAN MUG 3 ASSORTED,1,7.78,1,1.0,1,10.5,7.0,Restock Soon
37471,MULTICOLOUR DOTS PLATE,692,99.02,6,115.33333333333333,684,7182.0,807.3333333333333,Restock Soon
37471,MULTICOLOUR POLKADOT PLATE,684,68.4,1,684.0,684,7182.0,4788.0,Restock Soon
37474,SET/4 2 TONE EGG SHAPE MIXING BOWLS,63,651.05,44,1.4318181818181819,6,63.0,10.022727272727273,Healthy
37475,SET/4 COLOURFUL MIXING BOWLS,46,498.58,29,1.5862068965517242,6,63.0,11.10344827586207,Healthy
37476,CONDIMENT TRAY 4 BOWLS AND 4 SPOONS,175,1667.6200000000001,54,3.240740740740741,23,241.5,22.685185185185187,Healthy
37477B,"FLOWER FAIRY MUG+COASTER,LAVENDER",11,41.25,8,1.375,4,42.0,9.625,Healthy
37477C,"FLOWER FAIRY MUG+COASTER,ROSE",6,22.5,1,6.0,6,63.0,42.0,Restock Soon
37479B,CUBIC MUG FLOCK BLUE ON BROWN,1125,1025.41,13,86.53846153846153,480,5040.0,605.7692307692307,Healthy
37479P,CUBIC MUG FLOCK PINK ON BROWN,9,22.950000000000003,3,3.0,6,63.0,21.0,Restock Soon
37481,CUBIC MUG TEATIME CAKES,6,15.3,1,6.0,6,63.0,42.0,Restock Soon
37482B,CUBIC MUG BLUE POLKA DOT,1251,1127.9099999999999,9,139.0,504,5292.0,973.0,Healthy
37482P,CUBIC MUG PINK POLKA DOT,118,416.71000000000004,27,4.37037037037037,12,126.0,30.59259259259259,Healthy
37482P,CUBIC MUG PINK POLKADOT,56,142.8,10,5.6,12,126.0,39.199999999999996,Healthy
37482b,CUBIC MUG BLUE POLKA DOT,1,17.35,1,1.0,1,10.5,7.0,Restock Soon
37482p,CUBIC MUG PINK POLKA DOT,2,34.7,2,1.0,1,10.5,7.0,Restock Soon
37483,ENGLISH ROSE MUG IN GIFT BOX,143,232.89,10,14.3,122,1281.0,100.10000000000001,Healthy
37484,ENGLISH ROSE TEA FOR ONE GIFT BOX,1,6.75,1,1.0,1,10.5,7.0,Restock Soon
37485,ENGLISH ROSE TEA SET IN GIFT BOX,49,207.69,15,3.2666666666666666,24,252.0,22.866666666666667,Healthy
37488A,YELLOW PINK FLOWER DESIGN BIG BOWL,3,8.850000000000001,2,1.5,2,21.0,10.5,Restock Soon
37489A,YELLOW/PINK FLOWER DESIGN BIG MUG,14,34.08,10,1.4,2,21.0,9.799999999999999,Healthy
37489B,BLUE/YELLOW FLOWER DESIGN BIG MUG,8,15.6,6,1.3333333333333333,2,21.0,9.333333333333332,Restock Soon
37489C,GREEN/BLUE FLOWER DESIGN BIG MUG,5,14.36,5,1.0,1,10.5,7.0,Restock Soon
37489D,PINK/GREEN FLOWER DESIGN BIG MUG,7,13.65,5,1.4,2,21.0,9.799999999999999,Restock Soon
37491A,YELLOW/PINK CERAMIC CANDLE HOLDER,13,31.849999999999998,10,1.3,2,21.0,9.1,Healthy
37491B,BLUE/YELLOW CERAMIC CANDLE HOLDER,10,23.48,7,1.4285714285714286,2,21.0,10.0,Healthy
37491C,GREEN/BLUE CERAMIC CANDLE HOLDER,50,154.32000000000002,9,5.555555555555555,40,420.0,38.888888888888886,Healthy
37491D,PURPLE/BLUE CERAMIC CANDLE HOLDER,22,53.4,11,2.0,8,84.0,14.0,Healthy
37492A,YELLOW RED FLOWER PIGGY BANK,108,216.07,11,9.818181818181818,48,504.0,68.72727272727273,Healthy
37492B,BLUE YELLOW FLOWER PIGGY BANK,489,946.72,44,11.113636363636363,144,1512.0,77.79545454545455,Healthy
37492C,GREEN BLUE FLOWER PIGGY BANK,242,477.29999999999995,24,10.083333333333334,96,1008.0,70.58333333333334,Healthy
37492D,PURPLE GREEN FLOWER PIGGY BANK,361,682.99,26,13.884615384615385,144,1512.0,97.1923076923077,Healthy
37494A,FAIRY CAKE CERAMIC BUTTER DISH,237,793.44,51,4.647058823529412,36,378.0,32.529411764705884,Healthy
37494a,FAIRY CAKE CERAMIC BUTTER DISH,4,24.16,3,1.3333333333333333,2,21.0,9.333333333333332,Restock Soon
37495,FAIRY CAKE BIRTHDAY CANDLE SET,1140,4185.36,243,4.691358024691358,36,378.0,32.839506172839506,Overstock
37500,TEA TIME TEAPOT IN GIFT BOX,507,4509.04,154,3.292207792207792,120,1260.0,23.045454545454547,Healthy
37501,TEA TIME TEA SET IN GIFT BOX,354,2550.98,131,2.7022900763358777,24,252.0,18.916030534351144,Healthy
37502,TEA TIME MUG IN GIFT BOX,868,2599.7900000000004,171,5.076023391812866,96,1008.0,35.53216374269006,Healthy
37503,TEA TIME CAKE STAND IN GIFT BOX,2465,25428.33,522,4.740384615384615,120,1260.0,33.18269230769231,Healthy
37506,NEW ENGLAND MILK JUG W GIFT BOX,32,190.4,26,1.2307692307692308,3,31.5,8.615384615384617,Healthy
37508,NEW ENGLAND CERAMIC CAKE SERVER,89,229.57,46,1.934782608695652,6,63.0,13.543478260869565,Healthy
37509,NEW ENGLAND MUG W GIFT BOX,28,71.39999999999999,14,2.0,4,42.0,14.0,Healthy
40001, WHITE BAMBOO RIBS LAMPSHADE,233,182.14,13,17.923076923076923,144,1512.0,125.46153846153847,Healthy
40001,WHITE BAMBOO RIBS LAMPSHADE,1438,1063.51,56,25.678571428571427,160,1680.0,179.75,Healthy
40002,WHITE BAMBOO RIBS LAMPSHADE,78,66.3,1,78.0,78,819.0,546.0,Restock Soon
40003,WHITE BAMBOO RIBS LAMPSHADE,996,1079.04,46,21.652173913043477,144,1512.0,151.56521739130434,Healthy
40005B,BLUE ORGANDY ROUND LAMPSHADE W BEA,22,18.7,10,2.2,4,42.0,15.400000000000002,Healthy
40016,CHINESE DRAGON PAPER LANTERNS,10126,3462.7599999999998,153,66.18300653594771,600,6300.0,463.281045751634,Healthy
40018E,TEA TIME PAPER LANTERNS,384,837.02,81,4.7407407407407405,80,840.0,33.18518518518518,Healthy
40018F,CHERRY DESIGN PAPERLANTERNS,1092,2100.33,117,9.413793103448276,320,3360.0,65.89655172413794,Healthy
40046A,RED DAISY PAPER LAMPSHADE,305,409.57,56,5.446428571428571,48,504.0,38.125,Healthy
40046C,PINK BUTTERFLY PAPER LAMPSHADE,3,3.75,3,1.0,1,10.5,7.0,Restock Soon
44089A,PINK GAUZE BUTTERFLY LAMPSHADE,25,10.5,9,2.7777777777777777,6,63.0,19.444444444444443,Healthy
44089C,LILAC GAUZE BUTTERFLY LAMPSHADE,44,18.48,12,3.6666666666666665,6,63.0,25.666666666666664,Healthy
44091A,BLUE CRUSOE CHECK LAMPSHADE,9,3.7800000000000002,3,3.0,6,63.0,21.0,Restock Soon
44091C,MULTICOLOUR CRUSOE CHECK LAMPSHADE,61,30.66,17,3.588235294117647,24,252.0,25.11764705882353,Healthy
44092B,BLUE WHITE PLASTIC RINGS LAMPSHADE,1,0.85,1,1.0,1,10.5,7.0,Restock Soon
44092C,PURPLE/COPPER HANGING LAMPSHADE,3,2.55,2,1.5,2,21.0,10.5,Restock Soon
44217M,MULTICOLOUR FEATHERS CURTAIN,72,236.40000000000003,3,24.0,48,504.0,168.0,Restock Soon
44228,CANNABIS LEAF BEAD CURTAIN,12,10.2,1,12.0,12,126.0,84.0,Restock Soon
44230,SQUARE MIRROR CURTAIN,347,3381.62,53,6.547169811320755,66,693.0,45.83018867924528,Healthy
44234,ASSORTED CIRCULAR MOBILE,527,109.99000000000001,25,21.08,216,2268.0,147.56,Healthy
44235,ASS COL CIRCLE MOBILE ,283,105.89999999999999,10,28.3,216,2268.0,198.1,Healthy
44236,PINK/PURPLE CIRCLE CURTAIN,12,55.800000000000004,6,2.0,4,42.0,14.0,Restock Soon
44241C,BLUE BUTTERFLY ON SPRING,70,59.5,8,8.75,48,504.0,61.25,Healthy
44242A,LILAC FEATHERS CURTAIN,2,2.5,1,2.0,2,21.0,14.0,Restock Soon
44242B,PINK FEATHERS CURTAIN,57,71.25,6,9.5,40,420.0,66.5,Restock Soon
44265,M/COLOUR POM-POM CURTAIN,6,25.5,3,2.0,3,31.5,14.0,Restock Soon
45008C,DECORATIVE NET CANOPY CREAM,83,792.0699999999999,34,2.4411764705882355,20,210.0,17.08823529411765,Healthy
45013,FOLDING SHOE TIDY,45,123.15,6,7.5,24,252.0,52.5,Restock Soon
45014,FOLDING SHIRT TIDY,1,4.65,1,1.0,1,10.5,7.0,Restock Soon
45016,DECORATIVE NET CANOPY LEOPARD,101,423.73,25,4.04,20,210.0,28.28,Healthy
46000M,POLYESTER FILLER PAD 45x45cm,1516,2349.8,220,6.890909090909091,40,420.0,48.236363636363635,Overstock
46000P,POLYESTER FILLER PAD 65CMx65CM,197,837.25,44,4.4772727272727275,14,147.0,31.340909090909093,Healthy
46000R,POLYESTER FILLER PAD 45x30cm,146,211.7,26,5.615384615384615,24,252.0,39.30769230769231,Healthy
46000S,POLYESTER FILLER PAD 40x40cm,1930,2798.5,198,9.747474747474747,60,630.0,68.23232323232324,Overstock
46000U,POLYESTER FILLER PAD 30CMx30CM,144,180.0,25,5.76,20,210.0,40.32,Healthy
46037A,PINK CANVAS DES CUSHION COVER ,6,7.5,2,3.0,4,42.0,21.0,Restock Soon
46115B,GREEN POP ART MAO CUSHION COVER ,280,53.2,21,13.333333333333334,48,504.0,93.33333333333334,Healthy
46118,FUNKY MONKEY CUSHION COVER,142,204.88,27,5.2592592592592595,24,252.0,36.81481481481482,Healthy
46126A,ELVIS WALLHANGING / CURTAIN,265,350.15,40,6.625,80,840.0,46.375,Healthy
46137D,GREEN CHENILLE SHAGGY RUG,45,132.75,4,11.25,30,315.0,78.75,Restock Soon
46138B,BLUE CHENILLE SHAGGY CUSHION COVER ,28,113.14,13,2.1538461538461537,4,42.0,15.076923076923077,Healthy
46138D,GREEN CHENILLE SHAGGY C/COVER,1,1.95,1,1.0,1,10.5,7.0,Restock Soon
46307,ROSES BLUE BASE CUSHION COVER ,51,246.03,33,1.5454545454545454,6,63.0,10.818181818181818,Healthy
46775A,BUBBLE GUM CHUNKY KNITTED THROW ,83,1044.23,32,2.6774193548387095,7,73.5,18.741935483870968,Healthy
46775B,BERRIES CHUNKY KNITTED THROW ,5,84.75,4,1.25,2,21.0,8.75,Restock Soon
46775D,SUNSET COLOUR CHUNKY KNITTED THROW,94,1228.28,57,1.6491228070175439,5,52.5,11.543859649122806,Healthy
46775E,CANDY POP CHUNKY KNITTED THROW ,101,1282.9,51,2.02,6,63.0,14.14,Healthy
46776A,WOVEN BUBBLE GUM CUSHION COVER,253,639.7,52,4.865384615384615,120,1260.0,34.05769230769231,Healthy
46776B,WOVEN BERRIES CUSHION COVER ,271,706.4,68,3.985294117647059,120,1260.0,27.897058823529413,Healthy
46776C,WOVEN FROST CUSHION COVER,143,420.73,39,3.6666666666666665,60,630.0,25.666666666666664,Healthy
46776D,WOVEN SUNSET CUSHION COVER ,64,279.78,39,1.641025641025641,5,52.5,11.487179487179487,Healthy
46776E,WOVEN CANDY CUSHION COVER ,140,382.09,41,3.4146341463414633,60,630.0,23.902439024390244,Healthy
46776F,WOVEN ROSE GARDEN CUSHION COVER ,277,792.61,68,4.134328358208955,120,1260.0,28.940298507462686,Healthy
47013A,WINE BOTTLE DRESSING LT.BLUE,127,36.83,21,6.0476190476190474,24,252.0,42.33333333333333,Healthy
47013C,WINE BOTTLE DRESSING DARK BLUE,95,27.549999999999997,15,6.333333333333333,12,126.0,44.33333333333333,Healthy
47016,LIGHT DECORATION BATTERY OPERATED,29,60.900000000000006,4,7.25,24,252.0,50.75,Restock Soon
47021G,SET/6 BEAD COASTERS GAUZE BAG GOLD,134,240.22,45,2.977777777777778,12,126.0,20.844444444444445,Healthy
47310M,"SMALL POP BOX,FUNKY MONKEY",337,435.74,52,6.480769230769231,48,504.0,45.36538461538461,Healthy
47341A,FUSCHIA TABLE RUN FLOWER ,2,7.5,2,1.0,1,10.5,7.0,Restock Soon
47341B,BLUE TABLE RUN FLOWER,3,11.25,3,1.0,1,10.5,7.0,Restock Soon
47343A,FUSCHIA FLOWER PURSE WITH BEADS,47,70.03,11,4.2727272727272725,14,147.0,29.909090909090907,Healthy
47344B,BLUE FLOWER DES PURSE,10,12.5,4,2.5,4,42.0,17.5,Restock Soon
47347B,BLUE FLOWER T-LIGHT HOLDER,240,179.88,11,21.818181818181817,144,1512.0,152.72727272727272,Healthy
47348A,FUSCHIA VOILE POINTY SHOE DEC,7,13.649999999999999,2,3.5,6,63.0,24.5,Restock Soon
47351B,BLUE  VOILE LAMPSHADE,12,35.400000000000006,5,2.4,6,63.0,16.8,Restock Soon
47367B,PAIR PADDED HANGERS PINK CHECK,134,472.90000000000003,55,2.4363636363636365,24,252.0,17.054545454545455,Healthy
47369A,PINK GREEN EMBROIDERY COSMETIC BAG,19,61.970000000000006,8,2.375,6,63.0,16.625,Healthy
47369B,BLUE GREEN EMBROIDERY COSMETIC BAG,20,59.00000000000001,8,2.5,6,63.0,17.5,Healthy
47420,ASSORTED COLOUR SUCTION CUP HOOK,164,31.16,19,8.631578947368421,48,504.0,60.421052631578945,Healthy
47421,ASSORTED COLOUR LIZARD SUCTION HOOK,493,189.78,20,24.65,120,1260.0,172.54999999999998,Healthy
47422,ASSORTED MONKEY SUCTION CUP HOOK,561,212.58,22,25.5,120,1260.0,178.5,Healthy
47469,ASSORTED SHAPES PHOTO CLIP SILVER ,751,355.66999999999996,17,44.1764705882353,288,3024.0,309.2352941176471,Healthy
47471,RAINBOW PEGS PHOTO CLIP STRING,141,108.63,27,5.222222222222222,24,252.0,36.55555555555556,Healthy
47480,HANGING PHOTO CLIP ROPE LADDER,989,1580.6599999999999,66,14.984848484848484,192,2016.0,104.89393939393939,Healthy
47481,50CM METAL STRING WITH  7 CLIPS,102,95.74,22,4.636363636363637,12,126.0,32.45454545454545,Healthy
47502,POLKADOT CUTLERY 24 PCS IN TRAY,640,6855.75,79,8.10126582278481,200,2100.0,56.708860759493675,Healthy
47503A,ASS FLORAL PRINT MULTI SCREWDRIVER,119,151.39,32,3.71875,12,126.0,26.03125,Healthy
47503E,ASS FLORAL PRINT SCISSORS,6842,1186.9,25,273.68,6696,70308.0,1915.76,Healthy
47503F,ASS FLORAL PRINT TORCH,2567,729.9499999999999,11,233.36363636363637,2504,26292.0,1633.5454545454545,Healthy
47503G,ASS FLORAL PRINT TAPE MEASURE,284,367.36,35,8.114285714285714,35,367.5,56.8,Healthy
47503H,ASS FLORAL PRINT SPIRIT LEVEL ,62,141.42,25,2.48,12,126.0,17.36,Healthy
47503J,SET/3 FLORAL GARDEN TOOLS IN BAG,343,2703.25,74,4.635135135135135,24,252.0,32.445945945945944,Healthy
47503J ,SET/3 FLORAL GARDEN TOOLS IN BAG,1,16.13,1,1.0,1,10.5,7.0,Restock Soon
47503K,ASSORTED FLORAL SECATEURS,3177,1389.44,42,75.64285714285714,2880,30240.0,529.5,Healthy
47504E,ENGLISH ROSE SCISSORS,4387,931.86,48,91.39583333333333,4176,43848.0,639.7708333333333,Healthy
47504F,ENGLISH ROSE TORCH,527,196.46,14,37.642857142857146,482,5061.0,263.5,Healthy
47504G,ENGLISH ROSE TAPE MEASURE,266,366.81,57,4.666666666666667,24,252.0,32.66666666666667,Healthy
47504H,ENGLISH ROSE SPIRIT LEVEL ,53,154.54,25,2.12,12,126.0,14.84,Healthy
47504J,ENGLISH ROSE SET/3 GARDEN TOOLS,5,67.25,4,1.25,2,21.0,8.75,Restock Soon
47504K,ENGLISH ROSE GARDEN SECATEURS,653,1087.09,105,6.219047619047619,144,1512.0,43.53333333333333,Healthy
47505,MINATURE COLOURED GARDENING SET,737,3527.42,178,4.140449438202247,24,252.0,28.98314606741573,Overstock
47518F,ICON PLACEMAT POP ART ELVIS,76,39.5,6,12.666666666666666,48,504.0,88.66666666666666,Restock Soon
47518f,ICON PLACEMAT POP ART ELVIS,4,17.02,4,1.0,1,10.5,7.0,Restock Soon
47552A,DOTS IRONING BOARD COVER,12,23.4,11,1.0909090909090908,2,21.0,7.636363636363636,Healthy
47554,S/3 COLOURS FLOCK TEA TOWELS,1,2.55,1,1.0,1,10.5,7.0,Restock Soon
47556,SET/2 SPOTTY + ROSE TEA TOWELS ,1,2.55,1,1.0,1,10.5,7.0,Restock Soon
47556B,TEA TIME TEA TOWELS ,2601,7646.02,447,5.818791946308725,144,1512.0,40.73154362416108,Healthy
47556b,TEA TIME TEA TOWELS ,4,23.64,4,1.0,1,10.5,7.0,Restock Soon
47559B,TEA TIME OVEN GLOVE,3144,3870.64,432,7.277777777777778,100,1050.0,50.94444444444444,Overstock
47559b,TEA TIME OVEN GLOVE,68,225.93,18,3.7777777777777777,12,126.0,26.444444444444443,Healthy
47562,ENGLISH ROSE IRONING BOARD COVER,104,390.0,41,2.5365853658536586,6,63.0,17.75609756097561,Healthy
47563A,RETRO LONGBOARD IRONING BOARD COVER,61,300.68,49,1.2448979591836735,4,42.0,8.714285714285715,Healthy
47563B,WAVELINE SURF IRONING BOARD COVER,8,30.0,6,1.3333333333333333,3,31.5,9.333333333333332,Restock Soon
47566,PARTY BUNTING,10079,49664.12,1013,10.038844621513944,254,2667.0,70.2719123505976,Overstock
47566B,TEA TIME PARTY BUNTING,3452,14679.18,405,8.523456790123456,400,4200.0,59.66419753086419,Healthy
47566b,TEA TIME PARTY BUNTING,18,152.46,14,1.3846153846153846,3,31.5,9.692307692307692,Healthy
47567B,TEA TIME KITCHEN APRON,1585,8400.49,226,7.013274336283186,150,1575.0,49.0929203539823,Healthy
47567b,TEA TIME KITCHEN APRON,3,38.72,3,1.0,1,10.5,7.0,Restock Soon
47568,ENGLISH ROSE DESIGN PEG BAG,2384,4983.02,410,5.8288508557457215,150,1575.0,40.80195599022005,Healthy
47569,ENGLISH ROSE DESIGN SHOPPING BAG,1,2.55,1,1.0,1,10.5,7.0,Restock Soon
47570,ENGLISH ROSE TABLE CLOTH,220,2373.01,78,2.8205128205128207,50,525.0,19.743589743589745,Healthy
47570B,TEA TIME TABLE CLOTH,792,7937.64,196,4.040816326530612,50,525.0,28.285714285714285,Healthy
47570b,TEA TIME TABLE CLOTH,7,148.61,7,1.0,1,10.5,7.0,Healthy
47574A,ENGLISH ROSE SCENTED HANGING FLOWER,28,140.28,16,1.75,4,42.0,12.25,Healthy
47574B,ENGLISH ROSE SCENTED HANGING HEART,45,191.25,25,1.8,6,63.0,12.6,Healthy
47578A,ENGLISH ROSE SMALL SCENTED FLOWER,102,89.25,25,4.08,12,126.0,28.560000000000002,Healthy
47579,TEA TIME BREAKFAST BASKET,185,420.87,55,3.3636363636363638,18,189.0,23.545454545454547,Healthy
47580,TEA TIME DES TEA COSY,1305,3278.54,246,5.304878048780488,150,1575.0,37.13414634146341,Healthy
47581B,FAIRY CAKE WICKER PICNIC BASKET ,46,753.77,36,1.2777777777777777,3,31.5,8.944444444444443,Healthy
47583A,SET OF 3 WICKER BASKET ROSE,71,612.8199999999999,6,11.833333333333334,66,693.0,82.83333333333334,Restock Soon
47583B,SET OF 3 WICKER BASKET TEA AND CAKE,27,332.6,6,4.5,19,199.5,31.5,Restock Soon
47585A,PINK FAIRY CAKE CUSHION COVER,820,1483.44,65,12.615384615384615,360,3780.0,88.3076923076923,Healthy
47586A,PINK FAIRY CAKE CUSHION COVER,181,221.98,22,8.227272727272727,48,504.0,57.590909090909086,Healthy
47587A,PINK FAIRY CAKE COASTER,2706,1099.88,26,104.07692307692308,1200,12600.0,728.5384615384615,Healthy
47589,CONGRATULATIONS BUNTING,170,937.88,73,2.328767123287671,24,252.0,16.301369863013697,Healthy
47590A,BLUE HAPPY BIRTHDAY BUNTING,2836,14051.130000000001,307,9.237785016286646,400,4200.0,64.66449511400651,Healthy
47590B,PINK HAPPY BIRTHDAY BUNTING,3445,17482.81,486,7.088477366255144,400,4200.0,49.61934156378601,Healthy
47590a,BLUE HAPPY BIRTHDAY BUNTING,1,11.02,1,1.0,1,10.5,7.0,Restock Soon
47590b,PINK HAPPY BIRTHDAY BUNTING,1,11.02,1,1.0,1,10.5,7.0,Restock Soon
47591A,CAROUSEL CHILDRENS APRON,29,47.97,12,2.4166666666666665,6,63.0,16.916666666666664,Healthy
47591A,CAROUSEL DES CHILD'S APRON,134,221.57,58,2.310344827586207,16,168.0,16.17241379310345,Healthy
47591B,SCOTTIES CHILDRENS APRON,600,941.63,139,4.316546762589928,120,1260.0,30.215827338129493,Healthy
47591B,SCOTTIES DES CHILD'S APRON,300,500.83,98,3.061224489795918,32,336.0,21.428571428571427,Healthy
47591C,BLUE FAIRY CAKE CHILD'S APRON,1047,2004.6299999999999,155,6.754838709677419,50,525.0,47.28387096774193,Healthy
47591C,BLUE FAIRY CAKE CHILDRENS APRON,4,7.8,4,1.0,1,10.5,7.0,Restock Soon
47591D,PINK FAIRY CAKE CHILD'S APRON,3438,6339.17,389,8.883720930232558,150,1575.0,62.18604651162791,Overstock
47591D,PINK FAIRY CAKE CHILDRENS APRON,2868,5293.6,333,8.63855421686747,150,1575.0,60.4698795180723,Healthy
47591b,SCOTTIES CHILDRENS APRON,7,29.47,3,2.3333333333333335,3,31.5,16.333333333333336,Restock Soon
47591c,BLUE FAIRY CAKE CHILD'S APRON,4,16.84,3,1.3333333333333333,2,21.0,9.333333333333332,Restock Soon
47591d,PINK FAIRY CAKE CHILDRENS APRON,156,789.36,18,8.666666666666666,25,262.5,60.666666666666664,Healthy
47592A,CAROUSEL CHILDRENS OVERALL,74,139.56,27,2.740740740740741,25,262.5,19.185185185185187,Healthy
47592A,CAROUSEL DES CHILD'S OVERALL,257,497.81,74,3.472972972972973,24,252.0,24.31081081081081,Healthy
47592B,SCOTTIE DOGS CHILDRENS OVERALL,3,6.300000000000001,1,3.0,3,31.5,21.0,Restock Soon
47592B,SCOTTIES DESIGN CHILD'S OVERALL,64,125.6,28,2.2857142857142856,6,63.0,16.0,Healthy
47593A,CAROUSEL DESIGN BABY BIB,164,169.4,53,3.0943396226415096,24,252.0,21.660377358490567,Healthy
47593A,CAROUSEL PONIES BABY BIB,106,122.9,32,3.3125,24,252.0,23.1875,Healthy
47593B,SCOTTIE DOGS BABY BIB,185,184.45,67,2.7611940298507465,24,252.0,19.328358208955226,Healthy
47593B,SCOTTIES DESIGN BABY BIB,194,212.06,52,3.730769230769231,17,178.5,26.115384615384617,Healthy
47593a,CAROUSEL DESIGN BABY BIB,1,2.51,1,1.0,1,10.5,7.0,Restock Soon
47594A,CAROUSEL DESIGN WASHBAG,238,484.61999999999995,57,4.175438596491228,12,126.0,29.228070175438596,Healthy
47594B,SCOTTIES DESIGN WASHBAG,238,493.84,66,3.606060606060606,12,126.0,25.242424242424242,Healthy
47594a,CAROUSEL DESIGN WASHBAG,1,4.21,1,1.0,1,10.5,7.0,Restock Soon
47597,NEW ENGLAND TEATOWELS,322,644.88,124,2.596774193548387,12,126.0,18.177419354838708,Overstock
47598,NEW ENGLAND EGG WARMER,138,89.12,32,4.3125,12,126.0,30.1875,Healthy
47599A,PINK PARTY BAGS,3587,6692.78,209,17.245192307692307,600,6300.0,120.71634615384615,Healthy
47599B,BLUE PARTY BAGS ,2087,3997.7200000000003,173,12.133720930232558,240,2520.0,84.93604651162791,Healthy
48103,DOOR MAT KISS MY.......,13,95.15,8,1.625,2,21.0,11.375,Healthy
48103,DOORMAT KISS MY.......,22,106.58,2,11.0,20,210.0,77.0,Restock Soon
48111,DOOR MAT 3 SMILEY CATS,1829,10532.27,284,6.4628975265017665,200,2100.0,45.24028268551237,Healthy
48111,DOORMAT 3 SMILEY CATS,1300,8243.24,224,5.909090909090909,300,3150.0,41.36363636363637,Healthy
48116,DOOR MAT MULTICOLOUR STRIPE,1102,7078.28,239,4.610878661087866,120,1260.0,32.27615062761506,Healthy
48116,DOORMAT MULTICOLOUR STRIPE,866,4628.76,61,14.19672131147541,300,3150.0,99.37704918032786,Healthy
48129,DOOR MAT TOPIARY,1040,6681.38,206,5.048543689320389,150,1575.0,35.33980582524272,Healthy
48129,DOORMAT TOPIARY,1201,7061.75,139,8.640287769784173,300,3150.0,60.48201438848921,Healthy
48138,DOOR MAT UNION FLAG,3775,24770.81,673,5.609212481426448,200,2100.0,39.26448736998514,Healthy
48138,DOORMAT UNION FLAG,2631,17324.79,399,6.610552763819095,300,3150.0,46.27386934673367,Healthy
48173A,DOOR MAT BLUE FLOCK,1,6.75,1,1.0,1,10.5,7.0,Restock Soon
48173C,DOOR MAT BLACK FLOCK ,1233,7100.21,180,6.85,200,2100.0,47.949999999999996,Healthy
48173C,DOORMAT BLACK FLOCK ,1067,6194.95,141,7.567375886524823,300,3150.0,52.97163120567376,Healthy
48173c,DOOR MAT BLACK FLOCK ,16,218.58,12,1.3333333333333333,2,21.0,9.333333333333332,Healthy
48173c,DOORMAT BLACK FLOCK ,47,787.86,20,2.473684210526316,7,73.5,17.315789473684212,Healthy
48175,DOOR MAT CAMOUFLAGE,39,158.04,2,19.5,38,399.0,136.5,Restock Soon
48179,DOOR MAT SWEET HOME,34,214.47,11,3.090909090909091,21,220.5,21.636363636363637,Healthy
48184,DOOR MAT ENGLISH ROSE ,1481,9816.33,325,4.556923076923077,120,1260.0,31.89846153846154,Healthy
48184,DOORMAT ENGLISH ROSE ,1254,7434.84,131,9.572519083969466,300,3150.0,67.00763358778626,Healthy
48185,DOOR MAT FAIRY CAKE,1727,11532.31,386,4.474093264248705,120,1260.0,31.318652849740932,Healthy
48185,DOORMAT FAIRY CAKE,1513,10645.77,248,6.100806451612903,300,3150.0,42.70564516129032,Healthy
48187,DOOR MAT NEW ENGLAND,2023,13201.61,464,4.359913793103448,120,1260.0,30.51939655172414,Healthy
48187,DOORMAT NEW ENGLAND,1565,9716.85,238,6.57563025210084,300,3150.0,46.029411764705884,Healthy
48188,DOOR MAT WELCOME PUPPIES,1458,8429.7,270,5.440298507462686,201,2110.5,38.082089552238806,Healthy
48188,DOORMAT WELCOME PUPPIES,1367,8238.49,147,9.299319727891156,300,3150.0,65.09523809523809,Healthy
48189,DOOR MAT FRIENDSHIP ,468,3420.2400000000002,179,2.6145251396648046,20,210.0,18.30167597765363,Overstock
48189,DOORMAT FRIENDSHIP ,827,4615.91,79,10.468354430379748,300,3150.0,73.27848101265823,Healthy
48194,DOOR MAT HEARTS,1700,10298.44,316,5.379746835443038,200,2100.0,37.65822784810127,Healthy
48194,DOORMAT HEARTS,2719,17129.61,460,5.910869565217391,300,3150.0,41.37608695652174,Healthy
48195,DOOR MAT GREEN PAISLEY ,268,1613.56,86,3.116279069767442,120,1260.0,21.813953488372093,Healthy
48195,DOORMAT GREEN PAISLEY ,1,14.43,1,1.0,1,10.5,7.0,Restock Soon
48197,DOOR MAT BIRD ON THE WIRE,667,4691.77,202,3.3686868686868685,150,1575.0,23.58080808080808,Healthy
48197,DOORMAT BIRD ON THE WIRE,231,1213.8700000000001,23,10.043478260869565,192,2016.0,70.30434782608695,Healthy
51008,AFGHAN SLIPPER SOCK PAIR,2346,7488.7,62,37.83870967741935,300,3150.0,264.8709677419355,Healthy
51012C,"FEATHER DUSTER, COAL BLACK",171,213.75,27,6.333333333333333,24,252.0,44.33333333333333,Healthy
51012L,"FEATHER DUSTER, LIGHT PINK",10,12.5,6,1.6666666666666667,2,21.0,11.666666666666668,Restock Soon
51014A,"FEATHER PEN,HOT PINK",2858,2585.14,142,20.12676056338028,288,3024.0,140.88732394366195,Healthy
51014C,"FEATHER PEN,COAL BLACK",1679,1430.69,97,17.309278350515463,288,3024.0,121.16494845360825,Healthy
51014L,"FEATHER PEN,LIGHT PINK",1398,1163.41,78,17.923076923076923,288,3024.0,125.46153846153847,Healthy
51020A,SUMMER FUN DESIGN SHOWER CAP,979,348.22999999999996,33,29.666666666666668,288,3024.0,207.66666666666669,Healthy
51020B,STRIPY DESIGN SHOWER CAP,890,421.29999999999995,47,18.93617021276596,240,2520.0,132.55319148936172,Healthy
62018,SOMBRERO ,5155,6739.85,69,74.71014492753623,800,8400.0,522.9710144927536,Healthy
62043B,BLUE CHECK BAG W HANDLE 34X20CM,37,61.050000000000004,5,7.4,28,294.0,51.800000000000004,Restock Soon
62074B,ELEPHANT CLIP W SUCTION CUP,22,9.24,8,2.75,6,63.0,19.25,Healthy
62086A,PINK RETRO BIG FLOWER BAG,25,48.75,10,2.5,6,63.0,17.5,Healthy
62094B,TURQ ICE CREAM BUM BAG ,287,619.84,60,4.783333333333333,50,525.0,33.483333333333334,Healthy
62095B,TURQOISE ICE CREAM SUNHAT,292,310.83,21,13.904761904761905,120,1260.0,97.33333333333334,Healthy
62096A,PINK/YELLOW FLOWERS HANDBAG,289,475.28999999999996,83,3.4819277108433737,30,315.0,24.373493975903617,Healthy
62096B,PURPLE/TURQ FLOWERS HANDBAG,255,439.49,81,3.1481481481481484,30,315.0,22.037037037037038,Healthy
62097A,PINK STRIPES SHOULDER BAG,3,8.850000000000001,3,1.0,1,10.5,7.0,Restock Soon
62097B,BLUE STRIPES SHOULDER BAG,2,5.9,1,2.0,2,21.0,14.0,Restock Soon
70006,LOVE HEART POCKET WARMER,1774,2365.64,182,9.747252747252746,360,3780.0,68.23076923076923,Healthy
70007,HI TEC ALPINE HAND WARMER,524,892.26,116,4.517241379310345,72,756.0,31.620689655172416,Healthy
71028B,SILVER BLUE EGG T-LIGHT HOLDER,494,227.48,13,38.0,120,1260.0,266.0,Healthy
71038,WHITE HANGING BEADS CANDLE HOLDER,485,2582.4500000000003,99,4.898989898989899,24,252.0,34.292929292929294,Healthy
71050,SMALL SINGLE FLAME CANDLE HOLDER,18,6.299999999999999,2,9.0,12,126.0,63.0,Restock Soon
71053,WHITE METAL LANTERN,3032,11235.54,428,7.100702576112412,120,1260.0,49.704918032786885,Overstock
71101A,ANGEL ON KNEES METAL POLE 100CM H,6,5.1,1,6.0,6,63.0,42.0,Restock Soon
71101E,STANDING FAIRY POLE SUPPORT ,431,347.63,25,17.24,96,1008.0,120.67999999999999,Healthy
71143,SILVER BOOK MARK WITH BEADS,178,335.65999999999997,66,2.696969696969697,10,105.0,18.87878787878788,Healthy
71215,METAL BASE FOR CANDLES,167,63.9,11,15.181818181818182,48,504.0,106.27272727272727,Healthy
71270,PHOTO CLIP LINE,139,196.67,34,4.088235294117647,24,252.0,28.61764705882353,Healthy
71279,PINK GLASS CANDLEHOLDER,125,437.35,42,2.9761904761904763,12,126.0,20.833333333333336,Healthy
71403,"PINK/WHITE ""KEEP CLEAN"" BULLET BIN",102,377.99000000000007,38,2.6842105263157894,12,126.0,18.789473684210527,Healthy
71406C,BLACK ORANGE SQUEEZER,85,37.42,16,5.3125,12,126.0,37.1875,Healthy
71434B,"BLACK RND BULLET""KEEP CLEAN"" BIN",2,5.1,2,1.0,1,10.5,7.0,Restock Soon
71459,HANGING JAM JAR T-LIGHT HOLDER,19852,16231.62,583,34.10996563573883,1152,12096.0,238.76975945017182,Healthy
71477,COLOUR GLASS. STAR T-LIGHT HOLDER,8971,25868.47,523,17.152963671128106,1152,12096.0,120.07074569789674,Healthy
71495A,CD WALL TIDY BLUE OFFICE,122,47.58,12,10.166666666666666,96,1008.0,71.16666666666666,Healthy
71495B,CD WALL TIDY RED FLOWERS,143,55.56,11,13.0,96,1008.0,91.0,Healthy
71496A,A4 WALL TIDY BLUE OFFICE,133,80.81,8,16.625,96,1008.0,116.375,Healthy
71496B,A4 WALL TIDY RED FLOWERS,2,1.3,2,1.0,1,10.5,7.0,Restock Soon
71510,SQUARE METAL CANDLEHOLDER BASE,125,75.53,9,13.88888888888889,72,756.0,97.22222222222223,Healthy
72008,FROSTED BOX 9 WHITE T-LIGHT CANDLES,3819,1531.4,215,17.76279069767442,144,1512.0,124.33953488372093,Overstock
72023F,RED ORGANIC CANDLE IN GLASS,640,669.62,49,13.061224489795919,240,2520.0,91.42857142857143,Healthy
72024U,LILAC VOTIVE CANDLE,148,31.08,8,18.5,24,252.0,129.5,Healthy
72038P,PRICE'S CANDLE PEACH,1050,116.5,9,116.66666666666667,200,2100.0,816.6666666666667,Healthy
72045D,ROSES ON BLUE TEACUP CANDLE ,539,918.65,6,89.83333333333333,504,5292.0,628.8333333333333,Restock Soon
72051S,BAG OF SILVER STONES,175,103.88,43,4.069767441860465,32,336.0,28.48837209302326,Healthy
72083A,STRAWBERY SWIRL FLARE CANDLE,24,50.400000000000006,7,3.4285714285714284,12,126.0,24.0,Healthy
72084B,CHOCOLATE ICE CREAM CANDLE,2,3.9,1,2.0,2,21.0,14.0,Restock Soon
72122,COFFEE SCENT PILLAR CANDLE,263,258.49,60,4.383333333333334,24,252.0,30.683333333333337,Healthy
72127,COLUMBIAN CANDLE ROUND ,224,269.08,39,5.743589743589744,48,504.0,40.205128205128204,Healthy
72128,COLUMBIAN CANDLE ROUND,531,298.69,54,9.833333333333334,144,1512.0,68.83333333333334,Healthy
72129,COLUMBIAN CANDLE ROUND ,74,49.11,18,4.111111111111111,12,126.0,28.777777777777775,Healthy
72130,COLUMBIAN CANDLE ROUND,595,208.34,34,17.5,144,1512.0,122.5,Healthy
72131,COLUMBIAN CANDLE RECTANGLE,625,481.22999999999996,41,15.24390243902439,144,1512.0,106.70731707317073,Healthy
72132,COLUMBIAN CUBE CANDLE,533,430.95,18,29.61111111111111,144,1512.0,207.27777777777777,Healthy
72133,COLUMBIAN CANDLE RECTANGLE,70,66.62,16,4.375,24,252.0,30.625,Healthy
72134,COLUMBIAN  CUBE CANDLE ,235,77.89,19,12.368421052631579,96,1008.0,86.57894736842105,Healthy
72140E,BEST DAD CANDLE LETTERS,187,130.37,21,8.904761904761905,72,756.0,62.333333333333336,Healthy
72140F,HAPPY ANNIVERSARY CANDLE LETTERS,175,69.18,14,12.5,72,756.0,87.5,Healthy
72225C,LAVENDER SCENT CAKE CANDLE,1302,300.78,21,62.0,576,6048.0,434.0,Healthy
72225D,VANILLA SCENT CAKE CANDLE ,962,219.45999999999998,11,87.45454545454545,576,6048.0,612.1818181818181,Healthy
72232,FENG SHUI PILLAR CANDLE,3061,581.5899999999999,58,52.775862068965516,576,6048.0,369.4310344827586,Healthy
72267,PREMIUM CHURCH CANDLE,265,530.16,45,5.888888888888889,48,504.0,41.22222222222223,Healthy
72349B,SET/6 PURPLE BUTTERFLY T-LIGHTS,1292,2630.51,178,7.258426966292135,96,1008.0,50.80898876404495,Healthy
72349b,SET/6 PURPLE BUTTERFLY T-LIGHTS,59,248.84,39,1.6857142857142857,5,52.5,11.8,Healthy
72351A,SET/6 TURQUOISE BUTTERFLY T-LIGHTS,2482,4909.84,251,9.928,144,1512.0,69.49600000000001,Healthy
72351B,SET/6 PINK  BUTTERFLY T-LIGHTS,3720,7252.6900000000005,321,11.588785046728972,288,3024.0,81.1214953271028,Healthy
72351a,SET/6 TURQUOISE BUTTERFLY T-LIGHTS,25,105.25,18,1.4705882352941178,5,52.5,10.294117647058824,Healthy
72369A,PINK CLEAR GLASS CANDLE PLATE,37,61.37,9,4.111111111111111,10,105.0,28.777777777777775,Healthy
72484,ROSES IN WHITE HEART CANDLE ,1818,991.38,64,28.40625,484,5082.0,198.84375,Healthy
72487,ROSES WHITE ROUND CANDLE,827,355.05,14,59.07142857142857,468,4914.0,413.5,Healthy
72529W,WHITE ADVENT CANDLE,464,918.75,47,9.872340425531915,128,1344.0,69.1063829787234,Healthy
72529w,WHITE ADVENT CANDLE,1,4.3,1,1.0,1,10.5,7.0,Restock Soon
72586,"S/6 HALLOWEEN GHOST T LIGHTS, 5CM H",1059,453.99,58,18.25862068965517,600,6300.0,127.81034482758619,Healthy
72586,SET OF 6 HALLOWEEN GHOST T-LIGHTS,557,241.67999999999998,46,12.108695652173912,72,756.0,84.76086956521739,Healthy
72598,SET/12 TAPER CANDLES,663,569.26,73,9.082191780821917,96,1008.0,63.57534246575342,Healthy
72606A,BROWN ANTIQUE CUBE CANDLE,226,94.92,18,12.555555555555555,96,1008.0,87.88888888888889,Healthy
72708,SCULPTED ROUND IVORY CANDLE ,44,9.24,5,8.8,21,220.5,61.60000000000001,Restock Soon
72709,IVORY SCULPTED RND CANDLE ,48,40.8,8,6.0,9,94.5,42.0,Healthy
72715,SPHERICAL IVORY CANDLE ,88,36.96,13,6.769230769230769,12,126.0,47.38461538461539,Healthy
72724,SET/6 CHRISTMAS ICICLE T-LIGHTS,36,45.0,10,3.6,12,126.0,25.2,Healthy
72728,ROSE SCENT CANDLES IN GLASS,643,523.15,54,11.907407407407407,153,1606.5,83.35185185185185,Healthy
72739B,WHITE CHOCOLATE SCENT CANDLE,394,328.39,28,14.592592592592593,144,1512.0,102.14814814814815,Healthy
72739C,DARK CHOCOLATE SCENTCANDLE,326,279.08,23,14.173913043478262,132,1386.0,99.21739130434783,Healthy
72740A,LARGE STRAWBERRY CHOCOLATE CANDLE,65,141.23,12,5.416666666666667,24,252.0,37.91666666666667,Healthy
72740B,LARGE WHITE CHOCOLATE CANDLE,1,5.06,1,1.0,1,10.5,7.0,Restock Soon
72741,GRAND CHOCOLATECANDLE,14155,19624.88,653,21.74347158218126,648,6804.0,152.20430107526883,Overstock
72750A,"F.FAIRY S/3 CANDLE/GLASS,LILY/VALLY",177,349.15000000000003,8,22.125,120,1260.0,154.875,Healthy
72750A,FLOWER FAIRY SET OF 3 LILY CANDLES,206,417.7,8,25.75,120,1260.0,180.25,Healthy
72750B,"F.FAIRY S/3 CANDLE/GLASS,LAVENDER",193,380.35,9,21.444444444444443,120,1260.0,150.1111111111111,Healthy
72750B,FLOWER FAIRY SET 3 CANDLES LAVENDER,303,666.85,30,10.1,80,840.0,70.7,Healthy
72750C,"F.FAIRY S/3 CANDLE/GLASS, ROSE",232,476.4,15,15.466666666666667,80,840.0,108.26666666666667,Healthy
72750D,F.FAIRY S/3 CANDLE/GLASS,110,226.5,11,10.0,32,336.0,70.0,Healthy
72751A,"F.FAIRY S/3 SML CANDLE,LILY/VALLEY",1,5.95,1,1.0,1,10.5,7.0,Restock Soon
72751B,"F.FAIRY S/3 SML CANDLE, LAVENDER",1,5.95,1,1.0,1,10.5,7.0,Restock Soon
72751C,"F.FAIRY S/3 SML CANDLE, ROSE",1,5.95,1,1.0,1,10.5,7.0,Restock Soon
72752A,"F.FAIRY,CANDLE IN GLASS,LILY/VALLEY",1,4.25,1,1.0,1,10.5,7.0,Restock Soon
72752B,"F.FAIRY,CANDLE IN GLASS,LAVENDER",3,12.75,2,1.5,2,21.0,10.5,Restock Soon
72753A,S/3 FLWR FAIRY LILLY CANDLES,315,690.24,14,22.5,160,1680.0,157.5,Healthy
72753B,S/3 FLWR FAIRY LAVENDER CANDLES,445,957.73,14,31.785714285714285,160,1680.0,222.5,Healthy
72753C,S/3 FLWR FAIRY ROSE CANDLES,43,107.68,6,7.166666666666667,16,168.0,50.16666666666667,Restock Soon
72753D,S/3 FLWR FAIRY SUMMER CANDLES,144,302.40000000000003,9,16.0,72,756.0,112.0,Healthy
72754A,FLOWER FAIRY POTPOURRI CUSHION LILY,292,201.24,5,58.4,180,1890.0,408.8,Restock Soon
72754B,F FAIRY POTPOURRI CUSHIONS LAVENDER,170,137.54,8,21.25,36,378.0,148.75,Healthy
72754D,F FAIRY POTPOURRI CUSHIONS SUMMER,1,1.69,1,1.0,1,10.5,7.0,Restock Soon
72755C,FLOWER FAIRY OIL BURNER SET ROSE,592,767.0,14,42.285714285714285,160,1680.0,296.0,Healthy
72755D,FLOWER FAIRY OIL BURNER SET SUMMER,533,693.25,13,41.0,160,1680.0,287.0,Healthy
72756, FAIRY CAKE CANDLES,153,202.05,2,76.5,108,1134.0,535.5,Restock Soon
72756,FAIRY CAKE CANDLES,3859,5257.43,127,30.626984126984127,1080,11340.0,214.38888888888889,Healthy
72760B,VINTAGE CREAM 3 BASKET CAKE STAND,1305,12424.16,348,3.760806916426513,104,1092.0,26.32564841498559,Healthy
72771B,BURG FLOCK GOLD CUP/CANDLE ,117,56.9,8,14.625,67,703.5,102.375,Healthy
72771C,BLACK FLOCK GOLD CANDLE,54,42.08,6,9.0,24,252.0,63.0,Restock Soon
72772,SET/4 SCENTED CANDLES IN RAMEKINS,457,615.84,9,50.77777777777778,284,2982.0,355.44444444444446,Healthy
72779,SET/6 BLACK ROSE T-LIGHT CANDLES,48,81.12,15,3.2,12,126.0,22.400000000000002,Healthy
72780,BLACK SILOUETTE CANDLE PLATE,377,301.73,24,15.708333333333334,96,1008.0,109.95833333333334,Healthy
72781,BLACK SILOUETTE CANDLE PLATE ,121,229.5,15,8.066666666666666,48,504.0,56.46666666666667,Healthy
72783,BLACK SIL'T SQU CANDLE PLATE ,27,56.7,7,3.857142857142857,12,126.0,27.0,Healthy
72785A,S/4 CONTEMPORY PINK ROSEBUD CANDLES,8,16.8,4,2.0,3,31.5,14.0,Restock Soon
72785B,S/4 CONTEMPORY RED ROSEBUD CANDLES,9,10.9,3,3.0,5,52.5,21.0,Restock Soon
72789,BASKET/8 SCENTED LOVE TOKEN CANDLES,122,461.53,45,2.7111111111111112,16,168.0,18.977777777777778,Healthy
72793,BLACK BOX MIRROR LANTERN,55,268.75,10,5.5,21,220.5,38.5,Healthy
72796A,S/3 ENGLISH LAVENDER SQU CANDLE,11,18.15,5,2.2,5,52.5,15.400000000000002,Restock Soon
72796B,S/3 FRENCH VANILLA SQU CANDLE,27,44.55,12,2.25,7,73.5,15.75,Healthy
72796C,S/3 ROSE GARDEN SCENT SQU CANDLE,1,1.65,1,1.0,1,10.5,7.0,Restock Soon
72798C,SET/4 GARDEN ROSE DINNER CANDLE,22,43.21,13,1.6923076923076923,6,63.0,11.846153846153847,Healthy
72799A,BLACK PILLAR CANDLE SILVER FLOCK,612,877.8000000000001,18,34.0,240,2520.0,238.0,Healthy
72799B,PURPLE PILLAR CANDLE BLACK FLOCK,322,467.71000000000004,16,20.125,240,2520.0,140.875,Healthy
72799C,PINK PILLAR CANDLE SILVER FLOCK,390,653.63,29,13.448275862068966,240,2520.0,94.13793103448276,Healthy
72799D,BLUE PILLAR CANDLE SILVER FLOCK,78,260.67,18,4.333333333333333,24,252.0,30.333333333333332,Healthy
72799E,IVORY PILLAR CANDLE SILVER FLOCK,807,1761.5800000000002,109,7.4036697247706424,240,2520.0,51.825688073394495,Healthy
72799F,IVORY PILLAR CANDLE GOLD FLOCK,990,1688.98,77,12.857142857142858,480,5040.0,90.0,Healthy
72800A,S/4 BLACK DINNER CANDLE SILVER FLOC,674,743.26,46,14.652173913043478,252,2646.0,102.56521739130434,Healthy
72800B, 4 PURPLE FLOCK DINNER CANDLES,207,298.11,21,9.857142857142858,36,378.0,69.0,Healthy
72800B,S/4 PURPLE DINNER CANDLE BLK FLOCK,650,728.6700000000001,34,19.11764705882353,252,2646.0,133.8235294117647,Healthy
72800C,4 PINK DINNER CANDLE SILVER FLOCK,136,170.73000000000002,15,9.066666666666666,36,378.0,63.46666666666667,Healthy
72800C,S/4 PINK DINNER CANDLE SILVER FLOCK,394,494.39,28,14.071428571428571,252,2646.0,98.5,Healthy
72800D,4 BLUE DINNER CANDLES SILVER FLOCK,138,289.56,20,6.9,36,378.0,48.300000000000004,Healthy
72800D,S/4 BLUE DINNER CANDLE SILVER FLOCK,418,534.58,36,11.61111111111111,252,2646.0,81.27777777777777,Healthy
72800E,4 IVORY DINNER CANDLES SILVER FLOCK,898,1529.23,158,5.719745222929936,72,756.0,40.038216560509554,Healthy
72800F,4 IVORY DINNER CANDLES GOLD FLOCK,822,1060.19,67,12.454545454545455,468,4914.0,87.18181818181819,Healthy
72801C,4 ROSE PINK DINNER CANDLES,404,188.79999999999998,10,40.4,240,2520.0,282.8,Healthy
72801C,S/4 ROSE PINK DINNER CANDLES,171,176.91,28,6.107142857142857,48,504.0,42.75,Healthy
72801D,4 SKY BLUE DINNER CANDLES,318,159.72,12,26.5,240,2520.0,185.5,Healthy
72801D,S/4 SKY BLUE DINNER CANDLES,172,188.24,32,5.375,48,504.0,37.625,Healthy
72801E,4 FESTIVE GREEN DINNER CANDLES,51,23.91,2,25.5,48,504.0,178.5,Restock Soon
72801E,S/4 FESTIVE GREEN DINNER CANDLES,718,380.84,22,32.63636363636363,576,6048.0,228.45454545454544,Healthy
72801F,S/4 FESTIVE RED DINNER CANDLES,234,292.5,25,9.36,24,252.0,65.52,Healthy
72801G,4 BURGUNDY WINE DINNER CANDLES,494,265.24,26,19.0,240,2520.0,133.0,Healthy
72801G,S/4 BURGUNDY WINE DINNER CANDLES,786,475.91999999999996,26,30.23076923076923,576,6048.0,211.6153846153846,Healthy
72801c,4 ROSE PINK DINNER CANDLES,3,7.529999999999999,1,3.0,3,31.5,21.0,Restock Soon
72801c,S/4 ROSE PINK DINNER CANDLES,20,50.199999999999996,10,2.0,7,73.5,14.0,Healthy
72801d,4 SKY BLUE DINNER CANDLES,13,32.629999999999995,7,1.8571428571428572,4,42.0,13.0,Healthy
72801d,S/4 SKY BLUE DINNER CANDLES,15,37.65,10,1.5,5,52.5,10.5,Healthy
72801e,4 FESTIVE GREEN DINNER CANDLES,2,5.02,1,2.0,2,21.0,14.0,Restock Soon
72801e,S/4 FESTIVE GREEN DINNER CANDLES,5,12.549999999999999,3,1.6666666666666667,3,31.5,11.666666666666668,Restock Soon
72801g,4 BURGUNDY WINE DINNER CANDLES,8,20.08,1,8.0,8,84.0,56.0,Restock Soon
72801g,S/4 BURGUNDY WINE DINNER CANDLES,2,5.02,2,1.0,1,10.5,7.0,Restock Soon
72802A,ROSE SCENT CANDLE IN JEWELLED BOX,618,2574.74,125,4.944,48,504.0,34.608,Healthy
72802B,OCEAN SCENT CANDLE IN JEWELLED BOX,561,2397.21,138,4.065217391304348,52,546.0,28.456521739130434,Healthy
72802C,VANILLA SCENT CANDLE JEWELLED BOX,831,3554.75,177,4.694915254237288,72,756.0,32.86440677966102,Healthy
72802a,ROSE SCENT CANDLE IN JEWELLED BOX,2,16.94,2,1.0,1,10.5,7.0,Restock Soon
72803A,ROSE SCENT CANDLE JEWELLED DRAWER,200,852.28,58,3.4482758620689653,24,252.0,24.137931034482758,Healthy
72803B,OCEAN SCENT CANDLE JEWELLED DRAWER,92,407.88,36,2.5555555555555554,12,126.0,17.888888888888886,Healthy
72803b,OCEAN SCENT CANDLE JEWELLED DRAWER,1,8.47,1,1.0,1,10.5,7.0,Restock Soon
72805,VANILLA CANDLE IN EMBOSSED ZINC POT,10,16.9,3,3.3333333333333335,5,52.5,23.333333333333336,Restock Soon
72807A,SET/3 ROSE CANDLE IN JEWELLED BOX,578,2626.8,123,4.699186991869919,66,693.0,32.89430894308943,Healthy
72807B,SET/3 OCEAN SCENT CANDLE JEWEL BOX,695,2968.07,124,5.604838709677419,96,1008.0,39.233870967741936,Healthy
72807C,SET/3 VANILLA SCENTED CANDLE IN BOX,1297,5518.19,200,6.485,192,2016.0,45.395,Healthy
72807a,SET/3 ROSE CANDLE IN JEWELLED BOX,1,8.47,1,1.0,1,10.5,7.0,Restock Soon
72807b,SET/3 OCEAN SCENT CANDLE JEWEL BOX,22,187.78000000000003,15,1.5714285714285714,3,31.5,11.0,Healthy
72807c,SET/3 VANILLA SCENTED CANDLE IN BOX,55,470.53000000000003,39,1.4473684210526316,7,73.5,10.131578947368421,Healthy
72811,SMALL ZINC/GLASS CANDLEHOLDER,392,261.52,14,28.0,144,1512.0,196.0,Healthy
72812,LARGE ZINC GLASS CANDLEHOLDER,44,107.17,11,4.0,12,126.0,28.0,Healthy
72812,LARGE ZINC/GLASS CANDLEHOLDER,27,65.23,9,3.0,6,63.0,21.0,Healthy
72814,SET OF 3 CHRISTMAS BRIAR CANDLES,176,626.39,31,5.67741935483871,48,504.0,39.74193548387097,Healthy
72814,SET/3 CHRISTMAS BRIAR CANDLES,90,341.53,23,3.9130434782608696,12,126.0,27.391304347826086,Healthy
72815,3 WICK CHRISTMAS BRIAR CANDLE ,280,1075.86,69,4.057971014492754,20,210.0,28.405797101449277,Healthy
72816,SET/3 CHRISTMAS DECOUPAGE CANDLES,562,818.52,82,6.853658536585366,48,504.0,47.97560975609756,Healthy
72817,SET OF 2 CHRISTMAS DECOUPAGE CANDLE,338,446.83,59,5.728813559322034,75,787.5,40.101694915254235,Healthy
72817,SET/2 CHRISTMAS DECOUPAGE CANDLES,40,50.0,6,6.666666666666667,16,168.0,46.66666666666667,Restock Soon
72818,CHRISTMAS DECOUPAGE CANDLE,594,501.02,58,10.241379310344827,70,735.0,71.6896551724138,Healthy
72819,CUPID DESIGN SCENTED CANDLES,484,708.21,54,8.962962962962964,120,1260.0,62.74074074074075,Healthy
72821,CUPID SCENTED CANDLE IN GLASS,50,82.5,10,5.0,12,126.0,35.0,Healthy
75011,BLUE DAISY MOBILE,9,33.75,3,3.0,4,42.0,21.0,Restock Soon
75013B,"STRING OF 8 BUTTERFLIES,PINK",370,636.62,72,5.138888888888889,88,924.0,35.97222222222223,Healthy
75049L,LARGE CIRCULAR MIRROR MOBILE,6867,6343.33,140,49.05,672,7056.0,343.34999999999997,Healthy
75131,METAL TUBE CHIME ON BAMBOO,730,1020.56,56,13.272727272727273,180,1890.0,92.9090909090909,Healthy
75149N,STRING CRYSTALS NATURAL,272,340.0,25,10.88,24,252.0,76.16000000000001,Healthy
75172,PAINTED SEA SHELL METAL WINDCHIME,4,15.0,3,1.3333333333333333,2,21.0,9.333333333333332,Restock Soon
75178,ASSTD COL BUTTERFLY/CRYSTAL W/CHIME,38,55.06,12,3.1666666666666665,12,126.0,22.166666666666664,Healthy
77079,DOLPHIN WINDMILL,63,133.56,11,5.7272727272727275,20,210.0,40.09090909090909,Healthy
77081,FLOWER WINDMILL,242,308.38,33,7.333333333333333,72,756.0,51.33333333333333,Healthy
77101A,UNION FLAG WINDSOCK,699,834.03,67,10.432835820895523,84,882.0,73.02985074626866,Healthy
78026,SEAGRASS S/3 SQU LAUNDRY BOX,12,139.95,2,6.0,11,115.5,42.0,Restock Soon
78027,SEAGRASS S/2 CORNER LAUNDRY ,6,100.15,5,1.2,2,21.0,8.4,Restock Soon
78033,FLAG OF ST GEORGE CHAIR,38,185.3,8,4.75,12,126.0,33.25,Healthy
78034B,BLUE NETTING STORAGE HANGER,8,15.6,4,2.0,3,31.5,14.0,Restock Soon
78056,CAMOUFLAGE BACKPACK ON WHEELS,3,29.849999999999998,2,1.5,2,21.0,10.5,Restock Soon
78124,MAGAZINE RACK GEBRA ASSORTED ,538,729.61,14,38.42857142857143,288,3024.0,269.0,Healthy
79000,MOROCCAN TEA GLASS,8012,6552.179999999999,317,25.274447949526813,288,3024.0,176.9211356466877,Overstock
79026B,"S/4 ICON COASTER,ELVIS LIVES",44,78.64,28,1.5714285714285714,5,52.5,11.0,Healthy
79029,GLASS HONEYPOT WASP CATCHER,2944,5473.82,343,8.608187134502923,288,3024.0,60.25730994152046,Healthy
79030A,"TUMBLER, ENGLISH ROSE",171,438.25,33,5.181818181818182,18,189.0,36.27272727272727,Healthy
79030D,"TUMBLER, BAROQUE",435,384.03000000000003,16,27.1875,360,3780.0,190.3125,Healthy
79030G,"TUMBLER, NEW ENGLAND",351,745.48,56,6.267857142857143,24,252.0,43.875,Healthy
79051A,SMOKEY GREY COLOUR D.O.F. GLASS,119,93.39,14,8.5,36,378.0,59.5,Healthy
79051a,SMOKEY GREY COLOUR D.O.F. GLASS,1,6.04,1,1.0,1,10.5,7.0,Restock Soon
79065A,TEATIME ROUND CAKE TINS ,4,39.8,1,4.0,4,42.0,28.0,Restock Soon
79066K,RETRO MOD TRAY,639,550.78,101,6.326732673267327,48,504.0,44.28712871287129,Healthy
79066k,RETRO MOD TRAY,10,16.599999999999998,7,1.4285714285714286,4,42.0,10.0,Healthy
79067,CORONA MEXICAN TRAY,1489,5870.39,373,4.035230352303523,50,525.0,28.24661246612466,Overstock
79070b,ENGLISH ROSE SQUARE CAKE TINS,1,11.26,1,1.0,1,10.5,7.0,Restock Soon
79071B,ENGLISH ROSE METAL WASTE BIN,122,374.70000000000005,55,2.2181818181818183,12,126.0,15.527272727272727,Healthy
79072,TEATIME CAKE TIN WITH HANDLE,284,3083.2,107,2.6542056074766354,8,84.0,18.57943925233645,Overstock
79140,ASS WINDPROOF MARIJUANA LIGHTERS,15,6.3,2,7.5,12,126.0,52.5,Restock Soon
79144B,PAINTED LIGHTBULB STAR+ MOON,178,82.84,42,4.238095238095238,24,252.0,29.666666666666668,Healthy
79144C,PAINTED LIGHTBULB RAINBOW DESIGN,159,86.22,49,3.2448979591836733,24,252.0,22.71428571428571,Healthy
79149B,SILICON STAR BULB  BLUE,12,5.04,5,2.4,4,42.0,16.8,Restock Soon
79151B,"SILICON CUBE 25W, BLUE",1,0.42,1,1.0,1,10.5,7.0,Restock Soon
79157B,UBO-LIGHT TRIOBASE BLUE,1,0.85,1,1.0,1,10.5,7.0,Restock Soon
79160,HEART SHAPE WIRELESS DOORBELL,515,1208.74,165,3.121212121212121,48,504.0,21.848484848484848,Healthy
79161A,ST GEORGE SET OF 10 PARTY LIGHTS,49,144.55,14,3.5,10,105.0,24.5,Healthy
79163,BLACK CHAMPAGNE GLASS,316,634.08,30,10.533333333333333,36,378.0,73.73333333333333,Healthy
79164,BLACK WINE GLASS,2011,2537.99,74,27.175675675675677,624,6552.0,190.22972972972974,Healthy
79172D,PURPLE TINT ACRYLIC FLOWER VASE,24,20.4,4,6.0,12,126.0,42.0,Restock Soon
79190A,RETRO PLASTIC 70'S TRAY,424,193.31,59,7.186440677966102,30,315.0,50.30508474576271,Healthy
79190B,RETRO PLASTIC POLKA TRAY,796,323.57,81,9.82716049382716,300,3150.0,68.79012345679011,Healthy
79190D,RETRO PLASTIC DAISY TRAY,392,176.32,67,5.850746268656716,15,157.5,40.95522388059702,Overstock
79191B,RETRO PLASTIC POLKA TRAY,326,264.98,42,7.761904761904762,144,1512.0,54.333333333333336,Healthy
79191C,RETRO PLASTIC ELEPHANT TRAY,516,482.92999999999995,94,5.48936170212766,36,378.0,38.42553191489362,Healthy
79191D,RETRO PLASTIC DAISY TRAY,103,106.25999999999999,40,2.575,12,126.0,18.025000000000002,Healthy
79192A,RETRO PLASTIC 70'S TRAY,111,148.89,33,3.3636363636363638,24,252.0,23.545454545454547,Healthy
79301,FEATHER HEART LIGHTS,1,2.95,1,1.0,1,10.5,7.0,Restock Soon
79302M,"ART LIGHTS,FUNK MONKEY",284,823.0600000000001,51,5.568627450980392,60,630.0,38.98039215686274,Healthy
79302m,"ART LIGHTS,FUNK MONKEY",4,23.77,4,1.0,1,10.5,7.0,Restock Soon
79303A,WHITE ROHMBIC BLOCK TABLE LAMP,2,5.9,1,2.0,2,21.0,14.0,Restock Soon
79303B,BLUE STAR BLOCK TABLE LAMP,109,339.57,10,10.9,90,945.0,76.3,Healthy
79303D,LILAC FLOWER BLOCK TABLE LAMP,78,272.45,19,4.105263157894737,38,399.0,28.73684210526316,Healthy
79308B,MOSAIC CANDLE DISH BLUE PURPLE,144,122.4,2,72.0,72,756.0,504.0,Restock Soon
79315W,FLYING SAUCER TABLE LIGHT IN WHITE,199,611.51,13,15.307692307692308,76,798.0,107.15384615384616,Healthy
79320, FLAMINGO LIGHTS,356,1715.18,56,6.357142857142857,24,252.0,44.5,Healthy
79320,FLAMINGO LIGHTS,548,2642.2,94,5.829787234042553,50,525.0,40.80851063829787,Healthy
79321,CHILLI LIGHTS,6461,31061.2,512,12.619140625,288,3024.0,88.333984375,Overstock
79323B,BLACK CHERRY LIGHTS,234,1511.7,57,4.105263157894737,24,252.0,28.73684210526316,Healthy
79323G,GOLD  CHERRY LIGHTS,314,2007.88,61,5.147540983606557,24,252.0,36.0327868852459,Healthy
79323GR,GREEN CHERRY LIGHTS,532,3209.36,83,6.409638554216867,48,504.0,44.86746987951807,Healthy
79323LP,LIGHT PINK CHERRY LIGHTS,1433,8481.19,170,8.429411764705883,72,756.0,59.00588235294118,Healthy
79323P,PINK CHERRY LIGHTS,2277,13760.93,264,8.625,72,756.0,60.375,Overstock
79323S, SILVER CHERRY LIGHTS,274,1732.3000000000002,44,6.2272727272727275,144,1512.0,43.59090909090909,Healthy
79323S,SILVER CHERRY LIGHTS,60,352.02,12,5.0,24,252.0,35.0,Healthy
79323W, WHITE CHERRY LIGHTS,2026,12198.66,243,8.37190082644628,48,504.0,58.603305785123965,Overstock
79323W,WHITE CHERRY LIGHTS,978,5850.06,106,9.226415094339623,144,1512.0,64.58490566037736,Healthy
79328,BLUE FLOCK GLASS CANDLEHOLDER,594,260.76,17,34.94117647058823,144,1512.0,244.58823529411762,Healthy
79329,PINK FLOCK GLASS CANDLEHOLDER,88,53.760000000000005,5,17.6,72,756.0,123.20000000000002,Restock Soon
79331,PINK FLOCK GLASS CANDLEHOLDER,34,56.1,6,5.666666666666667,12,126.0,39.66666666666667,Restock Soon
79336,LIGHT PINK FLOCK GLASS CANDLEHOLDER,804,356.1,18,44.666666666666664,240,2520.0,312.66666666666663,Healthy
79337,BLUE FLOCK GLASS CANDLEHOLDER,556,251.97,12,46.333333333333336,288,3024.0,324.33333333333337,Healthy
79338,DARK PINK FLOCK GLASS CANDLEHOLDER,553,252.29,13,42.53846153846154,240,2520.0,297.7692307692308,Healthy
79341,WILLOW BRANCH LIGHTS.,725,4423.69,79,9.177215189873417,288,3024.0,64.24050632911391,Healthy
79342B,BROWN FLOWER LIGHTS,119,824.9499999999999,34,3.5,36,378.0,24.5,Healthy
79342b,BROWN FLOWER LIGHTS,1,13.57,1,1.0,1,10.5,7.0,Restock Soon
79403,FROSTED WHITE BASE ,122,115.16,22,5.545454545454546,24,252.0,38.81818181818182,Healthy
79406,FROSTED WHITE BASE ,115,31.5,13,8.846153846153847,24,252.0,61.92307692307693,Healthy
79413,GLASS WINE GLASS DECORATIONS,30,37.5,9,3.3333333333333335,12,126.0,23.333333333333336,Healthy
79532,MOSAIC GLASS BALL CANDLEHOLDER,97,121.25,18,5.388888888888889,24,252.0,37.72222222222223,Healthy
79534,MULTICOLOUR GLASS PLATE,116,63.800000000000004,16,7.25,12,126.0,50.75,Healthy
81950B,FLOWER BLUE CLOCK W/SUCKER,100,93.1,26,3.8461538461538463,10,105.0,26.923076923076923,Healthy
81950V,FLOWER PURPLE CLOCK W/SUCKER,12,10.2,4,3.0,7,73.5,21.0,Restock Soon
81952B,ROUND BLUE CLOCK W/SUCKER,54,46.56,11,4.909090909090909,20,210.0,34.36363636363637,Healthy
81952V,ROUND PURPLE CLOCK W/SUCKER,99,90.52,22,4.5,20,210.0,31.5,Healthy
81953B,ROUND ARTICULATED BLUE CLOCK W/SUCK,3,2.55,3,1.0,1,10.5,7.0,Restock Soon
81953P,ROUND ARTICULATED PINK CLOCK W/SUCK,5,4.25,3,1.6666666666666667,3,31.5,11.666666666666668,Restock Soon
81985A,"ICON ALARM CLOCK,FUSCHIA  PIN UP",23,58.65,7,3.2857142857142856,6,63.0,23.0,Healthy
82001S,VINYL RECORD FRAME SILVER,1374,4896.66,108,12.722222222222221,144,1512.0,89.05555555555554,Healthy
82001s,VINYL RECORD FRAME SILVER,3,22.86,2,1.5,2,21.0,10.5,Restock Soon
82011A,"BATHROOM SCALES, TROPICAL BEACH",41,179.08,22,1.8636363636363635,10,105.0,13.045454545454545,Healthy
82011B,BATHROOM SCALES RUBBER DUCKS,51,205.70000000000002,28,1.8214285714285714,10,105.0,12.75,Healthy
82011C,BATHROOM SCALES FOOTPRINTS IN SAND,82,430.63,53,1.5471698113207548,10,105.0,10.830188679245284,Healthy
82011E,"BATHROOM SCALES, FAG BREAK",2,7.5,2,1.0,1,10.5,7.0,Restock Soon
82069,BEECH WOOD P/FRAME,17,109.85,11,1.5454545454545454,4,42.0,10.818181818181818,Healthy
82072,WHITE WOOD SINGLE P/FRAME,5,6.25,3,1.6666666666666667,2,21.0,11.666666666666668,Restock Soon
82076,BEECH WOOD PHOTO FRAME ,290,403.64,19,15.263157894736842,64,672.0,106.84210526315789,Healthy
82081,PINK HEARTS PHOTO ALBUM,174,451.35,23,7.565217391304348,35,367.5,52.95652173913044,Healthy
82093,HEART SHAPE BUTTON FRAME ,139,283.49,28,4.964285714285714,24,252.0,34.75,Healthy
82095,HEART BUTTONS JEWELLERY BOX,32,244.8,18,1.7777777777777777,4,42.0,12.444444444444443,Healthy
82482,WOODEN PICTURE FRAME WHITE FINISH,8155,19338.97,947,8.666312433581297,252,2646.0,60.66418703506908,Overstock
82483,WOOD 2 DRAWER CABINET WHITE FINISH,2686,14890.52,618,4.3462783171521036,16,168.0,30.423948220064723,Overstock
82484,WOOD BLACK BOARD ANT WHITE FINISH,5034,26811.8,522,9.680769230769231,648,6804.0,67.76538461538462,Healthy
82486,WOOD S/3 CABINET ANT WHITE FINISH,2717,20660.88,707,3.842998585572843,36,378.0,26.9009900990099,Overstock
82494L,WOODEN FRAME ANTIQUE WHITE ,8866,25067.61,1113,8.00903342366757,120,1260.0,56.06323396567299,Overstock
82494l,WOODEN FRAME ANTIQUE WHITE ,160,1333.95,27,6.153846153846154,30,315.0,43.07692307692308,Healthy
82545A,COGNAC AUX OEUFS METAL 1 HOOK,31,38.75,11,2.8181818181818183,6,63.0,19.727272727272727,Healthy
82551,LAUNDRY 15C METAL SIGN,2771,3619.5099999999998,415,6.67710843373494,96,1008.0,46.73975903614458,Overstock
82552,WASHROOM METAL SIGN,4024,4970.84,441,9.124716553287982,288,3024.0,63.87301587301587,Healthy
82553,POP'S GREASY SPOON METAL SIGN,114,237.73000000000002,42,2.7142857142857144,24,252.0,19.0,Healthy
82567,"AIRLINE LOUNGE,METAL SIGN",517,1145.56,206,2.521951219512195,12,126.0,17.653658536585365,Overstock
82578,KITCHEN METAL SIGN,3577,1937.0400000000002,410,8.745721271393643,250,2625.0,61.220048899755504,Healthy
82580,BATHROOM METAL SIGN,7495,4071.9500000000003,732,10.309491059147181,251,2635.5,72.16643741403027,Overstock
82581,TOILET METAL SIGN,4580,2531.96,521,8.807692307692308,250,2625.0,61.65384615384616,Healthy
82582,AREA PATROLLED METAL SIGN,3255,6567.280000000001,381,8.56578947368421,72,756.0,59.96052631578947,Overstock
82583,HOT BATHS METAL SIGN,5750,11378.35,593,9.77891156462585,216,2268.0,68.45238095238096,Overstock
82585,SWEET VALENCIA CANDLE+CUP,164,235.9,47,3.4893617021276597,48,504.0,24.425531914893618,Healthy
82587,TEXRIO TOMATOES CANDLE+CUP,128,166.78,40,3.2,12,126.0,22.400000000000002,Healthy
82597,BOMBS AWAY METAL SIGN,1210,2569.6600000000003,215,5.627906976744186,48,504.0,39.395348837209305,Overstock
82599,FANNY'S REST STOPMETAL SIGN,2063,4459.39,389,5.344559585492228,48,504.0,37.4119170984456,Overstock
82600,NO SINGING METAL SIGN,6874,13335.580000000002,681,10.153618906942393,240,2520.0,71.07533234859675,Overstock
82605,OLD DOC RUSSEL METAL SIGN,213,482.73,98,2.173469387755102,12,126.0,15.214285714285715,Healthy
82605,OLD DOC.RUSSEL METAL SIGN,41,82.94,24,1.7083333333333333,6,63.0,11.958333333333332,Healthy
82607A,GLASS BONBON JAR PARFUME AUX FLEURE,663,923.72,159,4.169811320754717,48,504.0,29.18867924528302,Healthy
82607C,GLASS BONBON JAR. SUPERFINES,115,175.60999999999999,43,2.6744186046511627,12,126.0,18.72093023255814,Healthy
82607E,GLASS BONBON JAR. D'AMANDES,101,126.25,25,4.04,12,126.0,28.28,Healthy
82613A,"METAL SIGN,CUPCAKE SINGLE HOOK",421,575.09,98,4.295918367346939,20,210.0,30.071428571428573,Overstock
82613B,"METAL SIGN,CUPCAKE SINGLE HOOK",321,504.15,120,2.675,16,168.0,18.724999999999998,Healthy
82613C,"METAL SIGN,CUPCAKE SINGLE HOOK",238,389.18,96,2.4791666666666665,16,168.0,17.354166666666664,Healthy
82613D,METAL SIGN CUPCAKE SINGLE HOOK,500,772.72,167,2.9940119760479043,20,210.0,20.95808383233533,Overstock
82613a,"METAL SIGN,CUPCAKE SINGLE HOOK",2,5.02,2,1.0,1,10.5,7.0,Restock Soon
82613b,"METAL SIGN,CUPCAKE SINGLE HOOK",10,25.099999999999998,7,1.4285714285714286,3,31.5,10.0,Healthy
82613c,"METAL SIGN,CUPCAKE SINGLE HOOK",8,20.08,8,1.0,1,10.5,7.0,Healthy
82615,PINK MARSHMALLOW SCARF KNITTING KIT,582,1603.97,90,6.466666666666667,96,1008.0,45.266666666666666,Healthy
82616A,BUBBLE GUM SCARF KNITTING KIT,316,624.21,52,6.076923076923077,48,504.0,42.53846153846153,Healthy
82616B,FRAPPUCINO SCARF KNITTING KIT,268,488.68,58,4.620689655172414,72,756.0,32.3448275862069,Healthy
82616C,MIDNIGHT GLAMOUR SCARF KNITTING KIT,314,538.6,62,5.064516129032258,120,1260.0,35.45161290322581,Healthy
84006,MAGIC TREE -PAPER FLOWERS,1044,994.05,119,8.77310924369748,72,756.0,61.41176470588236,Healthy
84007,MAGIC GARDEN MOUNT FUJI,157,413.12,39,4.0256410256410255,24,252.0,28.17948717948718,Healthy
84012,MAGIC SHEEP WOOL GROWING FROM PAPER,574,1349.54,65,8.830769230769231,96,1008.0,61.815384615384616,Healthy
84016,FLAG OF ST GEORGE CAR FLAG,977,3779.51,60,16.283333333333335,300,3150.0,113.98333333333335,Healthy
84029C,BROWN FURRY HOT WATER BOTTLE,204,766.19,48,4.25,40,420.0,29.75,Healthy
84029D,LEOPARD PRINT HOT WATER BOTTLE,51,183.98000000000002,15,3.4,24,252.0,23.8,Healthy
84029E,RED WOOLLY HOTTIE WHITE HEART.,7023,25454.100000000002,805,8.800751879699249,384,4032.0,61.60526315789474,Healthy
84029G,KNITTED UNION FLAG HOT WATER BOTTLE,3988,15779.09,620,6.474025974025974,96,1008.0,45.31818181818181,Overstock
84029c,BROWN FURRY HOT WATER BOTTLE,1,7.78,1,1.0,1,10.5,7.0,Restock Soon
84030B,KNITTED POM POM HOT WATER BOTTLE,5,18.75,3,1.6666666666666667,2,21.0,11.666666666666668,Restock Soon
84030C,KNITTED RAINBOW HOT WATER BOTTLE,21,82.78,6,3.5,12,126.0,24.5,Restock Soon
84030E,ENGLISH ROSE HOT WATER BOTTLE,741,3151.32,178,4.162921348314606,48,504.0,29.140449438202246,Healthy
84030b,KNITTED POM POM HOT WATER BOTTLE,1,8.46,1,1.0,1,10.5,7.0,Restock Soon
84030c,KNITTED RAINBOW HOT WATER BOTTLE,32,248.0,13,2.6666666666666665,8,84.0,18.666666666666664,Healthy
84030e,ENGLISH ROSE HOT WATER BOTTLE,20,169.4,7,2.857142857142857,5,52.5,20.0,Healthy
84031A,CHARLIE+LOLA RED HOT WATER BOTTLE ,721,2740.71,164,4.396341463414634,56,588.0,30.774390243902438,Healthy
84031B,CHARLIE LOLA BLUE HOT WATER BOTTLE ,564,1988.27,141,4.0,56,588.0,28.0,Healthy
84032A,CHARLIE+LOLA PINK HOT WATER BOTTLE,2417,6021.99,373,6.497311827956989,180,1890.0,45.48118279569892,Healthy
84032B,CHARLIE + LOLA RED HOT WATER BOTTLE,2488,5788.8,366,6.853994490358127,180,1890.0,47.97796143250689,Healthy
84033,FLAG OF ST GEORGE ,369,697.43,42,8.785714285714286,35,367.5,61.50000000000001,Healthy
84050,PINK HEART SHAPE EGG FRYING PAN,7285,10665.64,481,15.208768267223382,600,6300.0,106.46137787056368,Healthy
84051,ASS COLOUR GLOWING TIARAS,469,396.17,36,13.027777777777779,120,1260.0,91.19444444444446,Healthy
84077,WORLD WAR 2 GLIDERS ASSTD DESIGNS,54947,11383.97,501,110.11422845691382,4320,45360.0,770.7995991983968,Healthy
84078A,SET/4 WHITE RETRO STORAGE CUBES ,714,27558.210000000003,174,4.103448275862069,85,892.5,28.724137931034484,Healthy
84081,WHITE CERAMIC PARTY SET (5PCS),100,389.3,20,5.0,24,252.0,35.0,Healthy
84086B,YELLOW/BLUE RETRO RADIO,8,23.6,5,1.6,3,31.5,11.200000000000001,Restock Soon
84086C,PINK/PURPLE RETRO RADIO,83,279.32,39,2.128205128205128,6,63.0,14.897435897435898,Healthy
84192,ASSORTED COLOUR METAL CAT ,127,147.35,14,9.071428571428571,48,504.0,63.5,Healthy
84199,GLOW IN DARK DOLPHINS,416,92.10000000000001,38,10.947368421052632,60,630.0,76.63157894736842,Healthy
84201B,HAPPY BIRTHDAY CARD STRIPEY TEDDY,26,4.9399999999999995,6,4.333333333333333,10,105.0,30.333333333333332,Restock Soon
84201C,HAPPY BIRTHDAY CARD TEDDY/CAKE,5,0.95,2,2.5,4,42.0,17.5,Restock Soon
84205C,HAPPY BIRTHDAY GINGER CAT CARD,2,0.38,1,2.0,2,21.0,14.0,Restock Soon
84206A,3 BLACK CATS W HEARTS BLANK CARD,55,10.450000000000001,6,9.166666666666666,24,252.0,64.16666666666666,Restock Soon
84206B,CAT W SUNGLASSES BLANK CARD,4,0.76,1,4.0,4,42.0,28.0,Restock Soon
84206C,CHAMPAGNE TRAY BLANK CARD,2,0.38,2,1.0,1,10.5,7.0,Restock Soon
84212,"ASSORTED FLOWER COLOUR ""LEIS""",14480,7027.2699999999995,167,86.7065868263473,1440,15120.0,606.9461077844311,Healthy
84218,BOX/12 CHICK & EGG IN BASKET,138,280.4,55,2.5090909090909093,12,126.0,17.563636363636366,Healthy
84219,BOX/12 MOTHER & CHICK IN BASKET/BOW,137,303.86,28,4.892857142857143,40,420.0,34.25,Healthy
84226,HEN HOUSE W FAMILY IN BARN & NEST,26,22.099999999999998,8,3.25,12,126.0,22.75,Healthy
84227,HEN HOUSE W CHICK IN NEST,111,46.620000000000005,12,9.25,40,420.0,64.75,Healthy
84228,HEN HOUSE W CHICK STANDING,59,33.66,21,2.8095238095238093,24,252.0,19.666666666666664,Healthy
84231,EASTER BUNNY WITH BASKET ON BACK,122,93.58,30,4.066666666666666,12,126.0,28.466666666666665,Healthy
84247C,PACK/12 BLUE REINDEER CARD,72,212.40000000000003,22,3.272727272727273,24,252.0,22.90909090909091,Healthy
84247E,PACK/12 XMAS FUN CARD,239,688.8100000000001,51,4.686274509803922,48,504.0,32.80392156862745,Healthy
84247G,"DECOUPAGE,GREETING CARD,",1130,475.13,79,14.30379746835443,84,882.0,100.12658227848101,Healthy
84247H,PACK/12 DECOUPAGE CARD,42,109.13000000000001,20,2.1,12,126.0,14.700000000000001,Healthy
84247J,PACK/12 RUSSIAN DOLL CARDS,10,12.780000000000001,9,1.1111111111111112,2,21.0,7.777777777777779,Healthy
84247K,"FOLK ART GREETING CARD,pack/12",54,171.53000000000003,20,2.7,24,252.0,18.900000000000002,Healthy
84247L,FAWN AND MUSHROOM GREETING CARD,1021,441.19,92,11.097826086956522,48,504.0,77.68478260869566,Overstock
84247N,PACK/12 BLUE FOLKART CARDS,93,238.48000000000002,37,2.5135135135135136,12,126.0,17.594594594594597,Healthy
84249A,"GREETING CARD,SQUARE, DOUGHNUTS",78,32.76,7,11.142857142857142,12,126.0,78.0,Healthy
84249D,FAIRY CAKE GREETINGS CARD,823,347.3,64,12.859375,72,756.0,90.015625,Healthy
84250M,"GREETING CARD, BLACKPOOL ROCK",28,15.899999999999999,13,2.1538461538461537,12,126.0,15.076923076923077,Healthy
84251B,"GREETING CARD, STICKY GORDON",76,15.759999999999998,10,7.6,12,126.0,53.199999999999996,Healthy
84251C,"GREETING CARD, TWO SISTERS.",120,22.799999999999997,13,9.23076923076923,12,126.0,64.61538461538461,Healthy
84251F,"GREETING CARD, RITA",341,83.97,50,6.82,24,252.0,47.74,Healthy
84251G,"GREETING CARD, OVERCROWDED POOL.",203,53.709999999999994,39,5.205128205128205,12,126.0,36.43589743589744,Healthy
84251J,"GREETING CARD, THE BLACK CAT",74,37.04,17,4.352941176470588,24,252.0,30.470588235294116,Healthy
84255A,PINK GLASS COCKTAIL LAMP,2,4.2,2,1.0,1,10.5,7.0,Restock Soon
84255B,ORANGE COCKTAIL GLASS LAMP,65,190.16,18,3.611111111111111,16,168.0,25.27777777777778,Healthy
84270,ASSTD DESIGN BUBBLE GUM RING,22936,4824.3,476,48.38818565400844,1440,15120.0,338.71729957805906,Healthy
84279B,CHERRY BLOSSOM DECORATIVE FLASK,616,2302.2200000000003,146,4.219178082191781,144,1512.0,29.534246575342465,Healthy
84279P, CHERRY BLOSSOM  DECORATIVE FLASK,313,1111.67,30,10.433333333333334,204,2142.0,73.03333333333333,Healthy
84279P,CHERRY BLOSSOM  DECORATIVE FLASK,463,1848.17,148,3.1283783783783785,20,210.0,21.89864864864865,Overstock
84288B,SET/2 BLUE  NOODLE BASKETS,61,118.95,24,2.5416666666666665,12,126.0,17.791666666666664,Healthy
84292,ROSE PINK METAL FOLDING CHAIR,44,385.98,14,3.142857142857143,10,105.0,22.0,Healthy
84292B,BLUE COL METAL FOLDING CHAIR,8,51.8,5,1.6,4,42.0,11.200000000000001,Restock Soon
84306,S/3 PINK SQUARE PLANTERS ROSES,38,469.26,22,1.7272727272727273,6,63.0,12.090909090909092,Healthy
84311,CAMOFLAGE CUSHION COVER,11,18.15,1,11.0,11,115.5,77.0,Restock Soon
84313A,PINK TV TRAY TABLE ,38,212.42,19,2.0,6,63.0,14.0,Healthy
84313B,BLUE TV TRAY TABLE ,102,679.39,46,2.217391304347826,12,126.0,15.521739130434783,Healthy
84313C,ORANGE TV TRAY TABLE ,44,276.48,30,1.4666666666666666,3,31.5,10.266666666666666,Healthy
84327A,PINK JUMPER LARRY THE LAMB,959,1820.27,123,7.796747967479675,144,1512.0,54.577235772357724,Healthy
84340,LARGE FIBRE OPTIC CHRISTMAS TREE,21,65.76,11,1.9090909090909092,6,63.0,13.363636363636363,Healthy
84341B,SMALL PINK MAGIC CHRISTMAS TREE,1141,667.6899999999999,89,12.820224719101123,144,1512.0,89.74157303370787,Healthy
84347,ROTATING SILVER ANGELS T-LIGHT HLDR,23037,47954.49,347,66.38904899135447,9360,98280.0,464.7233429394813,Healthy
84352,SILVER CHRISTMAS TREE BAUBLE STAND ,182,3106.7799999999997,110,1.6545454545454545,12,126.0,11.581818181818182,Healthy
84356,POMPOM CURTAIN,327,1653.8400000000001,52,6.288461538461538,96,1008.0,44.01923076923077,Healthy
84358,FLOOR LAMP SHADE WOOD BASE,89,794.73,17,5.235294117647059,52,546.0,36.64705882352941,Healthy
84360,TABLE LAMP WHITE SHADE WOOD BASE,139,702.0699999999999,22,6.318181818181818,36,378.0,44.22727272727273,Healthy
84366,VENDETTA CANVAS PICTURE,3,11.25,3,1.0,1,10.5,7.0,Restock Soon
84367,LA STREGA CANVAS PICTURE ,74,126.30000000000001,8,9.25,12,126.0,64.75,Healthy
84371,BIG PINK POODLE,30,257.1,6,5.0,22,231.0,35.0,Restock Soon
84375,SET OF 20 KIDS COOKIE CUTTERS,3578,7080.07,311,11.504823151125402,144,1512.0,80.53376205787781,Overstock
84378,SET OF 3 HEART COOKIE CUTTERS,5429,7048.98,591,9.201694915254237,144,1512.0,64.41186440677966,Overstock
84380,SET OF 3 BUTTERFLY COOKIE CUTTERS,4734,6175.47,449,10.566964285714286,144,1512.0,73.96875,Overstock
84388,WISE MAN STAR SHAPE EGG PAN,47,77.55,17,2.764705882352941,12,126.0,19.352941176470587,Healthy
84396,6 HOOK JEWELLERY STAND BLACK DRESS,552,1380.52,49,11.26530612244898,96,1008.0,78.85714285714286,Healthy
84402B,PURPLE DRESS JEWELLERY STAND,1,2.95,1,1.0,1,10.5,7.0,Restock Soon
84402D,PINK DRESS JEWELLERY STAND ,373,358.93,13,28.692307692307693,104,1092.0,200.84615384615387,Healthy
84405A,S/3 PINK COL METAL BASKET W HANDLE,129,1042.16,50,2.58,24,252.0,18.060000000000002,Healthy
84406B,CREAM CUPID HEARTS COAT HANGER,5368,16163.48,590,9.098305084745762,160,1680.0,63.68813559322034,Overstock
84406b,CREAM CUPID HEARTS COAT HANGER,2,13.82,2,1.0,1,10.5,7.0,Restock Soon
84414B,FUSCHIA/GREEN STRIPE WOOLLY BLANKET,78,536.24,9,8.666666666666666,34,357.0,60.666666666666664,Healthy
84415A,PINK FLOCK SUEDE CUSHION COVER ,15,56.25,4,3.75,6,63.0,26.25,Restock Soon
84415B,BLUE FLOCK CUSHION COVER ,18,67.5,5,3.6,6,63.0,25.2,Restock Soon
84422,PINK/BLUE DISC/MIRROR STRING,217,185.44,24,9.041666666666666,72,756.0,63.291666666666664,Healthy
84424A,FOUR PICTURE WHITE GLASS FRAME,23,86.25,10,2.3,6,63.0,16.099999999999998,Healthy
84425A,WHITE GLASS TV TRIPLE FRAME,18,76.6,9,2.0,3,31.5,14.0,Healthy
84427B,BLACK GLASS TV DOUBLE P/FRAME 15X10,17,72.25,5,3.4,11,115.5,23.8,Restock Soon
84429A,MEDIUM PINK BUDDHA HEAD ,57,201.10000000000002,22,2.590909090909091,12,126.0,18.136363636363637,Healthy
84437A,S/6 PINK EASTER DECS IN BOX,106,90.94999999999999,18,5.888888888888889,12,126.0,41.22222222222223,Healthy
84447,6 RABBIT CHAIN EASTER,69,72.42,19,3.6315789473684212,12,126.0,25.42105263157895,Healthy
84450A,PINK RABBIT SITTING EASTER,52,24.18,5,10.4,18,189.0,72.8,Restock Soon
84450B,PINK/YELLOW RABBIT SAT EASTER,88,61.92,29,3.0344827586206895,12,126.0,21.241379310344826,Healthy
84450B,YELLOW RABBIT SAT EASTER,51,22.63,6,8.5,24,252.0,59.5,Restock Soon
84452,METAL RABBIT LADDER EASTER ,124,123.25999999999999,28,4.428571428571429,12,126.0,31.0,Healthy
84454,WOBBLING METAL CHICKEN EASTER,93,85.53,18,5.166666666666667,12,126.0,36.16666666666667,Healthy
84455,SET OF 3 RABBIT CARROTS EASTER,85,77.96,20,4.25,12,126.0,29.75,Healthy
84456,SET OF 3 RABBIT EGG EASTER,37,33.15,16,2.3125,12,126.0,16.1875,Healthy
84457,SET/3 RABBITS FLOWER SKIPPPING ROPE,165,166.17,38,4.342105263157895,12,126.0,30.394736842105264,Healthy
84458,S/3 RABBIT FLOWER/EGG/CARROT ROPE,124,105.39999999999999,20,6.2,12,126.0,43.4,Healthy
84459A,PINK METAL CHICKEN HEART ,553,1003.67,114,4.850877192982456,36,378.0,33.95614035087719,Healthy
84459B,YELLOW METAL CHICKEN HEART ,759,1278.8999999999999,126,6.023809523809524,96,1008.0,42.166666666666664,Healthy
84461,12 PINK HEN+CHICKS IN BASKET,58,149.24,26,2.230769230769231,8,84.0,15.615384615384617,Healthy
84462,3 PINK HEN+CHICKS IN BASKET,88,99.86,8,11.0,60,630.0,77.0,Healthy
84464,S/60 PINK FLUFFY CHICKS IN BOX,82,179.1,11,7.454545454545454,50,525.0,52.18181818181818,Healthy
84465,15 PINK FLUFFY CHICKS IN BOX,22,67.01,16,1.375,5,52.5,9.625,Healthy
84466,TOP SECRET PEN SET,1210,1290.86,63,19.206349206349206,360,3780.0,134.44444444444443,Healthy
84467,ENGLISH ROSE DESIGN QUILTED THROW,816,17477.66,83,9.831325301204819,120,1260.0,68.81927710843374,Healthy
84469,ROSE DES PADDED FLOOR CUSHION,664,2249.41,44,15.090909090909092,130,1365.0,105.63636363636364,Healthy
84472,PINK AND LILAC QUILTED THROW ,87,3402.32,30,2.9,49,514.5,20.3,Healthy
84482,BUTTONS DESIGN JEWELLERY BOX,75,293.02,32,2.34375,6,63.0,16.40625,Healthy
84493,BLUE/PINK NEST STRIPE BOX,1142,111.12,5,228.4,567,5953.5,1598.8,Restock Soon
84497,BUTTONS AND STRIPES NOTEBOOK ,87,349.63,32,2.71875,6,63.0,19.03125,Healthy
84499,BLACK FLOWER CANDLE PLATE,319,266.21999999999997,39,8.179487179487179,72,756.0,57.25641025641025,Healthy
84507B,STRIPES DESIGN MONKEY DOLL,1310,1645.3,93,14.086021505376344,384,4032.0,98.6021505376344,Healthy
84507C,BLUE CIRCLES DESIGN MONKEY DOLL,369,464.01,44,8.386363636363637,96,1008.0,58.70454545454545,Healthy
84508A,CAMOFLAGE DESIGN TEDDY,1586,3368.92,44,36.04545454545455,576,6048.0,252.3181818181818,Healthy
84508A,CAMOUFLAGE DESIGN TEDDY,594,1279.6100000000001,30,19.8,240,2520.0,138.6,Healthy
84508B,STRIPES DESIGN TEDDY,120,328.81,48,2.5,6,63.0,17.5,Healthy
84508C,BLUE CIRCLES DESIGN TEDDY,52,140.13,20,2.6,6,63.0,18.2,Healthy
84509A,ENGLISH ROSE PLACEMATS,117,455.18,32,3.65625,24,252.0,25.59375,Healthy
84509A,SET OF 4 ENGLISH ROSE PLACEMATS,521,2085.93,147,3.54421768707483,24,252.0,24.80952380952381,Overstock
84509B,FAIRY CAKE PLACEMATS,107,409.94,28,3.8214285714285716,24,252.0,26.75,Healthy
84509B,SET OF 4 FAIRY CAKE PLACEMATS,333,1270.56,93,3.5806451612903225,24,252.0,25.064516129032256,Healthy
84509C,DOTTY PLACEMATS ,58,218.29000000000002,13,4.461538461538462,24,252.0,31.230769230769234,Healthy
84509C,SET OF 4 DOTTY PLACEMATS ,70,297.48,23,3.0434782608695654,24,252.0,21.304347826086957,Healthy
84509C,SET OF 4 POLKADOT PLACEMATS ,20,78.87,10,2.0,4,42.0,14.0,Healthy
84509E,CAROUSEL PLACEMATS ,4,23.060000000000002,3,1.3333333333333333,2,21.0,9.333333333333332,Restock Soon
84509E,SET OF 4 CAROUSEL PLACEMATS ,66,116.85,6,11.0,60,630.0,77.0,Restock Soon
84509F,NEW ENGLAND PLACEMATS,32,120.0,10,3.2,12,126.0,22.400000000000002,Healthy
84509F,SET OF 4 NEW ENGLAND PLACEMATS,2749,2336.1,36,76.36111111111111,2664,27972.0,534.5277777777778,Healthy
84509G,FAIRY CAKE PLACEMATS ,82,315.55,27,3.037037037037037,24,252.0,21.25925925925926,Healthy
84509G,SET OF 4 FAIRY CAKE PLACEMATS ,207,794.41,68,3.0441176470588234,12,126.0,21.308823529411764,Healthy
84509a,ENGLISH ROSE PLACEMATS,2,15.56,1,2.0,2,21.0,14.0,Restock Soon
84509a,SET OF 4 ENGLISH ROSE PLACEMATS,7,53.34,6,1.1666666666666667,2,21.0,8.166666666666668,Restock Soon
84509c,DOTTY PLACEMATS ,1,7.78,1,1.0,1,10.5,7.0,Restock Soon
84509c,SET OF 4 DOTTY PLACEMATS ,15,114.3,11,1.3636363636363635,2,21.0,9.545454545454545,Healthy
84509c,SET OF 4 POLKADOT PLACEMATS ,14,106.68,9,1.5555555555555556,3,31.5,10.88888888888889,Healthy
84509e,SET OF 4 CAROUSEL PLACEMATS ,2,15.24,1,2.0,2,21.0,14.0,Restock Soon
84510A,SET OF 4 ENGLISH ROSE COASTERS,1235,1668.8899999999999,241,5.124481327800829,30,315.0,35.871369294605806,Overstock
84510B,SET OF 4 FAIRY CAKES COASTERS ,1171,1481.05,147,7.965986394557823,100,1050.0,55.76190476190476,Healthy
84510C,SET OF 4 POLKADOT COASTERS,21,28.77,8,2.625,10,105.0,18.375,Healthy
84510C,SET OF 4 POLKADOTS COASTERS,122,164.0,40,3.05,20,210.0,21.349999999999998,Healthy
84510E,SET OF 4 GREEN CAROUSEL COASTERS,114,69.48,12,9.5,100,1050.0,66.5,Healthy
84510F,SET OF 4 NEW ENGLAND COASTERS ,1099,432.75,38,28.92105263157895,1000,10500.0,202.44736842105263,Healthy
84510a,SET OF 4 ENGLISH ROSE COASTERS,23,57.73,19,1.2105263157894737,2,21.0,8.473684210526315,Healthy
84510b,SET OF 4 FAIRY CAKES COASTERS ,1,2.15,1,1.0,1,10.5,7.0,Restock Soon
84510c,SET OF 4 POLKADOT COASTERS,9,22.589999999999996,5,1.8,3,31.5,12.6,Restock Soon
84510c,SET OF 4 POLKADOTS COASTERS,10,25.099999999999998,8,1.25,2,21.0,8.75,Healthy
84510e,SET OF 4 GREEN CAROUSEL COASTERS,13,32.629999999999995,5,2.6,6,63.0,18.2,Restock Soon
84519A,TOMATO CHARLIE+LOLA COASTER SET,695,1906.5100000000002,117,5.94017094017094,56,588.0,41.58119658119658,Healthy
84519B,CARROT CHARLIE+LOLA COASTER SET,398,1127.97,89,4.47191011235955,60,630.0,31.30337078651685,Healthy
84520B,PACK 20 ENGLISH ROSE PAPER NAPKINS,6898,5870.0,653,10.579754601226995,576,6048.0,74.05828220858896,Healthy
84520D,PACK OF 20 FAIRY CAKE PAPER NAPKINS,699,639.47,94,7.4361702127659575,96,1008.0,52.0531914893617,Healthy
84520b,PACK 20 ENGLISH ROSE PAPER NAPKINS,110,257.4,10,11.0,37,388.5,77.0,Healthy
84522,PINK PARTY SUNGLASSES,167,277.05,15,11.133333333333333,100,1050.0,77.93333333333334,Healthy
84526,GIANT BLACK SUNGLASSES,538,1503.6399999999999,34,15.823529411764707,450,4725.0,110.76470588235294,Healthy
84527,FLAMES SUNGLASSES PINK LENSES,25,51.01,14,1.7857142857142858,4,42.0,12.5,Healthy
84529A,PINK KNITTED KIDS RUCKSACK,50,290.78,19,2.6315789473684212,8,84.0,18.42105263157895,Healthy
84529B,BLUE KNITTED KID'S RUCKSACK,13,62.35,5,2.6,5,52.5,18.2,Restock Soon
84529C,YELLOW KNITTED KIDS RUCKSACK,78,414.74,37,2.108108108108108,7,73.5,14.756756756756754,Healthy
84531A,PINK KNITTED EGG COSY,50,104.36999999999999,18,2.7777777777777777,6,63.0,19.444444444444443,Healthy
84531B,BLUE KNITTED EGG COSY,43,86.2,16,2.6875,6,63.0,18.8125,Healthy
84532B,FAIRY CAKES RECTANGLUAR BOXES,54,417.58,31,1.7419354838709677,5,52.5,12.193548387096774,Healthy
84533B,FAIRY CAKES ROUND NESTING BOXES,59,377.93,24,2.4583333333333335,6,63.0,17.208333333333336,Healthy
84534B,FAIRY CAKE NOTEBOOK A5 SIZE,817,773.8599999999999,186,4.39247311827957,24,252.0,30.74731182795699,Overstock
84534b,FAIRY CAKE NOTEBOOK A5 SIZE,4,6.64,3,1.3333333333333333,2,21.0,9.333333333333332,Restock Soon
84535A,ENGLISH ROSE NOTEBOOK A6 SIZE,208,160.37,43,4.837209302325581,16,168.0,33.860465116279066,Healthy
84535B,FAIRY CAKES NOTEBOOK A6 SIZE,1379,916.33,180,7.661111111111111,144,1512.0,53.62777777777778,Healthy
84536A,ENGLISH ROSE NOTEBOOK A7 SIZE,2052,936.3199999999999,287,7.149825783972125,75,787.5,50.048780487804876,Overstock
84536B,FAIRY CAKES NOTEBOOK A7 SIZE,1439,695.77,233,6.175965665236052,32,336.0,43.231759656652365,Overstock
84536a,ENGLISH ROSE NOTEBOOK A7 SIZE,11,8.91,8,1.375,4,42.0,9.625,Healthy
84536b,FAIRY CAKES NOTEBOOK A7 SIZE,8,6.48,4,2.0,5,52.5,14.0,Restock Soon
84537B,FAIRY CAKES GIFT BAG,117,49.14,11,10.636363636363637,25,262.5,74.45454545454545,Healthy
84539,KNITTED RABBIT DOLL ,39,64.35,10,3.9,12,126.0,27.3,Healthy
84546,CROCHET POODLE KEYRING,21,34.65,3,7.0,12,126.0,49.0,Restock Soon
84548,CROCHET BEAR RED/BLUE  KEYRING,26,42.9,9,2.888888888888889,12,126.0,20.22222222222222,Healthy
84549,CROCHET WHITE RABBIT KEYRING ,37,67.89,9,4.111111111111111,12,126.0,28.777777777777775,Healthy
84550,CROCHET LILAC/RED BEAR KEYRING,14,23.1,4,3.5,7,73.5,24.5,Restock Soon
84551,CROCHET DOG KEYRING,26,42.9,6,4.333333333333333,12,126.0,30.333333333333332,Restock Soon
84555A,YELLOW VW BEETLE CERAMIC MONEY BOX,47,133.85000000000002,16,2.9375,12,126.0,20.5625,Healthy
84558A,3D DOG PICTURE PLAYING CARDS,978,2800.0200000000004,128,7.640625,288,3024.0,53.484375,Healthy
84558a,3D DOG PICTURE PLAYING CARDS,18,107.68,16,1.125,3,31.5,7.875,Healthy
84559A,3D SHEET OF DOG STICKERS,959,849.3499999999999,144,6.659722222222222,72,756.0,46.61805555555556,Healthy
84559B,3D SHEET OF CAT STICKERS,997,884.73,148,6.736486486486487,72,756.0,47.15540540540541,Healthy
84559D,3D SHEET OF SEA WORLD STICKERS,147,126.71,31,4.741935483870968,18,189.0,33.193548387096776,Healthy
84559a,3D SHEET OF DOG STICKERS,30,50.699999999999996,20,1.5789473684210527,4,42.0,11.052631578947368,Healthy
84559b,3D SHEET OF CAT STICKERS,10,16.9,6,1.6666666666666667,3,31.5,11.666666666666668,Restock Soon
84559d,3D SHEET OF SEA WORLD STICKERS,2,3.38,1,2.0,2,21.0,14.0,Restock Soon
84562A,PINK/WHITE RIBBED MELAMINE JUG,167,1362.3600000000001,76,2.1973684210526314,16,168.0,15.38157894736842,Healthy
84562B,BLUE/WHITE RIBBED MELAMINE JUG,10,106.59,7,1.4285714285714286,2,21.0,10.0,Healthy
84563A,PINK & WHITE BREAKFAST TRAY,46,333.16,29,1.5862068965517242,6,63.0,11.10344827586207,Healthy
84563B,BLUE & WHITE BREAKFAST TRAY,35,249.69,22,1.5909090909090908,3,31.5,11.136363636363637,Healthy
84564,6 SEGMENT COLOURED SNACK BOWL ,21,175.48000000000002,11,1.9090909090909092,6,63.0,13.363636363636363,Healthy
84567,FROSTED GLASS WITH SILVER SURROUND,9,14.85,1,9.0,9,94.5,63.0,Restock Soon
84568,GIRLS ALPHABET IRON ON PATCHES ,24692,5139.58,166,148.74698795180723,2880,30240.0,1041.2289156626507,Healthy
84569A,PACK 3 IRON ON DOG PATCHES,282,366.6,50,5.64,24,252.0,39.48,Healthy
84569B,PACK 3 FIRE ENGINE/CAR PATCHES,373,470.03,60,6.216666666666667,21,220.5,43.516666666666666,Healthy
84569C,PACK 4 FLOWER/BUTTERFLY PATCHES,414,583.68,88,4.704545454545454,12,126.0,32.93181818181818,Overstock
84569D,PACK 6 HEART/ICE-CREAM PATCHES,577,755.69,86,6.709302325581396,36,378.0,46.96511627906977,Healthy
84570B,WHITE SATIN DRESS JEWEL STAND,4,19.8,2,2.0,3,31.5,14.0,Restock Soon
84572,6 HOOK JEWEL STAND LILAC DRESS,1,8.49,1,1.0,1,10.5,7.0,Restock Soon
84575A,PINK DOG CANNISTER,10,59.5,9,1.1111111111111112,2,21.0,7.777777777777779,Healthy
84575B,BROWN DOG CANNISTER W BONE,4,23.8,3,1.3333333333333333,2,21.0,9.333333333333332,Restock Soon
84576,BLUE CAT BISCUIT BARREL PINK HEART,30,188.72,15,2.0,6,63.0,14.0,Healthy
84578,ELEPHANT TOY WITH BLUE T-SHIRT,222,854.91,112,1.9821428571428572,9,94.5,13.875,Overstock
84580,MOUSE TOY WITH PINK T-SHIRT,693,2666.02,290,2.389655172413793,12,126.0,16.72758620689655,Overstock
84581,DOG TOY WITH PINK CROCHET SKIRT,324,1230.44,149,2.174496644295302,12,126.0,15.221476510067113,Overstock
84582,PINK CROCHET CAT WITH SCARF,14,59.5,11,1.2727272727272727,2,21.0,8.909090909090908,Healthy
84584,PINK GINGHAM CAT WITH SCARF,138,382.24,45,3.066666666666667,12,126.0,21.46666666666667,Healthy
84586L,"PINK ROSES/GINGHAM PATCH RABBIT 8""",15,44.25000000000001,9,1.6666666666666667,3,31.5,11.666666666666668,Healthy
84592,CROCHET ROSE PURSE WITH SUEDE BACK,97,295.16,25,3.88,12,126.0,27.16,Healthy
84593,CROCHET ROSE DES CLOTHES HANGER,20,59.0,6,3.3333333333333335,10,105.0,23.333333333333336,Restock Soon
84595B,LARGE TRIFLE DESIGN L BLUE BOWL,230,408.9,16,14.375,96,1008.0,100.625,Healthy
84595E,LARGE TORTILLA DESIGN RED BOWL,289,568.89,21,13.761904761904763,96,1008.0,96.33333333333334,Healthy
84596B,SMALL DOLLY MIX DESIGN ORANGE BOWL,1221,1558.52,208,5.898550724637682,72,756.0,41.28985507246377,Healthy
84596E,SMALL LICORICE DES PINK BOWL,568,733.67,127,4.507936507936508,72,756.0,31.555555555555557,Healthy
84596F,SMALL MARSHMALLOWS PINK BOWL,994,1265.35,169,5.881656804733728,72,756.0,41.171597633136095,Healthy
84596G,SMALL CHOCOLATES PINK BOWL,376,498.75,108,3.4814814814814814,24,252.0,24.37037037037037,Healthy
84596I,WRAP SWEETS LIGHT PINK SMALL BOWL,72,80.62,10,7.2,56,588.0,50.4,Healthy
84596J,MIXED NUTS LIGHT GREEN BOWL,245,331.56,73,3.356164383561644,24,252.0,23.493150684931507,Healthy
84596K,JELLY BABIES YELLOW SMALL BOWL,428,543.41,93,4.602150537634409,72,756.0,32.215053763440864,Healthy
84596L,BISCUITS SMALL BOWL LIGHT BLUE,286,390.84,87,3.2873563218390807,24,252.0,23.011494252873565,Healthy
84596b,SMALL DOLLY MIX DESIGN ORANGE BOWL,6,15.059999999999999,5,1.5,3,31.5,10.5,Restock Soon
84596e,SMALL LICORICE DES PINK BOWL,25,62.74999999999999,16,1.5625,7,73.5,10.9375,Healthy
84596f,SMALL MARSHMALLOWS PINK BOWL,3,7.529999999999999,2,1.5,2,21.0,10.5,Restock Soon
84596g,SMALL CHOCOLATES PINK BOWL,2,5.02,1,2.0,2,21.0,14.0,Restock Soon
84596j,MIXED NUTS LIGHT GREEN BOWL,2,5.02,2,1.0,1,10.5,7.0,Restock Soon
84597B,RETRO BROWN BALL ASHTRAY ,164,208.12,22,7.454545454545454,24,252.0,52.18181818181818,Healthy
84597C,RETRO PINK BALL ASHTRAY ,319,394.73,32,9.96875,24,252.0,69.78125,Healthy
84598,BOYS ALPHABET IRON ON PATCHES,18824,3814.42,122,154.29508196721312,2880,30240.0,1080.065573770492,Healthy
84599,CANDY STRIPE ROSE FLOOR CUSHION,15,160.15,6,2.5,4,42.0,17.5,Restock Soon
84600,NEW BAROQUE JEWELLERY BOX ,55,471.38,27,2.037037037037037,16,168.0,14.25925925925926,Healthy
84601A,NEW BAROQUE IVORY CUSHION COVER ,260,638.34,15,17.333333333333332,150,1575.0,121.33333333333333,Healthy
84608,ORNATE EDWARDIAN CANDLE HOLDER,6,47.7,4,1.5,2,21.0,10.5,Restock Soon
84609,TALL ROCOCO CANDLE HOLDER,51,535.63,19,2.6842105263157894,8,84.0,18.789473684210527,Healthy
84611B,BLACK NEW BAROQUE FLOCK BOX,7,41.65,4,1.75,2,21.0,12.25,Restock Soon
84612B,SET/4 BLACK  BAROQUE FLOCK COASTER,20,51.0,4,5.0,6,63.0,35.0,Restock Soon
84613A,PINK NEW BAROQUE FLOCK CANDLESTICK,16,74.4,7,2.2857142857142856,3,31.5,16.0,Healthy
84613C,BLUE NEW BAROQUE FLOCK CANDLESTICK,62,258.06,12,5.166666666666667,36,378.0,36.16666666666667,Healthy
84614A,PINK BAROQUE FLOCK CANDLE HOLDER,17,124.83,10,1.7,2,21.0,11.9,Healthy
84614C,BLUE BAROQUE FLOCK CANDLE HOLDER,3,17.85,1,3.0,3,31.5,21.0,Restock Soon
84615,PINK ROUND BUTTERFLY MIRROR ,240,748.48,21,11.428571428571429,40,420.0,80.0,Healthy
84616,SILVER ROCCOCO CHANDELIER,58,968.3,16,3.625,16,168.0,25.375,Healthy
84617, NEW BAROQUE BLACK BOXES,6,76.5,3,2.0,3,31.5,14.0,Restock Soon
84617,NEW BAROQUE BLACK BOXES,2,25.5,1,2.0,2,21.0,14.0,Restock Soon
84619,BLUE GINGHAM ROSE QUILT ,72,1622.96,29,2.4827586206896552,8,84.0,17.379310344827587,Healthy
84620,BLUE GINGHAM ROSE CUSHION COVER,119,734.71,49,2.4285714285714284,8,84.0,17.0,Healthy
84621,BLUE GINGHAM ROSE FLOOR CUSHION ,29,247.26,15,1.9333333333333333,4,42.0,13.533333333333333,Healthy
84622,PINK GINGHAM ROSE CUSHION COVER,23,152.6,9,2.5555555555555554,5,52.5,17.888888888888886,Healthy
84623,PINK GINGHAM ROSE FLOOR CUSHION,56,310.44,14,4.0,16,168.0,28.0,Healthy
84625A,PINK NEW BAROQUECANDLESTICK CANDLE,383,682.01,47,8.148936170212766,48,504.0,57.04255319148936,Healthy
84625B,BLCK NEW BAROQUE CANDLESTICK CANDLE,180,279.0,17,10.588235294117647,24,252.0,74.11764705882352,Healthy
84625C,BLUE NEW BAROQUE CANDLESTICK CANDLE,355,593.96,43,8.255813953488373,48,504.0,57.79069767441861,Healthy
84625D,WHITE NEWBAROQUE CANDLESTICK CANDLE,650,793.34,51,12.745098039215685,48,504.0,89.21568627450979,Healthy
84626,CANDY STRIPE ROSE QUILT,1,45.95,1,1.0,1,10.5,7.0,Restock Soon
84627,CANDY STRIPE ROSE C/COVER ,50,297.5,19,2.6315789473684212,14,147.0,18.42105263157895,Healthy
84629,WHITE 3 FRAME BIRDS AND TREE ,4,87.8,3,1.3333333333333333,2,21.0,9.333333333333332,Restock Soon
84630,FLOWERS AND BIRDS WALL PLAQUE,2,15.9,1,2.0,2,21.0,14.0,Restock Soon
84631,FRUIT TREE AND BIRDS WALL PLAQUE,248,765.58,26,9.538461538461538,144,1512.0,66.76923076923077,Healthy
84632,DECORATIVE HANGING SHELVING UNIT,9,499.55,6,1.5,4,42.0,10.5,Restock Soon
84637,KITCHEN FLOWER POTS WALL PLAQUE,470,847.62,32,14.6875,240,2520.0,102.8125,Healthy
84638,SMALL KITCHEN FLOWER POTS PLAQUE,350,770.05,32,10.9375,160,1680.0,76.5625,Healthy
84648,NEW BAROQUE WALL MIRROR,1,12.75,1,1.0,1,10.5,7.0,Restock Soon
84653,GREEN ROSE QUILT ,14,750.48,12,1.1666666666666667,2,21.0,8.166666666666668,Healthy
84656,WHITE ROSE C/COVER,22,130.9,13,1.6923076923076923,4,42.0,11.846153846153847,Healthy
84657,GREEN ROSE CUSHION COVER,246,517.48,20,12.3,91,955.5,86.10000000000001,Healthy
84658,WHITE STITCHED CUSHION COVER,168,863.88,45,3.7333333333333334,24,252.0,26.133333333333333,Healthy
84659A,WHITE TRAVEL ALARM CLOCK,329,845.9499999999999,143,2.300699300699301,12,126.0,16.104895104895107,Overstock
84660A,WHITE STITCHED WALL CLOCK,17,71.81,9,1.8888888888888888,4,42.0,13.222222222222221,Healthy
84660B,BLACK STITCHED WALL CLOCK,38,166.2,21,1.8095238095238095,4,42.0,12.666666666666666,Healthy
84660C,PINK STITCHED WALL CLOCK,65,302.28,41,1.5853658536585367,5,52.5,11.097560975609756,Healthy
84660a,WHITE STITCHED WALL CLOCK,3,22.86,3,1.0,1,10.5,7.0,Restock Soon
84660b,BLACK STITCHED WALL CLOCK,6,45.72,5,1.2,2,21.0,8.4,Restock Soon
84660c,PINK STITCHED WALL CLOCK,16,121.92,15,1.0666666666666667,2,21.0,7.466666666666667,Healthy
84661A,WHITE SQUARE TABLE CLOCK,118,141.2,23,5.130434782608695,24,252.0,35.91304347826087,Healthy
84661B,BLACK SQUARE TABLE CLOCK,129,235.04,23,5.608695652173913,24,252.0,39.26086956521739,Healthy
84661C,PINK SQUARE TABLE CLOCK,79,74.91,11,7.181818181818182,24,252.0,50.27272727272727,Healthy
84661a,WHITE SQUARE TABLE CLOCK,1,5.06,1,1.0,1,10.5,7.0,Restock Soon
84661c,PINK SQUARE TABLE CLOCK,2,10.12,2,1.0,1,10.5,7.0,Restock Soon
84663A,GRASS HOPPER WOODEN WALL CLOCK ,103,384.09000000000003,32,3.21875,30,315.0,22.53125,Healthy
84664,CHERRY BLOSSOM BATHROOM CABINET,193,955.35,51,3.784313725490196,16,168.0,26.49019607843137,Healthy
84665,SQUARE CHERRY BLOSSOM CABINET,125,763.75,31,4.032258064516129,20,210.0,28.225806451612904,Healthy
84666,SQUARE CHERRY BLOSSOM CABINET,202,797.9000000000001,29,6.9655172413793105,30,315.0,48.758620689655174,Healthy
84670,JAPANESE CROCHETED ANIMAL,5196,2128.72,182,28.54945054945055,432,4536.0,199.84615384615387,Healthy
84671B,CROCHET BEAR WITH BLUE STRIPES,109,306.77,32,3.40625,12,126.0,23.84375,Healthy
84673A,PINK FLY SWAT,408,251.12,56,7.285714285714286,96,1008.0,51.0,Healthy
84673B,BLUE FLY SWAT,328,239.8,70,4.685714285714286,24,252.0,32.800000000000004,Healthy
84674,FLYING PIG WATERING CAN,274,732.59,61,4.491803278688525,48,504.0,31.442622950819672,Healthy
84675,FROG KING WATERING CAN,197,545.1600000000001,60,3.283333333333333,48,504.0,22.983333333333334,Healthy
84676,BATH DUCK WATERING CAN,848,2102.46,110,7.709090909090909,156,1638.0,53.96363636363636,Healthy
84678,CLASSICAL ROSE SMALL VASE,478,941.6,71,6.732394366197183,48,504.0,47.12676056338028,Healthy
84679,CLASSICAL ROSE TABLE LAMP,8,47.6,2,4.0,4,42.0,28.0,Restock Soon
84680,CLASSICAL ROSE URN,94,372.3,17,5.529411764705882,43,451.5,38.705882352941174,Healthy
84682,CLASSICAL ROSE DISH,295,596.94,49,6.020408163265306,72,756.0,42.14285714285714,Healthy
84683,CLASSICAL ROSE CANDLESTAND,368,387.16,36,10.222222222222221,96,1008.0,71.55555555555554,Healthy
84684,BEACH HUT PHOTO FRAME,609,720.6999999999999,40,15.225,134,1407.0,106.575,Healthy
84685,BEACH HUT KEY CABINET,404,1207.83,107,3.7757009345794392,32,336.0,26.429906542056074,Healthy
84686,BEACH HUT MIRROR,340,961.4,68,5.074626865671642,96,1008.0,35.5223880597015,Healthy
84687,BEACH HUT SHELF W 3 DRAWERS,233,703.63,42,5.682926829268292,80,840.0,39.78048780487805,Healthy
84688,BEACH HUT DESIGN BLACKBOARD,381,1110.45,66,5.7727272727272725,72,756.0,40.40909090909091,Healthy
84689,S/2 BEACH HUT TREASURE CHESTS,309,732.95,38,8.131578947368421,84,882.0,56.921052631578945,Healthy
84690,S/2 BEACH HUT STOOLS,27,214.65,14,1.9285714285714286,6,63.0,13.5,Healthy
84691,PACK 20 DOLLY PEGS,2505,2051.0,231,10.844155844155845,240,2520.0,75.9090909090909,Healthy
84692,BOX OF 24 COCKTAIL PARASOLS,11527,5187.56,568,20.401769911504424,400,4200.0,142.81238938053096,Overstock
84705A,ENGLISH ROSE PHOTO FRAME ,14,65.10000000000001,7,2.0,4,42.0,14.0,Healthy
84705B,FAIRY CAKES PHOTO FRAME,84,113.27,3,28.0,59,619.5,196.0,Restock Soon
84705C,PINK FLOCK PHOTO FRAME ,150,212.33,7,21.428571428571427,120,1260.0,150.0,Healthy
84705D,CHERRY BLOSSOM PHOTO FRAME ,22,97.9,14,1.5714285714285714,6,63.0,11.0,Healthy
84705F,RED PEONY PHOTO FRAME ,8,37.2,5,1.6,2,21.0,11.200000000000001,Restock Soon
84705b,FAIRY CAKES PHOTO FRAME,2,6.86,2,1.0,1,10.5,7.0,Restock Soon
84706A,ENGLISH ROSE TABLE CLOCK,137,325.88,7,19.571428571428573,82,861.0,137.0,Healthy
84706B,FAIRY CAKES TABLE CLOCK,20,188.73,9,2.2222222222222223,4,42.0,15.555555555555557,Healthy
84706C,PINK FLOCK TABLE CLOCK ,84,170.8,4,21.0,35,367.5,147.0,Restock Soon
84706D,CHERRY BLOSSOM TABLE CLOCK ,213,488.48999999999995,13,16.384615384615383,48,504.0,114.69230769230768,Healthy
84706F,RED PEONY TABLE CLOCK,18,161.1,7,2.5714285714285716,4,42.0,18.0,Healthy
84707A,SILVER JEWELLED MIRROR TRINKET TRAY,34,390.45,20,1.7,4,42.0,11.9,Healthy
84707B,PINK JEWELLED MIRROR TRINKET TRAY,47,426.39,35,1.3428571428571427,4,42.0,9.399999999999999,Healthy
84708B,PINK JEWELLED PHOTO FRAME ,80,406.44,34,2.3529411764705883,12,126.0,16.47058823529412,Healthy
84709A,SILVER OVAL JEWELLED MIRROR,23,136.85,13,1.7692307692307692,4,42.0,12.384615384615383,Healthy
84709B,PINK OVAL JEWELLED MIRROR,158,907.38,77,2.051948051948052,24,252.0,14.363636363636363,Healthy
84711A,SILVER OVAL SHAPE TRINKET BOX,19,189.04999999999998,8,2.375,4,42.0,16.625,Healthy
84711B,PINK OVAL SHAPE TRINKET BOX,19,171.07,17,1.1176470588235294,2,21.0,7.8235294117647065,Healthy
84712B,PINK JEWELLED PHOTO FRAME,71,559.45,41,1.7317073170731707,6,63.0,12.121951219512194,Healthy
84715,SET OF 6 ICE CREAM SKITTLES,225,687.69,44,5.113636363636363,16,168.0,35.79545454545455,Healthy
84720,DOT MATRIX CANVAS ART PICTURE,35,147.05,3,11.666666666666666,22,231.0,81.66666666666666,Restock Soon
84721,MANHATTAN CANVAS ART PICTURE,20,87.8,2,10.0,19,199.5,70.0,Restock Soon
84723,CHERRY BLOSSOM CANVAS ART PICTURE,13,103.35000000000001,6,2.1666666666666665,5,52.5,15.166666666666666,Restock Soon
84725,FREESTYLE CANVAS ART PICTURE,94,181.1,12,7.833333333333333,48,504.0,54.83333333333333,Healthy
84726,LILLIES CANVAS PICTURE,233,394.85,5,46.6,121,1270.5,326.2,Restock Soon
84731,3 BIRDS CANVAS SCREEN,1,1.65,1,1.0,1,10.5,7.0,Restock Soon
84732B,CUTE BIRD CEATURE SCREEN,6,9.899999999999999,4,1.5,3,31.5,10.5,Restock Soon
84732D,CUTE RABBIT CEATURE SCREEN ,4,6.6,4,1.0,1,10.5,7.0,Restock Soon
84741C,CITRUS GARLAND FELT FLOWERS ,125,255.14,37,3.3783783783783785,20,210.0,23.64864864864865,Healthy
84743C,ORANGE FELT VASE + FLOWERS,8,10.0,4,2.0,3,31.5,14.0,Restock Soon
84744,S/6 SEW ON CROCHET FLOWERS,58,73.76,17,3.411764705882353,12,126.0,23.88235294117647,Healthy
84745A,PINK HANGING GINGHAM EASTER HEN,40,16.8,10,4.0,10,105.0,28.0,Healthy
84745B,BLUE HANGING GINGHAM EASTER HEN,51,21.42,12,4.25,10,105.0,29.75,Healthy
84746,PINK EASTER HENS+FLOWER,9,33.75,7,1.2857142857142858,2,21.0,9.0,Healthy
84748,FOLK FELT HANGING MULTICOL GARLAND,966,1210.26,32,30.1875,288,3024.0,211.3125,Healthy
84750A,PINK SMALL GLASS CAKE STAND,520,1142.4299999999998,104,5.0,96,1008.0,35.0,Healthy
84750B,BLACK SMALL GLASS CAKE STAND,548,1087.03,66,8.303030303030303,64,672.0,58.12121212121212,Healthy
84751B,BLACK MEDIUM GLASS CAKE STAND,21,78.75,11,1.9090909090909092,6,63.0,13.363636363636363,Healthy
84753A,PINK EAU DE COLOGNE BOTTLE,97,92.16999999999999,24,4.041666666666667,12,126.0,28.291666666666668,Healthy
84754,S/15 SILVER GLASS BAUBLES IN BAG,1653,2082.93,171,9.666666666666666,144,1512.0,67.66666666666666,Healthy
84755,COLOUR GLASS T-LIGHT HOLDER HANGING,24302,14899.6,650,37.387692307692305,1440,15120.0,261.71384615384613,Healthy
84757,ENCHANTED GARDEN WROUGHT IRON TABLE,5,74.75,4,1.25,2,21.0,8.75,Restock Soon
84760L,LARGE HANGING GLASS+ZINC LANTERN,560,896.0,1,560.0,560,5880.0,3920.0,Restock Soon
84760S,SMALL HANGING GLASS+ZINC LANTERN,191,315.26,29,6.586206896551724,24,252.0,46.10344827586207,Healthy
84761,IVORY HANGING BIRD PLANTER ,276,768.8499999999999,61,4.524590163934426,24,252.0,31.67213114754098,Healthy
84762A,WHITE PICNIC BARBECUE BUCKET,59,517.4300000000001,29,2.0344827586206895,8,84.0,14.241379310344826,Healthy
84762B,PINK PICNIC BARBECUE BUCKET,113,837.77,48,2.3541666666666665,16,168.0,16.479166666666664,Healthy
84762C,GREEN PICNIC BARBECUE BUCKET,105,761.25,43,2.441860465116279,8,84.0,17.093023255813954,Healthy
84763,ZINC FINISH 15CM PLANTER POTS,1037,1291.45,118,8.788135593220339,96,1008.0,61.516949152542374,Healthy
84765,SILVER ROCOCO CANDELABRA,9,140.23,6,1.5,3,31.5,10.5,Restock Soon
84766,SILVER ROCOCO CANDLE STICK,54,297.3,13,4.153846153846154,24,252.0,29.07692307692308,Healthy
84767,ZINC POLICE BOX LANTERN,195,806.22,6,32.5,187,1963.5,227.5,Restock Soon
84770,ROUND GEORGIAN SILVER MIRROR,135,419.25000000000006,16,8.4375,30,315.0,59.0625,Healthy
84773,RED ROSE AND LACE C/COVER,190,560.5,48,3.9583333333333335,18,189.0,27.708333333333336,Healthy
84782A,PINK 3 TIER GLASS PLATE STAND,119,840.45,26,4.576923076923077,16,168.0,32.03846153846153,Healthy
84782B,BLACK 3 TIER GLASS PLATE STAND,10,127.5,6,1.6666666666666667,4,42.0,11.666666666666668,Restock Soon
84782C,GREEN 3 TIER GLASS PLATE STAND,74,509.9,18,4.111111111111111,8,84.0,28.777777777777775,Healthy
84789,ENCHANTED BIRD PLANT CAGE,260,925.29,77,3.3766233766233764,32,336.0,23.636363636363633,Healthy
84791,GINGHAM HEART DECORATION,334,1086.13,106,3.150943396226415,24,252.0,22.056603773584904,Healthy
84792,ENCHANTED BIRD COATHANGER 5 HOOK,1492,6284.7300000000005,289,5.162629757785467,120,1260.0,36.13840830449827,Healthy
84795A,PASTEL STRIPE HAMMOCK ,208,1696.02,70,2.9714285714285715,24,252.0,20.8,Healthy
84795B,SUNSET CHECK HAMMOCK,130,1052.05,50,2.6,12,126.0,18.2,Healthy
84795C,OCEAN STRIPE HAMMOCK ,323,2736.69,130,2.4846153846153847,24,252.0,17.392307692307693,Healthy
84795D,SEASIDE STRIPE HAMMOCK,189,1538.79,83,2.2771084337349397,12,126.0,15.939759036144578,Healthy
84795E,RIO PINK STRIPE HAMMOCK,10,79.5,5,2.0,4,42.0,14.0,Restock Soon
84795b,SUNSET CHECK HAMMOCK,3,50.94,3,1.0,1,10.5,7.0,Restock Soon
84796A,PINK HAWAIIAN PICNIC HAMPER FOR 2,223,1504.8200000000002,68,3.2794117647058822,36,378.0,22.955882352941174,Healthy
84796B,BLUE SAVANNAH PICNIC HAMPER FOR 2,344,2606.2000000000003,56,6.142857142857143,36,378.0,43.0,Healthy
84796a,PINK HAWAIIAN PICNIC HAMPER FOR 2,11,93.17,8,1.375,4,42.0,9.625,Healthy
84796b,BLUE SAVANNAH PICNIC HAMPER FOR 2,2,17.12,2,1.0,1,10.5,7.0,Restock Soon
84797A,PINK HAWAIIAN PICNIC HAMPER FOR 4,481,3361.25,44,10.931818181818182,84,882.0,76.52272727272727,Healthy
84797B,BLUE SAVANNAH PICNIC HAMPER FOR 4,323,1845.2,33,9.787878787878787,84,882.0,68.51515151515152,Healthy
84797a,PINK HAWAIIAN PICNIC HAMPER FOR 4,18,198.84,17,1.0588235294117647,2,21.0,7.411764705882353,Healthy
84797b,BLUE SAVANNAH PICNIC HAMPER FOR 4,21,232.62,19,1.1666666666666667,2,21.0,8.166666666666668,Healthy
84798A,PINK FOXGLOVE ARTIIFCIAL FLOWER,172,373.80000000000007,6,28.666666666666668,144,1512.0,200.66666666666669,Restock Soon
84798B,PURPLE FOXGLOVE ARTIIFCIAL FLOWER,315,464.85,7,45.0,144,1512.0,315.0,Healthy
84798C,WHITE FOXGLOVE ARTIIFCIAL FLOWER,16,40.8,3,5.333333333333333,6,63.0,37.33333333333333,Restock Soon
84799,SPRIG LAVENDER ARTIFICIAL FLOWER,454,368.3,21,21.61904761904762,48,504.0,151.33333333333334,Healthy
84800L,LARGE WHITE/PINK ROSE ART FLOWER,290,331.43,16,18.125,96,1008.0,126.875,Healthy
84800M,MEDIUM WHITE/PINK ROSE ART FLOWER,123,182.91,16,7.6875,24,252.0,53.8125,Healthy
84800S,SMALL WHITE/PINK ROSE ART FLOWER,281,171.97,10,28.1,144,1512.0,196.70000000000002,Healthy
84801A,PINK HYDRANGEA ART FLOWER,226,330.84000000000003,10,22.6,96,1008.0,158.20000000000002,Healthy
84801B,WHITE HYDRANGEA ART FLOWER,192,298.8,15,12.8,72,756.0,89.60000000000001,Healthy
84802A,WHITE ANEMONE ARTIFICIAL FLOWER,183,309.27000000000004,23,7.956521739130435,24,252.0,55.69565217391304,Healthy
84802B,PURPLE ANEMONE ARTIFICIAL FLOWER,407,383.03000000000003,16,25.4375,192,2016.0,178.0625,Healthy
84803A,PINK ALLIUM  ARTIFICIAL FLOWER,109,184.21,16,6.8125,12,126.0,47.6875,Healthy
84803B,WHITE ALLIUM  ARTIFICIAL FLOWER,25,42.25,7,3.5714285714285716,12,126.0,25.0,Healthy
84804A,CREAM DELPHINIUM ARTIFICIAL FLOWER,148,215.8,10,14.8,96,1008.0,103.60000000000001,Healthy
84804B,BLUE DELPHINIUM ARTIFICIAL FLOWER,256,313.6,13,19.692307692307693,96,1008.0,137.84615384615387,Healthy
84805A,CREAM CLIMBING HYDRANGA ART FLOWER,115,152.85,4,28.75,96,1008.0,201.25,Restock Soon
84805B,BLUE CLIMBING HYDRANGA ART FLOWER,302,498.90000000000003,6,50.333333333333336,96,1008.0,352.33333333333337,Restock Soon
84806A,PINK CANDYSTUFT ARTIFICIAL FLOWER,182,165.01999999999998,9,20.22222222222222,48,504.0,141.55555555555554,Healthy
84806B,WHITE CANDYSTUFT ARTIFICIAL FLOWER,142,156.45999999999998,12,11.833333333333334,48,504.0,82.83333333333334,Healthy
84807,RED POPPY ARTIFICIAL FLOWER,233,215.93,7,33.285714285714285,171,1795.5,233.0,Healthy
84809A,WHITE CHRYSANTHEMUMS ART FLOWER,233,384.53999999999996,15,15.533333333333333,72,756.0,108.73333333333333,Healthy
84809B,PINK CHRYSANTHEMUMS ART FLOWER,278,313.8,7,39.714285714285715,144,1512.0,278.0,Healthy
84813,SET OF 4 DIAMOND NAPKIN RINGS,260,1970.71,63,4.126984126984127,48,504.0,28.888888888888893,Healthy
84814A,HEXAGONAL CRYSTAL PERFUME BOTTLE,1,1.95,1,1.0,1,10.5,7.0,Restock Soon
84814B,RHOMBUS CRYSTAL PERFUME BOTTLE,7,13.65,3,2.3333333333333335,4,42.0,16.333333333333336,Restock Soon
84815,SET OF 3 DANISH ROSE PLANTERS,926,1183.8200000000002,53,17.471698113207548,808,8484.0,122.30188679245283,Healthy
84816,DANISH ROSE BEDSIDE CABINET,20,759.0,10,2.0,4,42.0,14.0,Healthy
84817,DANISH ROSE DECORATIVE PLATE,108,226.8,24,4.5,12,126.0,31.5,Healthy
84818,DANISH ROSE PHOTO FRAME,366,923.99,116,3.1551724137931036,24,252.0,22.086206896551726,Healthy
84819,DANISH ROSE ROUND SEWING BOX,102,437.72,35,2.914285714285714,6,63.0,20.4,Healthy
84820,DANISH ROSE TRINKET TRAYS,64,416.32,23,2.782608695652174,10,105.0,19.47826086956522,Healthy
84821,DANISH ROSE DELUXE COASTER,383,335.34999999999997,34,11.264705882352942,36,378.0,78.8529411764706,Healthy
84823,DANISH ROSE FOLDING CHAIR,8,319.6,4,2.0,4,42.0,14.0,Restock Soon
84824,DANISH ROSE UMBRELLA STAND,36,644.55,30,1.2,4,42.0,8.4,Healthy
84826,ASSTD DESIGN 3D PAPER STICKERS,632,530.7,21,30.095238095238095,60,630.0,210.66666666666666,Healthy
84827,ASS DES PHONE SPONGE CRAFT STICKER,580,377.0,18,32.22222222222222,60,630.0,225.55555555555554,Healthy
84828,JUNGLE POPSICLES ICE LOLLY HOLDERS,1417,1810.19,178,7.96067415730337,48,504.0,55.72471910112359,Overstock
84830,LARGE ENGLISH ARBORETUM,113,1195.15,7,16.142857142857142,100,1050.0,113.0,Healthy
84832,ZINC WILLIE WINKIE  CANDLE STICK,3950,3516.2799999999997,377,10.561497326203208,96,1008.0,73.93048128342245,Overstock
84836,ZINC METAL HEART DECORATION,14120,17145.1,902,15.723830734966592,432,4536.0,110.06681514476614,Overstock
84837,WHITE SWEETHEARTS CABINET 4 DRAWERS,251,3210.04,143,1.7552447552447552,18,189.0,12.286713286713287,Healthy
84838,ANT WHITE HIGH RISE BIRD BOX,50,312.5,4,12.5,45,472.5,87.5,Restock Soon
84839,SWEETHEART KEY CABINET,1523,8747.05,393,3.885204081632653,200,2100.0,27.19642857142857,Healthy
84840,SWEETHEART CARRY-ALL BASKET,279,2405.32,137,2.0364963503649633,8,84.0,14.255474452554743,Overstock
84842,HELLO SAILOR BATHROOM SET,1491,691.65,26,57.34615384615385,720,7560.0,401.4230769230769,Healthy
84843,WHITE SOAP RACK WITH 2 BOTTLES,110,773.16,63,1.746031746031746,6,63.0,12.222222222222221,Healthy
84845A,HOLLYHOCK SQUARE HANDY TIN,1,1.25,1,1.0,1,10.5,7.0,Restock Soon
84845C,CARNATION SQUARE HANDY TIN,42,52.5,14,3.0,6,63.0,21.0,Healthy
84845D,GERANIUM SQUARE HANDY TIN,41,51.25,11,3.727272727272727,12,126.0,26.09090909090909,Healthy
84846A,SCENTED CANDLE IN DIGITALIS TIN,207,470.93,44,4.704545454545454,12,126.0,32.93181818181818,Healthy
84847,FLORAL BATHROOM SET,2310,1074.73,38,60.78947368421053,1116,11718.0,425.5263157894737,Healthy
84849A,HELLO SAILOR BLUE SOAP HOLDER,303,511.2,52,5.826923076923077,96,1008.0,40.78846153846153,Healthy
84849B,FAIRY SOAP SOAP HOLDER,1706,2831.16,224,7.616071428571429,96,1008.0,53.3125,Healthy
84849D,HOT BATHS SOAP HOLDER,1078,1782.93,149,7.23489932885906,144,1512.0,50.644295302013425,Healthy
84854,GIRLY PINK TOOL SET,381,2079.4700000000003,110,3.4954128440366974,24,252.0,24.467889908256883,Healthy
84855,BLOKEY SILVER TOOL SET,36,196.70000000000002,15,2.4,9,94.5,16.8,Healthy
84856L,LARGE TAHITI BEACH BAG,237,1486.33,80,2.9625,30,315.0,20.7375,Healthy
84856S,SMALL TAHITI BEACH BAG,463,1858.61,32,14.46875,192,2016.0,101.28125,Healthy
84857A,SILVER MONTE CARLO HANDBAG,8,68.0,3,2.6666666666666665,5,52.5,18.666666666666664,Restock Soon
84857C,PINK MONTE CARLO HANDBAG,99,212.7,7,14.142857142857142,48,504.0,99.0,Healthy
84858A,NATURAL RIVIERA HANDBAG,53,128.83,8,6.625,41,430.5,46.375,Healthy
84858B,BLUE RIVIERA HANDBAG,326,431.0,9,36.22222222222222,141,1480.5,253.55555555555554,Healthy
84858C,PINK RIVIERA HANDBAG,161,349.39,24,6.708333333333333,60,630.0,46.95833333333333,Healthy
84859A,SILVER DISCO HANDBAG,164,340.54,23,7.130434782608695,50,525.0,49.91304347826087,Healthy
84859B,BLUE DISCO HANDBAG,251,368.65,7,35.857142857142854,200,2100.0,250.99999999999997,Healthy
84859C,PINK DISCO HANDBAG,220,372.2,17,12.941176470588236,100,1050.0,90.58823529411765,Healthy
84864A,PINK PAISLEY PHOTO ALBUM,7,67.71000000000001,4,1.75,3,31.5,12.25,Restock Soon
84865,NEW BAROQUE BLACK PHOTO ALBUM,54,535.69,38,1.4210526315789473,6,63.0,9.947368421052632,Healthy
84867A,PINK BABY GIRLS PHOTO ALBUM,16,105.82000000000001,4,4.0,12,126.0,28.0,Restock Soon
84867a,PINK BABY GIRLS PHOTO ALBUM,1,13.57,1,1.0,1,10.5,7.0,Restock Soon
84867b,BLUE BABY BOY'S PHOTO ALBUM,2,27.14,1,2.0,2,21.0,14.0,Restock Soon
84868A,PINK BABY GIRL'S MEMORY BOX,2,13.9,2,1.0,1,10.5,7.0,Restock Soon
84868B,BLUE BABY BOY'S MEMORY BOX,5,34.75,4,1.25,2,21.0,8.75,Restock Soon
84869,CANDY BUTTON PHOTO ALBUM,302,703.54,26,11.615384615384615,96,1008.0,81.3076923076923,Healthy
84870B,BLUE GEISHA GIRL ,52,199.03,18,2.888888888888889,11,115.5,20.22222222222222,Healthy
84870C,GREEN GEISHA GIRL ,53,206.81,16,3.3125,11,115.5,23.1875,Healthy
84872A,TEATIME FUNKY FLOWER BACKPACK FOR 2,137,1533.46,70,1.957142857142857,8,84.0,13.7,Healthy
84872a,TEATIME FUNKY FLOWER BACKPACK FOR 2,38,420.44,29,1.3571428571428572,3,31.5,9.5,Healthy
84873A,FUNKY FLOWER PICNIC BAG FOR 4,30,360.25,14,2.142857142857143,10,105.0,15.0,Healthy
84873a,FUNKY FLOWER PICNIC BAG FOR 4,88,973.36,59,1.7959183673469388,5,52.5,12.571428571428571,Healthy
84874B,BLUE TRAVEL FIRST AID KIT,46,75.89999999999999,23,2.0,5,52.5,14.0,Healthy
84875A,PINK SQUARE COMPACT MIRROR,16,60.0,12,1.3333333333333333,3,31.5,9.333333333333332,Healthy
84875B,GREEN SQUARE COMPACT MIRROR,246,322.5,21,11.714285714285714,24,252.0,82.0,Healthy
84875D,BLUE SQUARE COMPACT MIRROR,320,420.0,29,11.03448275862069,24,252.0,77.24137931034483,Healthy
84876B,GREEN HEART COMPACT MIRROR,126,172.5,7,18.0,48,504.0,126.0,Healthy
84876C,SILVER HEART COMPACT MIRROR,7,26.25,4,1.75,4,42.0,12.25,Restock Soon
84876D,BLUE HEART COMPACT MIRROR,207,398.02,20,10.35,36,378.0,72.45,Healthy
84877A,PINK ROUND COMPACT MIRROR,34,127.5,13,2.6153846153846154,12,126.0,18.307692307692307,Healthy
84877B,GREEN ROUND COMPACT MIRROR,147,293.87,22,6.681818181818182,26,273.0,46.77272727272727,Healthy
84877D,BLUE ROUND COMPACT MIRROR,70,243.03,28,2.5,26,273.0,17.5,Healthy
84879,ASSORTED COLOUR BIRD ORNAMENT,45228,72890.19,1412,32.21367521367522,2880,30240.0,225.4957264957265,Healthy
84880,WHITE WIRE EGG HOLDER,1490,8262.52,305,4.885245901639344,200,2100.0,34.19672131147541,Healthy
84881,BLUE WIRE SPIRAL CANDLE HOLDER,42,273.07,19,2.210526315789474,4,42.0,15.473684210526317,Healthy
84882,GREEN WIRE STANDING CANDLE HOLDER,28,132.09,18,1.5555555555555556,4,42.0,10.88888888888889,Healthy
84884A,ANT WHITE WIRE HEART SPIRAL,1421,5110.71,237,6.021186440677966,300,3150.0,42.148305084745765,Healthy
84884a,ANT WHITE WIRE HEART SPIRAL,18,152.46,13,1.3846153846153846,4,42.0,9.692307692307692,Healthy
84886,BLUE METAL WALL SHELF,12,119.39999999999999,9,1.3333333333333333,2,21.0,9.333333333333332,Healthy
84891B,GREEN WIRE GOBLET CANDLEHOLDER,11,87.45,6,1.8333333333333333,4,42.0,12.833333333333332,Restock Soon
84893,ANT WHITE IRON BASKET,33,186.35000000000002,15,2.2,10,105.0,15.400000000000002,Healthy
84898F,YELLOW FLOWERS FELT HANDBAG KIT,126,268.82,37,3.4054054054054053,12,126.0,23.83783783783784,Healthy
84899E,YELLOW + BROWN BEAR FELT PURSE KIT,39,52.65,15,2.6,12,126.0,18.2,Healthy
84899E,YELLOW BROWN BEAR FELT PURSE KIT,14,21.28,6,2.3333333333333335,7,73.5,16.333333333333336,Restock Soon
84899F,YELLOW PURPLE DAISY FELT PURSE KIT,121,192.17,53,2.2830188679245285,14,147.0,15.981132075471699,Healthy
84901,BLACK FACE LAMB WITH PANTS,123,471.13,74,1.662162162162162,6,63.0,11.635135135135135,Healthy
84902,PINK KNITTED COW STUFFED TOY,84,326.33,53,1.5849056603773586,6,63.0,11.09433962264151,Healthy
84905,PINK BUTTERFLY C/COVER ,10,70.82,6,1.6666666666666667,4,42.0,11.666666666666668,Restock Soon
84905,PINK BUTTERFLY CUSHION COVER ,224,763.61,79,2.8354430379746836,24,252.0,19.848101265822784,Healthy
84906,PINK B'FLY C/COVER W BOBBLES,32,190.4,10,3.2,9,94.5,22.400000000000002,Healthy
84907,PINK YELLOW PATCH CUSHION COVER,354,735.9000000000001,8,44.25,150,1575.0,309.75,Healthy
84907,PINK/YELLOW PATCH CUSHION COVER,8,82.34,5,1.6,4,42.0,11.200000000000001,Restock Soon
84908A,PINK 5 PATCH FLOWER CUSHION COVER ,432,1045.16,36,12.0,120,1260.0,84.0,Healthy
84908B,BLUE 5 PATCH FLOWER CUSHION COVER,435,1052.29,35,12.428571428571429,120,1260.0,87.0,Healthy
84909A,PINK PAISLEY QUILT ,209,2797.55,30,6.966666666666667,68,714.0,48.766666666666666,Healthy
84910A,PINK PAISLEY CUSHION COVER ,408,1050.15,37,11.027027027027026,300,3150.0,77.18918918918918,Healthy
84912A,PINK ROSE WASHBAG,941,2447.07,160,5.88125,600,6300.0,41.168749999999996,Healthy
84912B,GREEN ROSE WASHBAG,822,2008.55,107,7.682242990654205,600,6300.0,53.77570093457944,Healthy
84912a,PINK ROSE WASHBAG,2,15.56,1,2.0,2,21.0,14.0,Restock Soon
84913A,SOFT PINK ROSE TOWEL ,356,1334.43,150,2.3733333333333335,12,126.0,16.613333333333333,Overstock
84913B,MINT GREEN ROSE TOWEL,246,918.3,124,1.9838709677419355,10,105.0,13.887096774193548,Overstock
84914A,PINK ROSE PICNIC RUG,6,155.7,5,1.2,2,21.0,8.4,Restock Soon
84915,HAND TOWEL PINK FLOWER AND DAISY,24,135.5,18,1.3333333333333333,2,21.0,9.333333333333332,Healthy
84916,HAND TOWEL PALE BLUE W FLOWERS,44,223.52,34,1.2941176470588236,2,21.0,9.058823529411764,Overstock
84917,WHITE HAND TOWEL WITH BUTTERFLY,48,232.35999999999999,29,1.6551724137931034,10,105.0,11.586206896551724,Healthy
84918,CREAM C/COVER W YELLOW/GREEN FLOWER,10,69.5,3,3.3333333333333335,4,42.0,23.333333333333336,Restock Soon
84918,CREAM CUSHION COVER WITH FLOWERS,198,925.62,60,3.3559322033898304,48,504.0,23.491525423728813,Healthy
84919,BLUE CUSHION COVER WITH FLOWER,225,1163.75,10,22.5,160,1680.0,157.5,Healthy
84919,L BLUE C/COVER W PINK/YELLOW FLOWER,8,74.31,4,2.0,4,42.0,14.0,Restock Soon
84920,PINK FLOWER FABRIC PONY,91,377.9,42,2.1666666666666665,4,42.0,15.166666666666666,Overstock
84921,CREAM AND PINK FLOWERS PONY ,17,63.75,10,1.7,3,31.5,11.9,Healthy
84922,PINK BUTTERFLY WASHBAG,333,765.93,11,30.272727272727273,300,3150.0,211.9090909090909,Healthy
84923,PINK BUTTERFLY HANDBAG W BOBBLES,85,400.75,60,1.4166666666666667,4,42.0,9.916666666666668,Overstock
84924A,WAKE UP COCKEREL CALENDAR SIGN ,58,244.91,32,1.8125,4,42.0,12.6875,Healthy
84924D,LA PALMIERA METAL SIGN CALENDAR,764,272.61,15,50.93333333333333,372,3906.0,356.5333333333333,Healthy
84924F,PSYCHEDELIC METAL SIGN CALENDAR,965,266.65,7,137.85714285714286,480,5040.0,965.0,Healthy
84925A,WAKE UP COCKEREL WALL THERMOMETER,179,339.29,17,10.529411764705882,144,1512.0,73.70588235294117,Healthy
84925C,FAIRY CAKES  WALL THERMOMETER,28,71.39999999999999,10,2.8,8,84.0,19.599999999999998,Healthy
84925D,LA PALMIERA WALL THERMOMETER,438,641.75,17,25.764705882352942,271,2845.5,180.3529411764706,Healthy
84925E,FLOWERS WALL THERMOMETER,75,130.05,3,25.0,72,756.0,175.0,Restock Soon
84925F,PSYCHEDELIC WALL THERMOMETER,636,765.73,21,30.285714285714285,240,2520.0,212.0,Healthy
84926A,WAKE UP COCKEREL TILE COASTER,69,95.07,19,3.6315789473684212,24,252.0,25.42105263157895,Healthy
84926B,SCOTTS ROSES TILE COASTER,54,67.5,10,5.4,24,252.0,37.800000000000004,Healthy
84926C,FAIRY CAKES TILE COASTER,138,189.6,31,4.451612903225806,12,126.0,31.16129032258064,Healthy
84926D,LA PALMIERA TILE COASTER,68,93.82,14,4.857142857142857,24,252.0,34.0,Healthy
84926E,FLOWERS TILE COASTER,113,143.76999999999998,13,8.692307692307692,34,357.0,60.84615384615384,Healthy
84926F,PSYCHEDELIC TILE COASTER,54,82.68,14,3.857142857142857,12,126.0,27.0,Healthy
84927A,WAKE UP COCKEREL TILE HOOK,177,91.37,16,11.0625,72,756.0,77.4375,Healthy
84927D,LA PALMIERA TILE HOOK,907,163.64,15,60.46666666666667,432,4536.0,423.26666666666665,Healthy
84927E,FLOWERS TILE HOOK,435,144.15,16,27.1875,192,2016.0,190.3125,Healthy
84927F,PSYCHEDELIC TILE HOOK,37,94.58,19,1.9473684210526316,6,63.0,13.631578947368421,Healthy
84929,ASSTD FRUIT+FLOWERS FRIDGE MAGNETS,684,369.96,28,24.428571428571427,120,1260.0,171.0,Healthy
84931A,PINK SCOTTIE DOG W FLOWER PATTERN,71,196.25,31,2.2903225806451615,6,63.0,16.03225806451613,Healthy
84931B,BLUE SCOTTIE DOG W FLOWER PATTERN,97,264.65,34,2.8529411764705883,6,63.0,19.97058823529412,Healthy
84932A,SMALL GREEN PEONY FOLDING STOOL,262,602.6,24,10.916666666666666,80,840.0,76.41666666666666,Healthy
84932B,SMALL PINK PEONY FOLDING STOOL,189,401.3,17,11.117647058823529,80,840.0,77.8235294117647,Healthy
84932C,SMALL ORIENTAL BLUE FOLDING STOOL,282,615.4,34,8.294117647058824,32,336.0,58.05882352941177,Healthy
84932D,SMALL ORIENTAL RED FOLDING STOOL,239,574.71,21,11.380952380952381,80,840.0,79.66666666666667,Healthy
84933A,LARGE GREEN PEONY FOLDING STOOL,131,314.34999999999997,6,21.833333333333332,96,1008.0,152.83333333333331,Restock Soon
84933B,LARGE PINK PEONY FOLDING STOOL,136,309.15,6,22.666666666666668,96,1008.0,158.66666666666669,Restock Soon
84933C,LARGE BLUE ORIENTAL FOLDING STOOL,136,317.0,6,22.666666666666668,90,945.0,158.66666666666669,Restock Soon
84934,ASSTD DESIGN POP ART SLIM PEN,687,586.5,13,52.84615384615385,240,2520.0,369.9230769230769,Healthy
84937,KASHMIR FOLKART TUMBLERS,2542,5394.54,124,20.5,498,5229.0,143.5,Healthy
84942,KASHMIR FOLKART HEART DISHES,3,5.07,3,1.0,1,10.5,7.0,Restock Soon
84944,SET OF 6 KASHMIR FOLKART BAUBLES,444,2114.37,118,3.76271186440678,24,252.0,26.33898305084746,Healthy
84945,MULTI COLOUR SILVER T-LIGHT HOLDER,12092,9852.12,332,36.42168674698795,576,6048.0,254.95180722891567,Healthy
84946,ANTIQUE SILVER TEA GLASS ETCHED,18710,25305.09,907,20.76581576026637,504,5292.0,145.3607103218646,Overstock
84947,ANTIQUE SILVER TEA GLASS ENGRAVED,7413,8825.77,349,21.240687679083095,288,3024.0,148.68481375358166,Overstock
84948,SILVER HANGING T-LIGHT HOLDER DOME,273,459.21000000000004,36,7.583333333333333,24,252.0,53.08333333333333,Healthy
84949,SILVER HANGING T-LIGHT HOLDER,7443,11856.72,422,17.679334916864608,288,3024.0,123.75534441805226,Overstock
84950,ASSORTED COLOUR T-LIGHT HOLDER,4300,2954.82,160,26.875,1824,19152.0,188.125,Healthy
84951A,S/4 PISTACHIO LOVEBIRD COASTERS,106,166.1,24,4.416666666666667,60,630.0,30.916666666666668,Healthy
84951A,SET OF 4 PISTACHIO LOVEBIRD COASTER,41,129.65,18,2.2777777777777777,6,63.0,15.944444444444443,Healthy
84951B,S/4 BLACK LOVEBIRD COASTERS,88,171.60999999999999,28,3.259259259259259,11,115.5,22.814814814814813,Healthy
84951B,SET OF 4 BLACK LOVEBIRD COASTERS,26,76.34,10,2.6,6,63.0,18.2,Healthy
84951b,S/4 BLACK LOVEBIRD COASTERS,9,46.2,4,2.25,5,52.5,15.75,Restock Soon
84951b,SET OF 4 BLACK LOVEBIRD COASTERS,1,5.06,1,1.0,1,10.5,7.0,Restock Soon
84952A,CLEAR LOVE BIRD T-LIGHT HOLDER,75,203.18,15,5.0,24,252.0,35.0,Healthy
84952B,BLACK LOVE BIRD T-LIGHT HOLDER,241,369.59999999999997,19,12.68421052631579,96,1008.0,88.78947368421052,Healthy
84952C,MIRROR LOVE BIRD T-LIGHT HOLDER,269,510.13,34,7.911764705882353,96,1008.0,55.38235294117647,Healthy
84962,SET/3 COLOUR PAINTED KASHMIRI STOOL,3,179.85000000000002,2,1.5,2,21.0,10.5,Restock Soon
84963A,PINK PAINTED KASHMIRI CHAIR,23,763.35,9,2.5555555555555554,8,84.0,17.888888888888886,Healthy
84963B,BLUE PAINTED KASHMIRI CHAIR,15,441.65000000000003,5,3.0,8,84.0,21.0,Restock Soon
84964A,PINK PAINTED KASHMIRI TABLE,11,630.0,2,5.5,10,105.0,38.5,Restock Soon
84964B,BLUE PAINTED KASHMIRI TABLE ,17,990.0,2,8.5,16,168.0,59.5,Restock Soon
84965A,PINK KASHMIRI COFFEE TABLE ,20,1050.0,3,6.666666666666667,15,157.5,46.66666666666667,Restock Soon
84965B,BLUE KASHMIRI COFFEE TABLE ,27,1359.95,4,6.75,15,157.5,47.25,Restock Soon
84966A,PINK KASHMIRI BOXED MIRROR,13,225.95,4,3.25,8,84.0,22.75,Restock Soon
84966B,BLUE KASHMIRI BOXED MIRROR,33,428.0,4,8.25,17,178.5,57.75,Restock Soon
84966C,GREEN KASHMIRI BOXED MIRROR,23,276.0,2,11.5,19,199.5,80.5,Restock Soon
84967A,PINK KASHMIRI OCCASIONAL TABLE,3,174.9,3,1.0,1,10.5,7.0,Restock Soon
84967B,BLUE KASHMIRI OCCASIONAL TABLE,24,1249.45,11,2.1818181818181817,6,63.0,15.272727272727272,Healthy
84967C,GREEN KASHMIRI OCCASIONAL TABLE,9,419.85,4,2.25,6,63.0,15.75,Restock Soon
84968A,S/16 VINTAGE ROSE CUTLERY,190,2511.24,85,2.261904761904762,24,252.0,15.833333333333332,Healthy
84968A,SET OF 16 VINTAGE ROSE CUTLERY,76,938.54,24,3.1666666666666665,24,252.0,22.166666666666664,Healthy
84968B,S/16 VINTAGE IVORY CUTLERY,423,5617.66,130,3.2790697674418605,31,325.5,22.953488372093023,Healthy
84968B,SET OF 16 VINTAGE IVORY CUTLERY,3,38.25,3,1.0,1,10.5,7.0,Restock Soon
84968C,S/16 VINTAGE PISTACHIO CUTLERY,262,3177.2999999999997,58,4.517241379310345,96,1008.0,31.620689655172416,Healthy
84968C,SET OF 16 VINTAGE PISTACHIO CUTLERY,65,967.9499999999999,33,1.9696969696969697,11,115.5,13.787878787878789,Healthy
84968D,S/16 VINTAGE RED CUTLERY,287,3349.7599999999998,38,7.552631578947368,96,1008.0,52.868421052631575,Healthy
84968D,SET OF 16 VINTAGE RED CUTLERY,30,407.98,15,2.0,10,105.0,14.0,Healthy
84968E,S/16 VINTAGE BLACK CUTLERY,225,2585.45,40,5.625,72,756.0,39.375,Healthy
84968E,SET OF 16 VINTAGE BLACK CUTLERY,30,382.5,14,2.142857142857143,6,63.0,15.0,Healthy
84968F,S/16 VINTAGE SKY BLUE CUTLERY,84,1092.42,51,1.6470588235294117,6,63.0,11.529411764705882,Healthy
84968F,SET OF 16 VINTAGE SKY BLUE CUTLERY,40,624.66,18,2.2222222222222223,10,105.0,15.555555555555557,Healthy
84968a,S/16 VINTAGE ROSE CUTLERY,1,25.49,1,1.0,1,10.5,7.0,Restock Soon
84968a,SET OF 16 VINTAGE ROSE CUTLERY,1,25.49,1,1.0,1,10.5,7.0,Restock Soon
84968b,S/16 VINTAGE IVORY CUTLERY,1,25.49,1,1.0,1,10.5,7.0,Restock Soon
84968b,SET OF 16 VINTAGE IVORY CUTLERY,1,25.49,1,1.0,1,10.5,7.0,Restock Soon
84968d,S/16 VINTAGE RED CUTLERY,1,25.49,1,1.0,1,10.5,7.0,Restock Soon
84968e,S/16 VINTAGE BLACK CUTLERY,4,101.96,4,1.0,1,10.5,7.0,Restock Soon
84968e,SET OF 16 VINTAGE BLACK CUTLERY,5,127.44999999999999,4,1.25,2,21.0,8.75,Restock Soon
84968f,SET OF 16 VINTAGE SKY BLUE CUTLERY,1,25.49,1,1.0,1,10.5,7.0,Restock Soon
84969,ASSORTED COLOUR SET 6 TEASPOONS,268,1232.02,86,3.116279069767442,12,126.0,21.813953488372093,Overstock
84969,BOX OF 6 ASSORTED COLOUR TEASPOONS,172,823.84,56,3.0714285714285716,12,126.0,21.5,Healthy
84970L,SINGLE HEART ZINC T-LIGHT HOLDER,11497,10947.970000000001,643,17.9640625,288,3024.0,125.74843750000001,Overstock
84970S,HANGING HEART ZINC T-LIGHT HOLDER,17877,14407.07,908,19.7317880794702,288,3024.0,138.1225165562914,Overstock
84970l,SINGLE HEART ZINC T-LIGHT HOLDER,46,97.98,21,2.1904761904761907,10,105.0,15.333333333333336,Healthy
84970s,HANGING HEART ZINC T-LIGHT HOLDER,149,317.37,37,4.138888888888889,18,189.0,28.972222222222225,Healthy
84971L,LARGE HEART FLOWERS HOOK   ,585,723.51,58,10.086206896551724,144,1512.0,70.60344827586206,Healthy
84971S,SMALL HEART FLOWERS HOOK ,4826,4045.0699999999997,296,16.304054054054053,288,3024.0,114.12837837837837,Healthy
84971s,SMALL HEART FLOWERS HOOK ,6,9.959999999999999,3,2.0,4,42.0,14.0,Restock Soon
84972L,GIANT PINK HEART MEMO HOLDER,117,462.15000000000003,46,2.5434782608695654,8,84.0,17.804347826086957,Healthy
84974,S/2 ZINC HEART DESIGN PLANTERS,50,491.5,29,1.7241379310344827,6,63.0,12.068965517241379,Healthy
84975,HEART SHAPED MIRROR,1990,3266.4,212,9.38679245283019,144,1512.0,65.70754716981132,Healthy
84976,RECTANGULAR SHAPED MIRROR,163,279.97,20,8.15,72,756.0,57.050000000000004,Healthy
84977,WIRE FLOWER T-LIGHT HOLDER,222,280.08,43,5.162790697674419,18,189.0,36.139534883720934,Healthy
84978,HANGING HEART JAR T-LIGHT HOLDER,9326,12176.039999999999,707,13.209631728045325,216,2268.0,92.46742209631728,Overstock
84984A,GREEN PEONY CUSHION COVER,236,315.4,6,39.333333333333336,120,1260.0,275.33333333333337,Restock Soon
84984A,GREEN PEONY DES C/COVER,11,58.370000000000005,5,2.2,4,42.0,15.400000000000002,Restock Soon
84984B,RED PEONY CUSHION COVER ,292,401.8,5,58.4,180,1890.0,408.8,Restock Soon
84984B,RED PEONY DES C/COVER ,13,60.45,6,2.1666666666666665,4,42.0,15.166666666666666,Restock Soon
84984C,ORIENTAL BLUE C/COVER ,13,89.59,8,1.625,2,21.0,11.375,Healthy
84984C,ORIENTAL BLUE CUSHION COVER ,219,311.57,8,27.375,100,1050.0,191.625,Healthy
84984D,ORIENTAL RED C/COVER ,27,165.11,11,2.4545454545454546,12,126.0,17.181818181818183,Healthy
84984D,ORIENTAL RED CUSHION COVER ,119,179.35,6,19.833333333333332,100,1050.0,138.83333333333331,Restock Soon
84985A,SET OF 72 GREEN PAPER DOILIES,611,970.28,140,4.364285714285714,48,504.0,30.549999999999997,Healthy
84985B,SET OF 72 BLACK PAPER DOILIES ,128,194.95999999999998,24,5.333333333333333,24,252.0,37.33333333333333,Healthy
84985a,SET OF 72 GREEN PAPER DOILIES,10,29.8,8,1.25,2,21.0,8.75,Healthy
84985b,SET OF 72 BLACK PAPER DOILIES ,1,2.98,1,1.0,1,10.5,7.0,Restock Soon
84986B,SET OF 36 SILVER PAPER DOILIES,432,639.06,75,5.76,24,252.0,40.32,Healthy
84986b,SET OF 36 SILVER PAPER DOILIES,6,17.88,5,1.2,2,21.0,8.4,Restock Soon
84987,SET OF 36 TEATIME PAPER DOILIES,5099,7419.73,487,10.470225872689939,288,3024.0,73.29158110882958,Healthy
84988,SET OF 72 PINK HEART PAPER DOILIES,4082,6387.95,522,7.85,96,1008.0,54.949999999999996,Overstock
84989A,75 GREEN FAIRY CAKE CASES,2093,1078.57,135,15.503703703703703,720,7560.0,108.52592592592592,Healthy
84989B,75 BLACK FAIRY CAKE CASES,1009,510.15,57,17.70175438596491,120,1260.0,123.91228070175438,Healthy
84989a,75 GREEN FAIRY CAKE CASES,33,65.19,17,1.9411764705882353,5,52.5,13.588235294117647,Healthy
84989b,75 BLACK FAIRY CAKE CASES,10,12.8,6,1.6666666666666667,3,31.5,11.666666666666668,Restock Soon
84990,60 GOLD AND SILVER FAIRY CAKE CASES,4246,2061.09,191,22.230366492146597,840,8820.0,155.61256544502618,Healthy
84991,60 TEATIME FAIRY CAKE CASES,36348,18151.399999999998,1336,27.391107761868877,1200,12600.0,191.73775433308214,Overstock
84992,72 SWEETHEART FAIRY CAKE CASES,21790,10907.43,871,25.04597701149425,1680,17640.0,175.32183908045977,Healthy
84993A,75 GREEN PETIT FOUR CASES,1155,501.1,125,9.24,48,504.0,64.68,Overstock
84993B,75 BLACK PETIT FOUR CASES,506,224.76,70,7.228571428571429,48,504.0,50.6,Healthy
84993a,75 GREEN PETIT FOUR CASES,19,16.15,11,1.7272727272727273,5,52.5,12.090909090909092,Healthy
84993b,75 BLACK PETIT FOUR CASES,20,16.99,13,1.6666666666666667,4,42.0,11.666666666666668,Healthy
84997A,GREEN 3 PIECE MINI DOTS CUTLERY SET,1918,6948.650000000001,238,8.092827004219409,72,756.0,56.64978902953586,Overstock
84997A,GREEN 3 PIECE POLKADOT CUTLERY SET,771,2810.79,108,7.138888888888889,144,1512.0,49.97222222222223,Healthy
84997B,RED 3 PIECE MINI DOTS CUTLERY SET,4205,15324.35,493,8.546747967479675,144,1512.0,59.827235772357724,Overstock
84997B,RED 3 PIECE RETROSPOT CUTLERY SET,959,3579.2400000000002,176,5.448863636363637,72,756.0,38.14204545454545,Healthy
84997C,BLUE 3 PIECE MINI DOTS CUTLERY SET,3970,14438.97,476,8.340336134453782,216,2268.0,58.38235294117648,Healthy
84997C,BLUE 3 PIECE POLKADOT CUTLERY SET,1099,4006.86,153,7.183006535947713,216,2268.0,50.28104575163399,Healthy
84997D,PINK 3 PIECE MINI DOTS CUTLERY SET,4353,15759.53,447,9.782022471910112,216,2268.0,68.47415730337079,Healthy
84997D,PINK 3 PIECE POLKADOT CUTLERY SET,1290,4763.25,187,6.898395721925134,216,2268.0,48.288770053475936,Healthy
84997a,GREEN 3 PIECE MINI DOTS CUTLERY SET,43,357.41,11,3.909090909090909,11,115.5,27.363636363636363,Healthy
84997a,GREEN 3 PIECE POLKADOT CUTLERY SET,29,245.63000000000002,5,5.8,8,84.0,40.6,Restock Soon
84997b,RED 3 PIECE MINI DOTS CUTLERY SET,49,414.18,7,7.0,12,126.0,49.0,Healthy
84997b,RED 3 PIECE RETROSPOT CUTLERY SET,126,1067.22,13,9.692307692307692,24,252.0,67.84615384615384,Healthy
84997c,BLUE 3 PIECE MINI DOTS CUTLERY SET,3,25.410000000000004,2,1.5,2,21.0,10.5,Restock Soon
84997c,BLUE 3 PIECE POLKADOT CUTLERY SET,69,584.4300000000001,12,5.75,16,168.0,40.25,Healthy
84997d,PINK 3 PIECE MINI DOTS CUTLERY SET,1,7.62,1,1.0,1,10.5,7.0,Restock Soon
84997d,PINK 3 PIECE POLKADOT CUTLERY SET,70,592.9000000000001,10,7.0,10,105.0,49.0,Healthy
85006,SET 4 NURSERY DES ROUND BOXES,2994,1232.06,28,106.92857142857143,1440,15120.0,748.5,Healthy
85007,SET OF 3 VINTAGE TEA TIME BOXES,143,399.62,21,6.809523809523809,18,189.0,47.666666666666664,Healthy
85008,SET OF 3 CONEY ISLAND OVAL BOXES,260,1017.62,93,2.795698924731183,32,336.0,19.56989247311828,Healthy
85014A,BLACK/BLUE DOTS RUFFLED UMBRELLA,2967,12363.970000000001,302,9.824503311258278,576,6048.0,68.77152317880794,Healthy
85014A,BLACK/BLUE POLKADOT UMBRELLA,530,2981.81,121,4.380165289256198,144,1512.0,30.66115702479339,Healthy
85014B,RED RETROSPOT UMBRELLA,830,4735.75,151,5.533333333333333,288,3024.0,38.733333333333334,Healthy
85014B,RED/WHITE DOTS RUFFLED UMBRELLA,3456,15400.28,416,8.327710843373493,576,6048.0,58.29397590361445,Healthy
85014C,BLUE/BROWN DOTS RUFFLED UMBRELLA,547,2270.73,72,7.597222222222222,192,2016.0,53.18055555555556,Healthy
85014D,PINK/BROWN DOTS RUFFLED UMBRELLA,1918,6664.45,90,21.31111111111111,576,6048.0,149.17777777777778,Healthy
85014a,BLACK/BLUE DOTS RUFFLED UMBRELLA,10,127.2,9,1.1111111111111112,2,21.0,7.777777777777779,Healthy
85014a,BLACK/BLUE POLKADOT UMBRELLA,9,114.48,8,1.125,2,21.0,7.875,Healthy
85014b,RED RETROSPOT UMBRELLA,14,178.08,11,1.5555555555555556,3,31.5,10.88888888888889,Healthy
85014b,RED/WHITE DOTS RUFFLED UMBRELLA,6,76.60000000000001,5,1.2,2,21.0,8.4,Restock Soon
85015,SET OF 12  VINTAGE POSTCARD SET,743,1069.35,118,6.296610169491525,288,3024.0,44.07627118644068,Healthy
85016,SET OF 6 VINTAGE NOTELETS KIT,1125,1496.05,128,8.7890625,288,3024.0,61.5234375,Healthy
85017A,ENVELOPE 50 ROMANTIC IMAGES,1150,786.2199999999999,171,6.7251461988304095,288,3024.0,47.07602339181287,Healthy
85017B,ENVELOPE 50 BLOSSOM IMAGES,1174,807.0999999999999,168,6.988095238095238,288,3024.0,48.916666666666664,Healthy
85017C,ENVELOPE 50 CURIOUS IMAGES,1043,697.75,110,9.481818181818182,288,3024.0,66.37272727272727,Healthy
85018A,S/6 PAPER BOXES ROMANTIC IMAGES,15,63.75,10,1.5,4,42.0,10.5,Healthy
85018B,S/6 PAPER BOXES BLOSSOM IMAGES ,15,63.75,10,1.5,6,63.0,10.5,Healthy
85018C,S/6 PAPER BOXES CURIOUS IMAGES ,36,127.2,4,9.0,30,315.0,63.0,Restock Soon
85018D,YULETIDE IMAGES S/6 PAPER BOXES,784,962.25,77,10.181818181818182,72,756.0,71.27272727272727,Healthy
85019A,ROMANTIC IMAGES NOTEBOOK SET,237,367.69,17,13.941176470588236,144,1512.0,97.58823529411765,Healthy
85019B,BLOSSOM  IMAGES NOTEBOOK SET,206,299.5,11,18.727272727272727,144,1512.0,131.0909090909091,Healthy
85019C,CURIOUS  IMAGES NOTEBOOK SET,244,393.22,15,16.266666666666666,144,1512.0,113.86666666666666,Healthy
85020,ROUND PINK HEART MIRROR,166,369.88,39,4.256410256410256,48,504.0,29.794871794871796,Healthy
85023A,CRYSTAL LARGE JEWELLED PHOTO FRAME,22,56.099999999999994,10,2.2,6,63.0,15.400000000000002,Healthy
85023B,EAU DE NILE JEWELLED PHOTOFRAME,188,447.0,25,7.52,72,756.0,52.64,Healthy
85023C,PINK LARGE JEWELED PHOTOFRAME,23,58.64999999999999,11,2.090909090909091,4,42.0,14.636363636363637,Healthy
85024A,CRYSTAL SMALL JEWELLED PHOTOFRAME,1,1.65,1,1.0,1,10.5,7.0,Restock Soon
85024B,EAU DE NILE JEWELLED PHOTOFRAME,25,41.25,8,3.125,6,63.0,21.875,Healthy
85024C,PINK SMALL JEWELLED PHOTOFRAME,88,145.2,34,2.588235294117647,13,136.5,18.11764705882353,Healthy
85025B,EAU DE NILE HEART SHAPE PHOTO FRAME,242,433.64,58,4.172413793103448,12,126.0,29.20689655172414,Healthy
85025C,PINK HEART SHAPE PHOTO FRAME,407,781.62,91,4.472527472527473,50,525.0,31.307692307692307,Healthy
85026B,EAU DE NILE JEWELLED T-LIGHT HOLDER,231,305.78,19,12.157894736842104,125,1312.5,85.10526315789473,Healthy
85027L,FRENCH CHATEAU LARGE PLATTER ,121,385.95,23,5.260869565217392,24,252.0,36.82608695652174,Healthy
85028L,FRENCH CHATEAU LARGE FRUIT BOWL ,261,634.51,23,11.347826086956522,144,1512.0,79.43478260869566,Healthy
85028S,FRENCH CHATEAU SMALL FRUITBOWL,406,605.22,25,16.24,144,1512.0,113.67999999999999,Healthy
85030,FRENCH CHATEAU OVAL PLATTER,196,502.2,23,8.521739130434783,48,504.0,59.652173913043484,Healthy
85031A,ROMANTIC IMAGES SCRAP BOOK SET,461,897.54,95,4.852631578947369,120,1260.0,33.968421052631584,Healthy
85031B,BLOSSOM IMAGES SCRAP BOOK SET,495,891.14,84,5.892857142857143,120,1260.0,41.25,Healthy
85031C,CURIOUS IMAGES SCRAP BOOK SET,478,1002.63,105,4.552380952380952,120,1260.0,31.866666666666667,Healthy
85032A,ROMANTIC IMAGES GIFT WRAP SET,658,559.62,27,24.37037037037037,144,1512.0,170.59259259259258,Healthy
85032B,BLOSSOM IMAGES GIFT WRAP SET,196,213.35,19,10.31578947368421,144,1512.0,72.21052631578948,Healthy
85032C,CURIOUS IMAGES GIFT WRAP SET,209,240.64999999999998,22,9.5,144,1512.0,66.5,Healthy
85032D,YULETIDE IMAGES GIFT WRAP SET,503,850.14,52,9.673076923076923,144,1512.0,67.71153846153847,Healthy
85033G,SET/6 GOLD REINDEER T-LIGHT CANDLES,236,376.05,32,7.375,48,504.0,51.625,Healthy
85033S,SET/6 SILVER REINDEER T-LIGHTS,258,317.34999999999997,49,5.26530612244898,36,378.0,36.85714285714286,Healthy
85034A,3 GARDENIA MORRIS BOXED CANDLES,358,1495.92,65,5.507692307692308,48,504.0,38.55384615384615,Healthy
85034B,3 WHITE CHOC MORRIS BOXED CANDLES,246,1011.86,34,7.235294117647059,48,504.0,50.64705882352941,Healthy
85034C,3 ROSE MORRIS BOXED CANDLES,192,838.12,43,4.465116279069767,48,504.0,31.25581395348837,Healthy
85035A,GARDENIA 3 WICK MORRIS BOXED CANDLE,383,1630.51,105,3.6476190476190475,44,462.0,25.53333333333333,Healthy
85035B,CHOCOLATE 3 WICK MORRIS BOX CANDLE,377,1531.91,67,5.626865671641791,120,1260.0,39.38805970149254,Healthy
85035C,ROSE 3 WICK MORRIS BOX CANDLE,228,979.88,73,3.1232876712328768,24,252.0,21.863013698630137,Healthy
85035a,GARDENIA 3 WICK MORRIS BOXED CANDLE,2,16.94,2,1.0,1,10.5,7.0,Restock Soon
85035b,CHOCOLATE 3 WICK MORRIS BOX CANDLE,5,42.35,5,1.0,1,10.5,7.0,Restock Soon
85035c,ROSE 3 WICK MORRIS BOX CANDLE,2,16.94,2,1.0,1,10.5,7.0,Restock Soon
85036A,GARDENIA 1 WICK MORRIS BOXED CANDLE,411,1687.61,106,3.8773584905660377,36,378.0,27.141509433962263,Healthy
85036B,CHOCOLATE 1 WICK MORRIS BOX CANDLE,243,974.23,39,6.230769230769231,48,504.0,43.61538461538461,Healthy
85036C,ROSE 1 WICK MORRIS BOXED CANDLE,139,574.91,47,2.9574468085106385,18,189.0,20.70212765957447,Healthy
85036b,CHOCOLATE 1 WICK MORRIS BOX CANDLE,2,16.94,2,1.0,1,10.5,7.0,Restock Soon
85038,6 CHOCOLATE LOVE HEART T-LIGHTS,1836,3869.5800000000004,254,7.256916996047431,72,756.0,50.798418972332016,Overstock
85039A,SET/4 RED MINI ROSE CANDLE IN BOWL,760,677.31,96,7.916666666666667,96,1008.0,55.41666666666667,Healthy
85039B,S/4 IVORY MINI ROSE CANDLE IN BOWL,860,1025.42,100,8.6,96,1008.0,60.199999999999996,Healthy
85039C,S/4 BLACK MINI ROSE CANDLE IN BOWL,240,265.44,53,4.528301886792453,24,252.0,31.69811320754717,Healthy
85039a,SET/4 RED MINI ROSE CANDLE IN BOWL,27,90.72,18,1.588235294117647,5,52.5,11.117647058823529,Healthy
85039b,S/4 IVORY MINI ROSE CANDLE IN BOWL,4,13.44,1,4.0,4,42.0,28.0,Restock Soon
85040A,S/4 PINK FLOWER CANDLES IN BOWL,1179,2039.29,237,4.974683544303797,48,504.0,34.82278481012658,Overstock
85040B,SET/4 BLUE FLOWER CANDLES IN BOWL,2328,3610.83,219,10.63013698630137,192,2016.0,74.41095890410959,Healthy
85040a,S/4 PINK FLOWER CANDLES IN BOWL,19,64.47,13,1.4615384615384615,3,31.5,10.23076923076923,Healthy
85040b,SET/4 BLUE FLOWER CANDLES IN BOWL,7,23.519999999999996,3,2.3333333333333335,4,42.0,16.333333333333336,Restock Soon
85041,SET/4 PINK ORCHID CANDLES IN BOWL,1853,2489.87,92,20.141304347826086,816,8568.0,140.9891304347826,Healthy
85042,ANTIQUE LILY FAIRY LIGHTS,2685,12234.56,292,9.195205479452055,144,1512.0,64.36643835616438,Healthy
85043,RED HEART CANDY POP LIGHTS,1,4.95,1,1.0,1,10.5,7.0,Restock Soon
85044,RED REINDEER STRING OF 20 LIGHTS,149,801.4,40,3.725,25,262.5,26.075,Healthy
85045,GREEN CHRISTMAS TREE STRING 20LIGHT,434,2072.9900000000002,74,5.864864864864865,120,1260.0,41.054054054054056,Healthy
85047,WHITE BEADED GARLAND STRING 20LIGHT,1048,6645.28,234,4.478632478632479,48,504.0,31.350427350427353,Overstock
85048,15CM CHRISTMAS GLASS BALL 20 LIGHTS,1390,10868.59,279,5.0,48,504.0,35.0,Overstock
85049A,TRADITIONAL CHRISTMAS RIBBONS,3327,4508.79,378,8.824933687002652,144,1512.0,61.77453580901856,Overstock
85049B,LUSH GREENS RIBBONS,2078,2593.3,327,6.3938461538461535,144,1512.0,44.75692307692307,Healthy
85049C,ROMANTIC PINKS RIBBONS ,1803,2278.11,284,6.348591549295775,48,504.0,44.440140845070424,Overstock
85049D,BRIGHT BLUES RIBBONS ,1825,2280.47,298,6.124161073825503,144,1512.0,42.86912751677852,Healthy
85049E,SCANDINAVIAN REDS RIBBONS,3651,4950.15,453,8.077433628318584,144,1512.0,56.542035398230084,Overstock
85049F,BABY BOOM RIBBONS ,1755,2185.41,231,7.597402597402597,144,1512.0,53.18181818181818,Healthy
85049G,CHOCOLATE BOX RIBBONS ,2282,2799.46,264,8.643939393939394,144,1512.0,60.507575757575765,Healthy
85049H,URBAN BLACK RIBBONS ,1227,1210.59,154,7.967532467532467,144,1512.0,55.77272727272727,Healthy
85049a,TRADITIONAL CHRISTMAS RIBBONS,255,856.8,17,15.0,55,577.5,105.0,Healthy
85049b,LUSH GREENS RIBBONS,2,5.02,1,2.0,2,21.0,14.0,Restock Soon
85049e,SCANDINAVIAN REDS RIBBONS,188,629.98,21,8.952380952380953,25,262.5,62.66666666666667,Healthy
85049g,CHOCOLATE BOX RIBBONS ,2,5.02,1,2.0,2,21.0,14.0,Restock Soon
85050,FRENCH ENAMEL SOAP DISH WITH LID,48,100.8,1,48.0,48,504.0,336.0,Restock Soon
85053,FRENCH ENAMEL CANDLEHOLDER,344,732.73,65,5.292307692307692,72,756.0,37.04615384615384,Healthy
85054,FRENCH ENAMEL POT W LID,332,1076.2,91,3.6483516483516483,27,283.5,25.538461538461537,Healthy
85055,FRENCH ENAMEL UTENSIL HOLDER,324,1300.6,97,3.3402061855670104,24,252.0,23.381443298969074,Healthy
85059,FRENCH ENAMEL WATER BASIN,291,1130.53,84,3.4642857142857144,24,252.0,24.25,Healthy
85060,WOOD FAN WITH FLOWER DESIGN,1448,1745.62,87,16.64367816091954,240,2520.0,116.50574712643677,Healthy
85061W,WHITE JEWELLED HEART DECORATION,4234,3633.8599999999997,310,13.658064516129032,648,6804.0,95.60645161290323,Healthy
85062,PEARL CRYSTAL PUMPKIN T-LIGHT HLDR,2509,4080.05,189,13.275132275132275,192,2016.0,92.92592592592592,Healthy
85063,CREAM SWEETHEART MAGAZINE RACK,308,5426.74,180,1.711111111111111,7,73.5,11.977777777777778,Overstock
85064,CREAM SWEETHEART LETTER RACK,1570,7328.96,264,5.969581749049429,400,4200.0,41.787072243346,Healthy
85065,CREAM SWEETHEART TRAYS,620,7524.44,256,2.4313725490196076,41,430.5,17.019607843137255,Healthy
85066,CREAM SWEETHEART MINI CHEST,1344,16579.45,424,3.184834123222749,112,1176.0,22.29383886255924,Healthy
85067,CREAM SWEETHEART WALL CABINET,495,8183.04,174,2.8448275862068964,102,1071.0,19.913793103448274,Healthy
85068,CREAM SWEETHEART SHELF + HOOKS,960,6647.24,197,4.873096446700508,204,2142.0,34.111675126903556,Healthy
85069,CREAM SWEETHEART DOUBLE SHELF,3,50.85,1,3.0,3,31.5,21.0,Restock Soon
85070,ANT WHITE SWEETHEART TABLE W 3 DRAW,3,320.0,3,1.0,1,10.5,7.0,Restock Soon
85071A,BLUE CHARLIE+LOLA PERSONAL DOORSIGN,872,850.16,37,23.56756756756757,150,1575.0,164.97297297297297,Healthy
85071B,RED CHARLIE+LOLA PERSONAL DOORSIGN,1146,668.34,41,27.951219512195124,100,1050.0,195.65853658536588,Healthy
85071C,"CHARLIE+LOLA""EXTREMELY BUSY"" SIGN",608,424.53,37,16.43243243243243,288,3024.0,115.02702702702702,Healthy
85071D,CHARLIE+LOLA MY ROOM DOOR SIGN,487,314.67,29,16.79310344827586,288,3024.0,117.55172413793103,Healthy
85072,OCCASIONS GIFT CARD ASSORTMENT,120,66.0,1,120.0,120,1260.0,840.0,Restock Soon
85077,KISSING REINDEER TABLE RUNNER,1,5.95,1,1.0,1,10.5,7.0,Restock Soon
85078,SCANDINAVIAN 3 HEARTS NAPKIN RING,352,382.64,40,8.8,24,252.0,61.60000000000001,Healthy
85079,EMBROIDERED REINDEER DECORATION,23,32.25,8,2.875,5,52.5,20.125,Healthy
85080,PADDED RED HEART DECORATION,113,55.76,22,5.136363636363637,18,189.0,35.95454545454545,Healthy
85081,PADDED HOLLY CHRISTMAS DECORATION ,104,46.17,21,4.9523809523809526,13,136.5,34.66666666666667,Healthy
85083,KISS REINDEER SCANDINAVIAN STOCKING,5,12.749999999999998,2,2.5,3,31.5,17.5,Restock Soon
85084,HOLLY TOP CHRISTMAS STOCKING,662,664.4,77,8.597402597402597,192,2016.0,60.18181818181818,Healthy
85086A,CANDY SPOT HEART DECORATION,441,446.65,102,4.323529411764706,24,252.0,30.26470588235294,Healthy
85087,CANDY SPOT CUSHION COVER,82,271.12,22,3.727272727272727,24,252.0,26.09090909090909,Healthy
85088,CANDY SPOT HAND BAG,88,189.02,27,3.259259259259259,18,189.0,22.814814814814813,Healthy
85089,CANDY SPOT BUNNY,86,279.19,24,3.5833333333333335,12,126.0,25.083333333333336,Healthy
85090,CANDY SPOT APRON,106,559.28,53,2.0,6,63.0,14.0,Healthy
85091,CANDY SPOT BREAD BASKETS,343,548.81,20,17.15,192,2016.0,120.04999999999998,Healthy
85092,CANDY SPOT TEA COSY,364,582.52,22,16.545454545454547,246,2583.0,115.81818181818183,Healthy
85093,CANDY SPOT EGG WARMER HARE,654,618.54,65,10.061538461538461,96,1008.0,70.43076923076923,Healthy
85094,CANDY SPOT EGG WARMER RABBIT,121,121.37,19,6.368421052631579,24,252.0,44.578947368421055,Healthy
85095,THREE CANVAS LUGGAGE TAGS,25,17.55,2,12.5,24,252.0,87.5,Restock Soon
85096,HILDA CANDY SPOT RABBIT,141,582.93,52,2.7115384615384617,12,126.0,18.980769230769234,Healthy
85097B,BLUE ROCKING SINGING CANARY,106,417.17,40,2.65,12,126.0,18.55,Healthy
85098B,BLUE FLYING SINGING CANARY,366,1456.94,114,3.210526315789474,36,378.0,22.47368421052632,Healthy
85099B,JUMBO BAG RED RETROSPOT,30327,54368.82,1222,25.063636363636363,800,8400.0,175.44545454545454,Overstock
85099B,JUMBO BAG RED WHITE SPOTTY ,14060,25043.62,534,26.47834274952919,400,4200.0,185.34839924670433,Overstock
85099B,RED RETROSPOT JUMBO BAG ,5417,9563.89,210,26.169082125603865,400,4200.0,183.18357487922705,Healthy
85099C,JUMBO  BAG BAROQUE BLACK WHITE,17253,32055.82,960,18.103882476390346,300,3150.0,126.72717733473243,Overstock
85099F,JUMBO BAG STRAWBERRY,19835,35887.14,1040,19.164251207729468,400,4200.0,134.14975845410626,Overstock
85099b,JUMBO BAG RED RETROSPOT,419,2111.64,25,20.95,134,1407.0,146.65,Healthy
85099c,JUMBO  BAG BAROQUE BLACK WHITE,17,85.17,10,1.7,7,73.5,11.9,Healthy
85099f,JUMBO BAG STRAWBERRY,167,845.02,17,9.823529411764707,34,357.0,68.76470588235294,Healthy
85103, SILVER T-LIGHT SETTING,43,321.87,17,2.5294117647058822,12,126.0,17.705882352941174,Healthy
85103,SILVER T-LIGHT SETTING,131,907.27,42,3.119047619047619,17,178.5,21.833333333333332,Healthy
85104,SILVER GLASS T-LIGHT SET,158,522.34,40,3.95,48,504.0,27.650000000000002,Healthy
85106,CUT GLASS HEXAGON T-LIGHT HOLDER,553,1176.1299999999999,41,13.487804878048781,130,1365.0,94.41463414634147,Healthy
85107,CUT GLASS T-LIGHT HOLDER OCTAGON,966,1764.0,44,21.954545454545453,276,2898.0,153.6818181818182,Healthy
85109,PINK BOUDOIR T-LIGHT HOLDER,4199,465.23,19,221.0,1872,19656.0,1547.0,Healthy
85110,BLACK SILVER FLOWER T-LIGHT HOLDER,11520,1138.04,23,500.8695652173913,4752,49896.0,3506.086956521739,Healthy
85111,SILVER GLITTER FLOWER VOTIVE HOLDER,1510,531.5600000000001,21,71.9047619047619,864,9072.0,503.33333333333326,Healthy
85112,S/3 TEAR DROP CUT GLASS DECORATION,465,412.77,34,13.676470588235293,288,3024.0,95.73529411764706,Healthy
85113,POLKA DOT PISTACHIO PAIL,285,591.6600000000001,48,5.9375,48,504.0,41.5625,Healthy
85114A,BLACK ENCHANTED FOREST PLACEMAT,761,1236.63,51,14.92156862745098,120,1260.0,104.45098039215686,Healthy
85114B,IVORY ENCHANTED FOREST PLACEMAT,1589,2828.9,153,10.38562091503268,240,2520.0,72.69934640522877,Healthy
85114C,RED ENCHANTED FOREST PLACEMAT,705,1415.56,93,7.580645161290323,60,630.0,53.06451612903226,Healthy
85114a,BLACK ENCHANTED FOREST PLACEMAT,7,23.939999999999998,2,3.5,6,63.0,24.5,Restock Soon
85114b,IVORY ENCHANTED FOREST PLACEMAT,20,67.9,5,4.0,6,63.0,28.0,Restock Soon
85114c,RED ENCHANTED FOREST PLACEMAT,26,88.06,8,3.25,8,84.0,22.75,Healthy
85115B,S/4 BLACK DISCO PARTITION PANEL,3,12.75,1,3.0,3,31.5,21.0,Restock Soon
85116,BLACK CANDELABRA T-LIGHT HOLDER,1099,1374.02,106,10.367924528301886,96,1008.0,72.5754716981132,Healthy
85117,NIGHTINGALE COATHOOK WHITE,347,594.3199999999999,61,5.688524590163935,64,672.0,39.81967213114754,Healthy
85118,HEART T-LIGHT HOLDER,1978,1034.8999999999999,74,26.72972972972973,480,5040.0,187.1081081081081,Healthy
85119,WATERING CAN SINGLE HOOK PISTACHIO,413,567.48,39,10.58974358974359,224,2352.0,74.12820512820512,Healthy
85121B,RETRO LAUNDRY TUB PINK,86,936.74,48,1.7916666666666667,6,63.0,12.541666666666668,Healthy
85121C,RETRO LAUNDRY TUB PISTACHIO,98,918.91,53,1.849056603773585,6,63.0,12.943396226415095,Healthy
85123A,WHITE HANGING HEART T-LIGHT HOLDER,58386,158305.72,3281,17.97045244690674,936,9828.0,125.79316712834719,Overstock
85123a,WHITE HANGING HEART T-LIGHT HOLDER,305,2039.9099999999999,34,9.53125,46,483.0,66.71875,Healthy
85123b,ZINC HANGING HEART T-LITE HLDR,1,6.04,1,1.0,1,10.5,7.0,Restock Soon
85124A,PINK JUICY FRUIT PHOTO FRAME,377,1037.13,95,3.968421052631579,36,378.0,27.77894736842105,Healthy
85124B,BLUE JUICY FRUIT PHOTO FRAME,273,707.5600000000001,66,4.136363636363637,36,378.0,28.954545454545457,Healthy
85124C,GREEN JUICY FRUIT PHOTO FRAME,355,923.16,88,4.034090909090909,36,378.0,28.238636363636363,Healthy
85124a,PINK JUICY FRUIT PHOTO FRAME,10,50.599999999999994,9,1.1111111111111112,2,21.0,7.777777777777779,Healthy
85124b,BLUE JUICY FRUIT PHOTO FRAME,2,10.23,2,1.0,1,10.5,7.0,Restock Soon
85124c,GREEN JUICY FRUIT PHOTO FRAME,3,15.18,2,1.5,2,21.0,10.5,Restock Soon
85125,SMALL ROUND CUT GLASS CANDLESTICK,152,759.8,31,4.903225806451613,42,441.0,34.32258064516129,Healthy
85126,LARGE ROUND CUTGLASS CANDLESTICK,154,1042.02,33,4.666666666666667,42,441.0,32.66666666666667,Healthy
85127,SMALL SQUARE CUT GLASS CANDLESTICK,102,678.9200000000001,35,2.914285714285714,12,126.0,20.4,Healthy
85128,PLANTPOT SINGLE HOOK PISTACHIO,167,188.95000000000002,4,41.75,164,1722.0,292.25,Restock Soon
85129A,"WHITE PEARL BEADED HEART, SMALL",444,569.16,75,5.92,24,252.0,41.44,Healthy
85129B,BEADED CRYSTAL HEART GREEN SMALL,135,174.03,29,4.655172413793103,12,126.0,32.58620689655172,Healthy
85129C,BEADED CRYSTAL HEART BLUE SMALL,337,437.93,53,6.3584905660377355,24,252.0,44.50943396226415,Healthy
85129D,BEADED CRYSTAL HEART PINK SMALL,589,857.09,106,5.556603773584905,24,252.0,38.89622641509434,Overstock
85130A,BEADED PEARL HEART WHITE LARGE,635,1093.79,79,8.037974683544304,24,252.0,56.265822784810126,Overstock
85130B,BEADED CRYSTAL HEART GREEN LARGE,78,161.26,22,3.5454545454545454,12,126.0,24.818181818181817,Healthy
85130C,BEADED CRYSTAL HEART BLUE  LARGE,177,300.67,22,8.045454545454545,24,252.0,56.31818181818181,Healthy
85130D,BEADED CRYSTAL HEART PINK LARGE,228,397.81,46,4.956521739130435,24,252.0,34.69565217391304,Healthy
85131A,BEADED PEARL HEART WHITE ON STICK,1086,785.4,84,12.928571428571429,96,1008.0,90.5,Healthy
85131B,BEADED CRYSTAL HEART GREEN ON STICK,356,235.98,53,6.716981132075472,96,1008.0,47.0188679245283,Healthy
85131C,BEADED CRYSTAL HEART BLUE ON STICK,253,147.25,23,11.0,96,1008.0,77.0,Healthy
85131D,BEADED CRYSTAL HEART PINK ON STICK,595,354.84999999999997,59,10.084745762711865,96,1008.0,70.59322033898306,Healthy
85131D,BEADED CRYSTAL HEART PINK\ON STICK,20,31.299999999999997,11,1.8181818181818181,3,31.5,12.727272727272727,Healthy
85132A,CHARLIE + LOLA BISCUITS TINS,814,3687.91,147,5.575342465753424,96,1008.0,39.02739726027397,Healthy
85132B,CHARLIE AND LOLA TABLE TINS,393,1639.73,51,7.705882352941177,96,1008.0,53.94117647058824,Healthy
85132C,CHARLIE AND LOLA FIGURES TINS,549,2318.87,98,5.6020408163265305,60,630.0,39.214285714285715,Healthy
85132a,CHARLIE + LOLA BISCUITS TINS,4,85.39,4,1.0,1,10.5,7.0,Restock Soon
85132b,CHARLIE AND LOLA TABLE TINS,1,21.23,1,1.0,1,10.5,7.0,Restock Soon
85132c,CHARLIE AND LOLA FIGURES TINS,1,21.23,1,1.0,1,10.5,7.0,Restock Soon
85135A,YELLOW DRAGONFLY HELICOPTER,75,603.54,55,1.3636363636363635,7,73.5,9.545454545454545,Healthy
85135B,BLUE DRAGONFLY HELICOPTER,109,888.45,87,1.2528735632183907,4,42.0,8.770114942528735,Overstock
85135C,RED DRAGONFLY HELICOPTER,73,603.45,55,1.3272727272727274,4,42.0,9.290909090909091,Healthy
85136A,YELLOW SHARK HELICOPTER,84,688.7,64,1.3125,4,42.0,9.1875,Healthy
85136B,BLUE SHARK HELICOPTER,57,457.87,45,1.2666666666666666,6,63.0,8.866666666666667,Healthy
85136C,RED SHARK HELICOPTER,137,1112.0900000000001,93,1.4731182795698925,14,147.0,10.311827956989248,Healthy
85141,JARDIN ETCHED GLASS FRUITBOWL,62,666.5,32,1.9375,6,63.0,13.5625,Healthy
85142,JARDIN ETCHED GLASS GINGER JAR,57,502.58,34,1.6764705882352942,6,63.0,11.73529411764706,Healthy
85144,JARDIN ETCHED GLASS BUTTER DISH,68,471.4,30,2.2666666666666666,12,126.0,15.866666666666667,Healthy
85145,JARDIN ETCHED GLASS LARGE BELL JAR,54,645.3,17,3.176470588235294,16,168.0,22.235294117647058,Healthy
85146,JARDIN ETCHED GLASS SMALL BELL JAR,73,428.27000000000004,20,3.65,12,126.0,25.55,Healthy
85147,JARDIN ETCHED GLASS CANDLEHLDR LONG,61,301.95,16,3.8125,8,84.0,26.6875,Healthy
85150,LADIES & GENTLEMEN METAL SIGN,4475,11266.95,661,6.78030303030303,48,504.0,47.46212121212121,Overstock
85151,WELCOME METAL SIGN,44,55.0,8,5.5,22,231.0,38.5,Healthy
85152,HAND OVER THE CHOCOLATE   SIGN ,8357,16047.830000000002,814,10.304562268803945,288,3024.0,72.13193588162761,Overstock
85157,SET OF 2 CHESTS CHOCOLAT AU LAIT,1,12.72,1,1.0,1,10.5,7.0,Restock Soon
85159A,"BLACK TEA,COFFEE,SUGAR JARS",41,478.33000000000004,36,1.1388888888888888,2,21.0,7.972222222222221,Healthy
85159B,"WHITE TEA,COFFEE,SUGAR JARS",37,369.0,29,1.2758620689655173,4,42.0,8.931034482758621,Healthy
85159b,"WHITE TEA,COFFEE,SUGAR JARS",1,13.0,1,1.0,1,10.5,7.0,Restock Soon
85160A,WHITE BIRD GARDEN DESIGN MUG,8810,1486.25,31,284.19354838709677,4320,45360.0,1989.3548387096773,Healthy
85160B,BLACK BIRD GARDEN DESIGN MUG,6049,970.46,20,302.45,2976,31248.0,2117.15,Healthy
85160a,WHITE BIRD GARDEN DESIGN MUG,7,112.91,2,3.5,6,63.0,24.5,Restock Soon
85160b,BLACK BIRD GARDEN DESIGN MUG,1,16.13,1,1.0,1,10.5,7.0,Restock Soon
85161,ACRYLIC GEOMETRIC LAMP,16,295.2,12,1.3333333333333333,4,42.0,9.333333333333332,Healthy
85162A,SILVER RETRODISC LAMPSHADE,607,1234.27,20,30.35,144,1512.0,212.45000000000002,Healthy
85162B,BLACK RETRODISC LAMPSHADE,977,1905.15,13,75.15384615384616,293,3076.5,526.0769230769231,Healthy
85162C,WHITE RETRODISC LAMPSHADE,904,1841.7,46,20.08888888888889,120,1260.0,140.6222222222222,Healthy
85163A,WHITE BAROQUE WALL CLOCK ,37,499.16999999999996,25,1.48,6,63.0,10.36,Healthy
85163B,BLACK BAROQUE WALL CLOCK ,31,484.98,30,1.0333333333333334,2,21.0,7.233333333333334,Healthy
85164B,BLACK BAROQUE CUCKOO CLOCK,140,1825.1799999999998,65,2.1538461538461537,12,126.0,15.076923076923077,Healthy
85164b,BLACK BAROQUE CUCKOO CLOCK,1,26.04,1,1.0,1,10.5,7.0,Restock Soon
85165,CANDY PINK FRENCH BOUDOIR CLOCK,90,872.76,58,1.5517241379310345,10,105.0,10.862068965517242,Healthy
85166A,WHITE METAL BAROQUE PHOTO FRAME,77,158.9,12,6.416666666666667,30,315.0,44.91666666666667,Healthy
85166B,BLACK METAL BAROQUE PHOTO FRAME,510,864.1,38,13.421052631578947,120,1260.0,93.94736842105263,Healthy
85167A,WHITE GRAND BAROQUE PHOTO FRAME,176,396.8,14,13.538461538461538,60,630.0,94.76923076923077,Healthy
85167B,BLACK GRAND BAROQUE PHOTO FRAME,677,1383.59,55,12.309090909090909,120,1260.0,86.16363636363636,Healthy
85168A,WHITE BAROQUE CARRIAGE CLOCK,22,218.89999999999998,15,1.4666666666666666,4,42.0,10.266666666666666,Healthy
85168B,BLACK BAROQUE CARRIAGE CLOCK,21,219.38,17,1.2352941176470589,2,21.0,8.647058823529413,Healthy
85169A,IVORY LOVE BIRD CANDLE,469,610.3100000000001,68,6.897058823529412,30,315.0,48.279411764705884,Healthy
85169B,BLACK LOVE BIRD CANDLE,152,215.62,37,4.108108108108108,24,252.0,28.756756756756754,Healthy
85169C,EAU DE NIL LOVE BIRD CANDLE,77,116.47,26,2.9615384615384617,12,126.0,20.730769230769234,Healthy
85169D,PINK LOVE BIRD CANDLE,171,250.41,39,4.384615384615385,12,126.0,30.692307692307693,Healthy
85170A,SET/6 IVORY BIRD T-LIGHT CANDLES,848,1585.06,84,10.095238095238095,156,1638.0,70.66666666666666,Healthy
85170B,SET/6 BLACK BIRD T-LIGHT CANDLES,78,180.16,23,3.391304347826087,18,189.0,23.73913043478261,Healthy
85170C,SET/6 EAU DE NIL BIRD T-LIGHTS,214,401.32,37,5.783783783783784,96,1008.0,40.48648648648649,Healthy
85170D,SET/6 PINK BIRD T-LIGHT CANDLES,276,514.1,55,5.0181818181818185,96,1008.0,35.12727272727273,Healthy
85171,S/2 HYACINTH BULB CANDLES,1,2.55,1,1.0,1,10.5,7.0,Restock Soon
85172,HYACINTH BULB T-LIGHT CANDLES,3133,1778.8,111,28.225225225225227,256,2688.0,197.5765765765766,Healthy
85173,SET/6 FROG PRINCE T-LIGHT CANDLES,542,1046.23,67,8.08955223880597,144,1512.0,56.62686567164179,Healthy
85174,S/4 CACTI CANDLES,908,4563.96,213,4.262910798122066,64,672.0,29.840375586854464,Healthy
85175,CACTI T-LIGHT CANDLES,10521,4495.88,307,34.270358306188925,256,2688.0,239.89250814332246,Overstock
85176,SEWING SUSAN 21 NEEDLE SET,1858,1450.9099999999999,144,12.902777777777779,576,6048.0,90.31944444444446,Healthy
85177,BASKET OF FLOWERS SEWING KIT,1025,889.0699999999999,85,12.058823529411764,96,1008.0,84.41176470588235,Healthy
85178,VICTORIAN SEWING KIT,3105,3389.4900000000002,185,16.783783783783782,432,4536.0,117.48648648648648,Healthy
85179A,GREEN BITTY LIGHT CHAIN,28,153.55,14,2.0,6,63.0,14.0,Healthy
85179B,WHITE BITTY LIGHT CHAIN ,246,1056.6,45,5.466666666666667,36,378.0,38.266666666666666,Healthy
85179C,PINK BITTY LIGHT CHAIN,10,55.839999999999996,4,2.5,6,63.0,17.5,Restock Soon
85179a,GREEN BITTY LIGHT CHAIN,1,9.32,1,1.0,1,10.5,7.0,Restock Soon
85180A,RED HEARTS LIGHT CHAIN ,126,593.76,36,3.5,24,252.0,24.5,Healthy
85180B,PINK HEARTS LIGHT CHAIN ,94,444.28,20,4.7,48,504.0,32.9,Healthy
85183A,CHARLIE & LOLA WASTEPAPER BIN BLUE,845,1423.71,55,15.363636363636363,288,3024.0,107.54545454545455,Healthy
85183B,CHARLIE & LOLA WASTEPAPER BIN FLORA,779,1475.8899999999999,56,13.910714285714286,288,3024.0,97.375,Healthy
85184B,SET 4 EASTER DECOUPAGE OVAL BOXES,14,41.300000000000004,7,2.0,6,63.0,14.0,Healthy
85184C,S/4 VALENTINE DECOUPAGE HEART BOX,636,1944.2200000000003,154,4.12987012987013,24,252.0,28.90909090909091,Overstock
85184D,S/4 BLUE ROUND DECOUPAGE BOXES,8311,4546.78,66,125.92424242424242,3936,41328.0,881.469696969697,Healthy
85184c,S/4 VALENTINE DECOUPAGE HEART BOX,4,23.77,4,1.0,1,10.5,7.0,Restock Soon
85184d,S/4 BLUE ROUND DECOUPAGE BOXES,1,5.91,1,1.0,1,10.5,7.0,Restock Soon
85185B,PINK HORSE SOCK PUPPET,316,1016.8700000000001,121,2.6115702479338845,24,252.0,18.280991735537192,Healthy
85185C,COW  SOCK PUPPET,58,171.10000000000002,27,2.1481481481481484,10,105.0,15.037037037037038,Healthy
85185D,FROG SOCK PUPPET,182,597.7600000000001,60,3.033333333333333,24,252.0,21.233333333333334,Healthy
85185E,DUCK SOCK PUPPET,4,11.8,2,2.0,3,31.5,14.0,Restock Soon
85185F,LION SOCK PUPPET,37,109.15,19,1.9473684210526316,6,63.0,13.631578947368421,Healthy
85186A,EASTER BUNNY GARLAND OF FLOWERS,909,414.78000000000003,83,10.951807228915662,48,504.0,76.66265060240963,Healthy
85186B,BUNNY BUNCH OF FLOWERS,14,5.88,2,7.0,10,105.0,49.0,Restock Soon
85186C,BUNNY EGG GARLAND,872,389.02,74,11.783783783783784,48,504.0,82.48648648648648,Healthy
85187,S/12 MINI RABBIT EASTER,143,261.6,41,3.4878048780487805,12,126.0,24.414634146341463,Healthy
85188A,GREEN METAL SWINGING BUNNY,625,546.8,63,9.920634920634921,24,252.0,69.44444444444444,Overstock
85188B,PINK METAL SWINGING BUNNY,670,592.18,64,10.46875,24,252.0,73.28125,Overstock
85189,HANGING BUTTERFLY  EGG,1167,960.3,65,17.953846153846154,288,3024.0,125.67692307692307,Healthy
85190,PINK FLOWER HANGING HEART ,138,122.46,17,8.117647058823529,24,252.0,56.8235294117647,Healthy
85192S,HANGING SPRING FLOWER HEART SMALL,3,1.9500000000000002,2,1.5,2,21.0,10.5,Restock Soon
85194L,HANGING SPRING FLOWER EGG LARGE,871,737.74,74,11.77027027027027,144,1512.0,82.39189189189189,Healthy
85194S,HANGING SPRING FLOWER EGG SMALL,563,400.29,59,9.542372881355933,48,504.0,66.79661016949153,Healthy
85195,HANGING HEART BASKET,135,246.34000000000003,14,9.642857142857142,96,1008.0,67.5,Healthy
85196,EASTER BUNNIES ON A STICK,1564,831.04,71,22.028169014084508,288,3024.0,154.19718309859155,Healthy
85197,SET OF 12 MINI BUNNIES IN A BUCKET,1635,888.0600000000001,55,29.727272727272727,1344,14112.0,208.0909090909091,Healthy
85198,ASSORTED FARMYARD ANIMALS IN BUCKET,3769,1394.92,42,89.73809523809524,3312,34776.0,628.1666666666667,Healthy
85199L,LARGE HANGING IVORY & RED WOOD BIRD,2568,1680.72,183,14.032786885245901,144,1512.0,98.22950819672131,Healthy
85199S,SMALL HANGING IVORY/RED WOOD BIRD,3483,1547.68,236,14.821276595744681,432,4536.0,103.74893617021277,Healthy
85200,BUNNY EGG BOX,862,1090.34,79,10.91139240506329,48,504.0,76.37974683544303,Healthy
85202,HANGING WOOD AND FELT HEART,545,264.52,105,5.190476190476191,48,504.0,36.333333333333336,Healthy
85203,HANGING WOOD AND FELT BUTTERFLY ,572,260.28,99,5.777777777777778,29,304.5,40.44444444444444,Healthy
85204,HANGING WOOD AND FELT FLOWER,304,136.38,51,5.96078431372549,48,504.0,41.72549019607843,Healthy
85205A,IVORY FELT EASTER RABBIT GARLAND,66,168.29999999999998,21,3.142857142857143,9,94.5,22.0,Healthy
85205B,PINK FELT EASTER RABBIT GARLAND,119,346.23,32,3.71875,14,147.0,26.03125,Healthy
85206A,CREAM FELT EASTER EGG BASKET,1377,2453.58,205,6.717073170731707,54,567.0,47.01951219512195,Overstock
85206B,PINK FELT EASTER EGG BASKET,1524,2454.2,179,8.513966480446927,216,2268.0,59.59776536312849,Healthy
85208,SET/12 FUNKY FELT FLOWER PEG IN BAG,201,428.43,42,4.785714285714286,12,126.0,33.5,Healthy
85211,S/4 GROOVY CAT MAGNETS,157,292.24,51,3.0784313725490198,24,252.0,21.54901960784314,Healthy
85212,MINI PAINTED GARDEN DECORATION ,384,363.04999999999995,43,8.930232558139535,48,504.0,62.51162790697674,Healthy
85213,MINI  ZINC GARDEN DECORATIONS ,550,500.10999999999996,48,11.458333333333334,96,1008.0,80.20833333333334,Healthy
85214,TUB 24 PINK FLOWER PEGS,367,643.24,116,3.163793103448276,14,147.0,22.14655172413793,Overstock
85215,ASSORTED CHEESE FRIDGE MAGNETS,615,467.73,50,12.3,60,630.0,86.10000000000001,Healthy
85216,ASSORTED CAKES FRIDGE MAGNETS,2806,2126.27,180,15.588888888888889,240,2520.0,109.12222222222222,Healthy
85217,ASSORTED ICE CREAM FRIDGE MAGNETS,2869,1981.8500000000001,164,17.49390243902439,240,2520.0,122.45731707317071,Healthy
85218,S/5 MINI ICE CREAM FRIDGE MAGNETS,1992,625.1999999999999,2,996.0,1968,20664.0,6972.0,Restock Soon
85220,SMALL FAIRY CAKE FRIDGE MAGNETS,12236,6875.0,5,2447.2,9456,99288.0,17130.399999999998,Restock Soon
85221,ASSORTED COLOUR SILK COIN PURSE,3558,1685.46,47,75.70212765957447,600,6300.0,529.9148936170213,Healthy
85222,ASSORTED COLOUR SILK COSMETIC PURSE,1406,1579.68,50,28.12,240,2520.0,196.84,Healthy
85224,ASSORTED COLOUR SILK GLASSES CASE,2001,1114.66,60,33.35,240,2520.0,233.45000000000002,Healthy
85225,BLING KEY RING STAND,13,16.25,8,1.625,6,63.0,11.375,Healthy
85226A,WHITE/BLUE PULL BACK RACING CAR,1714,933.07,144,11.902777777777779,480,5040.0,83.31944444444446,Healthy
85226C,BLUE PULL BACK RACING CAR,989,522.3100000000001,83,11.91566265060241,480,5040.0,83.40963855421687,Healthy
85227,SET OF 6 3D KIT CARDS FOR KIDS,1451,1328.9299999999998,186,7.801075268817204,100,1050.0,54.60752688172043,Healthy
85227,SET/6 3D KIT CARDS FOR KIDS,592,480.69,50,11.84,240,2520.0,82.88,Healthy
85230A,OPIUM SCENTED VOTIVE CANDLE,1152,293.76,30,38.4,288,3024.0,268.8,Healthy
85230B,CINNAMON SCENTED VOTIVE CANDLE,904,248.71999999999997,32,28.25,72,756.0,197.75,Healthy
85230C,ROSE SCENTED VOTIVE CANDLE,24,6.959999999999999,1,24.0,24,252.0,168.0,Restock Soon
85230D,VANILLA SCENTED VOTIVE CANDLE,24,6.959999999999999,1,24.0,24,252.0,168.0,Restock Soon
85230E,STRAWBRY SCENTED VOTIVE CANDLE,1344,360.96,42,32.0,96,1008.0,224.0,Healthy
85230F,JASMINE VOTIVE CANDLE,2632,642.3199999999999,51,51.6078431372549,1008,10584.0,361.2549019607843,Healthy
85230G,ORANGE VOTIVE CANDLE,696,182.64,23,30.26086956521739,72,756.0,211.82608695652175,Healthy
85231B,CINAMMON SET OF 9 T-LIGHTS,1285,1199.8,252,5.1195219123505975,36,378.0,35.83665338645418,Overstock
85231E,STRAWBERRY SCENTED SET/9 T-LIGHTS,835,695.23,106,7.877358490566038,90,945.0,55.14150943396226,Healthy
85231G,ORANGE SCENTED SET/9 T-LIGHTS,902,802.79,183,4.9289617486338795,60,630.0,34.502732240437155,Healthy
85231L,LAVENDER SCENTED SET/9 T-LIGHTS,1039,838.3499999999999,116,8.956896551724139,180,1890.0,62.69827586206897,Healthy
85231b,CINAMMON SET OF 9 T-LIGHTS,1,1.66,1,1.0,1,10.5,7.0,Restock Soon
85231e,STRAWBERRY SCENTED SET/9 T-LIGHTS,1,1.66,1,1.0,1,10.5,7.0,Restock Soon
85232A,SET/3 POLKA DOT STACKING TINS,262,1311.42,94,2.7872340425531914,24,252.0,19.51063829787234,Healthy
85232A,SET/3 POLKADOT STACKING TINS,35,188.91,15,2.3333333333333335,9,94.5,16.333333333333336,Healthy
85232B,SET OF 3 BABUSHKA STACKING TINS,840,4213.04,164,5.153374233128834,240,2520.0,36.073619631901835,Healthy
85232B,SET/3 RUSSIAN DOLL STACKING TINS,1968,9867.14,371,5.318918918918919,312,3276.0,37.23243243243243,Healthy
85232C,RUSSIAN FOLKART STACKING TINS,1,4.95,1,1.0,1,10.5,7.0,Restock Soon
85232D,SET/3 DECOUPAGE STACKING TINS,517,2704.35,159,3.251572327044025,72,756.0,22.761006289308177,Healthy
85232a,SET/3 POLKA DOT STACKING TINS,2,20.34,2,1.0,1,10.5,7.0,Restock Soon
85232b,SET OF 3 BABUSHKA STACKING TINS,9,91.53,8,1.2857142857142858,2,21.0,9.0,Healthy
85232b,SET/3 RUSSIAN DOLL STACKING TINS,16,162.94,14,1.1428571428571428,2,21.0,8.0,Healthy
85232d,SET/3 DECOUPAGE STACKING TINS,1,10.17,1,1.0,1,10.5,7.0,Restock Soon
90000A,RASPBERRY ANT COPPER FLOWER NECKLAC,20,121.07000000000001,13,1.5384615384615385,3,31.5,10.76923076923077,Healthy
90000B,MIDNIGHT BLUE COPPER FLOWER NECKLAC,19,115.83,15,1.2666666666666666,3,31.5,8.866666666666667,Healthy
90000C,OPAL WHITE/SILVER FLOWER NECKLACE,2,12.32,2,1.0,1,10.5,7.0,Restock Soon
90000D,COPPER/OLIVE GREEN FLOWER NECKLACE,33,203.01,22,1.5,6,63.0,10.5,Healthy
90001A,ANTIQUE RASPBERRY FLOWER EARRINGS,6,25.65,6,1.0,1,10.5,7.0,Restock Soon
90001B,ANTIQUE MID BLUE FLOWER EARRINGS,8,33.97,7,1.1428571428571428,2,21.0,8.0,Healthy
90001C,ANTIQUE OPAL WHITE FLOWER EARRINGS,7,29.810000000000002,6,1.1666666666666667,2,21.0,8.166666666666668,Restock Soon
90001D,ANTIQUE OLIVE GREEN FLOWER EARRINGS,14,59.47,7,2.0,6,63.0,14.0,Healthy
90002A,FLOWER BURST SILVER RING OPAL,36,135.0,14,2.5714285714285716,6,63.0,18.0,Healthy
90002B,FLOWER BURST SILVER RING ROSE,22,82.74,11,2.0,4,42.0,14.0,Healthy
90002C,FLOWER BURST SILVER RING MIDN'T BLU,33,124.38,19,1.736842105263158,4,42.0,12.157894736842106,Healthy
90002D,FLOWER BURST SILVER RING CRYSTAL,97,339.53,28,3.4642857142857144,50,525.0,24.25,Healthy
90002E,FLOWER BURST SILVER RING GREEN,18,67.77,11,1.6363636363636365,4,42.0,11.454545454545455,Healthy
90003B,ROSE COLOUR PAIR HEART HAIR SLIDES,30,113.31,16,1.875,6,63.0,13.125,Healthy
90003C,MIDNIGHT BLUE PAIR HEART HAIR SLIDE,21,79.32,13,1.6153846153846154,6,63.0,11.307692307692308,Healthy
90003D,CRYSTAL PAIR HEART HAIR SLIDES,30,113.91,16,1.875,6,63.0,13.125,Healthy
90003E,GREEN PAIR HEART HAIR SLIDES,10,38.01,9,1.1111111111111112,2,21.0,7.777777777777779,Healthy
90004A,JADE GREEN PAIR ENAMEL HAIR SLIDES,1,3.75,1,1.0,1,10.5,7.0,Restock Soon
90005A,JADE GREEN ENAMEL HAIR COMB,94,193.07,49,1.9183673469387754,12,126.0,13.428571428571427,Healthy
90010A,MIDNIGHT BLUE GLASS/SILVER BRACELET,32,285.5,16,2.0,6,63.0,14.0,Healthy
90010B,BLACK/WHITE GLASS/SILVER BRACELET,54,496.65,29,1.8620689655172413,12,126.0,13.034482758620689,Healthy
90010E,AMBER GLASS/SILVER BRACELET,35,311.12,20,1.75,4,42.0,12.25,Healthy
90011A,MIDNIGHT BLUE CRYSTAL DROP EARRINGS,9,26.77,9,1.0,1,10.5,7.0,Healthy
90011B,BLACK CRYSTAL DROP EARRINGS,8,23.79,8,1.0,1,10.5,7.0,Healthy
90011C,GREEN CRYSTAL DROP EARRINGS,10,29.53,5,2.0,6,63.0,14.0,Restock Soon
90011D,PURPLE CRYSTAL DROP EARRINGS,2,5.99,2,1.0,1,10.5,7.0,Restock Soon
90011E,AMBER CRYSTAL DROP EARRINGS,5,14.85,5,1.0,1,10.5,7.0,Restock Soon
90012A,MIDNIGHT BLUE DROP CRYSTAL NECKLACE,2,20.619999999999997,2,1.0,1,10.5,7.0,Restock Soon
90012B,BLACK DROP CRYSTAL NECKLACE,4,40.55,3,1.3333333333333333,2,21.0,9.333333333333332,Restock Soon
90013A,MIDNIGHT BLUE VINTAGE EARRINGS,66,250.38,47,1.4042553191489362,4,42.0,9.829787234042554,Healthy
90013B,BLACK VINTAGE EARRINGS,72,296.47,51,1.411764705882353,4,42.0,9.882352941176471,Healthy
90013C,GREEN VINTAGE EARRINGS ,53,212.43,32,1.65625,4,42.0,11.59375,Healthy
90013D,PURPLE VINTAGE EARRINGS,40,152.94,14,2.857142857142857,12,126.0,20.0,Healthy
90013E,AMBER VINTAGE EARRINGS ,2,8.57,2,1.0,1,10.5,7.0,Restock Soon
90014A,SILVER/MOP ORBIT NECKLACE,28,284.41999999999996,19,1.4736842105263157,4,42.0,10.31578947368421,Healthy
90014B,GOLD M PEARL  ORBIT NECKLACE,18,185.59,14,1.2857142857142858,3,31.5,9.0,Healthy
90014C,SILVER/BLACK ORBIT NECKLACE,24,241.48,16,1.5,5,52.5,10.5,Healthy
90016A,SILVER/M.O.P PENDANT ORBIT NECKLACE,12,102.15,9,1.3333333333333333,3,31.5,9.333333333333332,Healthy
90016B,GOLD/M.O.P PENDANT ORBIT NECKLACE,15,127.48,11,1.3636363636363635,4,42.0,9.545454545454545,Healthy
90016C,SILVER/BLACK PENDANT ORBIT NECKLACE,14,119.11,11,1.2727272727272727,3,31.5,8.909090909090908,Healthy
90018A,SILVER M.O.P ORBIT DROP EARRINGS,31,132.14,21,1.4761904761904763,4,42.0,10.333333333333334,Healthy
90018B,GOLD M.O.P ORBIT DROP EARRINGS,19,80.82000000000001,16,1.1875,2,21.0,8.3125,Healthy
90018C,SILVER BLACK ORBIT DROP EARRINGS,16,68.11,11,1.4545454545454546,4,42.0,10.181818181818182,Healthy
90019A,SILVER M.O.P ORBIT BRACELET,32,168.52,25,1.28,3,31.5,8.96,Healthy
90019B,GOLD M.O.P ORBIT BRACELET,15,77.61,11,1.3636363636363635,3,31.5,9.545454545454545,Healthy
90019C,SILVER BLACK ORBIT BRACELET,29,155.67,25,1.16,3,31.5,8.12,Healthy
90020,FILIGREE DIAMANTE CHAIN,5,63.75,3,1.6666666666666667,3,31.5,11.666666666666668,Restock Soon
90021,LASER CUT MULTI STRAND NECKLACE,4,47.8,3,1.3333333333333333,2,21.0,9.333333333333332,Restock Soon
90022,EDWARDIAN DROP EARRINGS JET BLACK,16,60.9,15,1.0666666666666667,2,21.0,7.466666666666667,Healthy
90023,FILIGREE DIAMANTE EARRINGS,19,80.96000000000001,13,1.4615384615384615,3,31.5,10.23076923076923,Healthy
90024A,NEW BAROQUE B'FLY NECKLACE BLACK,5,42.5,4,1.25,2,21.0,8.75,Restock Soon
90024B,NEW BAROQUE B'FLY NECKLACE RED,17,144.96,16,1.0625,2,21.0,7.4375,Healthy
90024C,NEW BAROQUE B'FLY NECKLACE GREEN,8,68.16,8,1.0,1,10.5,7.0,Healthy
90024D,NEW BAROQUE B'FLY NECKLACE PINK,13,110.68,11,1.1818181818181819,2,21.0,8.272727272727273,Healthy
90024E,NEW BAROQUE B'FLY NECKLACE MONTANA,14,119.17,9,1.5555555555555556,5,52.5,10.88888888888889,Healthy
90024F,NEW BAROQUE B'FLY NECKLACE CRYSTAL,3,25.48,2,1.5,2,21.0,10.5,Restock Soon
90025B,BAROQUE BUTTERFLY EARRINGS RED,2,7.5600000000000005,2,1.0,1,10.5,7.0,Restock Soon
90025C,BAROQUE BUTTERFLY EARRINGS GREEN,6,22.56,6,1.0,1,10.5,7.0,Restock Soon
90025D,BAROQUE BUTTERFLY EARRINGS PINK,2,7.5,2,1.0,1,10.5,7.0,Restock Soon
90025E,BAROQUE BUTTERFLY EARRINGS MONTANA,6,22.77,6,1.0,1,10.5,7.0,Restock Soon
90025F,BAROQUE BUTTERFLY EARRINGS CRYSTAL,4,15.27,4,1.0,1,10.5,7.0,Restock Soon
90026A,GLASS BEAD HOOP NECKLACE BLACK,9,76.47,8,1.125,2,21.0,7.875,Healthy
90026B,GLASS BEAD HOOP NECKLACE MONTANA,5,42.5,4,1.25,2,21.0,8.75,Restock Soon
90026C,GLASS BEAD HOOP NECKLACE GREEN,4,34.0,3,1.3333333333333333,2,21.0,9.333333333333332,Restock Soon
90026D,GLASS BEAD HOOP NECKLACE AMETHYST,7,59.5,5,1.4,2,21.0,9.799999999999999,Restock Soon
90027A,GLASS BEAD HOOP EARRINGS BLACK,4,11.82,4,1.0,1,10.5,7.0,Restock Soon
90027B,GLASS BEAD HOOP EARRINGS MONTANA,10,29.520000000000003,7,1.4285714285714286,2,21.0,10.0,Healthy
90027C,GLASS BEAD HOOP EARRINGS GREEN,9,26.67,7,1.2857142857142858,2,21.0,9.0,Healthy
90027D,GLASS BEAD HOOP EARRINGS AMETHYST,14,43.78,10,1.4,2,21.0,9.799999999999999,Healthy
90028,NEW BAROQUE LARGE NECKLACE BLK/WHIT,15,127.61,12,1.25,4,42.0,8.75,Healthy
90029,NEW BAROQUE SMALL NECKLACE BLACK,18,153.0,8,2.25,6,63.0,15.75,Healthy
90030A,SPOTTED WHITE NATURAL SEED NECKLACE,7,41.760000000000005,3,2.3333333333333335,5,52.5,16.333333333333336,Restock Soon
90030B,RED KUKUI COCONUT SEED NECKLACE,18,107.29,12,1.5,5,52.5,10.5,Healthy
90030C,BROWN KUKUI COCONUT SEED NECKLACE,11,65.54,6,1.8333333333333333,5,52.5,12.833333333333332,Restock Soon
90031,BILI NUT AND WOOD NECKLACE,2,12.010000000000002,2,1.0,1,10.5,7.0,Restock Soon
90032,IVORY SHELL HEART NECKLACE,27,168.75,16,1.6875,3,31.5,11.8125,Healthy
90033,IVORY SHELL HEART EARRINGS,13,33.36,10,1.3,3,31.5,9.1,Healthy
90034,WHITE SILVER NECKLACE SHELL GLASS,4,40.5,4,1.0,1,10.5,7.0,Restock Soon
90035A,"PEARL & SHELL 42""NECKL. GREEN",19,203.93,13,1.4615384615384615,4,42.0,10.23076923076923,Healthy
90035B,"PEARL & SHELL 42""NECKL. PINK",43,380.89,4,10.75,36,378.0,75.25,Restock Soon
90035C,"PEARL & SHELL 42""NECKL. IVORY",26,279.5,4,6.5,19,199.5,45.5,Restock Soon
90036A,FLOWER GARLAND NECKLACE RED,21,168.06,16,1.3125,3,31.5,9.1875,Healthy
90036B,"FLOWER GLASS GARLAND NECKL.36""GREEN",14,111.30000000000001,8,1.75,6,63.0,12.25,Healthy
90036C,"FLOWER GLASS GARLAND NECKL.36""BLUE",22,175.43,10,2.2,6,63.0,15.400000000000002,Healthy
90036D,"FLOWER GLASS GARLAND NECKL.36""BLACK",27,214.89000000000001,12,2.25,6,63.0,15.75,Healthy
90036E,"FLOWER GLASS GARLD NECKL36""AMETHYST",31,247.92000000000002,17,1.8235294117647058,10,105.0,12.76470588235294,Healthy
90036F,"FLOWER GLASS GARLD NECKL36""TURQUOIS",18,144.23000000000002,12,1.5,6,63.0,10.5,Healthy
90037A,TINY CRYSTAL BRACELET RED,25,63.83,11,2.272727272727273,6,63.0,15.90909090909091,Healthy
90037B,TINY CRYSTAL BRACELET GREEN,18,45.89,5,3.6,6,63.0,25.2,Restock Soon
90037C,TINY CRYSTAL BRACELET BLUE,21,53.56,8,2.625,6,63.0,18.375,Healthy
90037D,TINY CRYSTALS BRACELET BLACK,14,35.870000000000005,8,1.75,6,63.0,12.25,Healthy
90038A,GLASS AND PAINTED BEADS BRACELET TO,21,79.65,12,1.75,6,63.0,12.25,Healthy
90038B,GLASS AND PAINTED BEADS BRACELET OL,8,30.42,5,1.6,4,42.0,11.200000000000001,Restock Soon
90038C,GLASS AND BEADS BRACELET IVORY,10,37.77,5,2.0,4,42.0,14.0,Restock Soon
90039A,FIRE POLISHED GLASS BRACELET RED,2,7.65,2,1.0,1,10.5,7.0,Restock Soon
90039B,FIRE POLISHED GLASS BRACELET MONTAN,11,41.49,6,1.8333333333333333,6,63.0,12.833333333333332,Restock Soon
90039C,FIRE POLISHED GLASS BRACELET BLACK,18,67.98,7,2.5714285714285716,12,126.0,18.0,Healthy
90039D,FIRE POLISHED GLASS BRACELET GREEN,23,87.78,16,1.4375,6,63.0,10.0625,Healthy
90040A,MURANO STYLE GLASS BRACELET RED,39,152.76,29,1.3448275862068966,3,31.5,9.413793103448276,Healthy
90040B,MURANO STYLE GLASS BRACELET BLACK,55,196.89,27,2.037037037037037,6,63.0,14.25925925925926,Healthy
90040C,MURANO STYLE GLASS BRACELET GOLD,27,96.14,12,2.25,6,63.0,15.75,Healthy
90040D,MURANO STYLE GLASS BRACELET PINK,41,148.87,25,1.64,3,31.5,11.479999999999999,Healthy
90041,PEARL AND CHERRY QUARTZ BRACLET,2,7.4,2,1.0,1,10.5,7.0,Restock Soon
90042A,FRESHWATER PEARL BRACELET GOLD,60,153.14,31,1.935483870967742,8,84.0,13.548387096774194,Healthy
90042B,FRESHWATER PEARL BRACELET PINK,17,43.349999999999994,6,2.8333333333333335,4,42.0,19.833333333333336,Restock Soon
90042C,FRESHWATER PEARL BRACELET IVORY,54,137.51,21,2.5714285714285716,8,84.0,18.0,Healthy
90043,COPPER AND BRASS BAG CHARM,6,29.700000000000003,4,1.5,2,21.0,10.5,Restock Soon
90046,WHITE WITH METAL BAG CHARM,10,49.5,6,1.6666666666666667,2,21.0,11.666666666666668,Restock Soon
90048,GREEN WITH METAL BAG CHARM,28,144.04,7,4.0,10,105.0,28.0,Healthy
90049,IVORY GOLD METAL BAG CHARM,15,79.47,3,5.0,7,73.5,35.0,Restock Soon
90050,CRACKED GLAZE NECKLACE IVORY,3,21.39,3,1.0,1,10.5,7.0,Restock Soon
90051,CRACKED GLAZE NECKLACE RED,7,49.73,6,1.1666666666666667,2,21.0,8.166666666666668,Restock Soon
90052,CRACKED GLAZE NECKLACE BROWN,5,35.44,3,1.6666666666666667,3,31.5,11.666666666666668,Restock Soon
90053,CRACKED GLAZE EARRINGS IVORY,7,17.79,7,1.0,1,10.5,7.0,Healthy
90054,CRACKED GLAZE EARRINGS RED,10,25.53,10,1.0,1,10.5,7.0,Healthy
90055,CRACKED GLAZE EARRINGS BROWN,5,12.75,5,1.0,1,10.5,7.0,Restock Soon
90056,CHUNKY CRACKED GLAZE NECKLACE IVORY,16,175.48000000000002,11,1.4545454545454546,6,63.0,10.181818181818182,Healthy
90057,DIAMANTE RING ASSORTED IN BOX.,796,1364.52,15,53.06666666666667,240,2520.0,371.4666666666667,Healthy
90058A,CRYSTAL STUD EARRINGS CLEAR DISPLAY,252,95.75999999999999,6,42.0,72,756.0,294.0,Restock Soon
90058B,CRYSTAL STUD EARRINGS ASSORTED COL ,470,276.52,14,33.57142857142857,72,756.0,235.0,Healthy
90059A,DIAMANTE HAIR GRIP PACK/2 CRYSTAL,51,85.83,23,2.217391304347826,9,94.5,15.521739130434783,Healthy
90059B,DIAMANTE HAIR GRIP PACK/2 BLACK DIA,15,25.03,9,1.6666666666666667,6,63.0,11.666666666666668,Healthy
90059C,DIAMANTE HAIR GRIP PACK/2 MONTANA,27,45.04,14,1.9285714285714286,6,63.0,13.5,Healthy
90059D,DIAMANTE HAIR GRIP PACK/2 PERIDOT,40,66.98,22,1.8181818181818181,6,63.0,12.727272727272727,Healthy
90059E,DIAMANTE HAIR GRIP PACK/2 RUBY,32,53.58,20,1.6,6,63.0,11.200000000000001,Healthy
90059F,DIAMANTE HAIR GRIP PACK/2 LT ROSE,27,45.18,13,2.076923076923077,6,63.0,14.53846153846154,Healthy
90060B,FIRE POLISHED GLASS NECKL GOLD,5,29.75,3,1.6666666666666667,2,21.0,11.666666666666668,Restock Soon
90060C,FIRE POLISHED GLASS NECKL SILVER,7,41.65,3,2.3333333333333335,5,52.5,16.333333333333336,Restock Soon
90060D,FIRE POLISHED GLASS NECKL BRONZE,10,59.5,6,1.6666666666666667,5,52.5,11.666666666666668,Restock Soon
90060F,FIRE POLISHED GLASS NECKL GREEN,23,136.92000000000002,13,1.7692307692307692,8,84.0,12.384615384615383,Healthy
90062,CARNIVAL BRACELET,163,2071.64,86,1.8953488372093024,8,84.0,13.267441860465116,Healthy
90063A,WHITE VINT ART DECO CRYSTAL NECKLAC,9,76.48,5,1.8,3,31.5,12.6,Restock Soon
90063B,BLACK VINT ART DEC CRYSTAL NECKLACE,11,93.85,8,1.375,3,31.5,9.625,Healthy
90064A,WHITE VINTAGE CRYSTAL EARRINGS,10,40.44,6,1.6666666666666667,4,42.0,11.666666666666668,Restock Soon
90064B,BLACK VINTAGE  CRYSTAL EARRINGS,9,33.75,5,1.8,4,42.0,12.6,Restock Soon
90065A,WHITE VINTAGE CRYSTAL BRACELET,19,133.21,12,1.5833333333333333,6,63.0,11.083333333333332,Healthy
90065B,BLACK VINT ART DEC CRYSTAL BRACELET,20,141.37,14,1.4285714285714286,2,21.0,10.0,Healthy
90066A,PINK VINTAGE VICTORIAN CHOKER,5,33.75,2,2.5,3,31.5,17.5,Restock Soon
90067A,PINK VINTAGE VICTORIAN EARRINGS,19,56.09,9,2.111111111111111,6,63.0,14.777777777777779,Healthy
90067B,BROWN VINTAGE VICTORIAN EARRINGS,14,41.32000000000001,4,3.5,6,63.0,24.5,Restock Soon
90068,"RUBY GLASS NECKLACE 42""",1,7.5,1,1.0,1,10.5,7.0,Restock Soon
90069,RUBY GLASS CLUSTER NECKLACE,9,67.5,4,2.25,6,63.0,15.75,Restock Soon
90070,RUBY GLASS CLUSTER BRACELET,43,262.51,21,2.0476190476190474,6,63.0,14.333333333333332,Healthy
90071,RUBY GLASS CLUSTER EARRINGS,48,60.67,43,1.1162790697674418,3,31.5,7.813953488372093,Healthy
90072,RUBY DROP CHANDELIER EARRINGS,23,92.89,16,1.4375,6,63.0,10.0625,Healthy
90073,VINTAGE ENAMEL & CRYSTAL EARRINGS,25,125.82000000000001,18,1.3888888888888888,6,63.0,9.722222222222221,Healthy
90074,BLACK DIAMOND CLUSTER NECKLACE,4,36.62,4,1.0,1,10.5,7.0,Restock Soon
90075,MONTANA DIAMOND CLUSTER NECKLACE,6,54.519999999999996,5,1.2,2,21.0,8.4,Restock Soon
90076,MONTANA DIAMOND CLUSTER EARRINGS,3,8.879999999999999,3,1.0,1,10.5,7.0,Restock Soon
90077,BLACK DIAMOND CLUSTER EARRINGS,3,8.54,3,1.0,1,10.5,7.0,Restock Soon
90078,PINK/WHITE GLASS DEMI CHOKER,7,52.64,4,1.75,3,31.5,12.25,Restock Soon
90079,VINTAGE ENAMEL & CRYSTAL NECKLACE,11,55.01,9,1.2222222222222223,3,31.5,8.555555555555557,Healthy
90081A,LILY BROOCH AMETHYST COLOUR,35,173.5,17,2.0588235294117645,6,63.0,14.411764705882351,Healthy
90081B,LILY BROOCH WHITE/SILVER COLOUR,6,29.7,2,3.0,3,31.5,21.0,Restock Soon
90081C,LILY BROOCH OLIVE COLOUR,31,155.96,22,1.4090909090909092,6,63.0,9.863636363636363,Healthy
90082A,DIAMANTE BOW BROOCH GREEN COLOUR,30,192.26,15,2.0,6,63.0,14.0,Healthy
90082B,DIAMANTE BOW BROOCH RED COLOUR,39,247.65,17,2.2941176470588234,6,63.0,16.058823529411764,Healthy
90082C,DIAMANTE BOW BROOCH WHITE COLOUR,3,19.93,3,1.0,1,10.5,7.0,Restock Soon
90082D,DIAMANTE BOW BROOCH BLACK COLOUR,99,638.07,48,2.0625,6,63.0,14.4375,Healthy
90083,CRYSTAL CZECH CROSS PHONE CHARM,27,24.61,6,4.5,12,126.0,31.5,Restock Soon
90084,PINK CRYSTAL GUITAR PHONE CHARM,63,53.55,8,7.875,18,189.0,55.125,Healthy
90085,CRYSTAL STILETTO PHONE CHARM,279,242.08999999999997,21,13.285714285714286,81,850.5,93.0,Healthy
90086,CRYSTAL FROG PHONE CHARM,117,109.17,21,5.571428571428571,36,378.0,39.0,Healthy
90087,CRYSTAL SEA HORSE PHONE CHARM,206,191.42,30,6.866666666666666,48,504.0,48.06666666666666,Healthy
90088,CRYSTAL KEY+LOCK PHONE CHARM,101,86.69999999999999,14,7.214285714285714,24,252.0,50.5,Healthy
90089,PINK CRYSTAL SKULL PHONE CHARM,85,79.61999999999999,18,4.722222222222222,12,126.0,33.05555555555556,Healthy
90090,PINK CRYSTAL HEART PHONE CHARM,263,227.72,22,11.954545454545455,72,756.0,83.68181818181819,Healthy
90091,CRYSTAL DRAGONFLY PHONE CHARM,3,2.55,2,1.5,2,21.0,10.5,Restock Soon
90092,BLUE CRYSTAL BOOT PHONE CHARM,101,85.85,9,11.222222222222221,27,283.5,78.55555555555554,Healthy
90093,CLEAR CRYSTAL STAR PHONE CHARM,158,138.43,16,9.875,36,378.0,69.125,Healthy
90094,NECKLACE+BRACELET SET FRUIT SALAD ,61,154.47,26,2.3461538461538463,10,105.0,16.423076923076923,Healthy
90095,NECKLACE+BRACELET SET PINK BLOSSOM,8,22.91,3,2.6666666666666665,6,63.0,18.666666666666664,Restock Soon
90096,NECKLACE+BRACELET SET BLUE BLOSSOM,68,154.23,26,2.6153846153846154,10,105.0,18.307692307692307,Healthy
90098,NECKLACE+BRACELET PINK BUTTERFLY,108,227.32999999999998,45,2.4,13,136.5,16.8,Healthy
90099,NECKLACE+BRACELET SET BLUE HIBISCUS,22,78.69,12,1.8333333333333333,6,63.0,12.833333333333332,Healthy
90100,NECKLACE+BRACELET SET PINK DAISY,29,73.95,11,2.6363636363636362,6,63.0,18.454545454545453,Healthy
90101,WHITE FRANGIPANI NECKLACE,14,35.63,13,1.0769230769230769,2,21.0,7.538461538461538,Healthy
90102,WHITE FRANGIPANI HAIR CLIP,9,7.609999999999999,3,3.0,6,63.0,21.0,Restock Soon
90103,PURPLE FRANGIPANI NECKLACE,15,38.19,14,1.0714285714285714,2,21.0,7.5,Healthy
90104,PURPLE FRANGIPANI HAIRCLIP,105,88.27,39,2.6923076923076925,12,126.0,18.846153846153847,Healthy
90108,BLUE BLOSSOM HAIR CLIP,39,43.87,9,4.333333333333333,16,168.0,30.333333333333332,Healthy
90111,BLUE HIBISCUS  HAIR CLIP,7,7.35,6,1.1666666666666667,2,21.0,8.166666666666668,Restock Soon
90112,PINK DOLLY HAIR CLIPS,82,89.15,19,4.315789473684211,19,199.5,30.210526315789473,Healthy
90114,SUMMER DAISIES BAG CHARM,40,101.24,25,1.6,6,63.0,11.200000000000001,Healthy
90115,SUMMER BUTTERFLIES BAG CHARM,61,162.0,32,1.90625,6,63.0,13.34375,Healthy
90116,FRUIT SALAD BAG CHARM,44,85.02,20,2.2,12,126.0,15.400000000000002,Healthy
90118,PINK DAISY BAG CHARM,12,32.75,10,1.2,2,21.0,8.4,Healthy
90119,METALIC LEAVES BAG CHARMS,14,38.01,6,2.3333333333333335,6,63.0,16.333333333333336,Restock Soon
90120A,PINK MURANO TWIST BRACELET,87,370.19,39,2.289473684210526,12,126.0,16.02631578947368,Healthy
90120B,BLUE MURANO TWIST BRACELET,69,291.56,28,2.4642857142857144,12,126.0,17.25,Healthy
90120C,GREEN MURANO TWIST BRACELET,60,255.6,38,1.5789473684210527,4,42.0,11.052631578947368,Healthy
90120D,WHITE MURANO TWIST BRACELET,124,512.34,35,3.5428571428571427,27,283.5,24.799999999999997,Healthy
90121B,VINTAGE ROSE BEAD BRACELET BLUE,19,80.75,9,2.111111111111111,4,42.0,14.777777777777779,Healthy
90122A,PINK CRYSTAL+GLASS BRACELET,34,169.36,17,2.0,6,63.0,14.0,Healthy
90122B,JADE CRYSTAL+GLASS BRACELET,40,199.06,20,2.0,6,63.0,14.0,Healthy
90122C,TURQUOISE CRYSTAL+GLASS BRACELET,30,149.87,19,1.5789473684210527,6,63.0,11.052631578947368,Healthy
90123A,PINK HEART OF GLASS BRACELET,21,124.95,10,2.1,4,42.0,14.700000000000001,Healthy
90123B,TURQUOISE HEART OF GLASS BRACELET,17,101.27000000000001,8,2.125,4,42.0,14.875,Healthy
90123C,GREEN HEART OF GLASS BRACELET,13,77.46000000000001,6,2.1666666666666665,4,42.0,15.166666666666666,Restock Soon
90123D,WHITE HEART OF GLASS BRACELET,23,137.07999999999998,9,2.5555555555555554,12,126.0,17.888888888888886,Healthy
90124A,PINK MURANO TWIST NECKLACE,22,219.61999999999998,14,1.5714285714285714,4,42.0,11.0,Healthy
90124B,BLUE MURANO TWIST NECKLACE,28,281.46,20,1.4,4,42.0,9.799999999999999,Healthy
90124C,GREEN MURANO TWIST NECKLACE,11,110.66999999999999,8,1.375,2,21.0,9.625,Healthy
90125A,PINK BERTIE GLASS BEAD BAG CHARM,34,77.73,8,4.25,12,126.0,29.75,Healthy
90125B,AQUA BERTIE GLASS BEAD BAG CHARM,14,31.509999999999998,5,2.8,6,63.0,19.599999999999998,Restock Soon
90125C,TURQUOISE BERTIE GLASS BEAD CHARM,15,31.500000000000004,3,5.0,12,126.0,35.0,Restock Soon
90125D,PURPLE BERTIE GLASS BEAD BAG CHARM,41,113.71000000000001,17,2.411764705882353,12,126.0,16.88235294117647,Healthy
90125E,AMBER BERTIE GLASS BEAD BAG CHARM,7,23.14,7,1.0,1,10.5,7.0,Healthy
90126A,PINK BERTIE MOBILE PHONE CHARM,19,33.78,4,4.75,12,126.0,33.25,Restock Soon
90126B,BLUE BERTIE MOBILE PHONE CHARM,3,8.48,3,1.0,1,10.5,7.0,Restock Soon
90126C,AMBER BERTIE MOBILE PHONE CHARM,19,35.519999999999996,4,4.75,12,126.0,33.25,Restock Soon
90127A,PINK BEADS+HAND PHONE CHARM,12,15.0,1,12.0,12,126.0,84.0,Restock Soon
90127B,BLUE BEADS+HAND PHONE CHARM,2,2.5,2,1.0,1,10.5,7.0,Restock Soon
90128A,PINK LEAVES AND BEADS PHONE CHARM,29,41.29,9,3.2222222222222223,12,126.0,22.555555555555557,Healthy
90128B,BLUE LEAVES AND BEADS PHONE CHARM,18,23.759999999999998,6,3.0,12,126.0,21.0,Restock Soon
90128C,GREEN LEAVES AND BEADS PHONE CHARM,16,22.58,5,3.2,12,126.0,22.400000000000002,Restock Soon
90128D,PURPLE LEAVES AND BEADS PHONE CHAR,12,18.78,6,2.0,6,63.0,14.0,Restock Soon
90129A,PINK GLASS TASSLE BAG CHARM ,111,220.7,55,2.018181818181818,14,147.0,14.127272727272727,Healthy
90129B,TURQUOISE GLASS TASSLE BAG CHARM ,93,215.21,44,2.1136363636363638,24,252.0,14.795454545454547,Healthy
90129C,GREEN GLASS TASSLE BAG CHARM,75,168.6,36,2.0833333333333335,16,168.0,14.583333333333334,Healthy
90129D,AMBER GLASS TASSLE BAG CHARM,54,129.79000000000002,28,1.9285714285714286,12,126.0,13.5,Healthy
90129E,PURPLE GLASS TASSLE BAG CHARM,91,192.74,46,1.9782608695652173,12,126.0,13.847826086956522,Healthy
90129F,RED GLASS TASSLE BAG CHARM,47,106.48,29,1.6206896551724137,6,63.0,11.344827586206897,Healthy
90130A,WHITE STONE/CRYSTAL EARRINGS,22,65.01,10,2.2,6,63.0,15.400000000000002,Healthy
90130B,TURQ STONE/CRYSTAL EARRINGS,27,80.04,20,1.35,6,63.0,9.450000000000001,Healthy
90130C,GREEN STONE/CRYSTAL EARRINGS,12,35.63,12,1.0,1,10.5,7.0,Healthy
90130D,RED STONE/CRYSTAL EARRINGS,10,29.610000000000007,5,2.0,6,63.0,14.0,Restock Soon
90131,PINK/AMETHYST/GOLD NECKLACE,5,34.75,3,1.6666666666666667,2,21.0,11.666666666666668,Restock Soon
90132,LIGHT TOPAZ TEAL/AQUA COL NECKLACE,5,25.56,5,1.0,1,10.5,7.0,Restock Soon
90133,TEAL/FUSCHIA COL BEAD NECKLACE,28,142.03,23,1.2173913043478262,4,42.0,8.521739130434783,Healthy
90134,OLD ROSE COMBO BEAD NECKLACE,73,216.38,52,1.4038461538461537,6,63.0,9.826923076923077,Healthy
90135,ORANGE/WHT/FUSCHIA STONES NECKLACE,1,5.09,1,1.0,1,10.5,7.0,Restock Soon
90135A,ORANGE/FUSCHIA STONES NECKLACE,10,49.64,3,3.3333333333333335,6,63.0,23.333333333333336,Restock Soon
90136,PALE PINK/AMETHYST STONE NECKLACE,1,10.62,1,1.0,1,10.5,7.0,Restock Soon
90137,PINK COMBO MINI CRYSTALS NECKLACE,23,116.21000000000001,12,1.9166666666666667,6,63.0,13.416666666666668,Healthy
90138,WHITE/PINK MINI CRYSTALS NECKLACE,15,78.73,11,1.3636363636363635,4,42.0,9.545454545454545,Healthy
90139,FLOWER BROOCH 4 ASSORTED COLOURS,23,118.24000000000001,18,1.2777777777777777,2,21.0,8.944444444444443,Healthy
90140,PINK SWEETIE NECKLACE,8,60.42,6,1.3333333333333333,2,21.0,9.333333333333332,Restock Soon
90141A,GREEN PENDANT TRIPLE SHELL NECKLACE,9,47.35,8,1.125,2,21.0,7.875,Healthy
90141B,IVORY PENDANT TRIPLE SHELL NECKLACE,5,25.17,5,1.0,1,10.5,7.0,Restock Soon
90141C,TURQ PENDANT TRIPLE SHELL NECKLACE,6,31.38,5,1.2,2,21.0,8.4,Restock Soon
90141D,ROSE PENDANT TRIPLE SHELL NECKLACE,3,15.969999999999999,3,1.0,1,10.5,7.0,Restock Soon
90141E,ORANGE PENDANT TRIPLE SHELL NECKLAC,5,25.310000000000002,3,1.6666666666666667,2,21.0,11.666666666666668,Restock Soon
90142A,GREEN PENDANT SHELL NECKLACE,4,20.36,3,1.3333333333333333,2,21.0,9.333333333333332,Restock Soon
90142B,IVORY PENDANT SHELL NECKLACE,1,5.09,1,1.0,1,10.5,7.0,Restock Soon
90142C,ROSE PINK PENDANT SHELL NECKLACE,1,5.09,1,1.0,1,10.5,7.0,Restock Soon
90142D,MOP PENDANT SHELL NECKLACE,1,4.95,1,1.0,1,10.5,7.0,Restock Soon
90143,SILVER BRACELET W PASTEL FLOWER,49,370.02,24,2.0416666666666665,6,63.0,14.291666666666666,Healthy
90144,SILVER DROP EARRINGS WITH FLOWER,35,132.09,19,1.8421052631578947,4,42.0,12.894736842105264,Healthy
90145,SILVER HOOP EARRINGS WITH FLOWER,48,293.81,28,1.7142857142857142,8,84.0,12.0,Healthy
90146,FINE SILVER NECKLACE W PASTEL FLOWE,24,181.14,12,2.0,4,42.0,14.0,Healthy
90147,CHUNKY SILVER NECKLACE PASTEL FLOWE,61,613.4399999999999,35,1.7428571428571429,5,52.5,12.2,Healthy
90148,LONG SILVER NECKLACE PASTEL FLOWER,19,242.25,12,1.5833333333333333,3,31.5,11.083333333333332,Healthy
90149,SILVER FLOWR PINK SHELL NECKLACE,9,67.5,5,1.8,3,31.5,12.6,Restock Soon
90150,BLUE SHELL+SILVER NECKLACE,13,97.5,8,1.625,3,31.5,11.375,Healthy
90151,SILVER/NATURAL SHELL NECKLACE,13,110.67,7,1.8571428571428572,4,42.0,13.0,Healthy
90152A,SILVER/NAT SHELL NECKLACE W PENDANT,2,11.58,2,1.0,1,10.5,7.0,Restock Soon
90152B,BLUE/GREEN SHELL NECKLACE W PENDANT,5,29.75,4,1.25,2,21.0,8.75,Restock Soon
90152C,BLUE/NAT SHELL NECKLACE W PENDANT,6,35.7,3,2.0,3,31.5,14.0,Restock Soon
90154,LAZER CUT NECKLACE W PASTEL BEADS,2,17.9,2,1.0,1,10.5,7.0,Restock Soon
90155,RESIN NECKLACE W PASTEL BEADS,21,158.54,14,1.5,4,42.0,10.5,Healthy
90156,RESIN BRACELET W PASTEL BEADS,21,117.57000000000001,11,1.9090909090909092,6,63.0,13.363636363636363,Healthy
90157,RIVIERA NECKLACE,43,213.69,19,2.263157894736842,6,63.0,15.842105263157894,Healthy
90158,ST TROPEZ NECKLACE,34,172.38,30,1.1333333333333333,3,31.5,7.933333333333334,Healthy
90159,COTE D'AZURE NECKLACE,32,158.79000000000002,15,2.1333333333333333,6,63.0,14.933333333333334,Healthy
90160A,PURPLE BOUDICCA LARGE BRACELET,14,97.57000000000001,10,1.4,3,31.5,9.799999999999999,Healthy
90160B,RED BOUDICCA LARGE BRACELET,41,281.19,17,2.411764705882353,10,105.0,16.88235294117647,Healthy
90160C,TURQ+RED BOUDICCA LARGE BRACELET,44,307.18,20,2.2,10,105.0,15.400000000000002,Healthy
90160D,PINK BOUDICCA LARGE BRACELET,38,264.52000000000004,13,2.923076923076923,10,105.0,20.46153846153846,Healthy
90161A,ANT COPPER RED BOUDICCA BRACELET,49,245.32,25,1.96,10,105.0,13.719999999999999,Healthy
90161B,ANT COPPER TURQ BOUDICCA BRACELET,74,371.55,41,1.8048780487804879,10,105.0,12.634146341463415,Healthy
90161C,ANT COPPER LIME BOUDICCA BRACELET,87,436.26,51,1.7058823529411764,10,105.0,11.941176470588236,Healthy
90161D,ANT COPPER PINK BOUDICCA BRACELET,77,383.9,43,1.7906976744186047,10,105.0,12.534883720930234,Healthy
90162A,ANT SILVER TURQUOISE BOUDICCA RING,24,70.80000000000001,10,2.4,6,63.0,16.8,Healthy
90162B,ANT SILVER LIME GREEN BOUDICCA RING,29,85.55000000000001,11,2.6363636363636362,6,63.0,18.454545454545453,Healthy
90162C,ANT SILVER FUSCHIA BOUDICCA RING,28,82.60000000000001,9,3.111111111111111,6,63.0,21.77777777777778,Healthy
90162D,ANT SILVER PURPLE BOUDICCA RING,20,59.0,10,2.0,6,63.0,14.0,Healthy
90163A,PINK ROSEBUD & PEARL NECKLACE,25,190.39000000000001,15,1.6666666666666667,6,63.0,11.666666666666668,Healthy
90163B,WHITE ROSEBUD & PEARL NECKLACE,6,45.73,4,1.5,2,21.0,10.5,Restock Soon
90164A,PINK ROSEBUD PEARL BRACELET,13,99.72,11,1.1818181818181819,2,21.0,8.272727272727273,Healthy
90164B,WHITE  ROSEBUD PEARL BRACELET,29,221.96,20,1.45,3,31.5,10.15,Healthy
90165A,PINK ROSEBUD PEARL EARRINGS,26,66.51,12,2.1666666666666665,6,63.0,15.166666666666666,Healthy
90165B,WHITE ROSEBUD  PEARL EARRINGS,33,84.22,17,1.9411764705882353,6,63.0,13.588235294117647,Healthy
90166,PINK & WHITE ROSEBUD RING,20,85.14,17,1.1764705882352942,3,31.5,8.23529411764706,Healthy
90167,BEADED LOVE HEART JEWELLERY SET,2197,1801.17,111,19.792792792792792,288,3024.0,138.54954954954954,Healthy
90168,2 DAISIES HAIR COMB,25,74.16000000000001,13,1.9230769230769231,6,63.0,13.461538461538462,Healthy
90169,DAISY HAIR COMB,23,58.65,14,1.6428571428571428,6,63.0,11.5,Healthy
90170,DAISY HAIR BAND,66,110.94,37,1.7837837837837838,12,126.0,12.486486486486486,Healthy
90171,DAISY RING,47,59.65,27,1.7407407407407407,8,84.0,12.185185185185185,Healthy
90173,PAIR BUTTERFLY HAIR CLIPS,57,216.54,38,1.5,6,63.0,10.5,Healthy
90174,BUTTERFLY HAIR BAND,13,33.24,12,1.0833333333333333,2,21.0,7.583333333333333,Healthy
90175A,WHITE GLASS CHUNKY CHARM BRACELET,81,727.77,38,2.1315789473684212,12,126.0,14.921052631578949,Healthy
90175B,PINK GLASS CHUNKY CHARM BRACELET,27,240.51,19,1.4210526315789473,6,63.0,9.947368421052632,Healthy
90175C,BLUE GLASS CHUNKY CHARM BRACELET,30,270.3,16,1.875,6,63.0,13.125,Healthy
90175D,TIGRIS EYE CHUNKY CHARM BRACELET,37,335.68,22,1.6818181818181819,6,63.0,11.772727272727273,Healthy
90176A,CLASSIC DIAMANTE NECKLACE JET,7,53.4,5,1.4,2,21.0,9.799999999999999,Restock Soon
90176B,DIAMANTE NECKLACE BLACK ,1,7.5,1,1.0,1,10.5,7.0,Restock Soon
90176C,DIAMANTE NECKLACE,7,53.68,4,1.75,3,31.5,12.25,Restock Soon
90176D,DIAMANTE NECKLACE PURPLE,4,30.31,3,1.3333333333333333,2,21.0,9.333333333333332,Restock Soon
90177A,CLASSIC DIAMANTE EARRINGS JET,5,14.79,5,1.0,1,10.5,7.0,Restock Soon
90177B,DROP DIAMANTE EARRINGS BLACK DIAMON,17,50.370000000000005,12,1.4166666666666667,6,63.0,9.916666666666668,Healthy
90177C,DROP DIAMANTE EARRINGS CRYSTAL,14,41.67,13,1.0769230769230769,2,21.0,7.538461538461538,Healthy
90177D,DROP DIAMANTE EARRINGS PURPLE,23,68.15,13,1.7692307692307692,6,63.0,12.384615384615383,Healthy
90177E,DROP DIAMANTE EARRINGS GREEN,15,44.589999999999996,14,1.0714285714285714,2,21.0,7.5,Healthy
90178A,AMBER CHUNKY GLASS+BEAD NECKLACE,21,251.06,15,1.4,4,42.0,9.799999999999999,Healthy
90178B,PURPLE CHUNKY GLASS+BEAD NECKLACE,15,179.45999999999998,10,1.5,3,31.5,10.5,Healthy
90179A,AMBER FINE BEAD NECKLACE W TASSEL,6,35.690000000000005,4,1.5,3,31.5,10.5,Restock Soon
90179B,PURPLE FINE BEAD NECKLACE W TASSEL,8,47.72,6,1.3333333333333333,2,21.0,9.333333333333332,Restock Soon
90179C,BLACK FINE BEAD NECKLACE W TASSEL,14,83.29,11,1.2727272727272727,2,21.0,8.909090909090908,Healthy
90180A,BLACK+WHITE NECKLACE W TASSEL,28,279.34999999999997,20,1.4,6,63.0,9.799999999999999,Healthy
90180B,PURPLE AMETHYST NECKLACE W TASSEL,13,130.07,9,1.4444444444444444,2,21.0,10.11111111111111,Healthy
90181A,AMBER GLASS/SHELL/PEARL NECKLACE,7,64.6,7,1.0,1,10.5,7.0,Healthy
90181B,AMETHYST GLASS/SHELL/PEARL NECKLACE,12,112.32,12,1.0,1,10.5,7.0,Healthy
90181C,BLACK GLASS/SHELL/PEARL NECKLACE,4,37.78,4,1.0,1,10.5,7.0,Restock Soon
90182A,AMBER 3 BEAD DROP EARRINGS,1,2.96,1,1.0,1,10.5,7.0,Restock Soon
90182B,AMETHYST 3 BEAD DROP EARRINGS,1,3.03,1,1.0,1,10.5,7.0,Restock Soon
90182C,BLACK 3 BEAD DROP EARRINGS,5,14.780000000000001,4,1.25,2,21.0,8.75,Restock Soon
90183A,AMBER DROP EARRINGS W LONG BEADS,14,41.370000000000005,9,1.5555555555555556,6,63.0,10.88888888888889,Healthy
90183B,AMETHYST DROP EARRINGS W LONG BEADS,8,23.81,8,1.0,1,10.5,7.0,Healthy
90183C,BLACK DROP EARRINGS W LONG BEADS,4,11.969999999999999,4,1.0,1,10.5,7.0,Restock Soon
90184A,AMBER CHUNKY BEAD BRACELET W STRAP,34,307.84,17,2.0,5,52.5,14.0,Healthy
90184B,AMETHYST CHUNKY BEAD BRACELET W STR,41,372.28999999999996,27,1.5185185185185186,5,52.5,10.62962962962963,Healthy
90184C,BLACK CHUNKY BEAD BRACELET W STRAP,52,470.71,33,1.5757575757575757,6,63.0,11.03030303030303,Healthy
90185A,AMBER DIAMANTE EXPANDABLE RING,25,106.5,14,1.7857142857142858,6,63.0,12.5,Healthy
90185B,AMETHYST DIAMANTE EXPANDABLE RING,45,191.66,23,1.9565217391304348,9,94.5,13.695652173913043,Healthy
90185C,BLACK DIAMANTE EXPANDABLE RING,42,178.86,25,1.68,6,63.0,11.76,Healthy
90185D,CRYSTAL DIAMANTE EXPANDABLE RING,37,157.45,26,1.4230769230769231,6,63.0,9.961538461538462,Healthy
90186A,AMETHYST HOOP EARRING FLORAL LEAF,59,174.52,25,2.36,9,94.5,16.52,Healthy
90186B,CRYSTAL HOOP EARRING FLORAL LEAF,36,106.64000000000001,17,2.1176470588235294,6,63.0,14.823529411764707,Healthy
90187A,BLUE DROP EARRINGS W BEAD CLUSTER,7,23.720000000000002,6,1.1666666666666667,2,21.0,8.166666666666668,Restock Soon
90187B,GREEN DROP EARRINGS W BEAD CLUSTER,10,33.96,8,1.25,2,21.0,8.75,Healthy
90188,DROP EARRINGS W FLOWER & LEAF,15,38.46,14,1.0714285714285714,2,21.0,7.5,Healthy
90189A,SILVER 2 STRAND NECKLACE-LEAF CHARM,9,67.64,6,1.5,2,21.0,10.5,Restock Soon
90189B,GOLD 2 STRAND NECKLACE-LEAF CHARMS,3,22.5,2,1.5,2,21.0,10.5,Restock Soon
90190A,SILVER/CRYSTAL DROP EARRINGS W LEAF,28,82.83000000000001,21,1.3333333333333333,3,31.5,9.333333333333332,Healthy
90190B,GOLD/AMBER DROP EARRINGS W LEAF,32,94.4,8,4.0,13,136.5,28.0,Healthy
90190C,SILVER/AMETHYST DROP EARRINGS LEAF,38,112.27000000000001,20,1.9,9,94.5,13.299999999999999,Healthy
90191,SILVER LARIAT 40CM,14,178.78,11,1.2727272727272727,4,42.0,8.909090909090908,Healthy
90192,JADE DROP EARRINGS W FILIGREE,55,275.21,31,1.7741935483870968,6,63.0,12.419354838709678,Healthy
90194,SILVER LARIAT BLACK STONE EARRINGS,17,72.21,12,1.4166666666666667,4,42.0,9.916666666666668,Healthy
90195A,PURPLE GEMSTONE BRACELET,56,507.10999999999996,36,1.5555555555555556,4,42.0,10.88888888888889,Healthy
90195B,BLACK GEMSTONE BRACELET,50,448.60999999999996,24,2.0833333333333335,8,84.0,14.583333333333334,Healthy
90196A,PURPLE GEMSTONE NECKLACE 45CM,16,204.0,8,2.0,4,42.0,14.0,Healthy
90196B,BLACK GEMSTONE NECKLACE 45CM,15,191.25,10,1.5,3,31.5,10.5,Healthy
90197B,BLACK GLASS BRACELET W HEART CHARMS,29,147.79,24,1.2083333333333333,3,31.5,8.458333333333332,Healthy
90197D,AMBER GLASS BRACELET HEART CHARMS,9,44.550000000000004,4,2.25,4,42.0,15.75,Restock Soon
90198A,VINTAGE ROSE BEAD BRACELET RASPBERR,70,297.94,41,1.7073170731707317,6,63.0,11.951219512195122,Healthy
90198B,VINTAGE ROSE BEAD BRACELET BLACK,69,293.75,33,2.090909090909091,6,63.0,14.636363636363637,Healthy
90199A,5 STRAND GLASS NECKLACE BLACK,14,88.94,12,1.1666666666666667,2,21.0,8.166666666666668,Healthy
90199B,5 STRAND GLASS NECKLACE AMETHYST,28,178.39,24,1.1666666666666667,3,31.5,8.166666666666668,Healthy
90199C,5 STRAND GLASS NECKLACE CRYSTAL,86,503.09999999999997,22,3.909090909090909,50,525.0,27.363636363636363,Healthy
90199D,5 STRAND GLASS NECKLACE AMBER,16,101.66,10,1.6,6,63.0,11.200000000000001,Healthy
90200A,PURPLE SWEETHEART BRACELET,104,442.47,54,1.9259259259259258,12,126.0,13.481481481481481,Healthy
90200B,BLACK SWEETHEART BRACELET,92,391.12,38,2.4210526315789473,12,126.0,16.94736842105263,Healthy
90200C,BLUE SWEETHEART BRACELET,161,684.41,76,2.1184210526315788,12,126.0,14.828947368421051,Healthy
90200D,PINK SWEETHEART BRACELET,160,680.9,77,2.0779220779220777,12,126.0,14.545454545454543,Healthy
90200E,GREEN SWEETHEART BRACELET,110,467.54,50,2.2,12,126.0,15.400000000000002,Healthy
90201A,PURPLE ENAMEL FLOWER RING,61,180.33,26,2.3461538461538463,6,63.0,16.423076923076923,Healthy
90201B,BLACK ENAMEL FLOWER RING,70,207.33,33,2.121212121212121,6,63.0,14.848484848484848,Healthy
90201C,RED ENAMEL FLOWER RING,56,165.52,25,2.24,6,63.0,15.680000000000001,Healthy
90201D,GREEN ENAMEL FLOWER RING,57,168.49,27,2.111111111111111,6,63.0,14.777777777777779,Healthy
90202A,PURPLE ENAMEL FLOWER HAIR TIE,9,26.62,8,1.125,2,21.0,7.875,Healthy
90202B,WHITE ENAMEL FLOWER HAIR TIE,7,20.84,6,1.1666666666666667,2,21.0,8.166666666666668,Restock Soon
90202C,GREEN ENAMEL FLOWER HAIR TIE,12,35.71,12,1.0,1,10.5,7.0,Healthy
90202D,PINK ENAMEL FLOWER HAIR TIE,26,77.03000000000002,13,2.0,12,126.0,14.0,Healthy
90203,SILVER CHARM NECKLACE 70CM,71,534.27,34,2.088235294117647,6,63.0,14.61764705882353,Healthy
90204,PAIR OF ENAMEL BUTTERFLY HAIRCLIP,22,74.95,20,1.1,2,21.0,7.700000000000001,Healthy
90205A,LARGE MINT DIAMANTE HAIRSLIDE,11,18.71,8,1.375,3,31.5,9.625,Healthy
90205C,LARGE CRYSTAL DIAMANTE HAIRSLIDE,49,74.10000000000001,9,5.444444444444445,36,378.0,38.111111111111114,Healthy
90206A,GOLD DIAMANTE STAR BROOCH,4,19.8,3,1.3333333333333333,2,21.0,9.333333333333332,Restock Soon
90206C,CRYSTAL DIAMANTE STAR BROOCH,36,182.97,27,1.3333333333333333,3,31.5,9.333333333333332,Healthy
90208,PAIR OF ENAMEL FLOWER CLUSTER SLIDE,105,251.59,30,3.5,36,378.0,24.5,Healthy
90208,PAIR OF PINK FLOWER CLUSTER SLIDE,3,7.62,3,1.0,1,10.5,7.0,Restock Soon
90209A,PURPLE ENAMEL+GLASS HAIR COMB,89,161.7,6,14.833333333333334,36,378.0,103.83333333333334,Restock Soon
90209B,GREEN ENAMEL+GLASS HAIR COMB,205,394.01,48,4.270833333333333,72,756.0,29.895833333333332,Healthy
90209C,PINK ENAMEL+GLASS HAIR COMB,139,280.29,37,3.7567567567567566,36,378.0,26.297297297297295,Healthy
90210A,GREY ACRYLIC FACETED BANGLE,54,149.79000000000002,11,4.909090909090909,24,252.0,34.36363636363637,Healthy
90210B,CLEAR ACRYLIC FACETED BANGLE,64,179.34000000000003,20,3.2,24,252.0,22.400000000000002,Healthy
90210C,RED   ACRYLIC FACETED BANGLE,20,59.010000000000005,5,4.0,10,105.0,28.0,Restock Soon
90210D,PURPLE ACRYLIC FACETED BANGLE,35,103.68,15,2.3333333333333335,10,105.0,16.333333333333336,Healthy
90211A,DIAMOND LAS VEGAS NECKLACE 45CM,19,113.42000000000002,15,1.2666666666666666,2,21.0,8.866666666666667,Healthy
90211B,JET BLACK LAS VEGAS NECKLACE 45CM,30,178.73000000000002,22,1.3636363636363635,3,31.5,9.545454545454545,Healthy
90212B,JET BLACK LAS VEGAS BRACELET ROUND,31,117.51,22,1.4090909090909092,3,31.5,9.863636363636363,Healthy
90212C,PURPLE LAS VEGAS BRACELET ROUND,11,41.25,5,2.2,3,31.5,15.400000000000002,Restock Soon
90214A,"LETTER ""A"" BLING KEY RING",89,107.09,51,1.7450980392156863,12,126.0,12.215686274509803,Healthy
90214B,"LETTER ""B"" BLING KEY RING",43,52.21,21,2.0476190476190474,12,126.0,14.333333333333332,Healthy
90214C,"LETTER ""C"" BLING KEY RING",85,99.51,41,2.073170731707317,12,126.0,14.512195121951219,Healthy
90214D,"LETTER ""D"" BLING KEY RING",35,43.47,21,1.6666666666666667,12,126.0,11.666666666666668,Healthy
90214E,"LETTER ""E"" BLING KEY RING",76,91.17999999999999,41,1.853658536585366,12,126.0,12.975609756097562,Healthy
90214F,"LETTER ""F"" BLING KEY RING",19,22.55,14,1.3571428571428572,5,52.5,9.5,Healthy
90214G,"LETTER ""G"" BLING KEY RING",44,56.38,21,2.0952380952380953,12,126.0,14.666666666666668,Healthy
90214H,"LETTER ""H"" BLING KEY RING",40,45.2,28,1.4285714285714286,5,52.5,10.0,Healthy
90214I,"LETTER ""I"" BLING KEY RING",26,33.08,16,1.625,9,94.5,11.375,Healthy
90214J,"LETTER ""J"" BLING KEY RING",91,109.31,50,1.82,12,126.0,12.74,Healthy
90214K,"LETTER ""K"" BLING KEY RING",79,100.65,48,1.6458333333333333,12,126.0,11.520833333333332,Healthy
90214L,"LETTER ""L"" BLING KEY RING",85,103.57,33,2.5757575757575757,12,126.0,18.03030303030303,Healthy
90214M,"LETTER ""M"" BLING KEY RING",85,96.35,39,2.1794871794871793,12,126.0,15.256410256410255,Healthy
90214N,"LETTER ""N"" BLING KEY RING",40,49.72,21,1.9047619047619047,12,126.0,13.333333333333332,Healthy
90214O,"LETTER ""O"" BLING KEY RING",21,25.45,14,1.5,4,42.0,10.5,Healthy
90214P,"LETTER ""P"" BLING KEY RING",41,48.91,19,2.1578947368421053,12,126.0,15.105263157894736,Healthy
90214R,"LETTER ""R"" BLING KEY RING",55,69.97,28,1.9642857142857142,12,126.0,13.75,Healthy
90214S,"LETTER ""S"" BLING KEY RING",96,116.64,50,1.92,12,126.0,13.44,Healthy
90214T,"LETTER ""T"" BLING KEY RING",33,42.11,13,2.5384615384615383,12,126.0,17.769230769230766,Healthy
90214U,"LETTER ""U"" BLING KEY RING",1,1.25,1,1.0,1,10.5,7.0,Restock Soon
90214V,"LETTER ""V"" BLING KEY RING",14,15.1,12,1.1666666666666667,2,21.0,8.166666666666668,Healthy
90214W,"LETTER ""W"" BLING KEY RING",3,3.35,3,1.0,1,10.5,7.0,Restock Soon
90214Y,"LETTER ""Y"" BLING KEY RING",3,3.35,3,1.0,1,10.5,7.0,Restock Soon
90214Z,"LETTER ""Z"" BLING KEY RING",10,10.5,9,1.1111111111111112,2,21.0,7.777777777777779,Healthy
ADJUST,Adjustment by john on 26/01/2010 16,20,2334.43,20,1.4285714285714286,4,42.0,10.0,Healthy
ADJUST,Adjustment by john on 26/01/2010 17,16,6563.5,16,1.1428571428571428,2,21.0,8.0,Healthy
ADJUST2,Adjustment by Peter on Jun 25 2010 ,3,731.0500000000001,3,3.0,3,31.5,21.0,Restock Soon
AMAZONFEE,AMAZON FEE,2,20248.04,2,1.0,1,10.5,7.0,Restock Soon
BANK CHARGES, Bank Charges,2,30.0,2,1.0,1,10.5,7.0,Restock Soon
BANK CHARGES,Bank Charges,21,339.24,21,1.0,1,10.5,7.0,Healthy
C2,CARRIAGE,131,6625.0,131,1.0,1,10.5,7.0,Overstock
D,Discount,196,397.89,5,39.2,192,2016.0,274.40000000000003,Restock Soon
DCGS0003,BOXED GLASS ASHTRAY,9,22.65,9,1.0,1,10.5,7.0,Healthy
DCGS0004,HAYNES CAMPER SHOULDER BAG,3,51.31,3,1.0,1,10.5,7.0,Restock Soon
DCGS0037,KEY-RING CORKSCREW,1,12.72,1,1.0,1,10.5,7.0,Restock Soon
DCGS0041,HAYNES MINI-COOPER PLAYING CARDS,1,5.06,1,1.0,1,10.5,7.0,Restock Soon
DCGS0044,HANDZ-OFF CAR FRESHENER,1,2.57,1,1.0,1,10.5,7.0,Restock Soon
DCGS0058,MISO PRETTY  GUM,42,34.82,30,1.4,6,63.0,9.799999999999999,Healthy
DCGS0062,ROAD-RAGE CAR FRESHENER,1,2.51,1,1.0,1,10.5,7.0,Restock Soon
DCGS0066N,NAVY CUDDLES DOG HOODIE,2,17.3,2,1.0,1,10.5,7.0,Restock Soon
DCGS0068,DOGS NIGHT COLLAR,2,17.12,2,1.0,1,10.5,7.0,Restock Soon
DCGS0069,OOH LA LA DOGS COLLAR,4,64.52,4,1.0,1,10.5,7.0,Restock Soon
DCGS0070,CAMOUFLAGE DOG COLLAR,1,12.72,1,1.0,1,10.5,7.0,Restock Soon
DCGS0072,CAT CAMOUFLAGUE COLLAR,4,20.68,3,1.3333333333333333,2,21.0,9.333333333333332,Restock Soon
DCGS0075,CAMOUFLAGUE DOG LEAD,1,12.72,1,1.0,1,10.5,7.0,Restock Soon
DCGS0076,SUNJAR LED NIGHT NIGHT LIGHT,15,243.7,13,1.1538461538461537,2,21.0,8.076923076923077,Healthy
DCGSSBOY,BOYS PARTY BAG,30,100.8,10,3.0,7,73.5,21.0,Healthy
DCGSSGIRL,GIRLS PARTY BAG,45,151.2,10,4.5,12,126.0,31.5,Healthy
DOT,DOTCOM POSTAGE,730,116408.71,730,1.1550632911392404,4,42.0,8.085443037974683,Overstock
M,Manual,2764,262577.36,512,5.3984375,144,1512.0,37.7890625,Healthy
PADS,PADS TO MATCH ALL CUSHIONS,14,0.014,14,1.0,1,10.5,7.0,Healthy
POST,POSTAGE,2310,49477.54,759,3.0555555555555554,34,357.0,21.388888888888886,Overstock
S,SAMPLES,1,73.8,1,1.0,1,10.5,7.0,Restock Soon
SP1002,KID'S CHALKBOARD/EASEL,5,14.75,2,2.5,4,42.0,17.5,Restock Soon
TEST001,This is a test product.,50,225.0,9,5.555555555555555,10,105.0,38.888888888888886,Healthy
TEST002,This is a test product.,1,1.0,1,1.0,1,10.5,7.0,Restock Soon
gift_0001_10,Dotcomgiftshop Gift Voucher £10.00,6,51.239999999999995,6,1.0,1,10.5,7.0,Restock Soon
gift_0001_20,Dotcomgiftshop Gift Voucher £20.00,18,304.01,17,1.0588235294117647,2,21.0,7.411764705882353,Healthy
gift_0001_30,Dotcomgiftshop Gift Voucher £30.00,17,434.56,17,1.0,1,10.5,7.0,Healthy
gift_0001_40,Dotcomgiftshop Gift Voucher £40.00,2,65.39,2,1.0,1,10.5,7.0,Restock Soon
gift_0001_50,Dotcomgiftshop Gift Voucher £50.00,2,86.03,2,1.0,1,10.5,7.0,Restock Soon
gift_0001_70,Dotcomgiftshop Gift Voucher £70.00,1,59.57,1,1.0,1,10.5,7.0,Restock Soon
gift_0001_80,Dotcomgiftshop Gift Voucher £80.00,1,69.56,1,1.0,1,10.5,7.0,Restock Soon
m,Manual,4,12.5,3,1.3333333333333333,2,21.0,9.333333333333332,Restock Soon
