StockCode,Description,Inventory_Status
M,Manual,Healthy
22423,REGENCY CAKESTAND 3 TIER,Overstock
85123A,WHITE HANGING HEART T-LIGHT HOLDER,Overstock
DOT,DOTCOM POSTAGE,Overstock
84879,ASSORTED COLOUR BIRD ORNAMENT,Healthy
22086,PAPER CHAIN KIT 50'S CHRISTMAS ,Healthy
85099B,JUMBO BAG RED RETROSPOT,Overstock
47566,PARTY BUNTING,Overstock
POST,POSTAGE,Overstock
84347,ROTATING SILVER ANGELS T-LIGHT HLDR,Healthy
15056N,EDWARDIAN PARASOL NATURAL,Healthy
21621,VINTAGE UNION JACK BUNTING,Healthy
85099F,JUMBO BAG STRAWBERRY,Overstock
21232,STRAWBERRY CERAMIC TRINKET BOX,Overstock
85099C,JUMBO  BAG BAROQUE BLACK WHITE,Overstock
15056BL,EDWARDIAN PARASOL BLACK,Healthy
21931,JUMBO STORAGE BAG SUKI,Overstock
22189,CREAM HEART CARD HOLDER,Healthy
79321,CHILLI LIGHTS,Overstock
21754,HOME BUILDING BLOCK WORD,Overstock
22114,HOT WATER BOTTLE TEA AND SYMPATHY,Overstock
20725,LUNCH BAG RED SPOTTY,Overstock
22411,JUMBO SHOPPER VINTAGE RED PAISLEY,Overstock
21623,VINTAGE UNION JACK MEMOBOARD,Healthy
22910,PAPER CHAIN KIT VINTAGE CHRISTMAS,Overstock
20914,SET/5 RED SPOTTY LID GLASS BOWLS,Healthy
21137,BLACK RECORD COVER FRAME,Healthy
21843,RED RETROSPOT CAKE STAND,Healthy
21733,RED HANGING HEART T-LIGHT HOLDER,Overstock
22112,CHOCOLATE HOT WATER BOTTLE,Overstock
84078A,SET/4 WHITE RETRO STORAGE CUBES ,Healthy
22111,SCOTTIE DOG HOT WATER BOTTLE,Overstock
21929,JUMBO BAG PINK VINTAGE PAISLEY,Overstock
22197,SMALL POPCORN HOLDER,Healthy
82484,WOOD BLACK BOARD ANT WHITE FINISH,Healthy
22386,JUMBO BAG PINK WITH WHITE SPOTS,Overstock
21928,JUMBO BAG SCANDINAVIAN PAISLEY,Overstock
71477,COLOUR GLASS. STAR T-LIGHT HOLDER,Healthy
22470,HEART OF WICKER LARGE,Overstock
21731,RED TOADSTOOL LED NIGHT LIGHT,Overstock
84029E,RED WOOLLY HOTTIE WHITE HEART.,Healthy
37503,TEA TIME CAKE STAND IN GIFT BOX,Healthy
84946,ANTIQUE SILVER TEA GLASS ETCHED,Overstock
82494L,WOODEN FRAME ANTIQUE WHITE ,Overstock
85099B,JUMBO BAG RED WHITE SPOTTY ,Overstock
22090,PAPER BUNTING RETRO SPOTS,Healthy
48138,DOOR MAT UNION FLAG,Healthy
21212,PACK OF 72 RETRO SPOT CAKE CASES,Overstock
20727,LUNCH BAG  BLACK SKULL.,Healthy
21755,LOVE BUILDING BLOCK WORD,Overstock
21181,PLEASE ONE PERSON METAL SIGN,Overstock
22138,BAKING SET 9 PIECE RETROSPOT ,Healthy
22139,RETRO SPOT TEA SET CERAMIC 11 PC ,Overstock
22083,PAPER CHAIN KIT RETRO SPOT,Healthy
22328,ROUND SNACK BOXES SET OF 4 FRUITS ,Healthy
20728,LUNCH BAG CARS BLUE,Healthy
22188,BLACK HEART CARD HOLDER,Healthy
22383,LUNCH BAG SUKI  DESIGN ,Overstock
82486,WOOD S/3 CABINET ANT WHITE FINISH,Overstock
20679,EDWARDIAN PARASOL RED,Healthy
20726,LUNCH BAG WOODLAND,Healthy
22457,NATURAL SLATE HEART CHALKBOARD ,Overstock
22326,ROUND SNACK BOXES SET OF4 WOODLAND ,Healthy
AMAZONFEE,AMAZON FEE,Restock Soon
22178,VICTORIAN GLASS HANGING T-LIGHT,Healthy
22379,RECYCLING BAG RETROSPOT ,Healthy
72741,GRAND CHOCOLATECANDLE,Overstock
82482,WOODEN PICTURE FRAME WHITE FINISH,Overstock
22469,HEART OF WICKER SMALL,Overstock
22158,3 HEARTS HANGING DECORATION RUSTIC,Healthy
21915,RED  HARMONICA IN BOX ,Healthy
20713,JUMBO BAG OWLS,Overstock
22622,BOX OF VINTAGE ALPHABET BLOCKS,Healthy
84991,60 TEATIME FAIRY CAKE CASES,Overstock
21622,VINTAGE UNION JACK CUSHION COVER,Healthy
37449,CERAMIC CAKE STAND + HANGING CAKES,Healthy
21166,COOK WITH WINE METAL SIGN ,Healthy
47590B,PINK HAPPY BIRTHDAY BUNTING,Healthy
84467,ENGLISH ROSE DESIGN QUILTED THROW,Healthy
48138,DOORMAT UNION FLAG,Healthy
21175,GIN + TONIC DIET METAL SIGN,Healthy
84836,ZINC METAL HEART DECORATION,Overstock
48194,DOORMAT HEARTS,Healthy
21231,SWEETHEART CERAMIC TRINKET BOX,Overstock
85066,CREAM SWEETHEART MINI CHEST,Healthy
22734,SET OF 6 RIBBONS VINTAGE CHRISTMAS,Healthy
21258,VICTORIAN SEWING BOX LARGE,Overstock
21843,RETRO SPOT CAKE STAND,Healthy
22752,SET 7 BABUSHKA NESTING BOXES,Healthy
71459,HANGING JAM JAR T-LIGHT HOLDER,Healthy
21977,PACK OF 60 PINK PAISLEY CAKE CASES,Overstock
84406B,CREAM CUPID HEARTS COAT HANGER,Overstock
85152,HAND OVER THE CHOCOLATE   SIGN ,Overstock
22866,HAND WARMER SCOTTY DOG DESIGN,Overstock
20972,PINK CREAM FELT CRAFT TRINKET BOX ,Overstock
20712,JUMBO BAG WOODLAND ANIMALS,Healthy
20685,DOOR MAT RED SPOT,Healthy
84029G,KNITTED UNION FLAG HOT WATER BOTTLE,Overstock
84997D,PINK 3 PIECE MINI DOTS CUTLERY SET,Healthy
22385,JUMBO BAG SPACEBOY DESIGN,Overstock
22865,HAND WARMER OWL DESIGN,Overstock
21481,FAWN BLUE HOT WATER BOTTLE,Healthy
21314,SMALL GLASS HEART TRINKET POT,Healthy
22867,HAND WARMER BIRD DESIGN,Overstock
85014B,RED/WHITE DOTS RUFFLED UMBRELLA,Healthy
84997B,RED 3 PIECE MINI DOTS CUTLERY SET,Overstock
22585,PACK OF 6 BIRDY GIFT TAGS,Overstock
22382,LUNCH BAG SPACEBOY DESIGN ,Overstock
20711,JUMBO BAG TOYS ,Healthy
35004C,SET OF 3 COLOURED  FLYING DUCKS,Healthy
20971,PINK BLUE FELT CRAFT TRINKET BOX,Healthy
22061,LARGE CAKE STAND  HANGING STRAWBERY,Healthy
22077,6 RIBBONS RUSTIC CHARM,Overstock
84755,COLOUR GLASS T-LIGHT HOLDER HANGING,Healthy
82483,WOOD 2 DRAWER CABINET WHITE FINISH,Overstock
47566B,TEA TIME PARTY BUNTING,Healthy
21217,RED SPOTTY ROUND CAKE TINS,Overstock
15036,ASSORTED COLOURS SILK FAN,Healthy
84997C,BLUE 3 PIECE MINI DOTS CUTLERY SET,Healthy
22149,FELTCRAFT 6 FLOWER FRIENDS,Overstock
84970S,HANGING HEART ZINC T-LIGHT HOLDER,Overstock
22384,LUNCH BAG PINK RETROSPOT,Overstock
22294,HEART FILIGREE DOVE  SMALL,Overstock
47590A,BLUE HAPPY BIRTHDAY BUNTING,Healthy
21479,WHITE SKULL HOT WATER BOTTLE ,Overstock
35400,WOODEN BOX ADVENT CALENDAR ,Overstock
21930,JUMBO STORAGE BAG SKULLS,Overstock
21527,RED RETROSPOT TRADITIONAL TEAPOT ,Healthy
79323P,PINK CHERRY LIGHTS,Overstock
22087,PAPER BUNTING WHITE LACE,Overstock
20748,KENSINGTON COFFEE SET,Healthy
22355,CHARLOTTE BAG SUKI DESIGN,Overstock
21791,VINTAGE HEADS AND TAILS CARD GAME ,Overstock
82600,NO SINGING METAL SIGN,Overstock
21213,PACK OF 72 SKULL CAKE CASES,Overstock
48187,DOOR MAT NEW ENGLAND,Healthy
22444,GROW YOUR OWN PLANT IN A CAN ,Healthy
21523,DOORMAT FANCY FONT HOME SWEET HOME,Healthy
22629,SPACEBOY LUNCH BOX ,Overstock
22551,PLASTERS IN TIN SPACEBOY,Healthy
22556,PLASTERS IN TIN CIRCUS PARADE ,Healthy
22837,HOT WATER BOTTLE BABUSHKA ,Healthy
22297,HEART IVORY TRELLIS SMALL,Overstock
22605,WOODEN CROQUET GARDEN SET,Healthy
22507,MEMO BOARD RETROSPOT  DESIGN,Healthy
72760B,VINTAGE CREAM 3 BASKET CAKE STAND,Healthy
85014A,BLACK/BLUE DOTS RUFFLED UMBRELLA,Healthy
22456,NATURAL SLATE CHALKBOARD LARGE ,Healthy
22630,DOLLY GIRL LUNCH BOX,Healthy
85042,ANTIQUE LILY FAIRY LIGHTS,Healthy
79323W, WHITE CHERRY LIGHTS,Overstock
21080,SET/20 RED SPOTTY PAPER NAPKINS ,Overstock
84978,HANGING HEART JAR T-LIGHT HOLDER,Overstock
84949,SILVER HANGING T-LIGHT HOLDER,Overstock
15044A,PINK PAPER PARASOL ,Healthy
21908,CHOCOLATE THIS WAY METAL SIGN,Healthy
21485,RED SPOT HEART HOT WATER BOTTLE,Overstock
21164,HOME SWEET HOME METAL SIGN ,Healthy
22624,IVORY KITCHEN SCALES,Overstock
21790,VINTAGE SNAP CARDS,Overstock
48185,DOOR MAT FAIRY CAKE,Healthy
20719,WOODLAND CHARLOTTE BAG,Overstock
22501,PICNIC BASKET WICKER LARGE,Healthy
84077,WORLD WAR 2 GLIDERS ASSTD DESIGNS,Healthy
82583,HOT BATHS METAL SIGN,Overstock
22492,MINI PAINT SET VINTAGE ,Healthy
85150,LADIES & GENTLEMEN METAL SIGN,Overstock
71053,WHITE METAL LANTERN,Overstock
22505,MEMO BOARD COTTAGE DESIGN,Healthy
22296,HEART IVORY TRELLIS LARGE,Overstock
21218,RED SPOTTY BISCUIT TIN,Overstock
21210,SET OF 72 RETRO SPOT PAPER  DOILIES,Overstock
84970L,SINGLE HEART ZINC T-LIGHT HOLDER,Overstock
84992,72 SWEETHEART FAIRY CAKE CASES,Healthy
85048,15CM CHRISTMAS GLASS BALL 20 LIGHTS,Overstock
22569,FELTCRAFT CUSHION BUTTERFLY,Healthy
84050,PINK HEART SHAPE EGG FRYING PAN,Healthy
48185,DOORMAT FAIRY CAKE,Healthy
21524,DOOR MAT SPOTTY HOME SWEET HOME,Healthy
22835,HOT WATER BOTTLE I AM SO POORLY,Overstock
48111,DOOR MAT 3 SMILEY CATS,Healthy
22607,WOODEN ROUNDERS GARDEN SET ,Overstock
22236,CAKE STAND 3 TIER MAGIC GARDEN,Overstock
22171,3 HOOK PHOTO SHELF ANTIQUE WHITE,Healthy
21484,CHICK GREY HOT WATER BOTTLE,Overstock
21174,POTTERING IN THE SHED METAL SIGN,Healthy
22617,BAKING SET SPACEBOY DESIGN,Healthy
22659,LUNCH BOX I LOVE LONDON,Healthy
22084,PAPER CHAIN KIT EMPIRE,Healthy
22570,FELTCRAFT CUSHION RABBIT,Healthy
48194,DOOR MAT HEARTS,Healthy
22606,WOODEN SKITTLES GARDEN SET,Healthy
22113,GREY HEART HOT WATER BOTTLE,Overstock
20724,RED SPOTTY CHARLOTTE BAG,Overstock
20749,ASSORTED COLOUR MINI CASES,Overstock
22467,GUMBALL COAT RACK,Healthy
22502,PICNIC BASKET WICKER SMALL,Overstock
22557,PLASTERS IN TIN VINTAGE PAISLEY ,Healthy
22198,LARGE POPCORN HOLDER ,Healthy
22561,WOODEN SCHOOL COLOURING SET,Overstock
22554,PLASTERS IN TIN WOODLAND ANIMALS,Healthy
21136,PAINTED METAL PEARS ASSORTED,Overstock
85232B,SET/3 RUSSIAN DOLL STACKING TINS,Healthy
84945,MULTI COLOUR SILVER T-LIGHT HOLDER,Healthy
48184,DOOR MAT ENGLISH ROSE ,Healthy
22625,RED KITCHEN SCALES,Overstock
22147,FELTCRAFT BUTTERFLY HEARTS,Healthy
48187,DOORMAT NEW ENGLAND,Healthy
21488,RED WHITE SCARF  HOT WATER BOTTLE,Healthy
22635,CHILDS BREAKFAST SET DOLLY GIRL ,Healthy
22169,FAMILY ALBUM WHITE PICTURE FRAME,Overstock
85099B,RED RETROSPOT JUMBO BAG ,Healthy
22381,TOY TIDY PINK RETROSPOT  ,Overstock
22633,HAND WARMER UNION JACK,Overstock
22295,HEART FILIGREE DOVE LARGE,Overstock
22699,ROSES REGENCY TEACUP AND SAUCER ,Healthy
21624,VINTAGE UNION JACK DOORSTOP,Healthy
21704,BAG 250g SWIRLY MARBLES,Healthy
21485,RETROSPOT HEART HOT WATER BOTTLE,Healthy
21975,PACK OF 60 DINOSAUR CAKE CASES,Healthy
20747,PICCADILLY TEA SET,Healthy
21877,HOME SWEET HOME MUG,Healthy
22271,FELTCRAFT DOLL ROSIE,Overstock
22499,WOODEN UNION JACK BUNTING,Overstock
21098,CHRISTMAS TOILET ROLL,Overstock
21777,RECIPE BOX WITH METAL HEART,Healthy
22634,CHILDS BREAKFAST SET SPACEBOY ,Healthy
22555,PLASTERS IN TIN STRONGMAN,Healthy
21735,TWO DOOR CURIO CABINET,Healthy
17003,BROCADE RING PURSE ,Healthy
22424,ENAMEL BREAD BIN CREAM,Healthy
22139,RETROSPOT TEA SET CERAMIC 11 PC ,Overstock
22413,METAL SIGN TAKE IT OR LEAVE IT ,Healthy
84947,ANTIQUE SILVER TEA GLASS ENGRAVED,Overstock
22941,CHRISTMAS LIGHTS 10 REINDEER,Healthy
22170,PICTURE FRAME WOOD TRIPLE PORTRAIT,Overstock
21094,SET/6 RED SPOTTY PAPER PLATES,Healthy
21889,WOODEN BOX OF DOMINOES,Overstock
20718,RED SPOTTY SHOPPER BAG,Healthy
22636,CHILDS BREAKFAST SET CIRCUS PARADE,Healthy
84839,SWEETHEART KEY CABINET,Healthy
21390,FILIGRIS HEART WITH BUTTERFLY,Overstock
22560,TRADITIONAL MODELLING CLAY,Overstock
21906,PHARMACIE FIRST AID TIN,Healthy
22487,WHITE WOOD GARDEN PLANT LADDER,Overstock
22652,TRAVEL SEWING KIT,Healthy
22568,FELTCRAFT CUSHION OWL,Overstock
22130,PARTY CONE CHRISTMAS DECORATION ,Healthy
20685,DOORMAT RED RETROSPOT,Healthy
21186,WHITE DOVE HONEYCOMB PAPER GARLAND,Overstock
79323LP,LIGHT PINK CHERRY LIGHTS,Healthy
22632,HAND WARMER RED RETROSPOT,Overstock
21524,DOORMAT SPOTTY HOME SWEET HOME,Healthy
48188,DOOR MAT WELCOME PUPPIES,Healthy
22946,WOODEN ADVENT CALENDAR CREAM,Overstock
21533,RETRO SPOT LARGE MILK JUG,Overstock
21165,BEWARE OF THE CAT METAL SIGN ,Healthy
22386,JUMBO BAG PINK POLKADOT,Healthy
47567B,TEA TIME KITCHEN APRON,Healthy
21429,RED GINGHAM ROSE JEWELLERY BOX,Healthy
21380,WOODEN HAPPY BIRTHDAY GARLAND,Healthy
22273,FELTCRAFT DOLL MOLLY,Healthy
21982,PACK OF 12 SUKI TISSUES ,Healthy
84880,WHITE WIRE EGG HOLDER,Healthy
48111,DOORMAT 3 SMILEY CATS,Healthy
22654,DELUXE SEWING KIT ,Healthy
21523,DOOR MAT FANCY FONT HOME SWEET HOME,Healthy
48188,DOORMAT WELCOME PUPPIES,Healthy
22468,BABUSHKA LIGHTS STRING OF 10,Overstock
22697,GREEN REGENCY TEACUP AND SAUCER,Overstock
22666,RECIPE BOX PANTRY YELLOW DESIGN,Overstock
22064,PINK DOUGHNUT TRINKET POT ,Healthy
85067,CREAM SWEETHEART WALL CABINET,Healthy
15056P,EDWARDIAN PARASOL PINK,Healthy
21868,POTTING SHED TEA MUG,Healthy
22940,FELTCRAFT CHRISTMAS FAIRY,Healthy
21340,CLASSIC METAL BIRDCAGE PLANT HOLDER,Healthy
20723,STRAWBERRY CHARLOTTE BAG,Overstock
21260,FIRST AID TIN,Healthy
20750,RED/WHITE DOT MINI CASES,Healthy
22366,DOORMAT AIRMAIL ,Healthy
22041,"RECORD FRAME 7"" SINGLE SIZE ",Healthy
22173,METAL 4 HOOK HANGER FRENCH CHATEAU,Healthy
21121,SET/10 RED SPOTTY PARTY CANDLES,Healthy
21936,RED RETROSPOT PICNIC BAG,Overstock
20828,GLITTER BUTTERFLY CLIPS,Healthy
21035,SET/2 RED SPOTTY TEA TOWELS ,Healthy
21769,VINTAGE POST OFFICE CABINET,Healthy
21527,RETRO SPOT TRADITIONAL TEAPOT ,Healthy
47570B,TEA TIME TABLE CLOTH,Healthy
21912,VINTAGE SNAKES & LADDERS,Healthy
22207,FRYING PAN UNION FLAG,Healthy
22275,WEEKEND BAG VINTAGE ROSE PAISLEY,Healthy
21914,BLUE HARMONICA IN BOX ,Healthy
22082,RIBBON REEL STRIPES DESIGN ,Overstock
21108,FAIRY CAKE FLANNEL ASSORTED COLOUR,Healthy
22952,60 CAKE CASES VINTAGE CHRISTMAS,Healthy
20685,DOORMAT RED SPOT,Healthy
22179,SET 10 LIGHTS NIGHT OWL,Overstock
22909,SET OF 20 VINTAGE CHRISTMAS NAPKINS,Healthy
37370,RETRO COFFEE MUGS ASSORTED,Healthy
21672,WHITE SPOT RED CERAMIC DRAWER KNOB,Overstock
21212,PACK OF 72 RETROSPOT CAKE CASES,Healthy
47556B,TEA TIME TEA TOWELS ,Healthy
22464,HANGING METAL HEART LANTERN,Overstock
22528,GARDENERS KNEELING PAD,Overstock
22485,SET OF 2 WOODEN MARKET CRATES,Healthy
20685,RED SPOTTY COIR DOORMAT,Healthy
22812,PACK 3 BOXES CHRISTMAS PANNETONE,Overstock
21781,MA CAMPAGNE CUTLERY BOX,Healthy
22150,3 STRIPEY MICE FELTCRAFT,Healthy
21257,VICTORIAN SEWING BOX MEDIUM,Healthy
85065,CREAM SWEETHEART TRAYS,Healthy
21888,BINGO SET,Overstock
51008,AFGHAN SLIPPER SOCK PAIR,Healthy
22649,STRAWBERRY FAIRY CAKE TEAPOT,Overstock
22584,PACK OF 6 PANNETONE GIFT BOXES,Healthy
22646,CERAMIC STRAWBERRY CAKE MONEY BANK,Overstock
22380,TOY TIDY SPACEBOY  ,Healthy
21673,WHITE SPOT BLUE CERAMIC DRAWER KNOB,Healthy
22088,PAPER BUNTING COLOURED LACE,Healthy
48184,DOORMAT ENGLISH ROSE ,Healthy
22623,BOX OF VINTAGE JIGSAW BLOCKS ,Overstock
21559,STRAWBERRY LUNCH BOX WITH CUTLERY,Overstock
84987,SET OF 36 TEATIME PAPER DOILIES,Healthy
22301,COFFEE MUG CAT + BIRD DESIGN,Overstock
21216,"SET 3 RED SPOT TIN TEA,COFFEE,SUGAR",Healthy
21259,VICTORIAN SEWING BOX SMALL ,Overstock
21737,SET 3 WICKER LOG BASKETS,Healthy
85064,CREAM SWEETHEART LETTER RACK,Healthy
22121,NOEL WOODEN BLOCK LETTERS ,Healthy
22694,WICKER STAR ,Overstock
22109,FULL ENGLISH BREAKFAST PLATE,Healthy
22357,KINGS CHOICE BISCUIT TIN,Healthy
72351B,SET/6 PINK  BUTTERFLY T-LIGHTS,Healthy
21871,SAVE THE PLANET MUG,Healthy
22727,ALARM CLOCK BAKELIKE RED ,Healthy
21937,STRAWBERRY   PICNIC BAG,Healthy
20829,GLITTER HANGING BUTTERFLY STRING,Healthy
22759,SET OF 3 NOTEBOOKS IN PARCEL,Overstock
21974,SET OF 36 PAISLEY FLOWER DOILIES,Healthy
48173C,DOOR MAT BLACK FLOCK ,Healthy
21169,YOU'RE CONFUSING ME METAL SIGN ,Healthy
84375,SET OF 20 KIDS COOKIE CUTTERS,Overstock
48116,DOOR MAT MULTICOLOUR STRIPE,Healthy
48129,DOORMAT TOPIARY,Healthy
21935,SUKI  SHOULDER BAG,Healthy
84378,SET OF 3 HEART COOKIE CUTTERS,Overstock
84212,"ASSORTED FLOWER COLOUR ""LEIS""",Healthy
35961,FOLKART ZINC HEART CHRISTMAS DEC,Healthy
22365,DOORMAT RESPECTABLE HOUSE,Healthy
22274,FELTCRAFT DOLL EMILY,Healthy
21890,S/6 WOODEN SKITTLES IN COTTON BAG,Healthy
84997A,GREEN 3 PIECE MINI DOTS CUTLERY SET,Overstock
21770,OPEN CLOSED METAL SIGN,Healthy
21122,SET/10 PINK SPOTTY PARTY CANDLES,Healthy
21669,BLUE STRIPE CERAMIC DRAWER KNOB,Overstock
85220,SMALL FAIRY CAKE FRIDGE MAGNETS,Restock Soon
47502,POLKADOT CUTLERY 24 PCS IN TRAY,Healthy
22627,MINT KITCHEN SCALES,Overstock
22427,ENAMEL FLOWER JUG CREAM,Healthy
21428,SET3 BOOK BOX GREEN GINGHAM FLOWER ,Healthy
22558,CLOTHES PEGS RETROSPOT PACK 24 ,Overstock
21768,WALL MOUNTED VINTAGE ORGANISER,Healthy
62018,SOMBRERO ,Healthy
22352,LUNCH BOX WITH CUTLERY RETROSPOT ,Overstock
21156,RETROSPOT CHILDRENS APRON,Healthy
47599A,PINK PARTY BAGS,Healthy
22417,PACK OF 60 SPACEBOY CAKE CASES,Overstock
22300,COFFEE MUG DOG + BALL DESIGN,Overstock
48129,DOOR MAT TOPIARY,Healthy
85014D,PINK/BROWN DOTS RUFFLED UMBRELLA,Healthy
85068,CREAM SWEETHEART SHELF + HOOKS,Healthy
85047,WHITE BEADED GARLAND STRING 20LIGHT,Overstock
C2,CARRIAGE,Overstock
21833,CAMOUFLAGE LED TORCH,Healthy
21430,SET/3 RED GINGHAM ROSE STORAGE BOX,Overstock
82582,AREA PATROLLED METAL SIGN,Overstock
ADJUST,Adjustment by john on 26/01/2010 17,Healthy
79000,MOROCCAN TEA GLASS,Overstock
22698,PINK REGENCY TEACUP AND SAUCER,Healthy
22618,COOKING SET RETROSPOT,Healthy
22749,FELTCRAFT PRINCESS CHARLOTTE DOLL,Healthy
22726,ALARM CLOCK BAKELIKE GREEN,Overstock
21668,RED STRIPE CERAMIC DRAWER KNOB,Overstock
21535,RED RETROSPOT SMALL MILK JUG,Overstock
22580,ADVENT CALENDAR GINGHAM SACK,Overstock
22215,CAKE STAND WHITE TWO TIER LACE,Overstock
84988,SET OF 72 PINK HEART PAPER DOILIES,Overstock
21671,RED SPOT CERAMIC DRAWER KNOB,Overstock
20725,LUNCH BAG RED RETROSPOT,Healthy
22303,COFFEE MUG APPLES DESIGN,Overstock
75049L,LARGE CIRCULAR MIRROR MOBILE,Healthy
47591D,PINK FAIRY CAKE CHILD'S APRON,Overstock
10002,INFLATABLE POLITICAL GLOBE ,Healthy
22804,CANDLEHOLDER PINK HANGING HEART,Healthy
22488,NATURAL SLATE RECTANGLE CHALKBOARD,Overstock
21985,PACK OF 12 HEARTS DESIGN TISSUES ,Healthy
84792,ENCHANTED BIRD COATHANGER 5 HOOK,Healthy
22553,PLASTERS IN TIN SKULLS,Healthy
20754,RETRO RED SPOTTY WASHING UP GLOVES,Healthy
22619,SET OF 6 SOLDIER SKITTLES,Healthy
20914,SET/5 RED RETROSPOT LID GLASS BOWLS,Healthy
48173C,DOORMAT BLACK FLOCK ,Healthy
84380,SET OF 3 BUTTERFLY COOKIE CUTTERS,Overstock
21361,LOVE LARGE WOOD LETTERS ,Overstock
21870,I CAN ONLY PLEASE ONE PERSON MUG,Overstock
21172,PARTY METAL SIGN ,Overstock
22131,FOOD CONTAINER SET 3 LOVE HEART ,Healthy
21670,BLUE SPOT CERAMIC DRAWER KNOB,Overstock
21667,GLASS CAKE COVER AND PLATE,Overstock
22055,MINI CAKE STAND  HANGING STRAWBERY,Overstock
21086,SET/6 RED SPOTTY PAPER CUPS,Healthy
22083,PAPER CHAIN KIT RETROSPOT,Healthy
21892,TRADITIONAL WOODEN CATCH CUP GAME ,Healthy
22943,CHRISTMAS LIGHTS 10 VINTAGE BAUBLES,Healthy
84032A,CHARLIE+LOLA PINK HOT WATER BOTTLE,Healthy
21844,RED RETROSPOT MUG,Healthy
21385,IVORY HANGING DECORATION  HEART,Overstock
21907,I'M ON HOLIDAY METAL SIGN,Overstock
22358,KINGS CHOICE TEA CADDY ,Healthy
21980,PACK OF 12 RED SPOTTY TISSUES ,Healthy
22690,DOORMAT HOME SWEET HOME BLUE ,Healthy
21124,SET/10 BLUE SPOTTY PARTY CANDLES,Healthy
21984,PACK OF 12 PINK PAISLEY TISSUES ,Healthy
22348,TEA BAG PLATE RED SPOTTY ,Overstock
22283,6 EGG HOUSE PAINTED WOOD,Healthy
22089,PAPER BUNTING VINTAGE PAISLEY,Healthy
79067,CORONA MEXICAN TRAY,Overstock
84520B,PACK 20 ENGLISH ROSE PAPER NAPKINS,Healthy
79323W,WHITE CHERRY LIGHTS,Healthy
21745,GAOLERS KEYS DECORATIVE GARDEN ,Healthy
84032B,CHARLIE + LOLA RED HOT WATER BOTTLE,Healthy
22327,ROUND SNACK BOXES SET OF 4 SKULLS,Healthy
22329,ROUND CONTAINER SET OF 5 RETROSPOT,Healthy
21658,GLASS  BEURRE DISH,Overstock
21955,DOORMAT UNION JACK GUNS AND ROSES,Healthy
22588,CARD HOLDER GINGHAM HEART,Overstock
35970,ZINC FOLKART SLEIGH BELLS,Healthy
20676,RED SPOTTY BOWL,Overstock
22645,CERAMIC HEART FAIRY CAKE MONEY BANK,Overstock
21114,LAVENDER SCENTED FABRIC HEART,Overstock
22221,CAKE STAND LOVEBIRD 2 TIER PINK,Healthy
21716,BOYS VINTAGE TIN SEASIDE BUCKET,Healthy
84968B,S/16 VINTAGE IVORY CUTLERY,Healthy
22656,VINTAGE BLUE KITCHEN CABINET,Healthy
22575,METAL MERRY CHRISTMAS WREATH,Healthy
22078,RIBBON REEL LACE DESIGN ,Healthy
22195,LARGE HEART MEASURING SPOONS,Overstock
22834,HAND WARMER BABUSHKA DESIGN,Overstock
21749,LARGE RED SPOT WINDMILL,Healthy
21981,PACK OF 12 WOODLAND TISSUES ,Healthy
21411,GINGHAM HEART  DOORSTOP RED,Healthy
21242,RED SPOTTY PLATE ,Healthy
22900, SET 2 TEA TOWELS I LOVE LONDON ,Healthy
72807C,SET/3 VANILLA SCENTED CANDLE IN BOX,Healthy
21875,KINGS CHOICE MUG,Healthy
22748,POPPY'S PLAYHOUSE KITCHEN,Healthy
21715,GIRLS VINTAGE TIN SEASIDE BUCKET,Healthy
21955,DOOR MAT UNION JACK GUNS AND ROSES,Healthy
16014,SMALL CHINESE STYLE SCISSOR,Healthy
21381,MINI WOODEN HAPPY BIRTHDAY GARLAND,Healthy
22904,CALENDAR PAPER CUT DESIGN,Healthy
79029,GLASS HONEYPOT WASP CATCHER,Healthy
21135,VICTORIAN  METAL POSTCARD SPRING,Overstock
22942,CHRISTMAS LIGHTS 10 SANTAS ,Healthy
21432,SET OF 3 CASES WOODLAND DESIGN,Healthy
85063,CREAM SWEETHEART MAGAZINE RACK,Overstock
84937,KASHMIR FOLKART TUMBLERS,Healthy
21033,JUMBO BAG CHARLIE AND LOLA TOYS,Healthy
20970,PINK FLORAL FELTCRAFT SHOULDER BAG,Healthy
22151,PLACE SETTING WHITE HEART,Overstock
22219,LOVEBIRD HANGING DECORATION WHITE ,Healthy
22333,RETRO SPORT PARTY BAG + STICKER SET,Healthy
21491,SET OF THREE VINTAGE GIFT WRAPS,Healthy
22218,CAKE STAND LACE WHITE,Healthy
22302,COFFEE MUG PEARS  DESIGN,Healthy
35832,WOOLLY HAT SOCK GLOVE ADVENT STRING,Overstock
22085,PAPER CHAIN KIT SKULLS ,Healthy
22745,POPPY'S PLAYHOUSE BEDROOM ,Healthy
22662,LUNCH BAG DOLLY GIRL DESIGN,Healthy
47591D,PINK FAIRY CAKE CHILDRENS APRON,Healthy
21155,RED SPOTTY PEG BAG,Healthy
20975,12 PENCILS SMALL TUBE RED SPOTTY,Healthy
72756,FAIRY CAKE CANDLES,Healthy
22595,CHRISTMAS GINGHAM HEART,Overstock
22508,DOORSTOP RETROSPOT HEART,Overstock
21756,BATH BUILDING BLOCK WORD,Overstock
21891,TRADITIONAL WOODEN SKIPPING ROPE,Overstock
22466,FAIRY TALE COTTAGE NIGHTLIGHT,Healthy
84692,BOX OF 24 COCKTAIL PARASOLS,Overstock
22079,RIBBON REEL HEARTS DESIGN ,Overstock
22418,10 COLOUR SPACEBOY PEN,Overstock
22549,PICTURE DOMINOES,Overstock
22631,CIRCUS PARADE LUNCH BOX ,Healthy
22180,RETRO SPOT LAMP,Overstock
22120,WELCOME  WOODEN BLOCK LETTERS,Overstock
84568,GIRLS ALPHABET IRON ON PATCHES ,Healthy
22212,FOUR HOOK  WHITE LOVEBIRDS,Healthy
21498,RED SPOTS  WRAP ,Overstock
11001,ASSTD DESIGN RACING CAR PEN,Healthy
84884A,ANT WHITE WIRE HEART SPIRAL,Healthy
20969,RED FLORAL FELTCRAFT SHOULDER BAG,Healthy
22220,CAKE STAND LOVEBIRD 2 TIER WHITE,Healthy
21976,PACK OF 60 MUSHROOM CAKE CASES,Healthy
22282,12 EGG HOUSE PAINTED WOOD,Healthy
21326,AGED GLASS SILVER T-LIGHT HOLDER,Overstock
22063,CERAMIC BOWL WITH STRAWBERRY DESIGN,Healthy
22655,VINTAGE RED KITCHEN CABINET,Healthy
22592,CARDHOLDER HOLLY WREATH METAL,Healthy
22174,PHOTO CUBE,Healthy
21587,COSY HOUR GIANT TUBE MATCHES,Overstock
22526,WHEELBARROW FOR CHILDREN ,Healthy
37450,CERAMIC CAKE BOWL + HANGING CAKES,Overstock
47568,ENGLISH ROSE DESIGN PEG BAG,Healthy
82552,WASHROOM METAL SIGN,Healthy
85049E,SCANDINAVIAN REDS RIBBONS,Overstock
72351A,SET/6 TURQUOISE BUTTERFLY T-LIGHTS,Healthy
22243,"HOOK, 5 HANGER ,MAGIC TOADSTOOL RED",Healthy
22341,LOVE GARLAND PAINTED ZINC ,Healthy
82001S,VINYL RECORD FRAME SILVER,Healthy
22199,FRYING PAN RED POLKADOT ,Healthy
21115,ROSE CARAVAN DOORSTOP,Healthy
21539,RED RETROSPOT BUTTER DISH,Overstock
22632,HAND WARMER RED POLKA DOT,Healthy
22332,SKULLS PARTY BAG + STICKER SET,Healthy
22224,WHITE LOVEBIRD LANTERN,Healthy
21700,BIG DOUGHNUT FRIDGE MAGNETS,Healthy
84270,ASSTD DESIGN BUBBLE GUM RING,Healthy
22498,WOODEN REGATTA BUNTING,Healthy
22242,"HOOK, 5 HANGER , MAGIC TOADSTOOL",Overstock
20682,RED SPOTTY CHILDS UMBRELLA,Overstock
22740,POLKADOT PEN,Healthy
22616,PACK OF 12 LONDON TISSUES ,Healthy
22637,PIGGY BANK RETROSPOT ,Healthy
84997D,PINK 3 PIECE POLKADOT CUTLERY SET,Healthy
22377,BOTTLE BAG RETROSPOT ,Healthy
15060B,FAIRY CAKE DESIGN UMBRELLA,Healthy
85014B,RED RETROSPOT UMBRELLA,Healthy
37448,CERAMIC CAKE DESIGN SPOTTED MUG,Overstock
48197,DOOR MAT BIRD ON THE WIRE,Healthy
22945,CHRISTMAS METAL TAGS ASSORTED ,Healthy
21156,RED SPOTTY CHILDS APRON,Healthy
22665,RECIPE BOX BLUE SKETCHBOOK DESIGN,Healthy
21243,PINK  SPOTTY PLATE ,Healthy
21042,RED SPOTTY APRON ,Healthy
48116,DOORMAT MULTICOLOUR STRIPE,Healthy
48189,DOORMAT FRIENDSHIP ,Healthy
22060,LARGE CAKE STAND HANGING HEARTS,Healthy
21558,SKULL LUNCH BOX WITH CUTLERY ,Overstock
22776,SWEETHEART CAKESTAND 3 TIER,Healthy
21407,BROWN CHECK CAT DOORSTOP ,Overstock
21989,PACK OF 20 SKULL PAPER NAPKINS,Healthy
85174,S/4 CACTI CANDLES,Healthy
21107,CREAM SLICE FLANNEL PINK SPOT ,Healthy
22429,ENAMEL MEASURING JUG CREAM,Healthy
85184D,S/4 BLUE ROUND DECOUPAGE BOXES,Healthy
22750,FELTCRAFT PRINCESS LOLA DOLL,Healthy
22620,4 TRADITIONAL SPINNING TOPS,Overstock
22364,GLASS JAR DIGESTIVE BISCUITS,Healthy
22738,RIBBON REEL SNOWY VILLAGE,Healthy
22165,"DIAMANTE HEART SHAPED WALL MIRROR, ",Healthy
21903,MAN FLU METAL SIGN,Healthy
37500,TEA TIME TEAPOT IN GIFT BOX,Healthy
85049A,TRADITIONAL CHRISTMAS RIBBONS,Overstock
85175,CACTI T-LIGHT CANDLES,Overstock
22692,DOORMAT WELCOME TO OUR HOME,Healthy
22663,JUMBO BAG DOLLY GIRL DESIGN,Overstock
21586,KINGS CHOICE GIANT TUBE MATCHES,Healthy
82599,FANNY'S REST STOPMETAL SIGN,Overstock
22360,GLASS JAR ENGLISH CONFECTIONERY,Healthy
79341,WILLOW BRANCH LIGHTS.,Healthy
22414,DOORMAT NEIGHBOURHOOD WITCH ,Healthy
22644,CERAMIC CHERRY CAKE MONEY BANK,Overstock
22367,CHILDS APRON SPACEBOY DESIGN,Overstock
22073,RED RETROSPOT STORAGE JAR,Overstock
22947,WOODEN ADVENT CALENDAR RED,Healthy
21614,SET OF 12 ROSE BOTANICAL T-LIGHTS,Healthy
21535,RETRO SPOT SMALL MILK JUG,Healthy
21523,FANCY FONT HOME SWEET HOME DOORMAT,Healthy
22465,HANGING METAL STAR LANTERN,Overstock
20974,12 PENCILS SMALL TUBE SKULL,Healthy
20677,PINK SPOTTY BOWL,Overstock
22168,ORGANISER WOOD ANTIQUE WHITE ,Healthy
21844,RETRO SPOT MUG,Healthy
21922,UNION STRIPE WITH FRINGE  HAMMOCK,Overstock
21625,VINTAGE UNION JACK APRON,Healthy
22110,BIRD HOUSE HOT WATER BOTTLE,Healthy
21153,RED SPOTTY TABLECLOTH ,Healthy
21874,GIN AND TONIC MUG,Healthy
20717,STRAWBERRY SHOPPER BAG,Healthy
16156S,WRAP PINK FAIRY CAKES ,Healthy
22669,RED BABY BUNTING ,Overstock
22276,WASH BAG VINTAGE ROSE PAISLEY,Healthy
22668,PINK BABY BUNTING,Overstock
21531,RED RETROSPOT SUGAR JAM BOWL,Healthy
20979,36 PENCILS TUBE RED SPOTTY,Overstock
21832,CHOCOLATE CALCULATOR,Healthy
21217,RED RETROSPOT ROUND CAKE TINS,Healthy
85232B,SET OF 3 BABUSHKA STACKING TINS,Healthy
21933,PINK VINTAGE PAISLEY PICNIC BAG,Healthy
22890,NOVELTY BISCUITS CAKE STAND 3 TIER,Healthy
21474,SWEETHEART CREAM STEEL FOLDIN BENCH,Overstock
22728,ALARM CLOCK BAKELIKE PINK,Healthy
37495,FAIRY CAKE BIRTHDAY CANDLE SET,Overstock
22353,LUNCH BOX WITH CUTLERY FAIRY CAKES ,Overstock
21528,DAIRY MAID TRADITIONAL TEAPOT ,Healthy
21577,SAVE THE PLANET COTTON TOTE BAG,Healthy
21463,MIRRORED DISCO BALL ,Overstock
22443,GROW YOUR OWN HERBS SET OF 3,Healthy
21539,RETRO SPOTS BUTTER DISH,Healthy
21590,KINGS CHOICE CIGAR BOX MATCHES ,Healthy
22367,CHILDRENS APRON SPACEBOY DESIGN,Healthy
21591,COSY HOUR CIGAR BOX MATCHES ,Healthy
21563,RED HEART SHAPE LOVE BUCKET ,Healthy
22371,AIRLINE BAG VINTAGE TOKYO 78,Overstock
22968,ROSE COTTAGE KEEPSAKE BOX ,Healthy
22192,BLUE DINER WALL CLOCK,Healthy
22809,SET OF 6 T-LIGHTS SANTA,Overstock
22730,ALARM CLOCK BAKELIKE IVORY,Healthy
85062,PEARL CRYSTAL PUMPKIN T-LIGHT HLDR,Healthy
82580,BATHROOM METAL SIGN,Overstock
20751,FUNKY WASHING UP GLOVES ASSORTED,Overstock
21363,HOME SMALL WOOD LETTERS,Overstock
22203,MILK PAN RED RETROSPOT,Healthy
84971S,SMALL HEART FLOWERS HOOK ,Healthy
21116,OWL DOORSTOP,Healthy
22335,HEART DECORATION PAINTED ZINC ,Overstock
22185,SLATE TILE NATURAL HANGING,Overstock
22567,20 DOLLY PEGS RETROSPOT,Healthy
22810,SET OF 6 T-LIGHTS SNOWMEN,Overstock
21110,LARGE CAKE TOWEL PINK SPOTS,Overstock
84997C,BLUE 3 PIECE POLKADOT CUTLERY SET,Healthy
21238,RED SPOTTY CUP,Overstock
47599B,BLUE PARTY BAGS ,Healthy
35004B,SET OF 3 BLACK FLYING DUCKS,Healthy
21955,UNION JACK GUNS & ROSES  DOORMAT,Healthy
21988,PACK OF 6 SKULL PAPER PLATES,Healthy
22612,TEA COSY VINTAGE UNION JACK,Healthy
22354,RETROSPOT PADDED SEAT CUSHION,Healthy
22193,RED DINER WALL CLOCK,Healthy
22244,"HOOK, 3 HANGER ,MAGIC GARDEN",Overstock
21524,SPOTTY  HOME SWEET HOME DOORMAT,Healthy
21349,IVY HEART WREATH,Healthy
22833,HALL CABINET WITH 3 DRAWERS,Healthy
22356,CHARLOTTE BAG PINK WITH WHITE SPOTS,Healthy
22125,UNION JACK HOT WATER BOTTLE ,Healthy
21207,SKULL AND CROSSBONES  GARLAND ,Healthy
21911,GARDEN METAL SIGN ,Healthy
21934,SKULL SHOULDER BAG,Overstock
22790,"MIRROR, ARCHED GEORGIAN",Restock Soon
47559B,TEA TIME OVEN GLOVE,Overstock
85038,6 CHOCOLATE LOVE HEART T-LIGHTS,Overstock
21181,PLEASE ONE PERSON  METAL SIGN,Healthy
22187,GREEN CHRISTMAS TREE CARD HOLDER,Healthy
21244,BLUE  SPOTTY PLATE ,Healthy
21071,VINTAGE BILLBOARD DRINK ME MUG,Healthy
22847,BREAD BIN DINER STYLE IVORY,Overstock
84598,BOYS ALPHABET IRON ON PATCHES,Healthy
22355,"CHARLOTTE BAG , SUKI DESIGN",Overstock
22621,TRADITIONAL KNITTING NANCY,Overstock
22628,PICNIC BOXES SET OF 3 RETROSPOT ,Healthy
84016,FLAG OF ST GEORGE CAR FLAG,Healthy
21154,RED SPOTTY OVEN GLOVE ,Healthy
21143,ANTIQUE GLASS HEART DECORATION ,Healthy
22072,RED RETROSPOT TEA CUP AND SAUCER ,Overstock
22950,36 DOILIES VINTAGE CHRISTMAS,Healthy
22115,METAL SIGN EMPIRE TEA,Healthy
21872,GLAMOROUS  MUG,Healthy
22356,"CHARLOTTE BAG , PINK/WHITE SPOTS",Healthy
21795,SET OF 3 BLUE STRIPE BASKET,Healthy
22582,PACK OF 6 SWEETIE GIFT BOXES,Healthy
21041,RED SPOTTY OVEN GLOVE DOUBLE,Healthy
21730,GLASS STAR FROSTED T-LIGHT HOLDER,Overstock
22830,UTILTY CABINET WITH HOOKS,Healthy
15044B,BLUE PAPER PARASOL ,Healthy
20973,12 PENCIL SMALL TUBE WOODLAND,Healthy
22472,TV DINNER TRAY DOLLY GIRL,Healthy
20750, RED/WHITE DOT MINI CASES,Healthy
85132A,CHARLIE + LOLA BISCUITS TINS,Healthy
20692,FLORAL ELEPHANT SOFT TOY,Healthy
22127,PARTY CONES CARNIVAL ASSORTED,Healthy
22969,HOMEMADE JAM SCENTED CANDLES,Healthy
21078,SET/20 STRAWBERRY PAPER NAPKINS ,Overstock
22080,RIBBON REEL SPOTS DESIGN ,Healthy
21592,RETRO SPOT  CIGAR BOX MATCHES ,Healthy
21100,CHARLIE AND LOLA CHARLOTTE BAG,Healthy
21486,PINK HEART DOTS HOT WATER BOTTLE,Healthy
21472,LADYBIRD + BEE RAFFIA FOOD COVER,Healthy
85061W,WHITE JEWELLED HEART DECORATION,Healthy
22534,MAGIC DRAWING SLATE SPACEBOY ,Overstock
22563,HAPPY STENCIL CRAFT,Healthy
22029,SPACEBOY BIRTHDAY CARD,Overstock
82551,LAUNDRY 15C METAL SIGN,Overstock
22550,HOLIDAY FUN LUDO,Healthy
85040B,SET/4 BLUE FLOWER CANDLES IN BOWL,Healthy
21497,FANCY FONTS BIRTHDAY WRAP,Healthy
22441,GROW YOUR OWN BASIL IN ENAMEL MUG,Overstock
22353,LUNCHBOX WITH CUTLERY FAIRY CAKES ,Healthy
22442,GROW YOUR OWN FLOWERS SET OF 3,Healthy
22746,POPPY'S PLAYHOUSE LIVINGROOM ,Healthy
21787,RAIN PONCHO WITH RED SPOTS,Healthy
22430,ENAMEL WATERING CAN CREAM,Healthy
84997B,RED 3 PIECE RETROSPOT CUTLERY SET,Healthy
22278,OVERNIGHT BAG VINTAGE ROSE PAISLEY,Healthy
22186,RED STAR CARD HOLDER,Overstock
20784,RED RETRO BAR STOOL,Healthy
21201,TROPICAL  HONEYCOMB PAPER GARLAND ,Healthy
22318,FIVE HEART HANGING DECORATION,Overstock
72802C,VANILLA SCENT CANDLE JEWELLED BOX,Healthy
20724,RED RETROSPOT CHARLOTTE BAG,Healthy
22504,CABIN BAG VINTAGE RETROSPOT,Healthy
21932,SCANDINAVIAN PAISLEY PICNIC BAG,Healthy
22489,PACK OF 12 TRADITIONAL CRAYONS,Overstock
20786,BLACK RETRO BAR STOOL,Healthy
47505,MINATURE COLOURED GARDENING SET,Overstock
84832,ZINC WILLIE WINKIE  CANDLE STICK,Overstock
22765,NEWSPAPER STAND,Healthy
37446,MINI CAKE STAND WITH HANGING CAKES,Healthy
22196,SMALL HEART MEASURING SPOONS,Overstock
21992,VINTAGE PAISLEY STATIONERY SET,Healthy
22602,CHRISTMAS RETROSPOT HEART WOOD,Overstock
22156,HEART DECORATION WITH PEARLS ,Overstock
22311,OFFICE MUG WARMER BLACK+SILVER ,Healthy
22361,GLASS JAR DAISY FRESH COTTON WOOL,Healthy
22352,LUNCHBOX WITH CUTLERY RETROSPOT ,Healthy
20966,SANDWICH BATH SPONGE,Healthy
40016,CHINESE DRAGON PAPER LANTERNS,Healthy
20675,BLUE SPOTTY BOWL,Healthy
21559,STRAWBERRY LUNCHBOX WITH CUTLERY,Healthy
22172,METAL SHELF WITH RAIL ,Healthy
22304,COFFEE MUG BLUE PAISLEY DESIGN,Healthy
22399,MAGNETS PACK OF 4 CHILDHOOD MEMORY,Healthy
22583,PACK OF 6 HANDBAG GIFT BOXES,Healthy
21578,WOODLAND DESIGN  COTTON TOTE BAG,Overstock
21544,SKULLS  WATER TRANSFER TATTOOS ,Healthy
22769,CHALKBOARD KITCHEN ORGANISER,Healthy
21900,"KEY FOB , SHED",Healthy
48189,DOOR MAT FRIENDSHIP ,Overstock
22906,12 MESSAGE CARDS WITH ENVELOPES,Healthy
21452,TOADSTOOL MONEY BOX,Overstock
84472,PINK AND LILAC QUILTED THROW ,Healthy
22059,CERAMIC STRWBERRY DESIGN MUG,Healthy
85178,VICTORIAN SEWING KIT,Healthy
22737,RIBBON REEL CHRISTMAS PRESENT ,Healthy
44230,SQUARE MIRROR CURTAIN,Healthy
22763,KEY CABINET MA CAMPAGNE,Healthy
22838,3 TIER CAKE TIN RED AND CREAM,Healthy
22359,GLASS JAR KINGS CHOICE,Healthy
21067,VINTAGE RED TEATIME MUG,Healthy
84508A,CAMOFLAGE DESIGN TEDDY,Healthy
22057,CERAMIC PLATE STRAWBERRY DESIGN,Healthy
22366,DOOR MAT AIRMAIL ,Healthy
22272,FELTCRAFT DOLL MARIA,Healthy
21713,CITRONELLA CANDLE FLOWERPOT,Healthy
84797A,PINK HAWAIIAN PICNIC HAMPER FOR 4,Healthy
84968D,S/16 VINTAGE RED CUTLERY,Healthy
22432,WATERING CAN PINK BUNNY,Healthy
22766,PHOTO FRAME CORNICE,Healthy
22144,CHRISTMAS CRAFT LITTLE FRIENDS,Healthy
22167,"WALL MIRROR , DIAMANTE OVAL SHAPE",Healthy
21355,TOAST ITS - I LOVE YOU ,Healthy
21056,DOCTOR'S BAG SOFT TOY,Healthy
21743,STAR PORTABLE TABLE LIGHT ,Healthy
37447,CERAMIC CAKE DESIGN SPOTTED PLATE,Overstock
20681,PINK SPOTTY CHILDS UMBRELLA,Healthy
20967,GREY FLORAL FELTCRAFT SHOULDER BAG,Overstock
22122,SET OF 2 FANCY FONT TEA TOWELS,Healthy
37410,BLACK AND WHITE PAISLEY FLOWER MUG,Healthy
22764,"RUSTIC WOODEN CABINET, GLASS DOORS",Healthy
47580,TEA TIME DES TEA COSY,Healthy
21064,BOOM BOX SPEAKER BOYS,Healthy
22667,RECIPE BOX RETROSPOT ,Overstock
22611,VINTAGE UNION JACK SHOPPING BAG,Overstock
22378,WALL TIDY RETROSPOT ,Overstock
84975,HEART SHAPED MIRROR,Healthy
22571,ROCKING HORSE RED CHRISTMAS ,Healthy
21477,STRING OF 20 ROSE LIGHTS,Healthy
21351,CINAMMON & ORANGE WREATH,Overstock
22412,METAL SIGN NEIGHBOURHOOD WITCH ,Healthy
22434,BALLOON PUMP WITH 10 BALLOONS,Healthy
22813,PACK 3 BOXES BIRD PANNETONE ,Healthy
21069,VINTAGE BILLBOARD TEA MUG,Healthy
22660,DOORMAT I LOVE LONDON,Healthy
21364,PEACE SMALL WOOD LETTERS,Healthy
21732,RED HANGING METAL STAR TLIGHT HLDR,Healthy
84837,WHITE SWEETHEARTS CABINET 4 DRAWERS,Healthy
79323GR,GREEN CHERRY LIGHTS,Healthy
22483,RED GINGHAM TEDDY BEAR ,Healthy
22689,DOORMAT MERRY CHRISTMAS RED ,Healthy
22768,FAMILY PHOTO FRAME CORNICE,Healthy
22497,SET OF 2 TINS VINTAGE BATHROOM ,Healthy
21986,PACK OF 12 PINK SPOT TISSUES ,Healthy
22729,ALARM CLOCK BAKELIKE ORANGE,Overstock
21584,RETRO SPOT SMALL TUBE MATCHES,Healthy
21714,CITRONELLA CANDLE GARDEN POT,Healthy
84968C,S/16 VINTAGE PISTACHIO CUTLERY,Healthy
22577,WOODEN HEART CHRISTMAS SCANDINAVIAN,Overstock
22305,COFFEE MUG PINK PAISLEY DESIGN,Healthy
21936,RED/WHITE SPOT PICNIC BAG,Healthy
22474,SPACEBOY TV DINNER TRAY,Healthy
22331,WOODLAND PARTY BAG + STICKER SET,Healthy
21718,RED METAL BEACH SPADE ,Healthy
84030E,ENGLISH ROSE HOT WATER BOTTLE,Healthy
20785,FUSCHIA RETRO BAR STOOL,Healthy
21239,PINK  SPOTTY CUP,Overstock
21500,PINK SPOTS  WRAP ,Overstock
20961,STRAWBERRY BATH SPONGE ,Healthy
20750,RED RETROSPOT MINI CASES,Healthy
21918,SET 12 KIDS COLOUR  CHALK STICKS,Healthy
22795,SWEETHEART RECIPE BOOK STAND,Overstock
22241,GARLAND WOODEN HAPPY EASTER,Healthy
22299,PIG KEYRING WITH LIGHT & SOUND ,Healthy
84352,SILVER CHRISTMAS TREE BAUBLE STAND ,Healthy
22177,5 HOOK BLACKBOARD ORGANISER ,Healthy
21717,EASTER TIN BUCKET,Healthy
21333,CLASSIC WHITE FRAME,Overstock
21494,ROTATING LEAVES T-LIGHT HOLDER,Healthy
20978,36 PENCILS TUBE SKULLS,Healthy
22437,SET OF 9 BLACK SKULL BALLOONS,Healthy
79072,TEATIME CAKE TIN WITH HANDLE,Overstock
22460,EMBOSSED GLASS TEALIGHT HOLDER,Overstock
22509,SEWING BOX RETROSPOT DESIGN ,Healthy
21707,"FOLDING UMBRELLA , BLACK/BLUE  SPOT",Healthy
21765,HANGING METAL BIRD BATH,Healthy
22347,PIZZA SLICE DISH,Healthy
22670,FRENCH WC SIGN BLUE METAL,Healthy
21648,ASSORTED TUTTI FRUTTI SMALL PURSE,Healthy
21679,SKULLS  STICKERS,Healthy
22118,JOY WOODEN BLOCK LETTERS,Healthy
22119,PEACE WOODEN BLOCK LETTERS,Healthy
22593,CHRISTMAS GINGHAM STAR,Overstock
21588,RETRO SPOT GIANT  TUBE MATCHES,Healthy
22162,HEART GARLAND RUSTIC PADDED,Healthy
22045,SPACEBOY GIFT WRAP,Healthy
22846,BREAD BIN DINER STYLE RED ,Healthy
20963,APPLE BATH SPONGE,Healthy
22030,SWALLOWS GREETING CARD,Healthy
22349,"DOG BOWL , CHASING BALL DESIGN",Healthy
22202,MILK PAN PINK RETROSPOT,Healthy
21313,GLASS HEART T-LIGHT HOLDER ,Healthy
22493,PAINT YOUR OWN CANVAS SET,Healthy
22090,PAPER BUNTING RETROSPOT,Overstock
22381,TOY TIDY PINK POLKADOT,Healthy
22065,CHRISTMAS PUDDING TRINKET POT ,Healthy
22739,RIBBON REEL CHRISTMAS SOCK BAUBLE,Healthy
21784,SHOE SHINE BOX ,Healthy
85014A,BLACK/BLUE POLKADOT UMBRELLA,Healthy
22626,BLACK KITCHEN SCALES,Overstock
22245,"HOOK, 1 HANGER ,MAGIC GARDEN",Healthy
21054,NURSE'S BAG SOFT TOY,Healthy
22027,TEA PARTY BIRTHDAY CARD,Overstock
72807B,SET/3 OCEAN SCENT CANDLE JEWEL BOX,Healthy
21706,"FOLDING UMBRELLA , RED/WHITE SPOT",Healthy
22855,FINE WICKER HEART ,Overstock
84950,ASSORTED COLOUR T-LIGHT HOLDER,Healthy
22562,MONSTERS STENCIL CRAFT,Healthy
21121,SET/10 RED POLKADOT PARTY CANDLES,Healthy
22840,ROUND CAKE TIN VINTAGE RED,Healthy
21214,SET OF 72 IVORY PAPER DOILIES,Healthy
21534,DAIRY MAID LARGE MILK JUG,Overstock
21471,STRAWBERRY RAFFIA FOOD COVER,Healthy
22200,FRYING PAN PINK POLKADOT ,Healthy
21967,PACK OF 12 SKULL TISSUES,Healthy
22751,FELTCRAFT PRINCESS OLIVIA DOLL,Healthy
22107,PIZZA PLATE IN BOX,Healthy
21240,BLUE  SPOTTY CUP,Overstock
22491,PACK OF 12 COLOURED PENCILS,Healthy
22072,TEA CUP AND SAUCER RETRO SPOT,Healthy
21901,"KEY FOB , BACK DOOR ",Healthy
22431,WATERING CAN BLUE ELEPHANT,Overstock
21913,VINTAGE SEASIDE JIGSAW PUZZLES,Healthy
22073,RETRO SPOT STORAGE JAR,Healthy
22435,SET OF 9 HEART SHAPED BALLOONS,Overstock
84849B,FAIRY SOAP SOAP HOLDER,Healthy
21916,SET 12 RETRO WHITE CHALK STICKS,Healthy
85114B,IVORY ENCHANTED FOREST PLACEMAT,Healthy
84997A,GREEN 3 PIECE POLKADOT CUTLERY SET,Healthy
20977,36 PENCILS TUBE WOODLAND,Overstock
84558A,3D DOG PICTURE PLAYING CARDS,Healthy
85049G,CHOCOLATE BOX RIBBONS ,Healthy
46000S,POLYESTER FILLER PAD 40x40cm,Overstock
84909A,PINK PAISLEY QUILT ,Healthy
35001W,HAND OPEN SHAPE DECO.WHITE,Healthy
21470,FLOWER VINE RAFFIA FOOD COVER,Healthy
21796,SET OF 3 RED STRIPE BASKETS,Healthy
22285,"DECORATION HEN ON NEST, HANGING",Healthy
20702,PINK PADDED MOBILE,Healthy
22600,CHRISTMAS RETROSPOT STAR WOOD,Overstock
21728,METAL MEDINA LANTERN ,Healthy
22141,CHRISTMAS CRAFT TREE TOP ANGEL,Healthy
21561,DINOSAUR LUNCH BOX WITH CUTLERY,Healthy
22365,DOOR MAT RESPECTABLE HOUSE,Healthy
22374,AIRLINE BAG VINTAGE JET SET RED,Overstock
22145,CHRISTMAS CRAFT HEART STOCKING ,Healthy
22530,MAGIC DRAWING SLATE DOLLY GIRL ,Healthy
21564,PINK  HEART SHAPE LOVE BUCKET ,Healthy
15044D,RED PAPER PARASOL,Healthy
84031A,CHARLIE+LOLA RED HOT WATER BOTTLE ,Healthy
22128,PARTY CONES CANDY ASSORTED,Healthy
84795C,OCEAN STRIPE HAMMOCK ,Healthy
22406,MONEY BOX KINGS CHOICE DESIGN,Healthy
22574,HEART WOODEN CHRISTMAS DECORATION,Healthy
85232D,SET/3 DECOUPAGE STACKING TINS,Healthy
47503J,SET/3 FLORAL GARDEN TOOLS IN BAG,Healthy
21896,POTTING SHED TWINE,Healthy
21846,PINK DIAMANTE PEN IN GIFT BOX,Healthy
21068,VINTAGE BILLBOARD LOVE/HATE MUG,Healthy
22667,RECIPE BOX RETRO SPOT DESIGN,Healthy
22594,CHRISTMAS GINGHAM TREE,Healthy
18098C,PORCELAIN BUTTERFLY OIL BURNER,Healthy
22862,LOVE HEART NAPKIN BOX ,Healthy
84580,MOUSE TOY WITH PINK T-SHIRT,Overstock
21249,WOODLAND  HEIGHT CHART STICKERS ,Healthy
21923,RED/CREAM STRIPE FRINGE HAMMOCK,Overstock
22136,LOVE HEART SOCK HANGER,Healthy
21987,PACK OF 6 SKULL PAPER CUPS,Healthy
21112,"SWISS ROLL TOWEL, PINK  SPOTS",Healthy
79320,FLAMINGO LIGHTS,Healthy
21899,"KEY FOB , GARAGE DESIGN",Healthy
21864,UNION JACK FLAG PASSPORT COVER ,Healthy
21876,POTTERING MUG,Overstock
22146,EASTER CRAFT IVY WREATH WITH CHICK,Healthy
21210,SET OF 72 RETROSPOT PAPER  DOILIES,Healthy
72349B,SET/6 PURPLE BUTTERFLY T-LIGHTS,Healthy
72807A,SET/3 ROSE CANDLE IN JEWELLED BOX,Healthy
22589,CARDHOLDER GINGHAM STAR,Healthy
22194,BLACK DINER WALL CLOCK,Healthy
22075,6 RIBBONS ELEGANT CHRISTMAS ,Healthy
21324,HANGING MEDINA LANTERN SMALL,Healthy
84796B,BLUE SAVANNAH PICNIC HAMPER FOR 2,Healthy
37502,TEA TIME MUG IN GIFT BOX,Healthy
20975,12 PENCILS SMALL TUBE RED RETROSPOT,Healthy
21746,SMALL RED RETROSPOT WINDMILL,Healthy
21473,SWEETHEART CREAM STEEL TABLE RECT,Overstock
85049B,LUSH GREENS RIBBONS,Healthy
20886,BOX OF 9 PEBBLE CANDLES,Healthy
84968E,S/16 VINTAGE BLACK CUTLERY,Healthy
51014A,"FEATHER PEN,HOT PINK",Healthy
21589,SWALLOW GIANT TUBE MATCHES,Healthy
71038,WHITE HANGING BEADS CANDLE HOLDER,Healthy
22578,WOODEN STAR CHRISTMAS SCANDINAVIAN,Overstock
22961,JAM MAKING SET PRINTED,Healthy
35924,HANGING FAIRY CAKE DECORATION,Healthy
22476,EMPIRE UNION JACK TV DINNER TRAY,Healthy
21506,"FANCY FONT BIRTHDAY CARD, ",Healthy
22610,PENS ASSORTED FUNNY FACE,Healthy
72802A,ROSE SCENT CANDLE IN JEWELLED BOX,Healthy
21360,JOY LARGE WOOD LETTERS,Healthy
22693,GROW A FLYTRAP OR SUNFLOWER IN TIN,Healthy
21627,ELEPHANT CARNIVAL POUFFE,Healthy
82597,BOMBS AWAY METAL SIGN,Overstock
22312,OFFICE MUG WARMER POLKADOT,Healthy
21653,GLASS ETCHED T-LIGHT HOLDER LARGE,Healthy
22148,EASTER CRAFT 4 CHICKS ,Healthy
22960,JAM MAKING SET WITH JARS,Healthy
21499,BLUE SPOTS  WRAP,Overstock
37501,TEA TIME TEA SET IN GIFT BOX,Healthy
79164,BLACK WINE GLASS,Healthy
20787,BLUE RETRO BAR STOOL,Healthy
82581,TOILET METAL SIGN,Healthy
22197,"POPCORN HOLDER , SMALL ",Healthy
22691,DOORMAT WELCOME SUNRISE,Healthy
21203,BUTTERFLIES  HONEYCOMB GARLAND,Healthy
22350,CAT BOWL ,Healthy
22175,PINK OWL SOFT TOY,Healthy
22938,CUPCAKE LACE PAPER SET 6,Healthy
22184,CAKE STAND VICTORIAN FILIGREE LARGE,Healthy
21080,SET/20 RED RETROSPOT PAPER NAPKINS ,Overstock
21431,GREEN GINGHAM FLOWER JEWELLERY BOX,Healthy
84968A,S/16 VINTAGE ROSE CUTLERY,Healthy
22601,CHRISTMAS RETROSPOT ANGEL WOOD,Healthy
22747,POPPY'S PLAYHOUSE BATHROOM,Healthy
21323,HANGING MEDINA LANTERN LARGE,Healthy
22291,"SPRING DEC , HANGING CHICK CREAM",Healthy
20960,WATERMELON BATH SPONGE,Healthy
22767,TRIPLE PHOTO FRAME CORNICE ,Healthy
85041,SET/4 PINK ORCHID CANDLES IN BOWL,Healthy
22661,CHARLOTTE BAG DOLLY GIRL DESIGN,Healthy
21924,BLUE/CREAM STRIPE FRINGE HAMMOCK,Overstock
22433,WATERING CAN GREEN DINOSAUR,Healthy
16161P,WRAP ENGLISH ROSE ,Healthy
18097C,WHITE TALL PORCELAIN T-LIGHT HOLDER,Healthy
21035,SET/2 RED RETROSPOT TEA TOWELS ,Healthy
85206B,PINK FELT EASTER EGG BASKET,Healthy
21330,WOODLAND ANIMAL  WRITING SET ,Healthy
85206A,CREAM FELT EASTER EGG BASKET,Overstock
22895,SET OF 2 TEA TOWELS APPLE AND PEARS,Healthy
22384,LUNCH BAG PINK POLKADOT,Healthy
84912A,PINK ROSE WASHBAG,Healthy
22284,HEN HOUSE DECORATION,Healthy
22415,WHITE TISSUE REAM,Healthy
22725,ALARM CLOCK BAKELIKE CHOCOLATE,Healthy
22067,CHOC TRUFFLE GOLD TRINKET POT ,Healthy
10135,COLOURING PENCILS BROWN TUBE,Healthy
22687,DOORMAT CHRISTMAS VILLAGE,Overstock
21469,POLKA DOT RAFFIA FOOD COVER,Healthy
21274,EMBOSSED HEART 3 DRAWER SHELF,Overstock
21878,PACK OF 6 SANDCASTLE FLAGS ASSORTED,Healthy
22309,TEA COSY RED  STRIPE,Healthy
22334,DINOSAUR PARTY BAG + STICKER SET,Healthy
20982,12 PENCILS TALL TUBE SKULLS,Overstock
22320,BIRDS MOBILE VINTAGE DESIGN,Healthy
21328,BALLOONS  WRITING SET ,Overstock
84840,SWEETHEART CARRY-ALL BASKET,Overstock
22459,CAST IRON HOOK GARDEN TROWEL,Healthy
21466,RED FLOWER CROCHET FOOD COVER,Healthy
22603,CHRISTMAS RETROSPOT TREE WOOD,Healthy
72802B,OCEAN SCENT CANDLE IN JEWELLED BOX,Healthy
22796,PHOTO FRAME 3 CLASSIC HANGING,Healthy
22458,CAST IRON HOOK GARDEN FORK,Healthy
21447,12 IVORY ROSE PEG PLACE SETTINGS,Healthy
21866,UNION JACK FLAG LUGGAGE TAG,Healthy
21531,RETRO SPOT SUGAR JAM BOWL,Healthy
15039,SANDALWOOD FAN,Healthy
20981,12 PENCILS TALL TUBE WOODLAND,Healthy
21272,SALLE DE BAIN HOOK,Healthy
47570,ENGLISH ROSE TABLE CLOTH,Healthy
70006,LOVE HEART POCKET WARMER,Healthy
20718,RED RETROSPOT SHOPPER BAG,Healthy
22596,CHRISTMAS STAR WISH LIST CHALKBOARD,Healthy
22281,EASTER TREE YELLOW BIRDS,Healthy
22591,CARDHOLDER GINGHAM CHRISTMAS TREE,Healthy
21437,24 HANGING EASTER EGGS FLORAL TUB,Healthy
46000M,POLYESTER FILLER PAD 45x45cm,Overstock
22426,ENAMEL WASH BOWL CREAM,Healthy
22791,T-LIGHT GLASS FLUTED ANTIQUE,Overstock
84509F,SET OF 4 NEW ENGLAND PLACEMATS,Healthy
22475,SKULL DESIGN TV DINNER TRAY,Healthy
ADJUST,Adjustment by john on 26/01/2010 16,Healthy
22653,BUTTON BOX ,Healthy
21812,GARLAND WITH HEARTS AND BELLS,Healthy
22314,OFFICE MUG WARMER CHOC+BLUE,Healthy
22222,CAKE PLATE LOVEBIRD WHITE,Healthy
22736,RIBBON REEL MAKING SNOWMEN ,Healthy
85132C,CHARLIE AND LOLA FIGURES TINS,Healthy
22744,MAKE YOUR OWN MONSOON CARD KIT,Healthy
22445,PENCIL CASE LIFE IS BEAUTIFUL,Healthy
84279B,CHERRY BLOSSOM DECORATIVE FLASK,Healthy
21482,MUSHROOM BLUE HOT WATER BOTTLE,Healthy
22243,5 HOOK HANGER RED MAGIC TOADSTOOL,Healthy
22494,EMERGENCY FIRST AID TIN ,Healthy
85049D,BRIGHT BLUES RIBBONS ,Healthy
20665,RED SPOTTY PURSE ,Overstock
85049C,ROMANTIC PINKS RIBBONS ,Overstock
21467,CHERRY CROCHET FOOD COVER,Healthy
85014C,BLUE/BROWN DOTS RUFFLED UMBRELLA,Healthy
22461,SAVOY ART DECO CLOCK,Overstock
21055,TOOL BOX SOFT TOY ,Overstock
22672,FRENCH BATHROOM SIGN BLUE METAL,Healthy
22743,MAKE YOUR OWN FLOWERPOWER CARD KIT,Healthy
84469,ROSE DES PADDED FLOOR CUSHION,Healthy
21179,NO JUNK MAIL METAL SIGN,Healthy
37340,MULTICOLOUR SPRING FLOWER MUG,Healthy
22482,BLUE TEA TOWEL CLASSIC DESIGN,Healthy
22564,ALPHABET STENCIL CRAFT,Healthy
21655,HANGING RIDGE GLASS T-LIGHT HOLDER,Healthy
21681,GIANT MEDINA STAMPED METAL BOWL ,Healthy
21830,ASSORTED CREEPY CRAWLIES,Healthy
21703,BAG 125g SWIRLY MARBLES,Overstock
22349,DOG BOWL CHASING BALL DESIGN,Healthy
22573,STAR WOODEN CHRISTMAS DECORATION,Healthy
22398,MAGNETS PACK OF 4 SWALLOWS,Healthy
21902,"KEY FOB , FRONT  DOOR ",Healthy
21973,SET OF 36 MUSHROOM PAPER DOILIES,Healthy
22894,TABLECLOTH RED APPLES DESIGN ,Healthy
21826,EIGHT PIECE DINOSAUR SET,Healthy
85049F,BABY BOOM RIBBONS ,Healthy
21611,SET OF 12 LILY BOTANICAL T-LIGHTS,Healthy
22952,72 CAKE CASES VINTAGE CHRISTMAS,Healthy
22798,ANTIQUE GLASS DRESSING TABLE POT,Healthy
22839,3 TIER CAKE TIN GREEN AND CREAM,Healthy
21949,SET OF 6 STRAWBERRY CHOPSTICKS,Healthy
22480,RED TEA TOWEL CLASSIC DESIGN,Healthy
22292,"SPRING DEC , HANGING CHICK  YELLOW",Healthy
22227,"DECORATION, HANGING HEART+MIRROR ",Overstock
21191,LARGE WHITE HONEYCOMB PAPER BELL  ,Healthy
22070,SMALL RED RETROSPOT MUG IN BOX ,Healthy
22518,CHILDS GARDEN BRUSH BLUE,Healthy
21245,GREEN  SPOTTY PLATE ,Healthy
22525,CHILDRENS GARDEN GLOVES PINK,Overstock
21246,RED SPOTTY BIG BOWL,Healthy
22639,SET OF 4 NAPKIN CHARMS HEARTS,Overstock
21609,SET 12 LAVENDER  BOTANICAL T-LIGHTS,Healthy
21096,SET/6 FRUIT SALAD  PAPER PLATES,Healthy
84670,JAPANESE CROCHETED ANIMAL,Healthy
22548,HEADS AND TAILS SPORTING FUN,Overstock
21808,"CHRISTMAS GARLAND STARS,TREES",Overstock
22277,COSMETIC BAG VINTAGE ROSE PAISLEY,Healthy
85216,ASSORTED CAKES FRIDGE MAGNETS,Healthy
22356,CHARLOTTE BAG PINK POLKADOT,Overstock
21329,DINOSAURS  WRITING SET ,Overstock
21192,WHITE BELL HONEYCOMB PAPER ,Healthy
21211,SET OF 72 SKULL PAPER  DOILIES,Healthy
21709,FOLDING UMBRELLA  CHOC/WHITE  SPOT,Healthy
84944,SET OF 6 KASHMIR FOLKART BAUBLES,Healthy
22519,CHILDS GARDEN BRUSH PINK,Healthy
85099b,JUMBO BAG RED RETROSPOT,Healthy
22544,MINI JIGSAW SPACEBOY,Healthy
84676,BATH DUCK WATERING CAN,Healthy
40018F,CHERRY DESIGN PAPERLANTERNS,Healthy
22531,MAGIC DRAWING SLATE CIRCUS PARADE  ,Healthy
21034,REX CASH+CARRY JUMBO SHOPPER,Overstock
21845,DAIRY MAID STRIPE MUG,Healthy
84509A,SET OF 4 ENGLISH ROSE PLACEMATS,Overstock
84754,S/15 SILVER GLASS BAUBLES IN BAG,Healthy
84854,GIRLY PINK TOOL SET,Healthy
20983,12 PENCILS TALL TUBE RED SPOTTY,Healthy
85045,GREEN CHRISTMAS TREE STRING 20LIGHT,Healthy
90062,CARNIVAL BRACELET,Healthy
21507,"ELEPHANT, BIRTHDAY CARD, ",Overstock
22132,RED LOVE HEART SHAPE CUP,Healthy
21651,HANGING GLASS ETCHED TEALIGHT,Healthy
22191,EAU DE NIL DINER WALL CLOCK,Healthy
22572,ROCKING HORSE GREEN CHRISTMAS ,Overstock
84990,60 GOLD AND SILVER FAIRY CAKE CASES,Healthy
22781,GUMBALL MAGAZINE RACK,Healthy
21509,COWBOYS AND INDIANS BIRTHDAY CARD ,Overstock
21077,SET/20 WOODLAND PAPER NAPKINS ,Healthy
21628,TRIANGULAR POUFFE VINTAGE ,Healthy
84691,PACK 20 DOLLY PEGS,Healthy
22788,BROCANTE COAT RACK,Healthy
21042,RED RETROSPOT APRON ,Healthy
21811,CHRISTMAS HANGING HEART WITH BELL,Healthy
21354,TOAST ITS - BEST MUM,Healthy
85123a,WHITE HANGING HEART T-LIGHT HOLDER,Healthy
22333,RETROSPOT PARTY BAG + STICKER SET,Healthy
85040A,S/4 PINK FLOWER CANDLES IN BOWL,Overstock
21612,SET 12 WILDFLOWER BOTANICAL T-LIGHT,Healthy
22325,MOBILE VINTAGE HEARTS ,Healthy
22095,LADS ONLY TISSUE BOX,Healthy
15044C,PURPLE PAPER PARASOL,Healthy
22191,IVORY DINER WALL CLOCK,Healthy
20956,PORCELAIN T-LIGHT HOLDERS ASSORTED,Healthy
22217,T-LIGHT HOLDER HANGING LACE,Healthy
84912B,GREEN ROSE WASHBAG,Healthy
79323G,GOLD  CHERRY LIGHTS,Healthy
47591C,BLUE FAIRY CAKE CHILD'S APRON,Healthy
21154,RED RETROSPOT OVEN GLOVE ,Healthy
22402,MAGNETS PACK OF 4 VINTAGE COLLAGE,Healthy
21993,FLORAL FOLK STATIONERY SET,Healthy
22854,CREAM SWEETHEART EGG HOLDER,Healthy
20703,BLUE PADDED SOFT MOBILE,Overstock
84031B,CHARLIE LOLA BLUE HOT WATER BOTTLE ,Healthy
21171,BATHROOM METAL SIGN ,Healthy
21465,PINK FLOWER CROCHET FOOD COVER,Healthy
21327,SKULLS WRITING SET ,Overstock
85217,ASSORTED ICE CREAM FRIDGE MAGNETS,Healthy
22495,SET OF 2 ROUND TINS CAMEMBERT ,Healthy
22047,EMPIRE GIFT WRAP,Healthy
22451,SILK PURSE RUSSIAN DOLL RED,Healthy
21948,SET OF 6 CAKE CHOPSTICKS,Healthy
84813,SET OF 4 DIAMOND NAPKIN RINGS,Healthy
20871,OPULENT VELVET SET/3 CANDLES,Healthy
22409,MONEY BOX BISCUITS DESIGN,Healthy
22244,3 HOOK HANGER MAGIC GARDEN,Healthy
22451,SILK PURSE BABUSHKA RED,Healthy
20674,GREEN SPOTTY BOWL,Overstock
22959,WRAP CHRISTMAS VILLAGE,Overstock
22757,LARGE RED BABUSHKA NOTEBOOK ,Healthy
85184C,S/4 VALENTINE DECOUPAGE HEART BOX,Overstock
82578,KITCHEN METAL SIGN,Healthy
21682,LARGE MEDINA STAMPED METAL BOWL ,Healthy
21538,DAIRY MAID  PUDDING BOWL,Healthy
22604,SET OF 4 NAPKIN CHARMS CUTLERY,Healthy
21741,COSY SLIPPER SHOES LARGE GREEN,Healthy
22780,LIGHT GARLAND BUTTERFILES PINK,Healthy
21122,SET/10 PINK POLKADOT PARTY CANDLES,Healthy
84519A,TOMATO CHARLIE+LOLA COASTER SET,Healthy
85162B,BLACK RETRODISC LAMPSHADE,Healthy
22536,MAGIC DRAWING SLATE PURDEY,Healthy
21820,GLITTER HEART GARLAND WITH BELLS ,Healthy
21821,GLITTER STAR GARLAND WITH BELLS ,Healthy
21155,RED RETROSPOT PEG BAG,Healthy
21659,GLASS CAKE STAND,Healthy
21683,MEDIUM MEDINA STAMPED METAL BOWL ,Healthy
21540,DAIRY MAID BUTTER DISH,Healthy
22741,FUNKY DIVA PEN,Overstock
21688,SILVER PLATE CANDLE BOWL SMALL,Healthy
22129,PARTY CONES CANDY TREE DECORATION,Healthy
21692,SILVER LATTICE VANILLA CANDLE POT,Healthy
21085,SET/6 WOODLAND PAPER CUPS,Healthy
21687,SILVER PLATE CANDLE BOWL LARGE,Healthy
21091,SET/6 WOODLAND PAPER PLATES,Healthy
22076,6 RIBBONS EMPIRE  ,Healthy
22242,5 HOOK HANGER MAGIC TOADSTOOL,Healthy
21537,RED RETROSPOT PUDDING BOWL,Healthy
22372,AIRLINE BAG VINTAGE WORLD CHAMPION ,Healthy
22755,SMALL PURPLE BABUSHKA NOTEBOOK ,Overstock
22779,WOODEN OWLS LIGHT GARLAND ,Healthy
22021,BLUE FELT EASTER EGG BASKET,Healthy
22851,SET 20 NAPKINS FAIRY CAKES DESIGN ,Overstock
84856S,SMALL TAHITI BEACH BAG,Healthy
22524,CHILDRENS GARDEN GLOVES BLUE,Overstock
21408,SPOTTY PINK DUCK DOORSTOP,Healthy
22579,WOODEN TREE CHRISTMAS SCANDINAVIAN,Overstock
84279P,CHERRY BLOSSOM  DECORATIVE FLASK,Overstock
84797B,BLUE SAVANNAH PICNIC HAMPER FOR 4,Healthy
21657,MILK BOTTLE WITH GLASS STOPPER ,Healthy
85162C,WHITE RETRODISC LAMPSHADE,Healthy
21012,ANTIQUE ALL GLASS CANDLESTICK,Healthy
21352,EUCALYPTUS & PINECONE  WREATH,Healthy
85164B,BLACK BAROQUE CUCKOO CLOCK,Healthy
84327A,PINK JUMPER LARRY THE LAMB,Healthy
21204,DAISIES  HONEYCOMB GARLAND ,Healthy
21082,SET/20 FRUIT SALAD PAPER NAPKINS ,Healthy
21421,PORCELAIN ROSE LARGE ,Healthy
22841,ROUND CAKE TIN VINTAGE GREEN,Healthy
22176,BLUE OWL SOFT TOY,Healthy
84828,JUNGLE POPSICLES ICE LOLLY HOLDERS,Overstock
21384,IVORY HANGING DECORATION  BUTTERFLY,Healthy
21829,DINOSAUR KEYRINGS ASSORTED,Healthy
21357,TOAST ITS - DINOSAUR,Healthy
21747,SMALL SKULL WINDMILL,Healthy
21519,GIN & TONIC DIET GREETING CARD ,Overstock
90167,BEADED LOVE HEART JEWELLERY SET,Healthy
22581,WOOD STOCKING CHRISTMAS SCANDISPOT,Healthy
21039,RED SPOTTY SHOPPING BAG,Overstock
21468,BUTTERFLY CROCHET FOOD COVER,Healthy
22454,MEASURING TAPE RUSSIAN DOLL RED,Healthy
22807,SET OF 6 T-LIGHTS TOADSTOOLS,Healthy
21508,VINTAGE KID DOLLY CARD ,Overstock
21556,CERAMIC STRAWBERRY MONEY BOX,Overstock
22944,CHRISTMAS METAL POSTCARD WITH BELLS,Healthy
21109,"LARGE CAKE TOWEL, CHOCOLATE SPOTS",Overstock
21188,3D HEARTS  HONEYCOMB PAPER GARLAND,Healthy
84849D,HOT BATHS SOAP HOLDER,Healthy
85172,HYACINTH BULB T-LIGHT CANDLES,Healthy
20729,RED SPOTTY CANDY BAG,Healthy
21548,CERAMIC BIRDHOUSE FINCH BLUE ROOF,Healthy
21241,GREEN SPOTTY CUP,Overstock
22642,SET OF 4 NAPKIN CHARMS STARS   ,Overstock
20770,ABSTRACT CIRCLE JOURNAL ,Healthy
21990,MODERN FLORAL STATIONERY SET,Healthy
85107,CUT GLASS T-LIGHT HOLDER OCTAGON,Healthy
72799E,IVORY PILLAR CANDLE SILVER FLOCK,Healthy
22754,SMALL RED BABUSHKA NOTEBOOK ,Overstock
22154,ANGEL DECORATION 3 BUTTONS ,Healthy
21680,WOODLAND  STICKERS,Healthy
21642,ASSORTED TUTTI FRUTTI PEN,Healthy
21106,CREAM SLICE FLANNEL CHOCOLATE SPOT ,Overstock
21187,WHITE BELL HONEYCOMB PAPER GARLAND ,Healthy
21705,BAG 500g SWIRLY MARBLES,Healthy
21652,GLASS ETCHED T-LIGHT HOLDER MEDIUM,Overstock
22166,"WALL MIRROR , RECT DIAMANTE, PINK/",Healthy
21780,MA CAMPAGNE 4 DRAWER WALL SHELF,Healthy
85060,WOOD FAN WITH FLOWER DESIGN,Healthy
21533,RETROSPOT LARGE MILK JUG,Healthy
21760,FRENCH STYLE WALL DRESSER,Healthy
22844,VINTAGE CREAM DOG FOOD CONTAINER,Healthy
79323S, SILVER CHERRY LIGHTS,Healthy
35001G,HAND OPEN SHAPE GOLD,Healthy
21638,ASSORTED TUTTI FRUTTI NOTEBOOK,Healthy
22231,JIGSAW TREE WITH BIRDHOUSE,Healthy
22500,SET OF 2 TINS JARDIN DE PROVENCE,Healthy
22354,RETRO SPOT PADDED SEAT CUSHION,Healthy
21895,POTTING SHED SOW 'N' GROW SET,Healthy
22180,RETROSPOT LAMP,Healthy
21788,KIDS RAIN MAC BLUE,Healthy
79320, FLAMINGO LIGHTS,Healthy
20990,SPRING FLOWER CHOPSTICKS SET/5,Healthy
22419,LIPSTICK PEN RED,Healthy
21216,"SET 3 RETROSPOT TEA,COFFEE,SUGAR",Healthy
22270,HAPPY EASTER HANGING DECORATION,Healthy
22198,"POPCORN HOLDER , LARGE",Healthy
84795A,PASTEL STRIPE HAMMOCK ,Healthy
22313,OFFICE MUG WARMER PINK,Healthy
72799F,IVORY PILLAR CANDLE GOLD FLOCK,Healthy
21786,RAIN HAT WITH RED SPOTS,Healthy
85036A,GARDENIA 1 WICK MORRIS BOXED CANDLE,Healthy
85221,ASSORTED COLOUR SILK COIN PURSE,Healthy
22046,TEA PARTY  WRAPPING PAPER ,Healthy
22066,LOVE HEART TRINKET POT,Healthy
22454,MEASURING TAPE BABUSHKA RED,Healthy
22732,3D VINTAGE CHRISTMAS STICKERS ,Healthy
85199L,LARGE HANGING IVORY & RED WOOD BIRD,Healthy
22428,ENAMEL FIRE BUCKET CREAM,Healthy
21647,ASSORTED TUTTI FRUTTI LARGE PURSE,Healthy
21813,GARLAND WITH STARS AND BELLS,Overstock
22155,STAR DECORATION RUSTIC,Overstock
21041,RED RETROSPOT OVEN GLOVE DOUBLE,Healthy
22142,CHRISTMAS CRAFT WHITE FAIRY ,Healthy
21348,PINK SPOTS CHOCOLATE NESTING BOXES ,Overstock
84510A,SET OF 4 ENGLISH ROSE COASTERS,Overstock
37476,CONDIMENT TRAY 4 BOWLS AND 4 SPOONS,Healthy
20684,STRAWBERRY DREAM CHILDS UMBRELLA,Healthy
21224,SET/4 SKULL BADGES,Overstock
21789,KIDS RAIN MAC PINK,Healthy
20752,RETRO BLUE SPOTTY WASHING UP GLOVES,Healthy
84356,POMPOM CURTAIN,Healthy
21693,SMALL HAMMERED SILVER CANDLEPOT ,Healthy
22478,BIRDHOUSE GARDEN MARKER ,Overstock
21111,"SWISS ROLL TOWEL, CHOCOLATE  SPOTS",Overstock
84507B,STRIPES DESIGN MONKEY DOLL,Healthy
22907,PACK OF 20 NAPKINS PANTRY DESIGN,Healthy
21917,SET 12 KIDS  WHITE CHALK STICKS,Healthy
21645,ASSORTED TUTTI FRUTTI ROUND BOX,Healthy
21545,CERAMIC BIRDHOUSE BUTTERFLY SMALL,Healthy
37441,ASSORTED WHITE EMBOSSED CHINA MUGS,Healthy
85132B,CHARLIE AND LOLA TABLE TINS,Healthy
21445,12 PINK ROSE PEG PLACE SETTINGS,Healthy
21696,SMALL SILVER TRELLIS CANDLEPOT,Healthy
21541,DINOSAURS WATER TRANSFER TATTOOS ,Healthy
21280,VINTAGE KITCHEN PRINT VEGETABLES,Healthy
22152,PLACE SETTING WHITE STAR,Healthy
85035A,GARDENIA 3 WICK MORRIS BOXED CANDLE,Healthy
21593,SWALLOW CIGAR BOX MATCHES ,Healthy
21283,NATURAL BARK CANDLE SMALL,Healthy
22081,RIBBON REEL FLORA + FAUNA ,Overstock
22576,SWALLOW WOODEN CHRISTMAS DECORATION,Healthy
21547,CERAMIC BIRDHOUSE CRESTED TIT SMALL,Healthy
84619,BLUE GINGHAM ROSE QUILT ,Healthy
21837,CROSS STITCH ALPHABET CUSHION COVER,Healthy
21823,PAINTED METAL HEART WITH HOLLY BELL,Healthy
21126,SET OF 6 GIRLS CELEBRATION CANDLES,Healthy
21281,VINTAGE KITCHEN PRINT SEAFOOD,Healthy
48195,DOOR MAT GREEN PAISLEY ,Healthy
21161,KEEP OUT BOYS DOOR HANGER ,Healthy
22071,SMALL WHITE RETROSPOT MUG IN BOX ,Healthy
22350,ILLUSTRATED CAT BOWL ,Healthy
21637,ASSORTED SANSKRIT MINI NOTEBOOK,Healthy
82615,PINK MARSHMALLOW SCARF KNITTING KIT,Healthy
22190,LOCAL CAFE MUG,Healthy
22315,200 RED + WHITE BENDY STRAWS,Healthy
21542,WOODLAND WATER TRANSFER TATTOOS ,Healthy
35160,BUDDHA INCENSE HOLDER ASSORTED,Healthy
22405,MONEY BOX POCKET MONEY DESIGN,Overstock
22376,AIRLINE BAG VINTAGE JET SET WHITE,Overstock
22473,TV DINNER TRAY VINTAGE PAISLEY,Healthy
85170A,SET/6 IVORY BIRD T-LIGHT CANDLES,Healthy
47480,HANGING PHOTO CLIP ROPE LADDER,Healthy
85222,ASSORTED COLOUR SILK COSMETIC PURSE,Healthy
21123,SET/10 IVORY SPOTTY PARTY CANDLES,Healthy
21278,VINTAGE KITCHEN PRINT PUDDINGS,Healthy
21761,WOOD AND GLASS MEDICINE CABINET,Healthy
22784,LANTERN CREAM GAZEBO ,Overstock
21498,RED RETROSPOT WRAP ,Healthy
21092,SET/6 STRAWBERRY PAPER PLATES,Healthy
15059A,ENGLISH ROSE EDWARDIAN PARASOL,Restock Soon
21749,LARGE RED RETROSPOT WINDMILL,Healthy
21550,CERAMIC BIRDHOUSE CRESTED TIT LARGE,Healthy
22023,EMPIRE BIRTHDAY CARD,Overstock
22597,CHRISTMAS MUSICAL ZINC HEART ,Healthy
21276,TWO EMBOSSED HEART MINI DRAWERS,Healthy
84596B,SMALL DOLLY MIX DESIGN ORANGE BOWL,Healthy
22566,FELTCRAFT HAIRBAND PINK AND PURPLE,Healthy
22515,CHILDS GARDEN SPADE PINK,Healthy
20764,ABSTRACT CIRCLES SKETCHBOOK ,Healthy
21710,FOLDING UMBRELLA  PINK/WHITE  SPOT,Healthy
22183,CAKE STAND VICTORIAN FILIGREE MED,Healthy
22223,CAKE PLATE LOVEBIRD PINK,Healthy
85199S,SMALL HANGING IVORY/RED WOOD BIRD,Healthy
21841,BABY MOUSE RED GINGHAM DRESS,Healthy
22758,LARGE PURPLE BABUSHKA NOTEBOOK  ,Healthy
21610,SET 12 PEAR BOTANICAL T-LIGHTS,Healthy
22336,DOVE DECORATION PAINTED ZINC ,Healthy
84795D,SEASIDE STRIPE HAMMOCK,Healthy
22664,TOY TIDY DOLLY GIRL DESIGN,Healthy
21462,"NURSERY A,B,C PAINTED LETTERS",Healthy
84872A,TEATIME FUNKY FLOWER BACKPACK FOR 2,Healthy
22133,PINK LOVE HEART SHAPE CUP,Healthy
22537,MAGIC DRAWING SLATE DINOSAUR,Healthy
22208,WOOD STAMP SET THANK YOU,Healthy
85035B,CHOCOLATE 3 WICK MORRIS BOX CANDLE,Healthy
72008,FROSTED BOX 9 WHITE T-LIGHT CANDLES,Overstock
22449,SILK PURSE RUSSIAN DOLL PINK,Healthy
20985,HEART CALCULATOR,Healthy
72800E,4 IVORY DINNER CANDLES SILVER FLOCK,Healthy
21288,STRIPEY CHOCOLATE NESTING BOXES,Healthy
22797,CHEST OF DRAWERS GINGHAM HEART ,Healthy
21282,NATURAL BARK CANDLE LARGE,Healthy
21476,STEEL SWEETHEART ROUND TABLE CREAM,Healthy
22514,CHILDS GARDEN SPADE BLUE,Healthy
22293,"SPRING DEC , HANGING CHICK  GREEN",Healthy
21099,SET/6 STRAWBERRY PAPER CUPS,Healthy
21146,ANTIQUE GLASS RIDGED HANGING BALL,Healthy
79323B,BLACK CHERRY LIGHTS,Healthy
84796A,PINK HAWAIIAN PICNIC HAMPER FOR 2,Healthy
84526,GIANT BLACK SUNGLASSES,Healthy
22540,MINI JIGSAW CIRCUS PARADE ,Healthy
21742,LARGE ROUND WICKER PLATTER ,Overstock
85016,SET OF 6 VINTAGE NOTELETS KIT,Healthy
85034A,3 GARDENIA MORRIS BOXED CANDLES,Healthy
21009,ETCHED GLASS STAR TREE DECORATION,Healthy
21661,VINTAGE GLASS TEA CADDY,Healthy
22905,CALENDAR IN SEASON DESIGN,Healthy
22261,FELT EGG COSY WHITE RABBIT ,Healthy
22816,CARD MOTORBIKE SANTA,Overstock
22425,ENAMEL COLANDER CREAM,Healthy
84856L,LARGE TAHITI BEACH BAG,Healthy
85160A,WHITE BIRD GARDEN DESIGN MUG,Healthy
15058A,BLUE WHITE SPOTS GARDEN PARASOL,Healthy
21865,PINK UNION JACK  PASSPORT COVER ,Healthy
47585A,PINK FAIRY CAKE CUSHION COVER,Healthy
22650,CERAMIC PIRATE CHEST MONEY BANK,Healthy
84510B,SET OF 4 FAIRY CAKES COASTERS ,Healthy
22688,DOORMAT PEACE ON EARTH BLUE,Healthy
21804,WHITE CHRISTMAS GARLAND STARS TREES,Healthy
21206,STRAWBERRY HONEYCOMB  GARLAND ,Healthy
22091,EMPIRE TISSUE BOX,Healthy
85183B,CHARLIE & LOLA WASTEPAPER BIN FLORA,Healthy
21810,CHRISTMAS HANGING STAR WITH BELL,Healthy
21869,POTTING SHED COFFEE MUG,Healthy
21626,VINTAGE UNION JACK PENNANT,Overstock
22521,CHILDS GARDEN TROWEL PINK,Healthy
22696,WICKER WREATH LARGE,Healthy
20716,PARTY FOOD SHOPPER BAG,Overstock
22496,SET OF 2 ROUND TINS DUTCH CHEESE,Healthy
21275,ZINC TOP  2 DOOR WOODEN SHELF ,Healthy
21424,WOODLAND STORAGE BOX LARGE ,Healthy
22704,WRAP RED APPLES ,Healthy
21410,COUNTRY COTTAGE  DOORSTOP GREEN,Healthy
85098B,BLUE FLYING SINGING CANARY,Healthy
22949,36 DOILIES DOLLY GIRL,Healthy
22903,CALENDAR FAMILY FAVOURITES,Healthy
22375,AIRLINE BAG VINTAGE JET SET BROWN,Overstock
85176,SEWING SUSAN 21 NEEDLE SET,Healthy
37343,SPOTS DESIGN MUG W PINK INSIDE,Healthy
22251,BIRDHOUSE DECORATION MAGIC GARDEN,Healthy
16033,MINI HIGHLIGHTER PENS,Healthy
17084R,ASSORTED INCENSE PACK,Healthy
22503,CABIN BAG VINTAGE PAISLEY,Healthy
51014C,"FEATHER PEN,COAL BLACK",Healthy
21561,DINOSAUR LUNCHBOX WITH CUTLERY,Healthy
21125,SET 6 FOOTBALL CELEBRATION CANDLES,Healthy
20682,RED RETROSPOT CHILDRENS UMBRELLA,Healthy
22951,60 CAKE CASES DOLLY GIRL DESIGN,Healthy
22071,SMALL RETRO SPOT MUG IN BOX  WHITE,Healthy
22449,SILK PURSE BABUSHKA PINK,Healthy
21495,SKULLS WRAP,Healthy
85183A,CHARLIE & LOLA WASTEPAPER BIN BLUE,Healthy
22842,BISCUIT TIN VINTAGE RED,Healthy
22771,CLEAR DRAWER KNOB ACRYLIC EDWARDIAN,Overstock
22342,HOME GARLAND PAINTED ZINC ,Healthy
21640,ASSORTED TUTTI FRUTTI  FOB NOTEBOOK,Healthy
21532,DAIRY MAID SUGAR JAM BOWL,Healthy
18098c,PORCELAIN BUTTERFLY OIL BURNER,Overstock
21643,ASSORTED TUTTI FRUTTI MIRROR,Overstock
22477,WATERING CAN GARDEN MARKER,Healthy
22731,3D CHRISTMAS STAMPS STICKERS ,Healthy
85114C,RED ENCHANTED FOREST PLACEMAT,Healthy
21124,SET/10 BLUE POLKADOT PARTY CANDLES,Healthy
22333,RETRO SPOT PARTY BAG + STICKER SET,Healthy
21557,SET OF 6 FUNKY BEAKERS,Healthy
22153,ANGEL DECORATION STARS ON DRESS,Overstock
21000,ROSE DU SUD COSMETICS BAG,Healthy
85198,ASSORTED FARMYARD ANIMALS IN BUCKET,Healthy
15058B,PINK WHITE SPOTS GARDEN PARASOL,Healthy
21818,GLITTER CHRISTMAS HEART ,Healthy
35971,ROSE FOLKART HEART DECORATIONS,Healthy
22410,MONEY BOX HOUSEKEEPING DESIGN,Overstock
47503K,ASSORTED FLORAL SECATEURS,Healthy
22520,CHILDS GARDEN TROWEL BLUE ,Healthy
21088,SET/6 FRUIT SALAD PAPER CUPS,Healthy
20658,RED SPOTTY LUGGAGE TAG,Overstock
22899,CHILDREN'S APRON DOLLY GIRL ,Healthy
85167B,BLACK GRAND BAROQUE PHOTO FRAME,Healthy
22037,ROBOT BIRTHDAY CARD,Overstock
84396,6 HOOK JEWELLERY STAND BLACK DRESS,Healthy
22028,PENNY FARTHING BIRTHDAY CARD,Overstock
22513,DOORSTOP FOOTBALL DESIGN,Healthy
17091J,VANILLA INCENSE IN TIN,Healthy
21332,MOROCCAN BEATEN METAL MIRROR,Healthy
85116,BLACK CANDELABRA T-LIGHT HOLDER,Healthy
21897,POTTING SHED CANDLE CITRONELLA,Healthy
21794,CLASSIC FRENCH STYLE BASKET NATURAL,Healthy
21011,GLITTER SNOW PEAR TREE DECORATION,Overstock
21279,VINTAGE KITCHEN PRINT FRUITS,Healthy
21588,RETROSPOT GIANT TUBE MATCHES,Healthy
22801,ANTIQUE GLASS PEDESTAL BOWL,Overstock
21398,RED  SPOTTY COFFEE  MUG,Healthy
21356,TOAST ITS - FAIRY FLOWER,Healthy
20979,36 PENCILS TUBE RED RETROSPOT,Healthy
90057,DIAMANTE RING ASSORTED IN BOX.,Healthy
16161U,"WRAP,SUKI AND FRIENDS",Healthy
84562A,PINK/WHITE RIBBED MELAMINE JUG,Healthy
21809,CHRISTMAS HANGING TREE WITH BELL,Healthy
21422,PORCELAIN ROSE SMALL,Healthy
21495,SKULLS AND CROSSBONES WRAP,Healthy
84965B,BLUE KASHMIRI COFFEE TABLE ,Restock Soon
17129D,CLEAR COLOUR GLASS GEMS IN BAG,Healthy
84012,MAGIC SHEEP WOOL GROWING FROM PAPER,Healthy
22439,6 ROCKET BALLOONS ,Healthy
21529,RETRO SPOT CERAMIC TOASTRACK,Overstock
22800,ANTIQUE TALL SWIRLGLASS TRINKET POT,Overstock
21581,SKULLS  DESIGN  COTTON TOTE BAG,Healthy
22150, 3 STRIPEY MICE FELTCRAFT,Healthy
21262,WHITE GOOSE FEATHER CHRISTMAS TREE ,Healthy
21910,WAY OUT METAL SIGN ,Healthy
21397,BLUE  SPOTTY EGG CUP ,Healthy
21905,MORE BUTTER METAL SIGN ,Healthy
22400,MAGNETS PACK OF 4 HOME SWEET HOME,Healthy
84913A,SOFT PINK ROSE TOWEL ,Overstock
20993,JAZZ HEARTS MEMO PAD,Healthy
82494l,WOODEN FRAME ANTIQUE WHITE ,Healthy
22818,CARD CHRISTMAS VILLAGE,Overstock
22246,"GARLAND, MAGIC GARDEN 1.8M",Healthy
21215,IVORY PAPER CUP CAKE CASES ,Healthy
85227,SET OF 6 3D KIT CARDS FOR KIDS,Healthy
22436,12 COLOURED PARTY BALLOONS,Healthy
22117,METAL SIGN HER DINNER IS SERVED ,Healthy
22059,CERAMIC STRAWBERRY DESIGN MUG,Healthy
15058C,ICE CREAM DESIGN GARDEN PARASOL,Healthy
21157,RED SPOTTY WASHBAG,Overstock
21630,FLOOR CUSHION ELEPHANT CARNIVAL,Healthy
22849,BREAD BIN DINER STYLE MINT,Healthy
20992,JAZZ HEARTS PURSE NOTEBOOK,Healthy
21464,DISCO BALL ROTATOR BATTERY OPERATED,Healthy
85232A,SET/3 POLKA DOT STACKING TINS,Healthy
21842,PINK HEART CANDY BUTTON CALCULATOR,Healthy
21807,WHITE CHRISTMAS STAR DECORATION,Healthy
21359,RELAX LARGE WOOD LETTERS,Healthy
20738,GREEN MINI TAPE MEASURE ,Healthy
85055,FRENCH ENAMEL UTENSIL HOLDER,Healthy
22157,ANGEL DECORATION WITH LACE PADDED,Overstock
84763,ZINC FINISH 15CM PLANTER POTS,Healthy
84466,TOP SECRET PEN SET,Healthy
16237,SLEEPING CAT ERASERS,Overstock
22674,FRENCH TOILET SIGN BLUE METAL,Healthy
46775E,CANDY POP CHUNKY KNITTED THROW ,Healthy
84508A,CAMOUFLAGE DESIGN TEDDY,Healthy
84459B,YELLOW METAL CHICKEN HEART ,Healthy
22966,GINGERBREAD MAN COOKIE CUTTER,Healthy
21824,PAINTED METAL STAR WITH HOLLY BELLS,Healthy
22845,VINTAGE CREAM CAT FOOD CONTAINER,Healthy
21759,METAL WALL SHELF UNIT WITH HOOKS,Healthy
22323,PINK POLKADOT KIDS BAG,Healthy
21537,RETRO SPOTS PUDDING BOWL,Healthy
22137,BATHROOM SET LOVE HEART DESIGN,Healthy
84509B,SET OF 4 FAIRY CAKE PLACEMATS,Healthy
21549,CERAMIC BIRDHOUSE RED ROOF SMALL,Healthy
22732,3D STICKERS VINTAGE CHRISTMAS,Healthy
22735,RIBBON REEL SOCKS AND MITTENS,Healthy
84596F,SMALL MARSHMALLOWS PINK BOWL,Healthy
20798,CLEAR MILKSHAKE GLASS,Healthy
22024,RAINY LADIES BIRTHDAY CARD,Overstock
21584,RETROSPOT SMALL TUBE MATCHES,Healthy
21708,FOLDING UMBRELLA  CREAM/MULTI  SPOT,Healthy
20933,YELLOW POT PLANT CANDLE,Healthy
20760,GARDEN PATH POCKET BOOK,Healthy
20754,RETROSPOT RED WASHING UP GLOVES,Healthy
22733,3D TRADITIONAL CHRISTMAS STICKERS,Healthy
21190,PINK HEARTS PAPER GARLAND,Healthy
20825,GOLD WINE GLASS,Healthy
21504,SKULLS GREETING CARD,Overstock
22671,FRENCH LAUNDRY SIGN BLUE METAL,Healthy
84967B,BLUE KASHMIRI OCCASIONAL TABLE,Healthy
21785,RAIN PONCHO ,Healthy
22163,HEART STRING MEMO HOLDER HANGING,Healthy
22452,MEASURING TAPE BABUSHKA PINK,Healthy
21738,COSY SLIPPER SHOES SMALL  RED ,Healthy
22450,SILK PURSE RUSSIAN DOLL BLUE,Healthy
22891,TEA FOR ONE POLKADOT,Healthy
21752,GLASS CAKE STAND MIRRORED BASE,Healthy
20676,RED RETROSPOT BOWL,Healthy
20772,GARDEN PATH JOURNAL,Healthy
22827,GIANT SEVENTEEN DRAWER SIDEBOARD,Restock Soon
22070,SMALL RETRO SPOT MUG IN BOX  RED,Overstock
22308,TEA COSY BLUE STRIPE,Healthy
85114A,BLACK ENCHANTED FOREST PLACEMAT,Healthy
85162A,SILVER RETRODISC LAMPSHADE,Healthy
21787,RAIN PONCHO RETROSPOT,Healthy
85006,SET 4 NURSERY DES ROUND BOXES,Healthy
84969,ASSORTED COLOUR SET 6 TEASPOONS,Overstock
22448,PIN CUSHION RUSSIAN DOLL RED,Healthy
84581,DOG TOY WITH PINK CROCHET SKIRT,Overstock
21438,TUB 24 HANGING EASTER EGGS SPOTTY,Healthy
46775D,SUNSET COLOUR CHUNKY KNITTED THROW,Healthy
21744,SNOWFLAKE PORTABLE TABLE LIGHT ,Overstock
22094,RED POLKA DOT TISSUE BOX,Healthy
22290,STANDING METAL RABBIT WITH EGG,Healthy
21819,GLITTER CHRISTMAS STAR ,Overstock
22863,SOAP DISH BROCANTE,Healthy
22675,FRENCH KITCHEN SIGN BLUE METAL,Healthy
21662,VINTAGE GLASS COFFEE CADDY,Healthy
22052,VINTAGE CARAVAN GIFT WRAP,Healthy
22713,CARD I LOVE LONDON ,Healthy
22516,CHILDS GARDEN RAKE BLUE,Healthy
22712,CARD DOLLY GIRL ,Healthy
20734,SILVER MINI TAPE MEASURE ,Healthy
48197,DOORMAT BIRD ON THE WIRE,Healthy
21616,4 PEAR BOTANICAL DINNER CANDLES,Healthy
21613,S/12 VANILLA  BOTANICAL T-LIGHTS,Healthy
21490,SET OF THREE 50'S GIFT WRAPS ,Healthy
85049H,URBAN BLACK RIBBONS ,Healthy
84748,FOLK FELT HANGING MULTICOL GARLAND,Healthy
79160,HEART SHAPE WIRELESS DOORBELL,Healthy
84685,BEACH HUT KEY CABINET,Healthy
22613,PACK OF 20 SPACEBOY NAPKINS,Healthy
35649,VINTAGE BEAD COSMETIC BAG ,Healthy
21396,RED SPOTTY EGG CUP ,Healthy
21130,COLOURFUL STANDING GNOME,Healthy
20931,BLUE POT PLANT CANDLE ,Healthy
22828,REGENCY MIRROR WITH SHUTTERS,Restock Soon
85231B,CINAMMON SET OF 9 T-LIGHTS,Overstock
17091A,LAVENDER INCENSE IN TIN,Healthy
21644,ASSORTED TUTTI FRUTTI HEART BOX,Healthy
84830,LARGE ENGLISH ARBORETUM,Healthy
21955,  DOORMAT UNION JACK GUNS AND ROSES,Healthy
22742,MAKE YOUR OWN PLAYTIME CARD KIT,Overstock
22753,SMALL YELLOW BABUSHKA NOTEBOOK ,Healthy
22204,MILK PAN BLUE RETROSPOT,Healthy
22348,TEA BAG PLATE RED RETROSPOT,Healthy
22733,3D STICKERS TRADITIONAL CHRISTMAS ,Healthy
21947,SET OF 6 HEART CHOPSTICKS,Healthy
47503E,ASS FLORAL PRINT SCISSORS,Healthy
21617,4 LILY  BOTANICAL DINNER CANDLES,Healthy
22539,MINI JIGSAW DOLLY GIRL,Healthy
84815,SET OF 3 DANISH ROSE PLANTERS,Healthy
21656,RIDGED GLASS POSY VASE ,Healthy
35809A,ENAMEL PINK TEA CONTAINER,Healthy
22533,MAGIC DRAWING SLATE BAKE A CAKE ,Healthy
21806,WHITE CHRISTMAS HEART DECORATION,Healthy
21312,LARGE CHUNKY GLASS ROMAN BOWL,Healthy
22161,HEART DECORATION RUSTIC HANGING ,Healthy
22286,"DECORATION , WOBBLY RABBIT , METAL ",Healthy
22471,TV DINNER TRAY AIR HOSTESS ,Healthy
85106,CUT GLASS HEXAGON T-LIGHT HOLDER,Healthy
21579,LOLITA  DESIGN  COTTON TOTE BAG,Healthy
21677,HEARTS  STICKERS,Overstock
22321,BIRD DECORATION RED SPOT,Overstock
16046,TEATIME PEN CASE & PENS,Healthy
84919,BLUE CUSHION COVER WITH FLOWER,Healthy
51014L,"FEATHER PEN,LIGHT PINK",Healthy
21649,ASSORTED TUTTI FRUTTI PHOTO FRAME,Healthy
22253,6 CROCHET STRAWBERRIES,Healthy
22939,APRON APPLE DELIGHT,Healthy
22517,CHILDS GARDEN RAKE PINK,Healthy
21686,MEDINA STAMPED METAL STOOL,Healthy
21802,CHRISTMAS TREE HEART DECORATION,Overstock
35962,12 ASS ZINC CHRISTMAS DECORATIONS,Healthy
21983,PACK OF 12 BLUE PAISLEY TISSUES ,Healthy
22911,PAPER CHAIN KIT LONDON,Healthy
82567,"AIRLINE LOUNGE,METAL SIGN",Overstock
22695,WICKER WREATH SMALL,Healthy
20731,POSY CANDY BAG,Healthy
84750A,PINK SMALL GLASS CAKE STAND,Healthy
22201,FRYING PAN BLUE POLKADOT ,Healthy
85110,BLACK SILVER FLOWER T-LIGHT HOLDER,Healthy
22731,3D STICKERS CHRISTMAS STAMPS,Healthy
20686,DOLLY MIXTURE CHILDREN'S UMBRELLA,Overstock
22719,GUMBALL MONOCHROME COAT RACK,Overstock
22200,FRYING PAN PINK POLKADOT,Healthy
37424,WHITE WITH BLACK CATS MUG,Healthy
22523,CHILDS GARDEN FORK PINK,Healthy
21287,SCENTED VELVET LOUNGE CANDLE ,Healthy
22319,HAIRCLIPS FORTIES FABRIC ASSORTED,Overstock
22522,CHILDS GARDEN FORK BLUE ,Healthy
21251,DINOSAUR HEIGHT CHART STICKER SET,Healthy
22362,GLASS JAR PEACOCK BATH SALTS,Overstock
22739,"RIBBON REEL, XMAS SOCK/BAUBLE",Healthy
85059,FRENCH ENAMEL WATER BASIN,Healthy
21695,SMALL SILVER FLOWER CANDLE POT,Healthy
84519B,CARROT CHARLIE+LOLA COASTER SET,Healthy
37482B,CUBIC MUG BLUE POLKA DOT,Healthy
22956,36 FOIL HEART CAKE CASES,Healthy
21576,LETS GO SHOPPING COTTON TOTE BAG,Overstock
21051,RIBBONS PURSE ,Healthy
35241,ENAMEL BLUE RIM BISCUIT BIN,Healthy
22035,VINTAGE CARAVAN GREETING CARD ,Overstock
21002,ROSE DU SUD DRAWSTRING BAG,Healthy
21746,SMALL RED SPOT  WINDMILL,Healthy
21010,ETCHED GLASS BIRD TREE DECORATION,Healthy
85224,ASSORTED COLOUR SILK GLASSES CASE,Healthy
21439,BASKET OF TOADSTOOLS,Overstock
85136C,RED SHARK HELICOPTER,Healthy
84279P, CHERRY BLOSSOM  DECORATIVE FLASK,Healthy
21867,PINK UNION JACK  LUGGAGE TAG,Healthy
84688,BEACH HUT DESIGN BLACKBOARD,Healthy
21163,DO NOT TOUCH MY STUFF DOOR HANGER ,Healthy
21904,HOUSE WRECKING METAL SIGN ,Healthy
22777,GLASS CLOCHE LARGE,Healthy
21058,PARTY INVITES WOODLAND,Healthy
22279,POCKET BAG BLUE PAISLEY RED SPOT,Healthy
20780,BLACK EAR MUFF HEADPHONES,Healthy
22760,"TRAY, BREAKFAST IN BED",Healthy
21145,ANTIQUE GLASS PLACE SETTING,Healthy
20768,GREEN FERN JOURNAL ,Healthy
22898,CHILDRENS APRON APPLES DESIGN,Healthy
47587A,PINK FAIRY CAKE COASTER,Healthy
21040,MODERN VINTAGE COTTON SHOPPING BAG,Healthy
21779,MA CAMPAGNE MINI WOODEN CHEST,Healthy
21205,MULTICOLOUR 3D BALLS GARLAND,Healthy
85130A,BEADED PEARL HEART WHITE LARGE,Overstock
84968F,S/16 VINTAGE SKY BLUE CUTLERY,Healthy
20767,BLUE PAISLEY JOURNAL ,Healthy
85200,BUNNY EGG BOX,Healthy
22069,BROWN  PIRATE TREASURE CHEST ,Healthy
21851,LILAC DIAMANTE PEN IN GIFT BOX,Healthy
21801,CHRISTMAS TREE DECORATION WITH BELL,Overstock
47504K,ENGLISH ROSE GARDEN SECATEURS,Healthy
84750B,BLACK SMALL GLASS CAKE STAND,Healthy
84791,GINGHAM HEART DECORATION,Healthy
21839,MUMMY MOUSE RED GINGHAM RIBBON,Healthy
40003,WHITE BAMBOO RIBS LAMPSHADE,Healthy
84989A,75 GREEN FAIRY CAKE CASES,Healthy
20766,GARDEN PATH SKETCHBOOK,Healthy
21413,PERIWINKLE T-LIGHT HOLDER,Healthy
85054,FRENCH ENAMEL POT W LID,Healthy
72815,3 WICK CHRISTMAS BRIAR CANDLE ,Healthy
22535,MAGIC DRAWING SLATE BUNNIES ,Overstock
84847,FLORAL BATHROOM SET,Healthy
22586,FELTCRAFT HAIRBAND PINK AND BLUE,Healthy
21618,4 WILDFLOWER BOTANICAL CANDLES,Healthy
21925,UNION STRIPE CUSHION COVER ,Healthy
20892,SET/3 TALL GLASS CANDLE HOLDER PINK,Healthy
22202,MILK PAN PINK POLKADOT,Healthy
85015,SET OF 12  VINTAGE POSTCARD SET,Healthy
21827,EIGHT PIECE CREEPY CRAWLIE SET,Healthy
84997b,RED 3 PIECE RETROSPOT CUTLERY SET,Healthy
40001,WHITE BAMBOO RIBS LAMPSHADE,Healthy
21972,SET OF 36 DINOSAUR PAPER DOILIES,Healthy
22740,POLKA DOT PEN,Healthy
72800F,4 IVORY DINNER CANDLES GOLD FLOCK,Healthy
20681,PINK POLKADOT CHILDRENS UMBRELLA,Healthy
20983,12 PENCILS TALL TUBE RED RETROSPOT,Healthy
21803,CHRISTMAS TREE STAR DECORATION,Overstock
22710,WRAP I LOVE LONDON ,Healthy
22848,BREAD BIN DINER STYLE PINK,Healthy
85179B,WHITE BITTY LIGHT CHAIN ,Healthy
22609,PENS ASSORTED SPACEBALL,Overstock
21448,12 DAISY PEGS IN WOOD BOX,Overstock
16161U,WRAP SUKI AND FRIENDS,Healthy
16047,POP ART PEN CASE & PENS,Healthy
21825,PAINTED METAL TREE WITH HOLLY BELLS,Healthy
21849,SILVER DIAMANTE PEN IN GIFT BOX,Healthy
21446,12 RED ROSE PEG PLACE SETTINGS,Healthy
84908B,BLUE 5 PATCH FLOWER CUSHION COVER,Healthy
84795B,SUNSET CHECK HAMMOCK,Healthy
20783,HEART EAR MUFF HEADPHONES,Healthy
22068,BLACK PIRATE TREASURE CHEST,Healthy
22440,BALLOON WATER BOMB PACK OF 35,Healthy
22421,LIPSTICK PEN FUSCHIA,Healthy
84910A,PINK PAISLEY CUSHION COVER ,Healthy
84965A,PINK KASHMIRI COFFEE TABLE ,Restock Soon
20668,DISCO BALL CHRISTMAS DECORATION,Healthy
21389,IVORY HANGING DECORATION  BIRD,Overstock
85173,SET/6 FROG PRINCE T-LIGHT CANDLES,Healthy
21158,MOODY GIRL DOOR HANGER ,Healthy
84908A,PINK 5 PATCH FLOWER CUSHION COVER ,Healthy
46775A,BUBBLE GUM CHUNKY KNITTED THROW ,Healthy
21774,DECORATIVE CATS BATHROOM BOTTLE,Healthy
21675,BUTTERFLIES STICKERS,Overstock
84405A,S/3 PINK COL METAL BASKET W HANDLE,Healthy
20846,ZINC HEART LATTICE T-LIGHT HOLDER,Healthy
85126,LARGE ROUND CUTGLASS CANDLESTICK,Healthy
22479,DAISY GARDEN MARKER,Overstock
20671,BLUE TEATIME PRINT BOWL ,Healthy
85124A,PINK JUICY FRUIT PHOTO FRAME,Healthy
22260,FELT EGG COSY BLUE RABBIT ,Healthy
85118,HEART T-LIGHT HOLDER,Healthy
21629,SQUARE FLOOR CUSHION VINTAGE RED,Healthy
22306,SILVER MUG BONE CHINA TREE OF LIFE,Healthy
21792,CLASSIC FRENCH STYLE BASKET GREEN ,Healthy
21634,ASSORTED MINI MADRAS NOTEBOOK,Healthy
22422,TOOTHPASTE TUBE PEN,Healthy
35957,SMALLFOLKART BAUBLE CHRISTMAS DEC,Healthy
85039B,S/4 IVORY MINI ROSE CANDLE IN BOWL,Healthy
37479B,CUBIC MUG FLOCK BLUE ON BROWN,Healthy
22262,FELT EGG COSY CHICKEN,Overstock
21426,WOODLAND STORAGE BOX SMALL,Healthy
35637A,IVORY STRING CURTAIN WITH POLE ,Healthy
22599,CHRISTMAS MUSICAL ZINC STAR,Healthy
22390,PAPERWEIGHT CHILDHOOD MEMORIES,Healthy
22382,LUNCHBAG SPACEBOY DESIGN ,Healthy
22450,SILK PURSE BABUSHKA BLUE,Healthy
75131,METAL TUBE CHIME ON BAMBOO,Healthy
85008,SET OF 3 CONEY ISLAND OVAL BOXES,Healthy
85185B,PINK HORSE SOCK PUPPET,Healthy
22026,BANQUET BIRTHDAY  CARD  ,Overstock
22908,PACK OF 20 NAPKINS RED APPLES,Healthy
85034B,3 WHITE CHOC MORRIS BOXED CANDLES,Healthy
20730,STRAWBERRY CANDY BAG,Healthy
22902,TOTE BAG I LOVE LONDON,Healthy
22711,WRAP CIRCUS PARADE,Healthy
22416,36 DOILIES SPACEBOY DESIGN ,Healthy
84459A,PINK METAL CHICKEN HEART ,Healthy
22565,FELTCRAFT HAIRBANDS PINK AND WHITE ,Healthy
85031C,CURIOUS IMAGES SCRAP BOOK SET,Healthy
22708,WRAP DOLLY GIRL,Healthy
22310,IVORY KNITTED MUG COSY ,Healthy
20777,CHRYSANTHEMUM NOTEBOOK,Healthy
21127,COLOURFUL FISHING GNOME,Healthy
21898,POTTING SHED ROSE CANDLE,Healthy
22098,BOUDOIR SQUARE TISSUE BOX,Healthy
21836,GINGHAM OVEN GLOVE RED HEART ,Healthy
84006,MAGIC TREE -PAPER FLOWERS,Healthy
22559,SEASIDE FLYING DISC,Healthy
22210,WOOD STAMP SET BEST WISHES,Healthy
72484,ROSES IN WHITE HEART CANDLE ,Healthy
35004G,SET OF 3 GOLD FLYING DUCKS,Healthy
84964B,BLUE PAINTED KASHMIRI TABLE ,Restock Soon
21335,LIBRARY LAMP,Healthy
21763,VINTAGE WOODEN BAR STOOL,Healthy
22843,BISCUIT TIN VINTAGE GREEN,Healthy
21927,BLUE/CREAM STRIPE CUSHION COVER ,Healthy
21303,FILIGREE WALL MIRROR  ANTIQUE WHITE,Healthy
22074,6 RIBBONS SHIMMERING PINKS ,Healthy
35958,FOLKART ZINC STAR CHRISTMAS DEC,Healthy
21615,4 LAVENDER BOTANICAL DINNER CANDLES,Healthy
85035C,ROSE 3 WICK MORRIS BOX CANDLE,Healthy
20996,JAZZ HEARTS ADDRESS BOOK,Healthy
21828,EIGHT PIECE SNAKE  SET,Healthy
22614,PACK OF 12 SPACEBOY TISSUES,Overstock
22337,ANGEL DECORATION PAINTED ZINC ,Healthy
21690,SILVER  CANDLEPOT JARDIN ,Healthy
21894,POTTING SHED SEED ENVELOPES,Healthy
22926,IVORY GIANT GARDEN THERMOMETER,Healthy
85036B,CHOCOLATE 1 WICK MORRIS BOX CANDLE,Healthy
22310,KNITTED MUG COSY IVORY COLOUR ,Healthy
84873a,FUNKY FLOWER PICNIC BAG FOR 4,Healthy
21945,STRAWBERRIES  DESIGN FLANNEL ,Healthy
85160B,BLACK BIRD GARDEN DESIGN MUG,Healthy
22254,FELT TOADSTOOL LARGE,Healthy
84985A,SET OF 72 GREEN PAPER DOILIES,Healthy
22651,GENTLEMAN SHIRT REPAIR KIT ,Healthy
21248,DOOR HANGER  MUM + DADS ROOM,Healthy
84616,SILVER ROCCOCO CHANDELIER,Healthy
84968C,SET OF 16 VINTAGE PISTACHIO CUTLERY,Healthy
21299,EDWARDIAN TOILET ROLL UNIT ,Healthy
35810A,ENAMEL PINK COFFEE CONTAINER,Healthy
22338,STAR DECORATION PAINTED ZINC ,Healthy
20735,BLACK MINI TAPE MEASURE ,Healthy
85018D,YULETIDE IMAGES S/6 PAPER BOXES,Healthy
20762,GREEN FERN SKETCHBOOK ,Healthy
84686,BEACH HUT MIRROR,Healthy
21691,SILVER VANILLA FLOWER CANDLE POT,Healthy
22307,GOLD MUG BONE CHINA TREE OF LIFE,Healthy
85189,HANGING BUTTERFLY  EGG,Healthy
22317,FIVE CATS HANGING DECORATION,Healthy
72753B,S/3 FLWR FAIRY LAVENDER CANDLES,Healthy
21805,WHITE CHRISTMAS TREE DECORATION ,Healthy
22778,GLASS CLOCHE SMALL,Healthy
84664,CHERRY BLOSSOM BATHROOM CABINET,Healthy
21425,SKULLS STORAGE BOX LARGE,Healthy
20761,BLUE PAISLEY SKETCHBOOK,Healthy
21711,FOLDING UMBRELLA  WHITE/RED  SPOT,Healthy
22119, PEACE WOODEN BLOCK LETTERS,Healthy
20878,SET/9 CHRISTMAS T-LIGHTS SCENTED ,Healthy
22772,PINK DRAWER KNOB ACRYLIC EDWARDIAN,Overstock
22827,RUSTIC  SEVENTEEN DRAWER SIDEBOARD,Restock Soon
21294,ETCHED GLASS COASTER,Healthy
22080,RIBBON REEL POLKADOTS ,Overstock
37492B,BLUE YELLOW FLOWER PIGGY BANK,Healthy
22143,CHRISTMAS CRAFT HEART DECORATIONS,Healthy
20771,CHRYSANTHEMUM  JOURNAL,Healthy
47591B,SCOTTIES CHILDRENS APRON,Healthy
84678,CLASSICAL ROSE SMALL VASE,Healthy
22822,CREAM WALL PLANTER HEART SHAPED,Healthy
22774,RED DRAWER KNOB ACRYLIC EDWARDIAN,Healthy
84968A,SET OF 16 VINTAGE ROSE CUTLERY,Healthy
47589,CONGRATULATIONS BUNTING,Healthy
21316,SMALL CHUNKY GLASS ROMAN  BOWL,Healthy
85121B,RETRO LAUNDRY TUB PINK,Healthy
84536A,ENGLISH ROSE NOTEBOOK A7 SIZE,Overstock
85226A,WHITE/BLUE PULL BACK RACING CAR,Healthy
47504E,ENGLISH ROSE SCISSORS,Healthy
22363,GLASS JAR MARMALADE ,Healthy
21814,HEART T-LIGHT HOLDER ,Overstock
21358,TOAST ITS - HAPPY BIRTHDAY,Healthy
20893,HANGING BAUBLE T-LIGHT HOLDER SMALL,Healthy
20778,GARDEN PATH NOTEBOOK ,Healthy
84918,CREAM CUSHION COVER WITH FLOWERS,Healthy
84789,ENCHANTED BIRD PLANT CAGE,Healthy
84818,DANISH ROSE PHOTO FRAME,Healthy
82607A,GLASS BONBON JAR PARFUME AUX FLEURE,Healthy
21070,VINTAGE BILLBOARD MUG ,Healthy
85124C,GREEN JUICY FRUIT PHOTO FRAME,Healthy
35965,FOLKART HEART NAPKIN RINGS,Healthy
85121C,RETRO LAUNDRY TUB PISTACHIO,Healthy
72529W,WHITE ADVENT CANDLE,Healthy
21702,SET 5 MINI GATEAUX  FRIDGE MAGNETS,Healthy
72045D,ROSES ON BLUE TEACUP CANDLE ,Restock Soon
22051,BLUE SCANDINAVIAN PAISLEY WRAP,Healthy
21291,SMALL SPOTTY CHOCOLATE GIFT BAG ,Overstock
84913B,MINT GREEN ROSE TOWEL,Overstock
84535B,FAIRY CAKES NOTEBOOK A6 SIZE,Healthy
22438,BALLOON ART MAKE YOUR OWN FLOWERS,Healthy
21007,ETCHED GLASS DROPLET DECORATION,Healthy
22587,FELTCRAFT HAIRBAND RED AND BLUE,Healthy
22823,CHEST NATURAL WOOD 20 DRAWERS,Restock Soon
84709B,PINK OVAL JEWELLED MIRROR,Healthy
85103,SILVER T-LIGHT SETTING,Healthy
22211,WOOD STAMP SET FLOWERS,Overstock
22288,"DECORATION , HANGING METAL RABBIT",Healthy
21580,RABBIT  DESIGN  COTTON TOTE BAG,Overstock
21444,BLUE CHALET BIRDFEEDER,Healthy
21689,SILVER VANILLA  FLOWER CANDLE POT,Healthy
20902,VINTAGE KEEPSAKE BOX PARIS DAYS,Healthy
20773,BLUE PAISLEY NOTEBOOK,Healthy
21480,PINK STRIPE HOT WATER BOTTLE,Healthy
22955,36 FOIL STAR CAKE CASES ,Healthy
20913,SET/5 BLUE SPOTTY LID GLASS BOWLS,Healthy
22453,MEASURING TAPE BABUSHKA BLUE,Healthy
85031A,ROMANTIC IMAGES SCRAP BOOK SET,Healthy
17109B,FLOWER FAIRY INCENSE LAVENDER,Healthy
84760L,LARGE HANGING GLASS+ZINC LANTERN,Restock Soon
22716,CARD CIRCUS PARADE,Overstock
21720,CAKE SHOP  STICKER SHEET,Healthy
70007,HI TEC ALPINE HAND WARMER,Healthy
85031B,BLOSSOM IMAGES SCRAP BOOK SET,Healthy
22025,RING OF ROSES BIRTHDAY CARD,Healthy
85177,BASKET OF FLOWERS SEWING KIT,Healthy
85135B,BLUE DRAGONFLY HELICOPTER,Overstock
85197,SET OF 12 MINI BUNNIES IN A BUCKET,Healthy
22803,IVORY EMBROIDERED QUILT ,Healthy
21195,PINK  HONEYCOMB PAPER BALL ,Healthy
21991,BOHEMIAN COLLAGE STATIONERY SET,Healthy
84559B,3D SHEET OF CAT STICKERS,Healthy
20991,JAZZ HEARTS MAGNETIC MEMO PAD,Healthy
72799A,BLACK PILLAR CANDLE SILVER FLOCK,Healthy
21338,MARAKESH LANTERN SMALL ,Healthy
85165,CANDY PINK FRENCH BOUDOIR CLOCK,Healthy
20765,CHRYSANTHEMUM SKETCHBOOK ,Healthy
21592,RETROSPOT CIGAR BOX MATCHES ,Healthy
21392,RED SPOTTY PUDDING BOWL,Healthy
21414,SCALLOP SHELL SOAP DISH,Healthy
17033,"BROCADE PURSE,SMALL ARCH BUTTON",Healthy
21162,TOXIC AREA  DOOR HANGER ,Healthy
22706,WRAP COWBOYS  ,Healthy
35598D,PINK/WHITE CHRISTMAS TREE 60CM,Healthy
22050,PINK PAISLEY ROSE GIFT WRAP,Healthy
21289,LARGE STRIPES CHOCOLATE GIFT BAG,Healthy
85166B,BLACK METAL BAROQUE PHOTO FRAME,Healthy
21189,WHITE HONEYCOMB PAPER GARLAND ,Healthy
84658,WHITE STITCHED CUSHION COVER,Healthy
10133,COLOURING PENCILS BROWN TUBE,Healthy
22214,CANDLE PLATE LACE WHITE,Healthy
21721,CANDY SHOP  STICKER SHEET,Healthy
21159,MOODY BOY  DOOR HANGER ,Healthy
21255,"FRENCH BOTTLE , LAVENDER",Healthy
22892,SET OF SALT AND PEPPER TOADSTOOLS,Healthy
21185, HOME SWEET HOME  BLACKBOARD,Healthy
85129D,BEADED CRYSTAL HEART PINK SMALL,Overstock
85049a,TRADITIONAL CHRISTMAS RIBBONS,Healthy
21292,SMALL STRIPES CHOCOLATE GIFT BAG ,Healthy
84578,ELEPHANT TOY WITH BLUE T-SHIRT,Overstock
21815,STAR  T-LIGHT HOLDER ,Overstock
21478,SILVER SKULL HOT WATER BOTTLE ,Healthy
22103,MIRROR MOSAIC T-LIGHT HOLDER ROUND,Healthy
72803A,ROSE SCENT CANDLE JEWELLED DRAWER,Healthy
21942,SKULLS DESIGN FLANNEL,Healthy
21243,PINK  POLKADOT PLATE ,Healthy
85071A,BLUE CHARLIE+LOLA PERSONAL DOORSIGN,Healthy
85032D,YULETIDE IMAGES GIFT WRAP SET,Healthy
84559A,3D SHEET OF DOG STICKERS,Healthy
21383,PACK OF 12 STICKY BUNNIES,Healthy
22265,EASTER DECORATION NATURAL CHICK,Healthy
84637,KITCHEN FLOWER POTS WALL PLAQUE,Healthy
84659A,WHITE TRAVEL ALARM CLOCK,Overstock
85099f,JUMBO BAG STRAWBERRY,Healthy
21300,ANTIQUE EDWARDIAN DRESSER,Healthy
20759,CHRYSANTHEMUM POCKET BOOK ,Healthy
21059,PARTY INVITES DINOSAURS,Healthy
20622,VIPPASSPORT COVER ,Healthy
84782A,PINK 3 TIER GLASS PLATE STAND,Healthy
20677,PINK POLKADOT BOWL,Healthy
22040,BOTANICAL ROSE GIFT WRAP,Healthy
85231L,LAVENDER SCENTED SET/9 T-LIGHTS,Healthy
85034C,3 ROSE MORRIS BOXED CANDLES,Healthy
17039,INLAID WOOD INCENSE HOLDER,Healthy
84762B,PINK PICNIC BARBECUE BUCKET,Healthy
16016,LARGE CHINESE STYLE SCISSOR,Healthy
21552,CERAMIC BIRDHOUSE BLACK ROSE  LARGE,Healthy
46000P,POLYESTER FILLER PAD 65CMx65CM,Healthy
40018E,TEA TIME PAPER LANTERNS,Healthy
22775,PURPLE DRAWERKNOB ACRYLIC EDWARDIAN,Healthy
20774,GREEN FERN NOTEBOOK,Healthy
77101A,UNION FLAG WINDSOCK,Healthy
20755,BLUE PAISLEY POCKET BOOK,Healthy
20776,ABSTRACT CIRCLES NOTEBOOK,Healthy
35599D,PINK AND WHITE CHRISTMAS TREE 120CM,Healthy
85196,EASTER BUNNIES ON A STICK,Healthy
22705,WRAP GREEN PEARS ,Overstock
20758,ABSTRACT CIRCLES POCKET BOOK,Healthy
21063,PARTY INVITES JAZZ HEARTS,Healthy
22199,FRYING PAN RED RETROSPOT,Healthy
21551,CERAMIC BIRDHOUSE BUTTERFLY LARGE,Healthy
79342B,BROWN FLOWER LIGHTS,Healthy
84969,BOX OF 6 ASSORTED COLOUR TEASPOONS,Healthy
21694,SMALL REGAL  SILVER CANDLEPOT ,Healthy
79302M,"ART LIGHTS,FUNK MONKEY",Healthy
21499,BLUE POLKADOT WRAP,Healthy
72816,SET/3 CHRISTMAS DECOUPAGE CANDLES,Healthy
22256,FELT FARM ANIMAL CHICKEN,Healthy
22396,MAGNETS PACK OF 4 RETRO PHOTO,Healthy
22545,MINI JIGSAW BUNNIES,Healthy
22181,SNOWSTORM PHOTO FRAME FRIDGE MAGNET,Healthy
22988,SOLDIERS EGG CUP ,Healthy
21926,RED/CREAM STRIPE CUSHION COVER ,Healthy
20941,FROG CANDLE,Healthy
22099,CARAVAN SQUARE TISSUE BOX,Healthy
22209,WOOD STAMP SET HAPPY BIRTHDAY,Overstock
20833,SHAKER THROW  QUILTED,Restock Soon
37423,WHITE WITH BLACK CATS PLATE,Healthy
21944,KITTENS DESIGN FLANNEL,Healthy
85017B,ENVELOPE 50 BLOSSOM IMAGES,Healthy
21066,VINTAGE RED MUG,Healthy
84767,ZINC POLICE BOX LANTERN,Restock Soon
85231G,ORANGE SCENTED SET/9 T-LIGHTS,Healthy
20617,FIRST CLASS PASSPORT COVER ,Healthy
85044,RED REINDEER STRING OF 20 LIGHTS,Healthy
21244,BLUE POLKADOT PLATE ,Healthy
21269,ANTIQUE CREAM CUTLERY SHELF ,Overstock
20756,GREEN FERN POCKET BOOK,Healthy
84666,SQUARE CHERRY BLOSSOM CABINET,Healthy
21555,CERAMIC STRAWBERRY TRINKET TRAY,Healthy
21558,SKULL LUNCHBOX WITH CUTLERY ,Healthy
20840,FRENCH FLORAL CUSHION COVER ,Healthy
22058,CERAMIC LOVE HEARTS DESIGN MUG,Healthy
84358,FLOOR LAMP SHADE WOOD BASE,Healthy
17129F,DEEP BLUE GLASS GEMS IN BAG,Healthy
84509G,SET OF 4 FAIRY CAKE PLACEMATS ,Healthy
22789,T-LIGHT HOLDER SWEETHEART HANGING,Healthy
22101,MIRROR MOSAIC VOTIVE HOLDER,Healthy
37494A,FAIRY CAKE CERAMIC BUTTER DISH,Healthy
84625D,WHITE NEWBAROQUE CANDLESTICK CANDLE,Healthy
21739,COSY SLIPPER SHOES SMALL GREEN,Overstock
46776F,WOVEN ROSE GARDEN CUSHION COVER ,Healthy
45008C,DECORATIVE NET CANOPY CREAM,Healthy
22785,CUSHION COVER PINK UNION FLAG,Healthy
37330,SPOTS MUG,Healthy
20700,GREEN CAT FLORAL CUSHION COVER ,Healthy
47591d,PINK FAIRY CAKE CHILDRENS APRON,Healthy
21286,RETRO SPOT CANDLE  LARGE,Healthy
48173c,DOORMAT BLACK FLOCK ,Healthy
85017A,ENVELOPE 50 ROMANTIC IMAGES,Healthy
85131A,BEADED PEARL HEART WHITE ON STICK,Healthy
21725,SWEETIES  STICKERS,Healthy
22414,DOOR MAT NEIGHBOURHOOD WITCH ,Healthy
21684,SMALL MEDINA STAMPED METAL BOWL ,Healthy
22048,BIRTHDAY BANQUET GIFT WRAP,Overstock
21773,DECORATIVE ROSE BATHROOM BOTTLE,Healthy
20989,URBAN CHIC CHOPSTICKS SET/5,Healthy
20984,12 PENCILS TALL TUBE POSY,Healthy
85025C,PINK HEART SHAPE PHOTO FRAME,Healthy
21043,APRON MODERN VINTAGE COTTON,Healthy
21331,MOROCCAN BEATEN METAL DISH LARGE,Healthy
21317,GLASS SPHERE CANDLE STAND MEDIUM,Healthy
20707,CRAZY DAISY HEART DECORATION,Healthy
37461,FUNKY MONKEY MUG,Healthy
84534B,FAIRY CAKE NOTEBOOK A5 SIZE,Overstock
84843,WHITE SOAP RACK WITH 2 BOTTLES,Healthy
21500,PINK POLKADOT WRAP ,Healthy
22543,MINI JIGSAW BAKE A CAKE ,Healthy
82613D,METAL SIGN CUPCAKE SINGLE HOOK,Overstock
84638,SMALL KITCHEN FLOWER POTS PLAQUE,Healthy
22182,CAKE STAND VICTORIAN FILIGREE SMALL,Healthy
84761,IVORY HANGING BIRD PLANTER ,Healthy
21554,CERAMIC BIRDHOUSE RED ROOF LARGE,Healthy
21633,SUNFLOWER DECORATIVE PARASOL,Healthy
72755C,FLOWER FAIRY OIL BURNER SET ROSE,Healthy
21427,SKULLS STORAGE BOX SMALL,Healthy
21219,SET/4 BADGES BALLOON GIRL,Overstock
84029C,BROWN FURRY HOT WATER BOTTLE,Healthy
84922,PINK BUTTERFLY WASHBAG,Healthy
84925F,PSYCHEDELIC WALL THERMOMETER,Healthy
84631,FRUIT TREE AND BIRDS WALL PLAQUE,Healthy
20757,RED DAISY POCKET BOOK ,Healthy
84665,SQUARE CHERRY BLOSSOM CABINET,Healthy
84905,PINK BUTTERFLY CUSHION COVER ,Healthy
84963A,PINK PAINTED KASHMIRI CHAIR,Healthy
35811A,ENAMEL PINK SUGAR CONTAINER,Healthy
10125,MINI FUNKY DESIGN TAPES,Overstock
22492,MINI PAINT SET VINTAGE  BOY+ GIRL,Healthy
84762C,GREEN PICNIC BARBECUE BUCKET,Healthy
21238,RED RETROSPOT CUP,Healthy
20934,SET/3 POT PLANT CANDLES,Healthy
21277,FRENCH STYLE EMBOSSED HEART CABINET,Healthy
85125,SMALL ROUND CUT GLASS CANDLESTICK,Healthy
20867,PINK ROSE FABRIC MIRROR,Healthy
22714,CARD BIRTHDAY COWBOY,Overstock
84816,DANISH ROSE BEDSIDE CABINET,Healthy
16244B,MAXWELL 2 TONE BLUE 60 PAGE PHOTO A,Healthy
21242,RED RETROSPOT PLATE ,Healthy
21298,EDWARDIAN 2 DRAWER WALL CABINET ,Healthy
22049,WRAP CHRISTMAS SCREEN PRINT,Healthy
84569D,PACK 6 HEART/ICE-CREAM PATCHES,Healthy
20986,BLUE CALCULATOR RULER,Healthy
47581B,FAIRY CAKE WICKER PICNIC BASKET ,Healthy
22756,LARGE YELLOW BABUSHKA NOTEBOOK ,Healthy
21726,MULTI HEARTS  STICKERS,Healthy
17165B,ASS COL LARGE SAND GECKO P'WEIGHT,Healthy
84653,GREEN ROSE QUILT ,Healthy
84615,PINK ROUND BUTTERFLY MIRROR ,Healthy
22393,PAPERWEIGHT VINTAGE COLLAGE,Healthy
79030G,"TUMBLER, NEW ENGLAND",Healthy
22324,BLUE POLKADOT KIDS BAG,Overstock
21284,RETRO SPOT CANDLE  SMALL,Healthy
22493, PAINT YOUR OWN CANVAS SET,Healthy
72800A,S/4 BLACK DINNER CANDLE SILVER FLOC,Healthy
22280,POCKET BAG PINK PAISELY BROWN SPOT,Healthy
22676,"FRENCH BLUE METAL DOOR SIGN, 1",Healthy
21391,FRENCH EMROIDR LAVENDER SCENT HEART,Healthy
20675,BLUE POLKADOT BOWL,Healthy
22269,EGG CUP NATURAL CHICKEN,Healthy
85194L,HANGING SPRING FLOWER EGG LARGE,Healthy
84907,PINK YELLOW PATCH CUSHION COVER,Healthy
84620,BLUE GINGHAM ROSE CUSHION COVER,Healthy
84596E,SMALL LICORICE DES PINK BOWL,Healthy
21366,MIRRORED WALL ART PHOTO FRAMES,Healthy
84689,S/2 BEACH HUT TREASURE CHESTS,Healthy
85053,FRENCH ENAMEL CANDLEHOLDER,Healthy
84674,FLYING PIG WATERING CAN,Healthy
35647,VINTAGE BEAD PINK SHADE ,Healthy
ADJUST2,Adjustment by Peter on Jun 25 2010 ,Restock Soon
20910,VINTAGE PHOTO ALBUM PARIS DAYS,Healthy
20894,HANGING BAUBLE T-LIGHT HOLDER LARGE,Healthy
47503F,ASS FLORAL PRINT TORCH,Healthy
78124,MAGAZINE RACK GEBRA ASSORTED ,Healthy
21250,SET OF SKULL WALL STICKERS,Healthy
72800B,S/4 PURPLE DINNER CANDLE BLK FLOCK,Healthy
21817,GLITTER CHRISTMAS TREE,Healthy
21443,OLIVE CHALET BIRDFEEDER,Healthy
90175A,WHITE GLASS CHUNKY CHARM BRACELET,Healthy
22340,NOEL GARLAND PAINTED ZINC ,Healthy
22792,FLUTED ANTIQUE CANDLE HOLDER,Healthy
20782,CAMOUFLAGE EAR MUFF HEADPHONES,Healthy
21393,BLUE  SPOTTY PUDDING BOWL,Healthy
22339,CHRISTMAS TREE PAINTED ZINC ,Healthy
84971L,LARGE HEART FLOWERS HOOK   ,Healthy
22106,MIRROR MOSAIC HURRICANE LAMP ,Healthy
20901,VINTAGE KEEPSAKE BOX PINK FLOWER,Healthy
10134,COLOURING PENCILS BROWN TUBE,Healthy
84684,BEACH HUT PHOTO FRAME,Healthy
22216,T-LIGHT HOLDER WHITE LACE,Healthy
22287,"DECORATION , WOBBLY CHICKEN, METAL ",Healthy
22532,MAGIC DRAWING SLATE LEAP FROG ,Healthy
35951,FOLKART BAUBLE CHRISTMAS DECORATION,Healthy
21664,RIDGED GLASS STORAGE JAR CREAM LID,Healthy
21076,SET/20 COLLAGE PAPER NAPKIN ,Healthy
20850,ZINC HEART LATTICE PLANTER BOWL,Healthy
21133,PAINTED BIRD ASSORTED CHRISTMAS,Healthy
72819,CUPID DESIGN SCENTED CANDLES,Healthy
22316,200 BENDY SKULL STRAWS,Healthy
85124B,BLUE JUICY FRUIT PHOTO FRAME,Healthy
46776B,WOVEN BERRIES CUSHION COVER ,Healthy
21308,LOUVRE VANITY MIRROR,Restock Soon
84687,BEACH HUT SHELF W 3 DRAWERS,Healthy
84869,CANDY BUTTON PHOTO ALBUM,Healthy
84360,TABLE LAMP WHITE SHADE WOOD BASE,Healthy
21131,GOLD STANDING GNOME,Healthy
21822,GLITTER CHRISTMAS TREE WITH BELLS,Healthy
22986,GINGHAM ROSE WRAP,Healthy
20669,RED HEART LUGGAGE TAG,Healthy
21740,COSY SLIPPER SHOES LARGE RED,Healthy
20775,DAISY NOTEBOOK ,Healthy
85017C,ENVELOPE 50 CURIOUS IMAGES,Healthy
84033,FLAG OF ST GEORGE ,Healthy
84536B,FAIRY CAKES NOTEBOOK A7 SIZE,Overstock
85231E,STRAWBERRY SCENTED SET/9 T-LIGHTS,Healthy
22036,DINOSAUR BIRTHDAY CARD,Overstock
22512,DOORSTOP RACING CAR DESIGN,Healthy
37333,"RETRO ""TEA FOR ONE"" ",Healthy
72755D,FLOWER FAIRY OIL BURNER SET SUMMER,Healthy
84842,HELLO SAILOR BATHROOM SET,Healthy
20862,PINK PATCH PENCIL CASE BLUE HEART,Healthy
72753A,S/3 FLWR FAIRY LILLY CANDLES,Healthy
22598,CHRISTMAS MUSICAL ZINC TREE,Healthy
22948,METAL DECORATION NAUGHTY CHILDREN ,Healthy
84247E,PACK/12 XMAS FUN CARD,Healthy
85136A,YELLOW SHARK HELICOPTER,Healthy
22232,JIGSAW TOADSTOOLS 3 PIECE,Healthy
84715,SET OF 6 ICE CREAM SKITTLES,Healthy
22673,FRENCH GARDEN SIGN BLUE METAL,Healthy
90200C,BLUE SWEETHEART BRACELET,Healthy
22546,MINI JIGSAW PURDEY,Healthy
37492D,PURPLE GREEN FLOWER PIGGY BANK,Healthy
22847,"BREAD BIN, DINER STYLE, IVORY",Healthy
22762,CUPBOARD 3 DRAWER MA CAMPAGNE,Healthy
84625A,PINK NEW BAROQUECANDLESTICK CANDLE,Healthy
90200D,PINK SWEETHEART BRACELET,Healthy
21674,RIDGED GLASS PENDANT LAMPSHADE,Healthy
21758,VINTAGE SHELLS PRINT,Healthy
84313B,BLUE TV TRAY TABLE ,Healthy
85127,SMALL SQUARE CUT GLASS CANDLESTICK,Healthy
22228,BUNNY WOODEN PAINTED WITH BIRD ,Healthy
22802,FAUX FUR CHOCOLATE THROW,Healthy
22343,PARTY PIZZA DISH RED RETROSPOT,Healthy
85039A,SET/4 RED MINI ROSE CANDLE IN BOWL,Healthy
21631,HIPPY CHIC DECORATIVE PARASOL,Healthy
15056n,EDWARDIAN PARASOL NATURAL,Healthy
20704,MR ROBOT SOFT TOY,Healthy
21253,SET OF PICTURE FRAME  STICKERS,Healthy
22034,ROBIN CHRISTMAS CARD,Healthy
72023F,RED ORGANIC CANDLE IN GLASS,Healthy
85071B,RED CHARLIE+LOLA PERSONAL DOORSIGN,Healthy
20866,BLUE ROSE FABRIC MIRROR,Healthy
84341B,SMALL PINK MAGIC CHRISTMAS TREE,Healthy
72750B,FLOWER FAIRY SET 3 CANDLES LAVENDER,Healthy
85141,JARDIN ETCHED GLASS FRUITBOWL,Healthy
21247,SET OF RED SALAD SERVERS ,Overstock
21676,FLOWERS  STICKERS,Healthy
85084,HOLLY TOP CHRISTMAS STOCKING,Healthy
22896,PEG BAG APPLE DESIGN,Healthy
21376,LARGE  TALL CAMPHOR WOOD TOADSTOOL ,Healthy
22383,LUNCHBAG SUKI  DESIGN ,Healthy
17096,ASSORTED LAQUERED INCENSE HOLDERS,Healthy
17109C,FLOWER FAIRY INCENSE ROSE,Healthy
22322,BIRD DECORATION GREEN  SPOT,Healthy
22123,PING MICROWAVE APRON,Healthy
21764,VINTAGE WOODEN PLATE RACK,Healthy
16235,RECYCLED PENCIL WITH RABBIT ERASER,Healthy
20652,BLUE SPOTTY LUGGAGE TAG ,Healthy
22250,DECORATION  BUTTERFLY  MAGIC GARDEN,Healthy
22056,CERAMIC PLATE LOVE HEART DESIGN,Healthy
21239,PINK  POLKADOT CUP,Healthy
22164,STRING OF STARS CARD HOLDER,Healthy
22677,"FRENCH BLUE METAL DOOR SIGN, 2",Healthy
22054,MINI CAKE STAND HANGING HEARTS,Healthy
22230,JIGSAW TREE WITH WATERING CAN,Healthy
17165D,ASS COL LARGE SAND FROG P'WEIGHT,Healthy
72799C,PINK PILLAR CANDLE SILVER FLOCK,Healthy
18007,ESSENTIAL BALM 3.5g TIN IN ENVELOPE,Healthy
37474,SET/4 2 TONE EGG SHAPE MIXING BOWLS,Healthy
20714,POSY SHOPPER BAG,Healthy
21350,GINGHAM HEART WREATH,Healthy
21134,VICTORIAN METAL POSTCARD CHRISTMAS,Healthy
37444C,PINK BREAKFAST CUP AND SAUCER ,Healthy
20802,SMALL GLASS SUNDAE DISH CLEAR,Healthy
85145,JARDIN ETCHED GLASS LARGE BELL JAR,Healthy
22678,"FRENCH BLUE METAL DOOR SIGN, 3",Healthy
47597,NEW ENGLAND TEATOWELS,Overstock
84824,DANISH ROSE UMBRELLA STAND,Healthy
85214,TUB 24 PINK FLOWER PEGS,Overstock
17181,CIRCLE OF FRIENDS CANDLE HOLDER,Healthy
85230F,JASMINE VOTIVE CANDLE,Healthy
84925D,LA PALMIERA WALL THERMOMETER,Healthy
46776A,WOVEN BUBBLE GUM CUSHION COVER,Healthy
84520D,PACK OF 20 FAIRY CAKE PAPER NAPKINS,Healthy
21850,BLUE  DIAMANTE PEN IN GIFT BOX,Healthy
84986B,SET OF 36 SILVER PAPER DOILIES,Healthy
21665,TRIANGULAR RIDGED GLASS POSY HOLDER,Healthy
84601A,NEW BAROQUE IVORY CUSHION COVER ,Healthy
22134,LADLE LOVE HEART RED ,Healthy
90082D,DIAMANTE BOW BROOCH BLACK COLOUR,Healthy
75013B,"STRING OF 8 BUTTERFLIES,PINK",Healthy
22408,MONEY BOX CONFECTIONERY DESIGN,Healthy
17164B,ASS COL SMALL SAND GECKO P'WEIGHT,Healthy
22093,MOTORING TISSUE BOX,Healthy
22389,PAPERWEIGHT SAVE THE PLANET,Healthy
85028L,FRENCH CHATEAU LARGE FRUIT BOWL ,Healthy
79163,BLACK CHAMPAGNE GLASS,Healthy
35004P,SET OF 3 PINK FLYING DUCKS,Healthy
35471D,SET OF 3 BIRD LIGHT PINK FEATHER ,Overstock
22104,MIRROR MOSAIC CANDLE PLATE,Healthy
84964A,PINK PAINTED KASHMIRI TABLE,Restock Soon
85049e,SCANDINAVIAN REDS RIBBONS,Healthy
22965,3 TRADITIONAl BISCUIT CUTTERS  SET,Healthy
21775,DECORATIVE FLORE BATHROOM BOTTLE,Overstock
72814,SET OF 3 CHRISTMAS BRIAR CANDLES,Healthy
16169N,WRAP BLUE RUSSIAN FOLKART,Healthy
21061,PARTY INVITES FOOTBALL,Healthy
85218,S/5 MINI ICE CREAM FRIDGE MAGNETS,Restock Soon
84968F,SET OF 16 VINTAGE SKY BLUE CUTLERY,Healthy
82616A,BUBBLE GUM SCARF KNITTING KIT,Healthy
22289,"DECORATION , HANGING METAL CHICKEN",Healthy
20657,TROPICAL LUGGAGE TAG,Healthy
22249,DECORATION WHITE CHICK MAGIC GARDEN,Healthy
20701,PINK CAT FLORAL CUSHION COVER ,Healthy
62094B,TURQ ICE CREAM BUM BAG ,Healthy
21202,DOLLY HONEYCOMB GARLAND,Healthy
16156N,"WRAP, FRIENDSHIP ON GREEN",Overstock
85093,CANDY SPOT EGG WARMER HARE,Healthy
22267,EASTER DECORATION EGG BUNNY ,Healthy
72772,SET/4 SCENTED CANDLES IN RAMEKINS,Healthy
84932C,SMALL ORIENTAL BLUE FOLDING STOOL,Healthy
21307,SET/4 BUTTERFLY MIRROR MAGNETS,Healthy
22794,SWEETHEART WIRE MAGAZINE RACK,Healthy
20689,RETRO SISTERS EXPRESSO CUPS,Healthy
90147,CHUNKY SILVER NECKLACE PASTEL FLOWE,Healthy
47583A,SET OF 3 WICKER BASKET ROSE,Restock Soon
21632,VINTAGE PINK DECORATIVE PARASOL,Healthy
79315W,FLYING SAUCER TABLE LIGHT IN WHITE,Healthy
85169A,IVORY LOVE BIRD CANDLE,Healthy
22914,BLUE COAT RACK PARIS FASHION,Healthy
22680,"FRENCH BLUE METAL DOOR SIGN, 5",Healthy
21980,PACK OF 12 RED RETROSPOT TISSUES ,Healthy
21173,LOO ROLL  METAL SIGN ,Healthy
22233,JIGSAW RABBIT AND BIRDHOUSE,Healthy
21199,PINK  HEART CONFETTI IN TUBE,Overstock
22529,MAGIC DRAWING SLATE GO TO THE FAIR ,Healthy
16225,RATTLE SNAKE EGGS,Healthy
21240,BLUE POLKADOT CUP,Healthy
85028S,FRENCH CHATEAU SMALL FRUITBOWL,Healthy
85135A,YELLOW DRAGONFLY HELICOPTER,Healthy
21060,PARTY INVITES BALLOON GIRL,Healthy
85135C,RED DRAGONFLY HELICOPTER,Healthy
37351,ORANGE FLOWER MUG ,Healthy
84932A,SMALL GREEN PEONY FOLDING STOOL,Healthy
20863,BLUE PATCH PENCIL CASE PINK HEART,Healthy
20769,DAISY JOURNAL ,Healthy
21619,4 VANILLA BOTANICAL CANDLES,Healthy
22481,BLACK TEA TOWEL CLASSIC DESIGN,Healthy
85185D,FROG SOCK PUPPET,Healthy
21440,12 MINI TOADSTOOL PEGS,Healthy
84682,CLASSICAL ROSE DISH,Healthy
21873,IF YOU CAN'T STAND THE HEAT MUG,Healthy
22679,"FRENCH BLUE METAL DOOR SIGN, 4",Healthy
21293,MIRRORED DOVE WALL DECORATION,Healthy
85117,NIGHTINGALE COATHOOK WHITE,Healthy
84625C,BLUE NEW BAROQUE CANDLESTICK CANDLE,Healthy
85180A,RED HEARTS LIGHT CHAIN ,Healthy
20849,ZINC HEART LATTICE DOUBLE PLANTER,Healthy
84997d,PINK 3 PIECE POLKADOT CUTLERY SET,Healthy
21458,2 PICTURE BOOK EGGS EASTER BUNNY,Healthy
21816,CHRISTMAS TREE T-LIGHT HOLDER,Healthy
85188B,PINK METAL SWINGING BUNNY,Overstock
85113,POLKA DOT PISTACHIO PAIL,Healthy
21304,ARCHED GREY MIRROR,Healthy
21322,GLASS SPHERE CANDLE STAND LARGE ,Healthy
21562,HAWAIIAN GRASS SKIRT ,Healthy
20661,BLUE SPOTTY PURSE ,Healthy
21344,MOROCCAN BEATEN METAL DISH,Healthy
22805,BLUE DRAWER KNOB ACRYLIC EDWARDIAN,Healthy
21256,"FRENCH BOTTLE, BRASSERIE DES ARTIST",Healthy
20898,VINTAGE NOTEBOOK TRAVELOGUE,Healthy
21416,CLAM SHELL LARGE,Healthy
21893,POTTING SHED SEED TIN,Healthy
35653,VINTAGE BEAD NOTEBOOK,Overstock
20695,FLORAL BLUE MONSTER,Healthy
22108,PING! MICROWAVE PLATE,Healthy
21223,SET/4 BADGES WOODLAND ANIMAL,Healthy
84934,ASSTD DESIGN POP ART SLIM PEN,Healthy
22683,"FRENCH BLUE METAL DOOR SIGN, 8",Healthy
16169K,WRAP FOLK ART,Healthy
84997c,BLUE 3 PIECE POLKADOT CUTLERY SET,Healthy
22962,JAM JAR WITH PINK LID,Healthy
84569C,PACK 4 FLOWER/BUTTERFLY PATCHES,Overstock
85096,HILDA CANDY SPOT RABBIT,Healthy
21016,LIGHT BIRD HOUSE TREE DECORATION,Healthy
85092,CANDY SPOT TEA COSY,Healthy
15034,PAPER POCKET TRAVELING FAN ,Healthy
21786,POLKADOT RAIN HAT ,Healthy
72232,FENG SHUI PILLAR CANDLE,Healthy
21553,CERAMIC BIRDHOUSE FINCH BLUE  LARGE,Healthy
35954,SMALL FOLKART STAR CHRISTMAS DEC,Healthy
22837,HOT WATER BOTTLE BABUSHKA LARGE,Healthy
22700,BLACK AND WHITE DOG BOWL,Healthy
20804,GLASS CHICKEN BUTTER DISH,Healthy
20619,TROPICAL PASSPORT COVER ,Healthy
21419,CONCH SHELL,Healthy
22685,"FRENCH BLUE METAL DOOR SIGN, 0",Healthy
82613A,"METAL SIGN,CUPCAKE SINGLE HOOK",Overstock
85036C,ROSE 1 WICK MORRIS BOXED CANDLE,Healthy
84932D,SMALL ORIENTAL RED FOLDING STOOL,Healthy
22643,SET OF 4 NAPKIN CHARMS LEAVES   ,Healthy
21319,GLASS CHALICE GREEN  SMALL ,Healthy
20897,VINTAGE NOTEBOOK PARIS DAYS,Healthy
21284,RETROSPOT CANDLE  SMALL,Healthy
22684,"FRENCH BLUE METAL DOOR SIGN, 9",Healthy
22097,SWALLOW SQUARE TISSUE BOX,Healthy
22709,WRAP WEDDING DAY,Healthy
20615,BLUE SPOTTY PASSPORT COVER,Healthy
21724,PANDA AND BUNNIES STICKER SHEET,Healthy
22062,CERAMIC BOWL WITH LOVE HEART DESIGN,Healthy
17109D,FLOWER FAIRY INCENSE BOUQUET,Healthy
72598,SET/12 TAPER CANDLES,Healthy
85129A,"WHITE PEARL BEADED HEART, SMALL",Healthy
84595E,LARGE TORTILLA DESIGN RED BOWL,Healthy
21392,RED POLKADOT PUDDING BOWL,Healthy
22896,PEG BAG APPLES DESIGN,Healthy
85119,WATERING CAN SINGLE HOOK PISTACHIO,Healthy
20705,MRS ROBOT SOFT TOY,Healthy
22425,ENAMEL COLLANDER CREAM,Healthy
16169C,WRAP BLUE REINDEER,Healthy
22699,TEACUP AND SAUCER REGENCY ROSES,Healthy
21285,RETRO SPOT CANDLE  MEDIUM,Healthy
20832,RED FLOCK LOVE HEART PHOTO FRAME,Healthy
37345,ASSTD HEARTS DESIGN MUGS,Healthy
84773,RED ROSE AND LACE C/COVER,Healthy
22682,"FRENCH BLUE METAL DOOR SIGN, 7",Healthy
20699,MOUSEY LONG LEGS SOFT TOY,Healthy
85032A,ROMANTIC IMAGES GIFT WRAP SET,Healthy
84712B,PINK JEWELLED PHOTO FRAME,Healthy
22811,SET OF 6 T-LIGHTS CACTI ,Healthy
85090,CANDY SPOT APRON,Healthy
22227,HANGING HEART MIRROR DECORATION ,Healthy
16162L,THE KING GIFT BAG,Healthy
22950,SET OF 36 DOILIES VINTAGE CHRISTMAS,Restock Soon
20935,ROUND CACTUS CANDLE,Healthy
20830,SILVER PHOTO FRAME,Healthy
21160,KEEP OUT GIRLS DOOR HANGER ,Healthy
21456,2 PICTURE BOOK EGGS EASTER CHICKS,Healthy
22448,PIN CUSHION BABUSHKA RED,Healthy
22255,FELT TOADSTOOL  SMALL,Healthy
21666, RIDGED GLASS T-LIGHT HOLDER,Healthy
22452,MEASURING TAPE RUSSIAN DOLL PINK,Healthy
22416,SET OF 36 DOILIES SPACEBOY DESIGN ,Healthy
79066K,RETRO MOD TRAY,Healthy
21457,2 PICTURE BOOK EGGS EASTER DUCKS,Healthy
22681,"FRENCH BLUE METAL DOOR SIGN, 6",Healthy
21320,GLASS CHALICE GREEN  LARGE ,Healthy
85091,CANDY SPOT BREAD BASKETS,Healthy
20888,SET 3 JARDIN DE FEMME SCENT CANDLES,Healthy
20936,FORKED CACTUS CANDLE,Healthy
22258,FELT FARM ANIMAL RABBIT,Healthy
20665,RED RETROSPOT PURSE ,Healthy
85188A,GREEN METAL SWINGING BUNNY,Overstock
84675,FROG KING WATERING CAN,Healthy
21377,SMALL CAMPHOR WOOD FIELD  MUSHROOM,Healthy
21339,MARAKESH LANTERN LARGE,Healthy
84596K,JELLY BABIES YELLOW SMALL BOWL,Healthy
22983,"CARD, BILLBOARD FONT",Healthy
21261,GREEN GOOSE FEATHER CHRISTMAS TREE ,Healthy
35969,FOLKART CROWN TABLE DECORATIONS,Healthy
20943,SET/6 GINGERBREAD STAR T-LIGHTS,Healthy
22033,BOTANICAL ROSE GREETING CARD,Healthy
20997,ROSE DU SUD CUSHION COVER ,Healthy
21200,MULTICOLOUR HONEYCOMB PAPER GARLAND,Healthy
82616C,MIDNIGHT GLAMOUR SCARF KNITTING KIT,Healthy
22773,GREEN DRAWER KNOB ACRYLIC EDWARDIAN,Healthy
84414B,FUSCHIA/GREEN STRIPE WOOLLY BLANKET,Healthy
21017,RED BIRD HOUSE TREE DECORATION,Healthy
84865,NEW BAROQUE BLACK PHOTO ALBUM,Healthy
84609,TALL ROCOCO CANDLE HOLDER,Healthy
72800D,S/4 BLUE DINNER CANDLE SILVER FLOCK,Healthy
21719,LOVELY BONBON STICKER SHEET,Healthy
90203,SILVER CHARM NECKLACE 70CM,Healthy
21375,LARGE CAMPHOR WOOD FIELD MUSHROOM ,Healthy
22547,MINI JIGSAW DINOSAUR ,Overstock
85111,SILVER GLITTER FLOWER VOTIVE HOLDER,Healthy
84826,ASSTD DESIGN 3D PAPER STICKERS,Healthy
21215, IVORY PAPER CUP CAKE CASES ,Healthy
72267,PREMIUM CHURCH CANDLE,Healthy
21129,SILVER FISHING GNOME ,Healthy
21734,SMALL MARAKESH LANTERN ON STICK,Healthy
22615,PACK OF 12 CIRCUS PARADE TISSUES ,Overstock
22403,MAGNETS PACK OF 4 VINTAGE LABELS ,Healthy
22116,METAL SIGN HIS DINNER IS SERVED,Healthy
22898,CHILDRENS APRON APPLE DESIGN,Healthy
22963,JAM JAR WITH GREEN LID,Healthy
72728,ROSE SCENT CANDLES IN GLASS,Healthy
85104,SILVER GLASS T-LIGHT SET,Healthy
85226C,BLUE PULL BACK RACING CAR,Healthy
20733,GOLD MINI TAPE MEASURE ,Healthy
37444A,YELLOW BREAKFAST CUP AND SAUCER,Healthy
21883,STARS GIFT TAPE ,Overstock
84657,GREEN ROSE CUSHION COVER,Healthy
84762A,WHITE PICNIC BARBECUE BUCKET,Healthy
22927,GREEN GIANT GARDEN THERMOMETER,Healthy
20932,PINK POT PLANT CANDLE,Healthy
85170D,SET/6 PINK BIRD T-LIGHT CANDLES,Healthy
16202B,PASTEL BLUE PHOTO ALBUM ,Healthy
16169P,WRAP GREEN RUSSIAN FOLKART ,Healthy
90120D,WHITE MURANO TWIST BRACELET,Healthy
84849A,HELLO SAILOR BLUE SOAP HOLDER,Healthy
21378,SMALL TALL CAMPHOR WOOD TOADSTOOL,Healthy
84989B,75 BLACK FAIRY CAKE CASES,Healthy
84952C,MIRROR LOVE BIRD T-LIGHT HOLDER,Healthy
84782C,GREEN 3 TIER GLASS PLATE STAND,Healthy
21540,DAIRY MAID CERAMIC BUTTER DISH,Healthy
20763,DAISY SKETCHBOOK ,Healthy
20753,RETRO PINK SPOT WASHING UP GLOVES,Healthy
21641,ASSORTED TUTTI FRUTTI KEYRING BALL,Healthy
22806,SET OF 6 T-LIGHTS WEDDING CAKE ,Healthy
21706,FOLDING UMBRELLA RED/WHITE POLKADOT,Healthy
90195A,PURPLE GEMSTONE BRACELET,Healthy
22135,LADLE LOVE HEART PINK,Healthy
22913,RED COAT RACK PARIS FASHION,Healthy
35004S,SET OF 3 SILVER FLYING DUCKS,Healthy
37352,BIRD IN TREE MUG ,Healthy
82613B,"METAL SIGN,CUPCAKE SINGLE HOOK",Healthy
90199C,5 STRAND GLASS NECKLACE CRYSTAL,Healthy
85142,JARDIN ETCHED GLASS GINGER JAR,Healthy
85030,FRENCH CHATEAU OVAL PLATTER,Healthy
84993A,75 GREEN PETIT FOUR CASES,Overstock
72818,CHRISTMAS DECOUPAGE CANDLE,Healthy
47591B,SCOTTIES DES CHILD'S APRON,Healthy
21847,GREEN  DIAMANTE PEN IN GIFT BOX,Healthy
20865,PATCHWORK PENCIL CASE BUTTERFLY ,Healthy
85213,MINI  ZINC GARDEN DECORATIONS ,Healthy
84632,DECORATIVE HANGING SHELVING UNIT,Restock Soon
35471A,SET OF 3 BIRD L.BLUE FEATHER,Healthy
85163A,WHITE BAROQUE WALL CLOCK ,Healthy
21635,MADRAS NOTEBOOK LARGE ,Healthy
84805B,BLUE CLIMBING HYDRANGA ART FLOWER,Restock Soon
84596G,SMALL CHOCOLATES PINK BOWL,Healthy
37475,SET/4 COLOURFUL MIXING BOWLS,Healthy
20864,DENIM PATCH PENCIL CASE BUTTERFLY,Healthy
47592A,CAROUSEL DES CHILD'S OVERALL,Healthy
35600D,PINK AND WHITE CHRISTMAS TREE 180CM,Healthy
90010B,BLACK/WHITE GLASS/SILVER BRACELET,Healthy
15056bl,EDWARDIAN PARASOL BLACK,Healthy
17021,NAMASTE SWAGAT INCENSE,Healthy
21399,BLUE  SPOTTY  COFFEE MUG,Healthy
22717,CARD DOG AND BALL ,Healthy
72800C,S/4 PINK DINNER CANDLE SILVER FLOCK,Healthy
47594B,SCOTTIES DESIGN WASHBAG,Healthy
16239,BALLERINA HEART DECORATION.,Healthy
84974,S/2 ZINC HEART DESIGN PLANTERS,Healthy
35972,DAISY FOLKART HEART DECORATION,Healthy
20903,VINTAGE KEEPSAKE BOX TRAVELOGUE,Healthy
22715,CARD WEDDING DAY,Healthy
21004,ROSE DU SUD CHILDS APRON,Healthy
82616B,FRAPPUCINO SCARF KNITTING KIT,Healthy
84706D,CHERRY BLOSSOM TABLE CLOCK ,Healthy
21663,VINTAGE GLASS SUGAR CADDY,Healthy
22042,CHRISTMAS CARD SINGING ANGEL,Healthy
21286,RETROSPOT CANDLE  LARGE,Healthy
22892,SALT AND PEPPER SHAKERS TOADSTOOLS,Healthy
22964,3 PIECE SPACEBOY COOKIE CUTTER SET,Healthy
22897,OVEN MITT APPLE DESIGN,Healthy
85163B,BLACK BAROQUE WALL CLOCK ,Healthy
47594A,CAROUSEL DESIGN WASHBAG,Healthy
21209,MULTICOLOUR HONEYCOMB FAN,Healthy
79191C,RETRO PLASTIC ELEPHANT TRAY,Healthy
82605,OLD DOC RUSSEL METAL SIGN,Healthy
22783,SET 3 WICKER OVAL BASKETS W LIDS,Healthy
72131,COLUMBIAN CANDLE RECTANGLE,Healthy
17012C,ORIGAMI LAVENDER INCENSE/CANDL SET ,Healthy
21147,JINGLE BELLS TREE DECORATION,Healthy
85227,SET/6 3D KIT CARDS FOR KIDS,Healthy
16244A,MAXWELL 2 TONE PINK 60 PAGE PHOTO A,Healthy
21318,GLASS CHALICE BLUE SMALL ,Healthy
16049,TEATIME GEL PENS ASST,Healthy
85159A,"BLACK TEA,COFFEE,SUGAR JARS",Healthy
21650,ASSORTED TUTTI FRUTTI BRACELET,Healthy
37492C,GREEN BLUE FLOWER PIGGY BANK,Healthy
21620,S/4 ROSE    BOTANICAL  CANDLE,Healthy
35915C,PEACH KNITTED HEN ,Healthy
72750C,"F.FAIRY S/3 CANDLE/GLASS, ROSE",Healthy
21336,GOLD WASHBAG,Healthy
72801G,S/4 BURGUNDY WINE DINNER CANDLES,Healthy
22702,BLACK AND WHITE CAT BOWL,Healthy
62096A,PINK/YELLOW FLOWERS HANDBAG,Healthy
84247G,"DECOUPAGE,GREETING CARD,",Healthy
21536,DAIRY MAID  SMALL  MILK JUG,Healthy
47367B,PAIR PADDED HANGERS PINK CHECK,Healthy
22697,TEACUP AND SAUCER REGENCY GREEN,Healthy
22951,72 CAKE CASES DOLLY GIRL DESIGN,Healthy
85144,JARDIN ETCHED GLASS BUTTER DISH,Healthy
84600,NEW BAROQUE JEWELLERY BOX ,Healthy
21123,SET/10 IVORY POLKADOT PARTY CANDLES,Healthy
84901,BLACK FACE LAMB WITH PANTS,Healthy
35599B,BLACK CHRISTMAS TREE 120CM,Healthy
84846A,SCENTED CANDLE IN DIGITALIS TIN,Healthy
90184C,BLACK CHUNKY BEAD BRACELET W STRAP,Healthy
72807c,SET/3 VANILLA SCENTED CANDLE IN BOX,Healthy
84569B,PACK 3 FIRE ENGINE/CAR PATCHES,Healthy
84306,S/3 PINK SQUARE PLANTERS ROSES,Healthy
22268,EASTER DECORATION SITTING BUNNY,Healthy
22686,"FRENCH BLUE METAL DOOR SIGN, No",Healthy
85215,ASSORTED CHEESE FRIDGE MAGNETS,Healthy
72799B,PURPLE PILLAR CANDLE BLACK FLOCK,Healthy
90200E,GREEN SWEETHEART BRACELET,Healthy
21198,WHITE HEART CONFETTI IN TUBE,Overstock
85109,PINK BOUDOIR T-LIGHT HOLDER,Healthy
84798B,PURPLE FOXGLOVE ARTIIFCIAL FLOWER,Healthy
20793,BLUE TILED TRAY,Healthy
20998,ROSE DU SUD OVEN GLOVE,Overstock
84507C,BLUE CIRCLES DESIGN MONKEY DOLL,Healthy
84972L,GIANT PINK HEART MEMO HOLDER,Healthy
72789,BASKET/8 SCENTED LOVE TOKEN CANDLES,Healthy
21222,SET/4 BADGES BEETLES,Healthy
20831,GOLD PHOTO FRAME,Healthy
22608,PENS ASSORTED FUNKY JEWELED ,Healthy
84948,SILVER HANGING T-LIGHT HOLDER DOME,Healthy
22193,RED WALL CLOCK,Restock Soon
22191,IVORY WALL CLOCK,Restock Soon
85136B,BLUE SHARK HELICOPTER,Healthy
22647,CERAMIC LOVE HEART MONEY BANK,Healthy
21090,SET/6 COLLAGE PAPER PLATES,Healthy
35915B,BLUE KNITTED HEN ,Healthy
22124,SET OF 2 TEA TOWELS PING MICROWAVE,Healthy
84509A,ENGLISH ROSE PLACEMATS,Healthy
72586,"S/6 HALLOWEEN GHOST T LIGHTS, 5CM H",Healthy
21220,SET/4 BADGES DOGS,Healthy
21750,LARGE SKULL WINDMILL,Healthy
20621,ECONOMY PASSPORT COVER ,Healthy
21503,TOYBOX  WRAP ,Overstock
82081,PINK HEARTS PHOTO ALBUM,Healthy
22105,MIRROR MOSAIC GOBLET CANDLE HOLDER,Healthy
21265,PINK GOOSE FEATHER TREE 60CM,Healthy
90195B,BLACK GEMSTONE BRACELET,Healthy
22538,MINI JIGSAW GO TO THE FAIR,Healthy
85023B,EAU DE NILE JEWELLED PHOTOFRAME,Healthy
17164D,ASS COL SMALL SAND FROG P'WEIGHT,Healthy
72817,SET OF 2 CHRISTMAS DECOUPAGE CANDLE,Healthy
85086A,CANDY SPOT HEART DECORATION,Healthy
21723,ALPHABET HEARTS STICKER SHEET,Healthy
22718,CARD CAT AND TREE ,Healthy
21529,RED RETROSPOT TOASTRACK,Healthy
85180B,PINK HEARTS LIGHT CHAIN ,Healthy
22266,EASTER DECORATION HANGING BUNNY,Healthy
17012A,ORIGAMI VANILLA INCENSE/CANDLE SET ,Healthy
90200A,PURPLE SWEETHEART BRACELET,Healthy
35598B,BLACK CHRISTMAS TREE 60CM,Healthy
16243B,BROWN COZY SQUARE PHOTO ALBUM,Healthy
84963B,BLUE PAINTED KASHMIRI CHAIR,Restock Soon
84247L,FAWN AND MUSHROOM GREETING CARD,Overstock
21014,SWISS CHALET TREE DECORATION ,Healthy
16259,PIECE OF CAMO STATIONERY SET,Healthy
62096B,PURPLE/TURQ FLOWERS HANDBAG,Healthy
16161M,WRAP  PINK FLOCK,Healthy
22785,SQUARECUSHION COVER PINK UNION FLAG,Healthy
21062,PARTY INVITES SPACEMAN,Healthy
20653,CHERRY BLOSSOM LUGGAGE TAG,Healthy
79030A,"TUMBLER, ENGLISH ROSE",Healthy
85129C,BEADED CRYSTAL HEART BLUE SMALL,Healthy
84819,DANISH ROSE ROUND SEWING BOX,Healthy
35922,EASTER BUNNY WREATH,Healthy
71279,PINK GLASS CANDLEHOLDER,Healthy
90161C,ANT COPPER LIME BOUDICCA BRACELET,Healthy
47310M,"SMALL POP BOX,FUNKY MONKEY",Healthy
22486,PLASMATRONIC LAMP,Healthy
35953,FOLKART STAR CHRISTMAS DECORATIONS,Healthy
20694,FLORAL PINK MONSTER,Healthy
gift_0001_30,Dotcomgiftshop Gift Voucher £30.00,Healthy
22343,PARTY PIZZA DISH RED WHITE SPOT ,Healthy
85025B,EAU DE NILE HEART SHAPE PHOTO FRAME,Healthy
84510F,SET OF 4 NEW ENGLAND COASTERS ,Healthy
22263,FELT EGG COSY LADYBIRD ,Healthy
22247,BUNNY DECORATION MAGIC GARDEN,Healthy
84858B,BLUE RIVIERA HANDBAG,Healthy
72132,COLUMBIAN CUBE CANDLE,Healthy
82011C,BATHROOM SCALES FOOTPRINTS IN SAND,Healthy
21393,BLUE POLKADOT PUDDING BOWL,Healthy
37464,ROBOT MUG IN DISPLAY BOX,Healthy
85208,SET/12 FUNKY FELT FLOWER PEG IN BAG,Healthy
85146,JARDIN ETCHED GLASS SMALL BELL JAR,Healthy
84966B,BLUE KASHMIRI BOXED MIRROR,Restock Soon
22264,FELT FARM ANIMAL WHITE BUNNY ,Healthy
21530,DAIRY MAID TOASTRACK,Healthy
84707B,PINK JEWELLED MIRROR TRINKET TRAY,Healthy
22761,CHEST 7 DRAWER MA CAMPAGNE,Healthy
21757,LIGHTHOUSE PRINTED METAL SIGN,Healthy
85071C,"CHARLIE+LOLA""EXTREMELY BUSY"" SIGN",Healthy
20715,LITTLE FLOWER SHOPPER BAG,Restock Soon
45016,DECORATIVE NET CANOPY LEOPARD,Healthy
21291,SMALL POLKADOT CHOCOLATE GIFT BAG ,Healthy
22897,OVEN MITT APPLES DESIGN,Healthy
21729,SMALL MARAKESH METAL  LANTERN ,Healthy
22446,PIN CUSHION RUSSIAN DOLL PINK,Healthy
16015,MEDIUM CHINESE STYLE SCISSOR,Healthy
22407,MONEY BOX FIRST ADE DESIGN,Healthy
22786,CUSHION COVER PINK UNION JACK,Healthy
22167, OVAL WALL MIRROR DIAMANTE ,Healthy
51020B,STRIPY DESIGN SHOWER CAP,Healthy
22840,"CAKE TIN, ROUND, VINTAGE RED,CREAM",Healthy
47579,TEA TIME BREAKFAST BASKET,Healthy
46776C,WOVEN FROST CUSHION COVER,Healthy
84872a,TEATIME FUNKY FLOWER BACKPACK FOR 2,Healthy
84875D,BLUE SQUARE COMPACT MIRROR,Healthy
84967C,GREEN KASHMIRI OCCASIONAL TABLE,Restock Soon
84770,ROUND GEORGIAN SILVER MIRROR,Healthy
35095B,RED VICTORIAN FABRIC OVAL BOX,Healthy
72750A,FLOWER FAIRY SET OF 3 LILY CANDLES,Healthy
84532B,FAIRY CAKES RECTANGLUAR BOXES,Healthy
85097B,BLUE ROCKING SINGING CANARY,Healthy
37482P,CUBIC MUG PINK POLKA DOT,Healthy
84820,DANISH ROSE TRINKET TRAYS,Healthy
35240,ENAMEL BLUE RIM OVAL TRAY SET/2,Healthy
22985,"WRAP, BILLBOARD FONTS DESIGN",Healthy
20803,SMALL PINK GLASS SUNDAE DISH,Healthy
85186A,EASTER BUNNY GARLAND OF FLOWERS,Healthy
84529C,YELLOW KNITTED KIDS RUCKSACK,Healthy
22053,EMPIRE DESIGN ROSETTE,Healthy
21986,PACK OF 12 PINK POLKADOT TISSUES,Healthy
84997b,RED 3 PIECE MINI DOTS CUTLERY SET,Healthy
84007,MAGIC GARDEN MOUNT FUJI,Healthy
22229,BUNNY WOODEN PAINTED WITH FLOWER ,Healthy
85112,S/3 TEAR DROP CUT GLASS DECORATION,Healthy
21341,KASBAH LANTERN WITH GLASS ,Healthy
84509B,FAIRY CAKE PLACEMATS,Healthy
40046A,RED DAISY PAPER LAMPSHADE,Healthy
16169F,WRAP BLIZZARD,Healthy
84595B,LARGE TRIFLE DESIGN L BLUE BOWL,Healthy
22786,PILLOWCUSHION COVER PINK UNION JACK,Healthy
21252,SET OF MEADOW  FLOWER STICKERS,Healthy
22420,LIPSTICK PEN BABY PINK,Healthy
21026,SPACE OWL,Healthy
22324,BAG FOR CHILDREN VINTAGE BLUE ,Restock Soon
17107D,"FLOWER FAIRY,5 SUMMER B'DRAW LINERS",Healthy
22323,BAG FOR CHILDREN VINTAGE PINK ,Restock Soon
84968D,SET OF 16 VINTAGE RED CUTLERY,Healthy
72803B,OCEAN SCENT CANDLE JEWELLED DRAWER,Healthy
22701,PINK DOG BOWL,Overstock
84708B,PINK JEWELLED PHOTO FRAME ,Healthy
22799,SWEETHEART WIRE FRUIT BOWL,Healthy
22776,"CAKESTAND, 3 TIER, LOVEHEART",Healthy
20823,GOLD WINE GOBLET,Healthy
20674,GREEN POLKADOT BOWL,Healthy
37444B,BLUE BREAKFAST CUP AND SAUCER ,Healthy
82076,BEECH WOOD PHOTO FRAME ,Healthy
21285,RETROSPOT CANDLE  MEDIUM,Healthy
20696,FLORAL SOFT CAR TOY,Healthy
84984B,RED PEONY CUSHION COVER ,Restock Soon
85170C,SET/6 EAU DE NIL BIRD T-LIGHTS,Healthy
84932B,SMALL PINK PEONY FOLDING STOOL,Healthy
21001,ROSE DU SUD WASHBAG ,Healthy
84923,PINK BUTTERFLY HANDBAG W BOBBLES,Overstock
21417,COCKLE SHELL DISH,Healthy
85194S,HANGING SPRING FLOWER EGG SMALL,Healthy
85007,SET OF 3 VINTAGE TEA TIME BOXES,Healthy
22893,MINI CAKE STAND T-LIGHT HOLDER,Healthy
21442,GREEN BIRDHOUSE DECORATION,Healthy
20889,JARDIN DE FEMME SCENTED CANDLE,Healthy
84876D,BLUE HEART COMPACT MIRROR,Healthy
21943,CAKES AND RABBITS DESIGN FLANNEL ,Healthy
D,Discount,Restock Soon
85130D,BEADED CRYSTAL HEART PINK LARGE,Healthy
22922,FRIDGE MAGNETS US DINER ASSORTED,Healthy
85167A,WHITE GRAND BAROQUE PHOTO FRAME,Healthy
84051,ASS COLOUR GLOWING TIARAS,Healthy
21386,IVORY HANGING DECORATION  EGG,Healthy
84726,LILLIES CANVAS PICTURE,Restock Soon
84597C,RETRO PINK BALL ASHTRAY ,Healthy
90209B,GREEN ENAMEL+GLASS HAIR COMB,Healthy
85019C,CURIOUS  IMAGES NOTEBOOK SET,Healthy
22965,3 TRADITIONAL COOKIE CUTTERS  SET,Healthy
90200B,BLACK SWEETHEART BRACELET,Healthy
84596L,BISCUITS SMALL BOWL LIGHT BLUE,Healthy
20819,SILVER TEDDY BEAR,Healthy
84707A,SILVER JEWELLED MIRROR TRINKET TRAY,Healthy
47562,ENGLISH ROSE IRONING BOARD COVER,Healthy
22391,PAPERWEIGHT HOME SWEET HOME,Healthy
84081,WHITE CERAMIC PARTY SET (5PCS),Healthy
16044,POP-ART FLUORESCENT PENS,Restock Soon
82613C,"METAL SIGN,CUPCAKE SINGLE HOOK",Healthy
85186C,BUNNY EGG GARLAND,Healthy
21221,SET/4 BADGES CUTE CREATURES,Healthy
84683,CLASSICAL ROSE CANDLESTAND,Healthy
84292,ROSE PINK METAL FOLDING CHAIR,Healthy
85027L,FRENCH CHATEAU LARGE PLATTER ,Healthy
20662,FIRST CLASS HOLIDAY PURSE ,Healthy
84809A,WHITE CHRYSANTHEMUMS ART FLOWER,Healthy
20781,GOLD EAR MUFF HEADPHONES,Healthy
84663A,GRASS HOPPER WOODEN WALL CLOCK ,Healthy
79030D,"TUMBLER, BAROQUE",Healthy
22698,TEACUP AND SAUCER REGENCY PINK,Healthy
90161D,ANT COPPER PINK BOUDICCA BRACELET,Healthy
22838,"CAKE TIN, 3 TIER RED/IVORY",Healthy
84802B,PURPLE ANEMONE ARTIFICIAL FLOWER,Healthy
85078,SCANDINAVIAN 3 HEARTS NAPKIN RING,Healthy
84968E,SET OF 16 VINTAGE BLACK CUTLERY,Healthy
84584,PINK GINGHAM CAT WITH SCARF,Healthy
46776E,WOVEN CANDY CUSHION COVER ,Healthy
20845,ZINC HEART LATTICE 2 WALL PLANTER,Healthy
16207B,PINK HEART RED HANDBAG,Healthy
90035B,"PEARL & SHELL 42""NECKL. PINK",Restock Soon
72801E,S/4 FESTIVE GREEN DINNER CANDLES,Healthy
22641,SET OF 4 NAPKIN CHARMS INSTRUMENT,Healthy
72750B,"F.FAIRY S/3 CANDLE/GLASS,LAVENDER",Healthy
22044,CHRISTMAS CARD STACK OF PRESENTS,Healthy
22248,DECORATION  PINK CHICK MAGIC GARDEN,Healthy
22707,WRAP MONSTER FUN ,Healthy
71403,"PINK/WHITE ""KEEP CLEAN"" BULLET BIN",Healthy
84533B,FAIRY CAKES ROUND NESTING BOXES,Healthy
84920,PINK FLOWER FABRIC PONY,Overstock
22815,CARD PSYCHEDELIC APPLES,Healthy
84827,ASS DES PHONE SPONGE CRAFT STICKER,Healthy
20976,12 PENCILS SMALL TUBE POSY,Healthy
85033G,SET/6 GOLD REINDEER T-LIGHT CANDLES,Healthy
20851,ZINC HEART LATTICE TRAY OVAL ,Healthy
22252,BIRDCAGE DECORATION TEALIGHT HOLDER,Healthy
21441,BLUE BIRDHOUSE DECORATION,Healthy
22852,DOG BOWL VINTAGE CREAM,Healthy
22100,SKULLS SQUARE TISSUE BOX,Healthy
79071B,ENGLISH ROSE METAL WASTE BIN,Healthy
84798A,PINK FOXGLOVE ARTIIFCIAL FLOWER,Restock Soon
22953,BIRTHDAY PARTY CORDON BARRIER TAPE,Healthy
84680,CLASSICAL ROSE URN,Healthy
90184B,AMETHYST CHUNKY BEAD BRACELET W STR,Healthy
84859C,PINK DISCO HANDBAG,Healthy
90161B,ANT COPPER TURQ BOUDICCA BRACELET,Healthy
22511,DOORSTOP RUSSIAN DOLL RETROSPOT,Healthy
21311,SET/4 BIRD MIRROR MAGNETS ,Healthy
20666,ECONOMY HOLIDAY PURSE,Healthy
22559,SEASIDE FRISBEE ,Healthy
90120A,PINK MURANO TWIST BRACELET,Healthy
21459,YELLOW EASTER EGG HUNT START POST,Healthy
90143,SILVER BRACELET W PASTEL FLOWER,Healthy
84929,ASSTD FRUIT+FLOWERS FRIDGE MAGNETS,Healthy
85020,ROUND PINK HEART MIRROR,Healthy
84952B,BLACK LOVE BIRD T-LIGHT HOLDER,Healthy
85159B,"WHITE TEA,COFFEE,SUGAR JARS",Healthy
84859B,BLUE DISCO HANDBAG,Healthy
84799,SPRIG LAVENDER ARTIFICIAL FLOWER,Healthy
20857,BLUE ROSE PATCH PURSE PINK BUTTERFL,Healthy
85019A,ROMANTIC IMAGES NOTEBOOK SET,Healthy
47503G,ASS FLORAL PRINT TAPE MEASURE,Healthy
47504G,ENGLISH ROSE TAPE MEASURE,Healthy
84569A,PACK 3 IRON ON DOG PATCHES,Healthy
35915A,CREAM KNITTED HEN,Restock Soon
20618,QUEEN OF THE SKIES PASSPORT COVER ,Healthy
16169M,WRAP DAISY CARPET ,Healthy
20752,BLUE POLKADOT WASHING UP GLOVES,Overstock
85212,MINI PAINTED GARDEN DECORATION ,Healthy
22321,BIRD DECORATION RED RETROSPOT,Healthy
20906,VINTAGE NOTEBOOK BEAUTY GIRL,Healthy
22096,PINK PAISLEY SQUARE TISSUE BOX ,Healthy
85230E,STRAWBRY SCENTED VOTIVE CANDLE,Healthy
21880,RED AND WHITE SPOT TAPE,Healthy
21374,MIRRORED WALL ART SKULLS,Healthy
16011,ANIMAL STICKERS,Healthy
21117,BLOND DOLL DOORSTOP,Healthy
84873A,FUNKY FLOWER PICNIC BAG FOR 4,Healthy
22102,MIRROR MOSAIC T-LIGHT HOLDER ,Healthy
20854,BLUE PATCH PURSE PINK HEART,Overstock
84402D,PINK DRESS JEWELLERY STAND ,Healthy
84997a,GREEN 3 PIECE MINI DOTS CUTLERY SET,Healthy
22555,PLASTERS IN TIN MR STRONG ,Healthy
79336,LIGHT PINK FLOCK GLASS CANDLEHOLDER,Healthy
22853,CAT BOWL VINTAGE CREAM,Healthy
47469,ASSORTED SHAPES PHOTO CLIP SILVER ,Healthy
20799,PINK MILKSHAKE GLASS,Healthy
72487,ROSES WHITE ROUND CANDLE,Healthy
85131D,BEADED CRYSTAL HEART PINK ON STICK,Healthy
20950,SET/6  ANGEL T-LIGHTS WHITE/GOLD,Healthy
21264,WHITE GOOSE FEATHER TREE 60CM ,Healthy
79323S,SILVER CHERRY LIGHTS,Healthy
16168M,FUNKY MONKEY GIFT BAG MEDIUM,Healthy
46126A,ELVIS WALLHANGING / CURTAIN,Healthy
22821,GIFT BAG PSYCHEDELIC APPLES,Healthy
21379,CAMPHOR WOOD PORTOBELLO MUSHROOM,Healthy
84497,BUTTONS AND STRIPES NOTEBOOK ,Healthy
84858C,PINK RIVIERA HANDBAG,Healthy
72750A,"F.FAIRY S/3 CANDLE/GLASS,LILY/VALLY",Healthy
22029,SPACE BOY BIRTHDAY CARD,Healthy
51020A,SUMMER FUN DESIGN SHOWER CAP,Healthy
71101E,STANDING FAIRY POLE SUPPORT ,Healthy
84249D,FAIRY CAKE GREETINGS CARD,Healthy
85205B,PINK FELT EASTER RABBIT GARLAND,Healthy
35810B,ENAMEL BLUE RIM COFFEE CONTAINER,Healthy
22925,BLUE GIANT GARDEN THERMOMETER,Healthy
21707,FOLDING UMBRELLA BLACKBLUE POLKADOT,Healthy
21270,ANTIQUE CREAM CUTLERY CUPBOARD,Healthy
21418,STARFISH SOAP DISH,Healthy
35004c,SET OF 3 COLOURED  FLYING DUCKS,Healthy
17129F,BLUE GLASS GEMS IN BAG,Healthy
21245,GREEN POLKADOT PLATE ,Healthy
20940,SET/6 GARDEN GNOME T-LIGHT CANDLES,Healthy
21518,BANK ACCOUNT  GREETING  CARD ,Healthy
72814,SET/3 CHRISTMAS BRIAR CANDLES,Healthy
22703,PINK CAT BOWL,Healthy
84859A,SILVER DISCO HANDBAG,Healthy
35095A,BLUE VICTORIAN FABRIC OVAL BOX,Healthy
75149N,STRING CRYSTALS NATURAL,Healthy
79303B,BLUE STAR BLOCK TABLE LAMP,Healthy
90002D,FLOWER BURST SILVER RING CRYSTAL,Healthy
84925A,WAKE UP COCKEREL WALL THERMOMETER,Healthy
BANK CHARGES,Bank Charges,Healthy
22166,WALL MIRROR RECTANGLE DIAMANTE PINK,Healthy
90175D,TIGRIS EYE CHUNKY CHARM BRACELET,Healthy
71143,SILVER BOOK MARK WITH BEADS,Healthy
22094,RED RETROSPOT TISSUE BOX,Healthy
84821,DANISH ROSE DELUXE COASTER,Healthy
20670,VIP HOLIDAY PURSE,Healthy
17084N,FAIRY DREAMS INCENSE ,Healthy
17109A,FLOWER FAIRY INCENSE LILY,Healthy
35923,CANDY HEART HANGING DECORATION,Healthy
84563A,PINK & WHITE BREAKFAST TRAY,Healthy
20688,BEAUTY SPEED EXPRESSO CUPS,Healthy
47583B,SET OF 3 WICKER BASKET TEA AND CAKE,Restock Soon
16048,TEATIME ROUND PENCIL SHARPENER ,Healthy
20856,DENIM PATCH PURSE PINK BUTTERFLY,Healthy
84596J,MIXED NUTS LIGHT GREEN BOWL,Healthy
84800L,LARGE WHITE/PINK ROSE ART FLOWER,Healthy
84801A,PINK HYDRANGEA ART FLOWER,Healthy
21793,CLASSIC FRENCH STYLE BASKET BROWN,Healthy
22856,ASSORTED EASTER DECORATIONS  BELLS,Restock Soon
84508B,STRIPES DESIGN TEDDY,Healthy
72739B,WHITE CHOCOLATE SCENT CANDLE,Healthy
22817,CARD SUKI BIRTHDAY,Healthy
21263,GREEN GOOSE FEATHER TREE 60CM,Healthy
22819,"BIRTHDAY CARD, RETRO SPOT",Healthy
84902,PINK KNITTED COW STUFFED TOY,Healthy
20655,QUEEN OF SKIES LUGGAGE TAG,Healthy
84706A,ENGLISH ROSE TABLE CLOCK,Healthy
21309,LOUVRE CHALKBOARD,Restock Soon
22045,SPACE BOY GIFT WRAP,Healthy
22043,CHRISTMAS CARD SCREEN PRINT ,Healthy
21654,RIDGED GLASS FINGER BOWL,Healthy
22640,SET OF 4 NAPKIN CHARMS 3 KEYS ,Healthy
79190B,RETRO PLASTIC POLKA TRAY,Healthy
84875B,GREEN SQUARE COMPACT MIRROR,Healthy
21454,PAINTED PINK RABBIT ,Healthy
85103, SILVER T-LIGHT SETTING,Healthy
21128,GOLD FISHING GNOME,Healthy
85070,ANT WHITE SWEETHEART TABLE W 3 DRAW,Restock Soon
84823,DANISH ROSE FOLDING CHAIR,Restock Soon
21678,PAISLEY PATTERN  STICKERS,Healthy
22394,PAPERWEIGHT KINGS CHOICE ,Healthy
84970s,HANGING HEART ZINC T-LIGHT HOLDER,Healthy
85033S,SET/6 SILVER REINDEER T-LIGHTS,Healthy
84933C,LARGE BLUE ORIENTAL FOLDING STOOL,Restock Soon
17091B,JASMINE TEA INCENSE IN TIN,Healthy
84509G,FAIRY CAKE PLACEMATS ,Healthy
84984A,GREEN PEONY CUSHION COVER,Restock Soon
84760S,SMALL HANGING GLASS+ZINC LANTERN,Healthy
85071D,CHARLIE+LOLA MY ROOM DOOR SIGN,Healthy
84933A,LARGE GREEN PEONY FOLDING STOOL,Restock Soon
22770,MIRROR CORNICE,Healthy
84809B,PINK CHRYSANTHEMUMS ART FLOWER,Healthy
84804B,BLUE DELPHINIUM ARTIFICIAL FLOWER,Healthy
20794,BLUE  TILE HOOK,Healthy
21065,BOOM BOX SPEAKER GIRLS,Healthy
84838,ANT WHITE HIGH RISE BIRD BOX,Restock Soon
22782,SET 3 WICKER STORAGE BASKETS ,Healthy
20654,FIRST CLASS LUGGAGE TAG ,Healthy
84984C,ORIENTAL BLUE CUSHION COVER ,Healthy
90010E,AMBER GLASS/SILVER BRACELET,Healthy
35979,SIX STRING SCANDINAVIAN HEART DECS,Healthy
62095B,TURQOISE ICE CREAM SUNHAT,Healthy
84623,PINK GINGHAM ROSE FLOOR CUSHION,Healthy
84802A,WHITE ANEMONE ARTIFICIAL FLOWER,Healthy
84933B,LARGE PINK PEONY FOLDING STOOL,Restock Soon
22844,VINTAGE DOG FOOD CONTAINER,Restock Soon
77081,FLOWER WINDMILL,Healthy
20663,QUEEN OF THE SKIES HOLIDAY PURSE ,Healthy
17013D,ORIGAMI ROSE INCENSE IN TUBE,Healthy
90184A,AMBER CHUNKY BEAD BRACELET W STRAP,Healthy
90160C,TURQ+RED BOUDICCA LARGE BRACELET,Healthy
22453,MEASURING TAPE RUSSIAN DOLL BLUE,Healthy
84671B,CROCHET BEAR WITH BLUE STRIPES,Healthy
85026B,EAU DE NILE JEWELLED T-LIGHT HOLDER,Healthy
22092,BLUE PAISLEY TISSUE BOX,Healthy
gift_0001_20,Dotcomgiftshop Gift Voucher £20.00,Healthy
20800,LARGE GLASS SUNDAE DISH CLEAR,Restock Soon
21620,SET OF 4 ROSE BOTANICAL CANDLES,Healthy
84219,BOX/12 MOTHER & CHICK IN BASKET/BOW,Healthy
22541,MINI JIGSAW LEAP FROG,Healthy
72753D,S/3 FLWR FAIRY SUMMER CANDLES,Healthy
84660C,PINK STITCHED WALL CLOCK,Healthy
85147,JARDIN ETCHED GLASS CANDLEHLDR LONG,Healthy
21321,GLASS CHALICE BLUE  LARGE ,Healthy
72780,BLACK SILOUETTE CANDLE PLATE,Healthy
72225C,LAVENDER SCENT CAKE CANDLE,Healthy
47563A,RETRO LONGBOARD IRONING BOARD COVER,Healthy
85130C,BEADED CRYSTAL HEART BLUE  LARGE,Healthy
22852,ENAMEL DOG BOWL CREAM,Restock Soon
21197,MULTICOLOUR  CONFETTI IN TUBE,Healthy
85019B,BLOSSOM  IMAGES NOTEBOOK SET,Healthy
84801B,WHITE HYDRANGEA ART FLOWER,Healthy
20868,SILVER FABRIC MIRROR,Healthy
18096C,WHITE ROUND PORCELAIN TLIGHT HOLDER,Healthy
72128,COLUMBIAN CANDLE ROUND,Healthy
72800B, 4 PURPLE FLOCK DINNER CANDLES,Healthy
21382,SET/4 SPRING FLOWER DECORATION,Healthy
90198A,VINTAGE ROSE BEAD BRACELET RASPBERR,Healthy
35981C,WHITE SNOW SCANDINAVIAN STOCKING ,Healthy
84627,CANDY STRIPE ROSE C/COVER ,Healthy
84509C,SET OF 4 DOTTY PLACEMATS ,Healthy
84766,SILVER ROCOCO CANDLE STICK,Healthy
90013B,BLACK VINTAGE EARRINGS,Healthy
85161,ACRYLIC GEOMETRIC LAMP,Healthy
84592,CROCHET ROSE PURSE WITH SUEDE BACK,Healthy
21697,SET 5 MINI DOUGHNUT FRIDGE MAGNET ,Healthy
21039,RED RETROSPOT SHOPPING BAG,Healthy
84877B,GREEN ROUND COMPACT MIRROR,Healthy
90145,SILVER HOOP EARRINGS WITH FLOWER,Healthy
85230A,OPIUM SCENTED VOTIVE CANDLE,Healthy
90198B,VINTAGE ROSE BEAD BRACELET BLACK,Healthy
84482,BUTTONS DESIGN JEWELLERY BOX,Healthy
72801F,S/4 FESTIVE RED DINNER CANDLES,Healthy
85211,S/4 GROOVY CAT MAGNETS,Healthy
37422,WHITE WITH BLACK CATS BOWL,Healthy
22952,SET 72 CAKE CASES VINTAGE CHRISTMAS,Restock Soon
90120B,BLUE MURANO TWIST BRACELET,Healthy
84529A,PINK KNITTED KIDS RUCKSACK,Healthy
35968,FOLK ART METAL HEART T-LIGHT HOLDER,Healthy
21388,IVORY HANGING DECORATION  CHICKEN,Healthy
72800D,4 BLUE DINNER CANDLES SILVER FLOCK,Healthy
17012B,ORIGAMI JASMINE INCENSE/CANDLE SET,Healthy
35964,FOLKART CLIP ON STARS,Healthy
21415,CLAM SHELL SMALL ,Healthy
20987,GEISHA GIRL CHOPSTICKS SET/5,Healthy
20659,ECONOMY LUGGAGE TAG,Healthy
22824,3 TIER SWEETHEART GARDEN SHELF,Healthy
21879,HEARTS GIFT TAPE,Healthy
16212,FUNKY GIRLZ ASST MAGNETIC MEMO PAD,Healthy
16202A,PASTEL PINK PHOTO ALBUM ,Healthy
90010A,MIDNIGHT BLUE GLASS/SILVER BRACELET,Healthy
35645,VINTAGE BEAD PINK JEWEL BOX,Healthy
21365,MIRRORED WALL ART STARS,Healthy
90014A,SILVER/MOP ORBIT NECKLACE,Healthy
21946,PARTY TIME DESIGN FLANNEL,Healthy
82093,HEART SHAPE BUTTON FRAME ,Healthy
21208,PASTEL COLOUR HONEYCOMB FAN,Healthy
22546,MINI JIGSAW FIDO,Healthy
22038,BOTANICAL LAVENDER GIFT WRAP ,Healthy
90124B,BLUE MURANO TWIST NECKLACE,Healthy
90160B,RED BOUDICCA LARGE BRACELET,Healthy
21636,MADRAS NOTEBOOK MEDIUM,Healthy
21038,SET/4 MODERN VINTAGE COTTON NAPKINS,Healthy
21455,PAINTED YELLOW WOODEN DAISY,Overstock
84218,BOX/12 CHICK & EGG IN BASKET,Healthy
22814,CARD PARTY GAMES ,Healthy
90209C,PINK ENAMEL+GLASS HAIR COMB,Healthy
84977,WIRE FLOWER T-LIGHT HOLDER,Healthy
84976,RECTANGULAR SHAPED MIRROR,Healthy
46776D,WOVEN SUNSET CUSHION COVER ,Healthy
90035C,"PEARL & SHELL 42""NECKL. IVORY",Restock Soon
90180A,BLACK+WHITE NECKLACE W TASSEL,Healthy
84086C,PINK/PURPLE RETRO RADIO,Healthy
16236,KITTY PENCIL ERASERS,Overstock
85089,CANDY SPOT BUNNY,Healthy
72739C,DARK CHOCOLATE SCENTCANDLE,Healthy
21412,VINTAGE GOLD TINSEL REEL,Healthy
84625B,BLCK NEW BAROQUE CANDLESTICK CANDLE,Healthy
17001,HEAVENS SCENT FRAGRANCE OILS ASSTD,Healthy
22820,GIFT BAG BIRTHDAY,Healthy
21144,PINK POODLE HANGING DECORATION ,Healthy
84522,PINK PARTY SUNGLASSES,Healthy
90058B,CRYSTAL STUD EARRINGS ASSORTED COL ,Healthy
84313C,ORANGE TV TRAY TABLE ,Healthy
22638,SET OF 4 NAPKIN CHARMS CROWNS ,Healthy
21132,SILVER STANDING GNOME   ,Healthy
84966C,GREEN KASHMIRI BOXED MIRROR,Restock Soon
90192,JADE DROP EARRINGS W FILIGREE,Healthy
18094C,WHITE AND BLUE CERAMIC OIL BURNER,Healthy
21193,WHITE HONEYCOMB PAPER FAN ,Healthy
20801,LARGE PINK GLASS SUNDAE DISH,Healthy
17011F,ORIGAMI SANDLEWOOD INCENSE+FLOWER,Healthy
22031,BOTANICAL LAVENDER BIRTHDAY CARD,Overstock
84881,BLUE WIRE SPIRAL CANDLE HOLDER,Healthy
84924D,LA PALMIERA METAL SIGN CALENDAR,Healthy
79303D,LILAC FLOWER BLOCK TABLE LAMP,Healthy
35096A,BLUE VICTORIAN FABRIC HEART BOX,Healthy
21666,RIDGED GLASS T-LIGHT HOLDER,Healthy
85087,CANDY SPOT CUSHION COVER,Healthy
21629,SQUARE FLOOR CUSHION VINTAGE PINK ,Healthy
90175C,BLUE GLASS CHUNKY CHARM BRACELET,Healthy
72127,COLUMBIAN CANDLE ROUND ,Healthy
84898F,YELLOW FLOWERS FELT HANDBAG KIT,Healthy
72793,BLACK BOX MIRROR LANTERN,Healthy
84924F,PSYCHEDELIC METAL SIGN CALENDAR,Healthy
84499,BLACK FLOWER CANDLE PLATE,Healthy
85039C,S/4 BLACK MINI ROSE CANDLE IN BOWL,Healthy
72801G,4 BURGUNDY WINE DINNER CANDLES,Healthy
79191B,RETRO PLASTIC POLKA TRAY,Healthy
84931B,BLUE SCOTTIE DOG W FLOWER PATTERN,Healthy
22912,YELLOW COAT RACK PARIS FASHION,Healthy
90160D,PINK BOUDICCA LARGE BRACELET,Healthy
85202,HANGING WOOD AND FELT HEART,Healthy
21950,SET OF 6 DOTS CHOPSTICKS,Healthy
16254,TRANSPARENT ACRYLIC TAPE DISPENSER,Healthy
21167,WHITE SAGE INCENSE,Healthy
90070,RUBY GLASS CLUSTER BRACELET,Healthy
35833P,4 PINK FLOCK CHRISTMAS BALLS,Healthy
21268,VINTAGE BLUE TINSEL REEL,Healthy
85187,S/12 MINI RABBIT EASTER,Healthy
72811,SMALL ZINC/GLASS CANDLEHOLDER,Healthy
22923,FRIDGE MAGNETS LES ENFANTS ASSORTED,Healthy
79328,BLUE FLOCK GLASS CANDLEHOLDER,Healthy
72799D,BLUE PILLAR CANDLE SILVER FLOCK,Healthy
22510,GINGHAM BABUSHKA DOORSTOP,Healthy
16207A,PINK STRAWBERRY HANDBAG ,Healthy
85203,HANGING WOOD AND FELT BUTTERFLY ,Healthy
22929,SCHOOL DESK AND CHAIR ,Restock Soon
20658,RED RETROSPOT LUGGAGE TAG,Healthy
21884,CAKES AND BOWS GIFT  TAPE,Overstock
72122,COFFEE SCENT PILLAR CANDLE,Healthy
84613C,BLUE NEW BAROQUE FLOCK CANDLESTICK,Healthy
16238,PARTY TIME PENCIL ERASERS,Healthy
84520b,PACK 20 ENGLISH ROSE PAPER NAPKINS,Healthy
84371,BIG PINK POODLE,Restock Soon
21736,GOLD SCROLL GLASS T-LIGHT HOLDER,Healthy
90120C,GREEN MURANO TWIST BRACELET,Healthy
35967,FOLK ART METAL STAR T-LIGHT HOLDER,Healthy
84741C,CITRUS GARLAND FELT FLOWERS ,Healthy
21882,SKULLS TAPE,Healthy
22924,FRIDGE MAGNETS LA VIE EN ROSE,Healthy
79338,DARK PINK FLOCK GLASS CANDLEHOLDER,Healthy
79337,BLUE FLOCK GLASS CANDLEHOLDER,Healthy
20661,BLUE POLKADOT PURSE ,Healthy
10123C,HEARTS WRAPPING TAPE ,Healthy
17012E,ORIGAMI OPIUM INCENSE/CANDLE SET ,Healthy
90208,PAIR OF ENAMEL FLOWER CLUSTER SLIDE,Healthy
35648,VINTAGE BEAD PINK PURSE ,Healthy
84673A,PINK FLY SWAT,Healthy
90178A,AMBER CHUNKY GLASS+BEAD NECKLACE,Healthy
85169D,PINK LOVE BIRD CANDLE,Healthy
90013A,MIDNIGHT BLUE VINTAGE EARRINGS,Healthy
21493, VINTAGE DESIGN GIFT TAGS,Healthy
84563B,BLUE & WHITE BREAKFAST TRAY,Healthy
21027,NINJA RABBIT PINK,Healthy
22984,"CARD, GINGHAM ROSE ",Healthy
72349b,SET/6 PURPLE BUTTERFLY T-LIGHTS,Healthy
85230B,CINNAMON SCENTED VOTIVE CANDLE,Healthy
21722,SWEET PUDDING STICKER SHEET,Healthy
22974,CHILDRENS DOLLY GIRL MUG,Healthy
22039,BOTANICAL LILY GIFT WRAP,Healthy
84030c,KNITTED RAINBOW HOT WATER BOTTLE,Healthy
90036E,"FLOWER GLASS GARLD NECKL36""AMETHYST",Healthy
22328,"ROUND SNACK BOXES ,SET 4, FRUITS ",Restock Soon
90082B,DIAMANTE BOW BROOCH RED COLOUR,Healthy
84621,BLUE GINGHAM ROSE FLOOR CUSHION ,Healthy
85195,HANGING HEART BASKET,Healthy
46307,ROSES BLUE BASE CUSHION COVER ,Healthy
84997a,GREEN 3 PIECE POLKADOT CUTLERY SET,Restock Soon
90161A,ANT COPPER RED BOUDICCA BRACELET,Healthy
84924A,WAKE UP COCKEREL CALENDAR SIGN ,Healthy
22175,PINK OWL DECORATION,Restock Soon
82095,HEART BUTTONS JEWELLERY BOX,Healthy
22176,BLUE OWL DECORATION,Restock Soon
21698,MOCK LOBSTER FRIDGE MAGNET,Healthy
DCGS0076,SUNJAR LED NIGHT NIGHT LIGHT,Healthy
84877D,BLUE ROUND COMPACT MIRROR,Healthy
22829,SWEETHEART WIRE WALL TIDY,Healthy
90148,LONG SILVER NECKLACE PASTEL FLOWER,Healthy
90085,CRYSTAL STILETTO PHONE CHARM,Healthy
72586,SET OF 6 HALLOWEEN GHOST T-LIGHTS,Healthy
90014C,SILVER/BLACK ORBIT NECKLACE,Healthy
85032C,CURIOUS IMAGES GIFT WRAP SET,Healthy
90175B,PINK GLASS CHUNKY CHARM BRACELET,Healthy
47021G,SET/6 BEAD COASTERS GAUZE BAG GOLD,Healthy
84673B,BLUE FLY SWAT,Healthy
22825,DECORATIVE PLANT POT WITH FRIEZE,Healthy
84247N,PACK/12 BLUE FOLKART CARDS,Healthy
22447,PIN CUSHION RUSSIAN DOLL BLUE,Healthy
82553,POP'S GREASY SPOON METAL SIGN,Healthy
44217M,MULTICOLOUR FEATHERS CURTAIN,Restock Soon
20891,LARGE GLASS ROSE SCENTED CANDLE ,Restock Soon
21371,MIRRORED WALL ART POPPIES,Healthy
22032,BOTANICAL LILY GREETING CARD,Overstock
85131B,BEADED CRYSTAL HEART GREEN ON STICK,Healthy
82585,SWEET VALENCIA CANDLE+CUP,Healthy
21084,SET/6 COLLAGE PAPER CUPS,Healthy
22972,CHILDREN'S SPACEBOY MUG,Healthy
84661B,BLACK SQUARE TABLE CLOCK,Healthy
20855,PINK PATCH PURSE BLUE HEART,Healthy
20736,PINK MINI TAPE MEASURE ,Healthy
22831,WHITE BROCANTE SOAP DISH,Healthy
37483,ENGLISH ROSE MUG IN GIFT BOX,Healthy
84797b,BLUE SAVANNAH PICNIC HAMPER FOR 4,Healthy
84917,WHITE HAND TOWEL WITH BUTTERFLY,Healthy
16256B,FLOWER PENCIL/RUBBER+5 MINI PENCILS,Healthy
35991,SET/6 BLACK SNOWFLAKE T-LIGHTS ,Healthy
16202C,BEIGE PHOTO ALBUM,Healthy
22842,"BISCUIT TIN, RED,IVORY, VINTAGE",Healthy
35637C,PINK STRING CURTAIN WITH POLE,Healthy
37508,NEW ENGLAND CERAMIC CAKE SERVER,Healthy
72781,BLACK SILOUETTE CANDLE PLATE ,Healthy
21639,ASSORTED TUTTI FRUTTI KEYRING,Healthy
22973,CHILDREN'S CIRCUS PARADE MUG,Healthy
90090,PINK CRYSTAL HEART PHONE CHARM,Healthy
71028B,SILVER BLUE EGG T-LIGHT HOLDER,Healthy
21395,BLUE SPOTTY BEAKER ,Healthy
90098,NECKLACE+BRACELET PINK BUTTERFLY,Healthy
22935,BAKING MOULD ROSE MILK CHOCOLATE,Restock Soon
22899,CHILDRENS APRON DOLLY GIRL ,Healthy
84817,DANISH ROSE DECORATIVE PLATE,Healthy
72750D,F.FAIRY S/3 CANDLE/GLASS,Healthy
84966A,PINK KASHMIRI BOXED MIRROR,Restock Soon
47559b,TEA TIME OVEN GLOVE,Healthy
20818,GOLD TEDDY BEAR,Healthy
22808,SET OF 6 T-LIGHTS EASTER CHICKS,Healthy
TEST001,This is a test product.,Healthy
84993B,75 BLACK PETIT FOUR CASES,Healthy
35597B,BLACKCHRISTMAS TREE 30CM,Healthy
84916,HAND TOWEL PALE BLUE W FLOWERS,Overstock
20839,FRENCH PAISLEY CUSHION COVER ,Healthy
47586A,PINK FAIRY CAKE CUSHION COVER,Healthy
90164B,WHITE  ROSEBUD PEARL BRACELET,Healthy
37327,ASSTD MULTICOLOUR CIRCLES MUG,Healthy
47591A,CAROUSEL DES CHILD'S APRON,Healthy
17011C,ORIGAMI LAVENDER INCENSE+FLOWER,Restock Soon
21102,"CANDLE IN JAR COLLAGE , VANILLA",Healthy
16258B,DAISY ERASERS IN BAG,Healthy
17013B,ORIGAMI JASMINE INCENSE IN TUBE,Restock Soon
90129A,PINK GLASS TASSLE BAG CHARM ,Healthy
35833G,4 GOLD FLOCK CHRISTMAS BALLS,Healthy
90124A,PINK MURANO TWIST NECKLACE,Healthy
72225D,VANILLA SCENT CAKE CANDLE ,Healthy
85168B,BLACK BAROQUE CARRIAGE CLOCK,Healthy
85168A,WHITE BAROQUE CARRIAGE CLOCK,Healthy
48173c,DOOR MAT BLACK FLOCK ,Healthy
35809B,ENAMEL BLUE RIM TEA CONTAINER,Healthy
20616,CHERRY BLOSSOM PASSPORT COVER,Healthy
84509C,DOTTY PLACEMATS ,Healthy
22845,VINTAGE CAT FOOD CONTAINER,Restock Soon
21708,FOLDING UMBRELLA CREAM POLKADOT,Healthy
22588,CARDHOLDER GINGHAM HEART,Restock Soon
90173,PAIR BUTTERFLY HAIR CLIPS,Healthy
90134,OLD ROSE COMBO BEAD NECKLACE,Healthy
35793,S/3 PUPPIES CHRISTMAS DECORATIONS,Healthy
15056p,EDWARDIAN PARASOL PINK,Healthy
37492A,YELLOW RED FLOWER PIGGY BANK,Healthy
84807,RED POPPY ARTIFICIAL FLOWER,Healthy
84804A,CREAM DELPHINIUM ARTIFICIAL FLOWER,Healthy
85169B,BLACK LOVE BIRD CANDLE,Healthy
90129B,TURQUOISE GLASS TASSLE BAG CHARM ,Healthy
21543,BUTTERFLY WATER TRANSFER TATTOOS ,Healthy
90036D,"FLOWER GLASS GARLAND NECKL.36""BLACK",Healthy
22834,MINI HAND WARMER BABUSHKA DESIGN,Restock Soon
84690,S/2 BEACH HUT STOOLS,Healthy
48179,DOOR MAT SWEET HOME,Healthy
22446,PIN CUSHION BABUSHKA PINK,Healthy
21520,BOOZE & WOMEN GREETING CARD ,Healthy
21710,FOLDING UMBRELLA PINKWHITE POLKADOT,Healthy
51012C,"FEATHER DUSTER, COAL BLACK",Healthy
90157,RIVIERA NECKLACE,Healthy
16201A,PASTEL PINK PHOTO ALBUM,Healthy
85032B,BLOSSOM IMAGES GIFT WRAP SET,Healthy
37343,POLKADOT MUG PINK ,Healthy
84857C,PINK MONTE CARLO HANDBAG,Healthy
47422,ASSORTED MONKEY SUCTION CUP HOOK,Healthy
90013C,GREEN VINTAGE EARRINGS ,Healthy
84313A,PINK TV TRAY TABLE ,Healthy
84247C,PACK/12 BLUE REINDEER CARD,Healthy
84705C,PINK FLOCK PHOTO FRAME ,Healthy
47593B,SCOTTIES DESIGN BABY BIB,Healthy
21420,OYSTER TRINKET BOX,Healthy
46000R,POLYESTER FILLER PAD 45x30cm,Healthy
22511,RETROSPOT BABUSHKA DOORSTOP,Healthy
22395,PAPERWEIGHT VINTAGE PAISLEY,Healthy
20814,SILVER FINCH DECORATION,Healthy
20869,GOLD FABRIC MIRROR,Healthy
72130,COLUMBIAN CANDLE ROUND,Healthy
84597B,RETRO BROWN BALL ASHTRAY ,Healthy
21246,RED RETROSPOT BIG BOWL,Healthy
21015,DARK BIRD HOUSE TREE DECORATION,Healthy
37485,ENGLISH ROSE TEA SET IN GIFT BOX,Healthy
90201B,BLACK ENAMEL FLOWER RING,Healthy
21403,BLUE EGG  SPOON,Healthy
84870C,GREEN GEISHA GIRL ,Healthy
37467,PIG MUG IN TWO COLOUR DESIGNS,Healthy
20980,36 PENCILS TUBE POSY,Healthy
82011B,BATHROOM SCALES RUBBER DUCKS,Healthy
46118,FUNKY MONKEY CUSHION COVER,Healthy
17014D,ORIGAMI ROSE INCENSE CONES,Healthy
90196A,PURPLE GEMSTONE NECKLACE 45CM,Healthy
90035A,"PEARL & SHELL 42""NECKL. GREEN",Healthy
35962,SET/12 ZINC CHRISTMAS DECORATIONS,Healthy
35824B,"HANGING FLOWERS+MIRROR,BLUE",Restock Soon
84952A,CLEAR LOVE BIRD T-LIGHT HOLDER,Healthy
90000D,COPPER/OLIVE GREEN FLOWER NECKLACE,Healthy
20890,SMALL GLASS ROSE SCENTED CANDLE,Restock Soon
20821,GOLDIE LOOKING MIRROR,Healthy
72756, FAIRY CAKE CANDLES,Restock Soon
72754A,FLOWER FAIRY POTPOURRI CUSHION LILY,Restock Soon
84429A,MEDIUM PINK BUDDHA HEAD ,Healthy
20672,PINK TEATIME PRINT BOWL,Healthy
16258A,SWIRLY CIRCULAR RUBBERS IN BAG,Healthy
22930,BAKING MOULD HEART MILK CHOCOLATE,Restock Soon
16156L,"WRAP, CAROUSEL",Healthy
90122B,JADE CRYSTAL+GLASS BRACELET,Healthy
84870B,BLUE GEISHA GIRL ,Healthy
84797a,PINK HAWAIIAN PICNIC HAMPER FOR 4,Healthy
16012,FOOD/DRINK SPONGE STICKERS,Healthy
22330,72 ROUND PINK DOILIES,Healthy
35921,EASTER BUNNY HANGING GARLAND,Healthy
90040B,MURANO STYLE GLASS BRACELET BLACK,Healthy
35817P,"ACRYLIC JEWEL SNOWFLAKE,PINK",Healthy
84855,BLOKEY SILVER TOOL SET,Healthy
71270,PHOTO CLIP LINE,Healthy
47504F,ENGLISH ROSE TORCH,Healthy
22849,"BREAD BIN, DINER STYLE, MINT",Restock Soon
84931A,PINK SCOTTIE DOG W FLOWER PATTERN,Healthy
20795,LARGE BLUE PROVENCAL CERAMIC BALL,Healthy
21194,PINK  HONEYCOMB PAPER FAN,Healthy
84985B,SET OF 72 BLACK PAPER DOILIES ,Healthy
22326,"ROUND SNACK BOXES ,SET4, WOODLAND ",Restock Soon
79190A,RETRO PLASTIC 70'S TRAY,Healthy
22832,BROCANTE SHELF WITH HOOKS,Healthy
90005A,JADE GREEN ENAMEL HAIR COMB,Healthy
21582,KINGS CHOICE SMALL TUBE MATCHES,Healthy
21460,GREEN EASTER EGG HUNT START POST,Healthy
90129E,PURPLE GLASS TASSLE BAG CHARM,Healthy
90082A,DIAMANTE BOW BROOCH GREEN COLOUR,Healthy
84899F,YELLOW PURPLE DAISY FELT PURSE KIT,Healthy
90185B,AMETHYST DIAMANTE EXPANDABLE RING,Healthy
35920,FOUR RABBIT EASTER DECORATIONS,Healthy
90087,CRYSTAL SEA HORSE PHONE CHARM,Healthy
90196B,BLACK GEMSTONE NECKLACE 45CM,Healthy
47574B,ENGLISH ROSE SCENTED HANGING HEART,Healthy
22841,"CAKE TIN, ROUND, VINTAGE MINT,IVORY",Restock Soon
84906,PINK B'FLY C/COVER W BOBBLES,Healthy
37506,NEW ENGLAND MILK JUG W GIFT BOX,Healthy
90163A,PINK ROSEBUD & PEARL NECKLACE,Healthy
84255B,ORANGE COCKTAIL GLASS LAMP,Healthy
47421,ASSORTED COLOUR LIZARD SUCTION HOOK,Healthy
84926C,FAIRY CAKES TILE COASTER,Healthy
22931,BAKING MOULD HEART WHITE CHOCOLATE,Restock Soon
21399,BLUE POLKADOT COFFEE MUG,Healthy
84711A,SILVER OVAL SHAPE TRINKET BOX,Healthy
85088,CANDY SPOT HAND BAG,Healthy
85128,PLANTPOT SINGLE HOOK PISTACHIO,Restock Soon
85232A,SET/3 POLKADOT STACKING TINS,Healthy
72801C,4 ROSE PINK DINNER CANDLES,Healthy
84706B,FAIRY CAKES TABLE CLOCK,Healthy
84576,BLUE CAT BISCUIT BARREL PINK HEART,Healthy
72801D,S/4 SKY BLUE DINNER CANDLES,Healthy
22510,DOORSTOP RUSSIAN DOLL GINGHAM,Healthy
72807b,SET/3 OCEAN SCENT CANDLE JEWEL BOX,Healthy
22976,CIRCUS PARADE CHILDRENS EGG CUP ,Healthy
21003,ROSE DU SUD CUSHION COVER,Healthy
21028,NINJA RABBIT BLACK,Healthy
84893,ANT WHITE IRON BASKET,Healthy
16053,POPART COL BALLPOINT PEN ASST,Healthy
90014B,GOLD M PEARL  ORBIT NECKLACE,Healthy
84422,PINK/BLUE DISC/MIRROR STRING,Healthy
78033,FLAG OF ST GEORGE CHAIR,Healthy
20968,GREEN FLORAL FELTCRAFT SHOULDER BAG,Healthy
35638B,PINK/BLUE STRING CURTAIN ,Restock Soon
20957,PORCELAIN HANGING BELL SMALL,Healthy
47593B,SCOTTIE DOGS BABY BIB,Healthy
35838A,S/6 MULTICOLOUR ORNAMENETAL CANDLE,Healthy
84803A,PINK ALLIUM  ARTIFICIAL FLOWER,Healthy
84029D,LEOPARD PRINT HOT WATER BOTTLE,Healthy
21530,DAIRY MAID CERAMIC TOASTRACK,Healthy
90206C,CRYSTAL DIAMANTE STAR BROOCH,Healthy
84800M,MEDIUM WHITE/PINK ROSE ART FLOWER,Healthy
85230G,ORANGE VOTIVE CANDLE,Healthy
40001, WHITE BAMBOO RIBS LAMPSHADE,Healthy
22344,PARTY PIZZA DISH PINK RETROSPOT,Healthy
37379B,BLUE CHERRY BLOSSOM CUP & SAUCER,Restock Soon
22545,MINI JIGSAW BUNNIES AT HOME,Healthy
21025,SPACE FROG,Healthy
90146,FINE SILVER NECKLACE W PASTEL FLOWE,Healthy
84725,FREESTYLE CANVAS ART PICTURE,Healthy
21018,BIRD BOX CHRISTMAS TREE DECORATION,Healthy
90201A,PURPLE ENAMEL FLOWER RING,Healthy
21881,CUTE CATS TAPE,Healthy
85170B,SET/6 BLACK BIRD T-LIGHT CANDLES,Healthy
46000U,POLYESTER FILLER PAD 30CMx30CM,Healthy
22384,LUNCHBAG PINK RETROSPOT,Healthy
47347B,BLUE FLOWER T-LIGHT HOLDER,Healthy
84962,SET/3 COLOUR PAINTED KASHMIRI STOOL,Restock Soon
17011A,ORIGAMI VANILLA INCENSE+FLOWER ,Healthy
90178B,PURPLE CHUNKY GLASS+BEAD NECKLACE,Healthy
84984D,ORIENTAL RED CUSHION COVER ,Restock Soon
90210B,CLEAR ACRYLIC FACETED BANGLE,Healthy
84464,S/60 PINK FLUFFY CHICKS IN BOX,Healthy
82011A,"BATHROOM SCALES, TROPICAL BEACH",Healthy
90185C,BLACK DIAMANTE EXPANDABLE RING,Healthy
90191,SILVER LARIAT 40CM,Healthy
90211B,JET BLACK LAS VEGAS NECKLACE 45CM,Healthy
90199B,5 STRAND GLASS NECKLACE AMETHYST,Healthy
22345,PARTY PIZZA DISH BLUE RETROSPOT,Healthy
85014b,RED RETROSPOT UMBRELLA,Healthy
72801C,S/4 ROSE PINK DINNER CANDLES,Healthy
22839,"CAKE TIN, 3 TIER MINT/IVORY",Restock Soon
79190D,RETRO PLASTIC DAISY TRAY,Overstock
82607C,GLASS BONBON JAR. SUPERFINES,Healthy
90056,CHUNKY CRACKED GLAZE NECKLACE IVORY,Healthy
84564,6 SEGMENT COLOURED SNACK BOWL ,Healthy
90036C,"FLOWER GLASS GARLAND NECKL.36""BLUE",Healthy
20827,GOLD APERITIF GLASS,Restock Soon
84967A,PINK KASHMIRI OCCASIONAL TABLE,Restock Soon
35911A,MULTICOLOUR RABBIT EGG WARMER,Healthy
90186A,AMETHYST HOOP EARRING FLORAL LEAF,Healthy
85129B,BEADED CRYSTAL HEART GREEN SMALL,Healthy
90081A,LILY BROOCH AMETHYST COLOUR,Healthy
84876B,GREEN HEART COMPACT MIRROR,Healthy
90158,ST TROPEZ NECKLACE,Healthy
84800S,SMALL WHITE/PINK ROSE ART FLOWER,Healthy
84951B,S/4 BLACK LOVEBIRD COASTERS,Healthy
84247K,"FOLK ART GREETING CARD,pack/12",Healthy
16218,CARTOON  PENCIL SHARPENERS,Healthy
85185C,COW  SOCK PUPPET,Healthy
84711B,PINK OVAL SHAPE TRINKET BOX,Healthy
84706C,PINK FLOCK TABLE CLOCK ,Restock Soon
72800C,4 PINK DINNER CANDLE SILVER FLOCK,Healthy
84030e,ENGLISH ROSE HOT WATER BOTTLE,Healthy
47593A,CAROUSEL DESIGN BABY BIB,Healthy
90122A,PINK CRYSTAL+GLASS BRACELET,Healthy
22932,BAKING MOULD TOFFEE CUP CHOCOLATE,Restock Soon
90032,IVORY SHELL HEART NECKLACE,Healthy
90129C,GREEN GLASS TASSLE BAG CHARM,Healthy
16043,POP ART PUSH DOWN RUBBER ,Healthy
90019A,SILVER M.O.P ORBIT BRACELET,Healthy
90201D,GREEN ENAMEL FLOWER RING,Healthy
85205A,IVORY FELT EASTER RABBIT GARLAND,Healthy
35818B,"ACRYLIC JEWEL ICICLE, BLUE",Healthy
21372,MIRRORED WALL ART TABLE LAMP,Healthy
90036A,FLOWER GARLAND NECKLACE RED,Healthy
21401,BLUE PUDDING SPOON,Healthy
22676,FRENCH BLUE METAL DOOR SIGN 1,Healthy
16052,TEATIME PUSH DOWN RUBBER,Healthy
82587,TEXRIO TOMATOES CANDLE+CUP,Healthy
84660B,BLACK STITCHED WALL CLOCK,Healthy
84457,SET/3 RABBITS FLOWER SKIPPPING ROPE,Healthy
84951A,S/4 PISTACHIO LOVEBIRD COASTERS,Healthy
21394,RED SPOTTY BEAKER ,Healthy
22201,FRYING PAN BLUE POLKADOT,Healthy
10123G,ARMY CAMO WRAPPING TAPE,Healthy
90201C,RED ENAMEL FLOWER RING,Healthy
84984D,ORIENTAL RED C/COVER ,Healthy
84806A,PINK CANDYSTUFT ARTIFICIAL FLOWER,Healthy
22915,ASSORTED BOTTLE TOP  MAGNETS ,Healthy
22447,PIN CUSHION BABUSHKA BLUE,Healthy
21370,MIRRORED WALL ART FOXY,Healthy
84510C,SET OF 4 POLKADOTS COASTERS,Healthy
22975,SPACEBOY CHILDRENS EGG CUP,Healthy
84927D,LA PALMIERA TILE HOOK,Healthy
21709,FOLDING UMBRELLA CHOCOLATE POLKADOT,Healthy
85232b,SET/3 RUSSIAN DOLL STACKING TINS,Healthy
21095,SET/6 POSIES PAPER PLATES,Healthy
17012F,ORIGAMI SANDLEWOOD INCENSE/CAND SET,Healthy
20826,SILVER APERITIF GLASS,Restock Soon
90115,SUMMER BUTTERFLIES BAG CHARM,Healthy
20693,FLORAL DINOSAUR GREEN,Healthy
90209A,PURPLE ENAMEL+GLASS HAIR COMB,Restock Soon
85130B,BEADED CRYSTAL HEART GREEN LARGE,Healthy
84706F,RED PEONY TABLE CLOCK,Healthy
21353,SILVER SLEIGHBELL  WREATH,Healthy
84535A,ENGLISH ROSE NOTEBOOK A6 SIZE,Healthy
84599,CANDY STRIPE ROSE FLOOR CUSHION,Restock Soon
21373,MIRRORED WALL ART SNOWFLAKES,Healthy
72801D,4 SKY BLUE DINNER CANDLES,Healthy
22645,CERAMIC HEART CAKE MONEY BANK,Restock Soon
85166A,WHITE METAL BAROQUE PHOTO FRAME,Healthy
90159,COTE D'AZURE NECKLACE,Healthy
22864,MUG AND COASTER SET RED CIRCLES,Restock Soon
90155,RESIN NECKLACE W PASTEL BEADS,Healthy
16012,FOOD/DRINK SPUNGE STICKERS,Healthy
48175,DOOR MAT CAMOUFLAGE,Restock Soon
22853,ENAMEL CAT BOWL CREAM,Restock Soon
21306,SET/4 DAISY MIRROR MAGNETS,Healthy
21489,BLUE WHITE SCARF HOT WATER BOTTLE,Healthy
90185D,CRYSTAL DIAMANTE EXPANDABLE RING,Healthy
17178,FLAT PALM T-LIGHT HOLDER,Healthy
84806B,WHITE CANDYSTUFT ARTIFICIAL FLOWER,Healthy
90081C,LILY BROOCH OLIVE COLOUR,Healthy
84914A,PINK ROSE PICNIC RUG,Restock Soon
90019C,SILVER BLACK ORBIT BRACELET,Healthy
16202E,BLACK PHOTO ALBUM ,Healthy
22587,"FELTCRAFT HAIRBAND, S/2, RED/BLUE",Restock Soon
47504H,ENGLISH ROSE SPIRIT LEVEL ,Healthy
90094,NECKLACE+BRACELET SET FRUIT SALAD ,Healthy
37491C,GREEN/BLUE CERAMIC CANDLE HOLDER,Healthy
90096,NECKLACE+BRACELET SET BLUE BLOSSOM,Healthy
37342,SPOTTY COFFEE CUP & SAUCER,Healthy
85179A,GREEN BITTY LIGHT CHAIN,Healthy
90042A,FRESHWATER PEARL BRACELET GOLD,Healthy
90029,NEW BAROQUE SMALL NECKLACE BLACK,Healthy
90013D,PURPLE VINTAGE EARRINGS,Healthy
84805A,CREAM CLIMBING HYDRANGA ART FLOWER,Restock Soon
90040A,MURANO STYLE GLASS BRACELET RED,Healthy
84622,PINK GINGHAM ROSE CUSHION COVER,Healthy
84884a,ANT WHITE WIRE HEART SPIRAL,Healthy
47566b,TEA TIME PARTY BUNTING,Healthy
37379A,PINK CHERRY BLOSSOM CUP & SAUCER,Healthy
47503A,ASS FLORAL PRINT MULTI SCREWDRIVER,Healthy
21226,POCKET MIRROR WOODLAND,Healthy
22536,MAGIC DRAWING SLATE FIDO,Healthy
DCGSSGIRL,GIRLS PARTY BAG,Healthy
20952,PORCELAIN CHERUB BELL SMALL,Healthy
21397,BLUE POLKADOT EGG CUP ,Healthy
22259,FELT FARM ANIMAL HEN,Healthy
90122C,TURQUOISE CRYSTAL+GLASS BRACELET,Healthy
90210A,GREY ACRYLIC FACETED BANGLE,Healthy
21310,CAPIZ CHANDELIER,Restock Soon
84461,12 PINK HEN+CHICKS IN BASKET,Healthy
17108D,FLOWER FAIRY SUMMER BOUQUET SACHET,Healthy
79192A,RETRO PLASTIC 70'S TRAY,Healthy
90040D,MURANO STYLE GLASS BRACELET PINK,Healthy
47570b,TEA TIME TABLE CLOTH,Healthy
21402,RED  EGG  SPOON,Healthy
90197B,BLACK GLASS BRACELET W HEART CHARMS,Healthy
35980C,REDWHITE STRIPE SCANDINAVIAN HEART ,Healthy
84192,ASSORTED COLOUR METAL CAT ,Healthy
85131C,BEADED CRYSTAL HEART BLUE ON STICK,Healthy
21461,BLUE EASTER EGG HUNT START POST,Healthy
84720,DOT MATRIX CANVAS ART PICTURE,Restock Soon
85024C,PINK SMALL JEWELLED PHOTOFRAME,Healthy
21398,RED POLKADOT COFFEE  MUG,Healthy
90024B,NEW BAROQUE B'FLY NECKLACE RED,Healthy
79161A,ST GEORGE SET OF 10 PARTY LIGHTS,Healthy
90036F,"FLOWER GLASS GARLD NECKL36""TURQUOIS",Healthy
84927E,FLOWERS TILE HOOK,Healthy
90048,GREEN WITH METAL BAG CHARM,Healthy
22977,DOLLY GIRL CHILDRENS EGG CUP,Healthy
84926E,FLOWERS TILE COASTER,Healthy
21157,RED RETROSPOT WASHBAG,Healthy
37482P,CUBIC MUG PINK POLKADOT,Healthy
90133,TEAL/FUSCHIA COL BEAD NECKLACE,Healthy
47503H,ASS FLORAL PRINT SPIRIT LEVEL ,Healthy
90065B,BLACK VINT ART DEC CRYSTAL BRACELET,Healthy
72740A,LARGE STRAWBERRY CHOCOLATE CANDLE,Healthy
84661A,WHITE SQUARE TABLE CLOCK,Healthy
47574A,ENGLISH ROSE SCENTED HANGING FLOWER,Healthy
84765,SILVER ROCOCO CANDELABRA,Restock Soon
84508C,BLUE CIRCLES DESIGN TEDDY,Healthy
78026,SEAGRASS S/3 SQU LAUNDRY BOX,Restock Soon
22869,"NUMBER TILE COTTAGE GARDEN, 1",Healthy
35818P,"ACRYLIC JEWEL ICICLE, PINK",Healthy
47592A,CAROUSEL CHILDRENS OVERALL,Healthy
22195,HEART MEASURING SPOONS LARGE,Restock Soon
90093,CLEAR CRYSTAL STAR PHONE CHARM,Healthy
22069, BROWN  PIRATE TREASURE CHEST ,Healthy
16216,LETTER SHAPE PENCIL SHARPENER,Healthy
72754B,F FAIRY POTPOURRI CUSHIONS LAVENDER,Healthy
90042C,FRESHWATER PEARL BRACELET IVORY,Healthy
90123D,WHITE HEART OF GLASS BRACELET,Healthy
90060F,FIRE POLISHED GLASS NECKL GREEN,Healthy
21032,SPACE CADET WHITE,Healthy
84709A,SILVER OVAL JEWELLED MIRROR,Healthy
35824P,"HANGING FLOWERS+MIRROR,PINK",Restock Soon
85204,HANGING WOOD AND FELT FLOWER,Healthy
21004,ROSE DU SUD CHILDRENS APRON,Healthy
17011D,ORIGAMI ROSE INCENSE+FLOWER,Restock Soon
84915,HAND TOWEL PINK FLOWER AND DAISY,Healthy
90002A,FLOWER BURST SILVER RING OPAL,Healthy
37330,BIG POLKADOT MUG,Restock Soon
35015,JACOBS LADDER SMALL,Healthy
22241,"GARLAND , WOODEN  "" HAPPY EASTER""",Healthy
84555A,YELLOW VW BEETLE CERAMIC MONEY BOX,Healthy
77079,DOLPHIN WINDMILL,Healthy
90065A,WHITE VINTAGE CRYSTAL BRACELET,Healthy
46137D,GREEN CHENILLE SHAGGY RUG,Restock Soon
21030,SPACE CADET RED,Healthy
90018A,SILVER M.O.P ORBIT DROP EARRINGS,Healthy
90144,SILVER DROP EARRINGS WITH FLOWER,Healthy
84882,GREEN WIRE STANDING CANDLE HOLDER,Healthy
35646,VINTAGE BEAD PINK EVENING BAG,Healthy
84656,WHITE ROSE C/COVER,Healthy
35609A,PINK FEATHER CHRISTMAS DECORATION,Healthy
16119,FUNKY GIRL ADDRESS BOOK,Healthy
72140E,BEST DAD CANDLE LETTERS,Healthy
90180B,PURPLE AMETHYST NECKLACE W TASSEL,Healthy
84925E,FLOWERS WALL THERMOMETER,Restock Soon
20899,VINTAGE NOTEBOOK RED ROSE,Healthy
90129D,AMBER GLASS TASSLE BAG CHARM,Healthy
84951A,SET OF 4 PISTACHIO LOVEBIRD COASTER,Healthy
84858A,NATURAL RIVIERA HANDBAG,Healthy
22983,CARD BILLBOARD FONT,Healthy
22322,BIRD DECORATION GREEN POLKADOT,Healthy
90028,NEW BAROQUE LARGE NECKLACE BLK/WHIT,Healthy
22848,"BREAD BIN, DINER STYLE, PINK",Restock Soon
84877A,PINK ROUND COMPACT MIRROR,Healthy
84782B,BLACK 3 TIER GLASS PLATE STAND,Restock Soon
90016B,GOLD/M.O.P PENDANT ORBIT NECKLACE,Healthy
84968e,SET OF 16 VINTAGE BLACK CUTLERY,Restock Soon
85018C,S/6 PAPER BOXES CURIOUS IMAGES ,Restock Soon
85014a,BLACK/BLUE DOTS RUFFLED UMBRELLA,Healthy
16168S,FUNKY MONKEY GIFT BAG SMALL,Healthy
84559D,3D SHEET OF SEA WORLD STICKERS,Healthy
84367,LA STREGA CANVAS PICTURE ,Healthy
82607E,GLASS BONBON JAR. D'AMANDES,Healthy
35914,PINK CHICK EGG WARMER + EGG CUP,Healthy
90073,VINTAGE ENAMEL & CRYSTAL EARRINGS,Healthy
47592B,SCOTTIES DESIGN CHILD'S OVERALL,Healthy
90123A,PINK HEART OF GLASS BRACELET,Healthy
84614A,PINK BAROQUE FLOCK CANDLE HOLDER,Healthy
20847,ZINC HEART LATTICE CHARGER LARGE,Healthy
90002C,FLOWER BURST SILVER RING MIDN'T BLU,Healthy
17084P,DRAGONS BLOOD INCENSE,Healthy
22359,"GLASS JAR, KINGS CHOICE SOAP",Healthy
22850,BREAD BIN DINER STYLE BLACK,Restock Soon
84452,METAL RABBIT LADDER EASTER ,Healthy
45013,FOLDING SHOE TIDY,Restock Soon
47593A,CAROUSEL PONIES BABY BIB,Healthy
22832,SWEETHEART WIRE WALL TIDY,Restock Soon
85190,PINK FLOWER HANGING HEART ,Healthy
79308B,MOSAIC CANDLE DISH BLUE PURPLE,Restock Soon
21379, CAMPHOR WOOD PORTOBELLO MUSHROOM,Healthy
84660c,PINK STITCHED WALL CLOCK,Healthy
85094,CANDY SPOT EGG WARMER RABBIT,Healthy
79532,MOSAIC GLASS BALL CANDLEHOLDER,Healthy
90000A,RASPBERRY ANT COPPER FLOWER NECKLAC,Healthy
22534,MAGIC SLATE SPACEBOY ,Restock Soon
22536,MAGIC SLATE FIDO,Restock Soon
22535,MAGIC SLATE BUNNIES AT HOME ,Restock Soon
84509F,NEW ENGLAND PLACEMATS,Healthy
84886,BLUE METAL WALL SHELF,Healthy
90024E,NEW BAROQUE B'FLY NECKLACE MONTANA,Healthy
90016C,SILVER/BLACK PENDANT ORBIT NECKLACE,Healthy
84288B,SET/2 BLUE  NOODLE BASKETS,Healthy
22972,CHILDRENS SPACEBOY MUG,Restock Soon
20887,BOX OF 6 PEBBLE CANDLES,Healthy
90139,FLOWER BROOCH 4 ASSORTED COLOURS,Healthy
90156,RESIN BRACELET W PASTEL BEADS,Healthy
90212B,JET BLACK LAS VEGAS BRACELET ROUND,Healthy
22877,"NUMBER TILE COTTAGE GARDEN, 9",Restock Soon
21196,ROUND WHITE CONFETTI IN TUBE,Healthy
35824C,"HANGING FLOWERS+MIRROR,CLEAR",Healthy
84509E,SET OF 4 CAROUSEL PLACEMATS ,Restock Soon
90214S,"LETTER ""S"" BLING KEY RING",Healthy
17012D,ORIGAMI ROSE INCENSE/CANDLE SET ,Healthy
72038P,PRICE'S CANDLE PEACH,Healthy
85169C,EAU DE NIL LOVE BIRD CANDLE,Healthy
21228,"POCKET MIRROR ""GLAMOROUS""",Healthy
21031,SPACE CADET BLACK,Healthy
90137,PINK COMBO MINI CRYSTALS NECKLACE,Healthy
90000B,MIDNIGHT BLUE COPPER FLOWER NECKLAC,Healthy
79403,FROSTED WHITE BASE ,Healthy
20896,VINTAGE NOTEBOOK PINK FLOWER,Healthy
85014a,BLACK/BLUE POLKADOT UMBRELLA,Healthy
84509c,SET OF 4 DOTTY PLACEMATS ,Healthy
35610B,BLACK CHRISTMAS FLOCK DROPLET ,Healthy
90003D,CRYSTAL PAIR HEART HAIR SLIDES,Healthy
90125D,PURPLE BERTIE GLASS BEAD BAG CHARM,Healthy
90211A,DIAMOND LAS VEGAS NECKLACE 45CM,Healthy
22875,"NUMBER TILE COTTAGE GARDEN, 7",Restock Soon
22870,"NUMBER TILE COTTAGE GARDEN, 2",Restock Soon
22868,"NUMBER TILE COTTAGE GARDEN, 0 ",Restock Soon
90003B,ROSE COLOUR PAIR HEART HAIR SLIDES,Healthy
17090A,LAVENDER INCENSE 40 CONES IN TIN,Healthy
84705B,FAIRY CAKES PHOTO FRAME,Restock Soon
46138B,BLUE CHENILLE SHAGGY CUSHION COVER ,Healthy
85160a,WHITE BIRD GARDEN DESIGN MUG,Restock Soon
22204,MILK PAN BLUE POLKADOT,Healthy
22677,FRENCH BLUE METAL DOOR SIGN 2,Healthy
90181B,AMETHYST GLASS/SHELL/PEARL NECKLACE,Healthy
90190C,SILVER/AMETHYST DROP EARRINGS LEAF,Healthy
90036B,"FLOWER GLASS GARLAND NECKL.36""GREEN",Healthy
10138,ASSORTED COLOUR JUMBO PEN,Healthy
22873,"NUMBER TILE COTTAGE GARDEN, 5",Restock Soon
84493,BLUE/PINK NEST STRIPE BOX,Restock Soon
90170,DAISY HAIR BAND,Healthy
90024D,NEW BAROQUE B'FLY NECKLACE PINK,Healthy
90151,SILVER/NATURAL SHELL NECKLACE,Healthy
90124C,GREEN MURANO TWIST NECKLACE,Healthy
35607A,PINK FLUFFY CHRISTMAS DECORATION,Healthy
44234,ASSORTED CIRCULAR MOBILE,Healthy
82069,BEECH WOOD P/FRAME,Healthy
90214J,"LETTER ""J"" BLING KEY RING",Healthy
22876,"NUMBER TILE COTTAGE GARDEN, 8",Restock Soon
22872,"NUMBER TILE COTTAGE GARDEN, 4",Restock Soon
22874,"NUMBER TILE COTTAGE GARDEN, 6",Restock Soon
22871,"NUMBER TILE COTTAGE GARDEN, 3 ",Restock Soon
90086,CRYSTAL FROG PHONE CHARM,Healthy
85185F,LION SOCK PUPPET,Healthy
84247H,PACK/12 DECOUPAGE CARD,Healthy
20836,FRENCH PAISLEY CUSHION COVER,Restock Soon
17191A,ROSE FLOWER CANDLE+INCENSE 16X16CM,Healthy
22346,PARTY PIZZA DISH GREEN POLKADOT,Healthy
47471,RAINBOW PEGS PHOTO CLIP STRING,Healthy
22068, BLACK PIRATE TREASURE CHEST,Healthy
20816,GOLD FLOWER CUSHION COVER ,Restock Soon
35816P,"ACRYLIC JEWEL ANGEL,PINK",Healthy
72753C,S/3 FLWR FAIRY ROSE CANDLES,Restock Soon
84558a,3D DOG PICTURE PLAYING CARDS,Healthy
16206B,RED PURSE WITH PINK HEART,Healthy
90030B,RED KUKUI COCONUT SEED NECKLACE,Healthy
72812,LARGE ZINC GLASS CANDLEHOLDER,Healthy
35840,FLAT GLASS  BAUBLE WHITE FLOCK ,Healthy
90214A,"LETTER ""A"" BLING KEY RING",Healthy
84509c,SET OF 4 POLKADOT PLACEMATS ,Healthy
90186B,CRYSTAL HOOP EARRING FLORAL LEAF,Healthy
84562B,BLUE/WHITE RIBBED MELAMINE JUG,Healthy
48103,DOORMAT KISS MY.......,Restock Soon
90185A,AMBER DIAMANTE EXPANDABLE RING,Healthy
35096B,RED VICTORIAN FABRIC HEART BOX,Healthy
90129F,RED GLASS TASSLE BAG CHARM,Healthy
79191D,RETRO PLASTIC DAISY TRAY,Healthy
22445,PENCIL CASE GINGHAM FOREST,Restock Soon
44235,ASS COL CIRCLE MOBILE ,Healthy
84867A,PINK BABY GIRLS PHOTO ALBUM,Restock Soon
10120,DOGGY RUBBER,Healthy
84458,S/3 RABBIT FLOWER/EGG/CARROT ROPE,Healthy
22433,WATERING CAN PINK BUNNY,Restock Soon
72351a,SET/6 TURQUOISE BUTTERFLY T-LIGHTS,Healthy
16169D,WRAP WINTER FOREST,Healthy
21711,FOLDING UMBRELLA WHITE/RED POLKADOT,Healthy
84531A,PINK KNITTED EGG COSY,Healthy
20838,FRENCH LATTICE CUSHION COVER ,Restock Soon
21118,SHOPPING BAG DOORSTOP,Healthy
72051S,BAG OF SILVER STONES,Healthy
90210D,PURPLE ACRYLIC FACETED BANGLE,Healthy
90214L,"LETTER ""L"" BLING KEY RING",Healthy
21337,SILVER WASHBAG,Healthy
17038,PORCELAIN BUDAH INCENSE HOLDER,Healthy
84723,CHERRY BLOSSOM CANVAS ART PICTURE,Restock Soon
35594,WOODEN CHRISTMAS TREE 3 HANGING,Healthy
22859,EASTER TIN BUNNY BOUQUET,Healthy
17014A,ORIGAMI VANILLA INCENSE CONES,Healthy
90016A,SILVER/M.O.P PENDANT ORBIT NECKLACE,Healthy
84968e,S/16 VINTAGE BLACK CUTLERY,Restock Soon
90199D,5 STRAND GLASS NECKLACE AMBER,Healthy
90123B,TURQUOISE HEART OF GLASS BRACELET,Healthy
90114,SUMMER DAISIES BAG CHARM,Healthy
35966,FOLKART CHRISTMAS TREE T-LIGHT HOLD,Healthy
85050,FRENCH ENAMEL SOAP DISH WITH LID,Restock Soon
DCGSSBOY,BOYS PARTY BAG,Healthy
90214K,"LETTER ""K"" BLING KEY RING",Healthy
78027,SEAGRASS S/2 CORNER LAUNDRY ,Restock Soon
84462,3 PINK HEN+CHICKS IN BASKET,Healthy
90164A,PINK ROSEBUD PEARL BRACELET,Healthy
90214C,"LETTER ""C"" BLING KEY RING",Healthy
37471,MULTICOLOUR DOTS PLATE,Restock Soon
22736,"RIBBON REEL, MAKING SNOWMEN ",Restock Soon
21266,VINTAGE SILVER TINSEL REEL,Healthy
22678,FRENCH BLUE METAL DOOR SIGN 3,Healthy
22878,"NUMBER TILE COTTAGE GARDEN, No",Restock Soon
84970l,SINGLE HEART ZINC T-LIGHT HOLDER,Healthy
84705D,CHERRY BLOSSOM PHOTO FRAME ,Healthy
90160A,PURPLE BOUDICCA LARGE BRACELET,Healthy
90150,BLUE SHELL+SILVER NECKLACE,Healthy
22937,BAKING MOULD CHOCOLATE CUPCAKES,Restock Soon
90214M,"LETTER ""M"" BLING KEY RING",Healthy
90040C,MURANO STYLE GLASS BRACELET GOLD,Healthy
90058A,CRYSTAL STUD EARRINGS CLEAR DISPLAY,Restock Soon
47481,50CM METAL STRING WITH  7 CLIPS,Healthy
48103,DOOR MAT KISS MY.......,Healthy
21394,RED POLKADOT BEAKER ,Restock Soon
84926A,WAKE UP COCKEREL TILE COASTER,Healthy
72606A,BROWN ANTIQUE CUBE CANDLE,Healthy
84927F,PSYCHEDELIC TILE HOOK,Healthy
21880,RED RETROSPOT TAPE,Healthy
20861,GOLD COSMETIC BAG PINK STAR,Healthy
90190B,GOLD/AMBER DROP EARRINGS W LEAF,Healthy
21241,GREEN POLKADOT CUP,Healthy
21367,MIRRORED WALL ART GENTS,Healthy
90063B,BLACK VINT ART DEC CRYSTAL NECKLACE,Healthy
84926D,LA PALMIERA TILE COASTER,Healthy
22432,WATERING CAN GREEN DINOSAUR,Restock Soon
84231,EASTER BUNNY WITH BASKET ON BACK,Healthy
16219,HOUSE SHAPE PENCIL SHARPENER,Healthy
21087,SET/6 POSIES PAPER CUPS,Healthy
79051A,SMOKEY GREY COLOUR D.O.F. GLASS,Healthy
84796a,PINK HAWAIIAN PICNIC HAMPER FOR 2,Healthy
81950B,FLOWER BLUE CLOCK W/SUCKER,Healthy
35610A,PINK CHRISTMAS FLOCK DROPLET ,Healthy
90072,RUBY DROP CHANDELIER EARRINGS,Healthy
84753A,PINK EAU DE COLOGNE BOTTLE,Healthy
84199,GLOW IN DARK DOLPHINS,Healthy
22246,MAGIC GARDEN FELT GARLAND ,Healthy
21343,GOLD JEWELERY BOX,Restock Soon
85232b,SET OF 3 BABUSHKA STACKING TINS,Healthy
84927A,WAKE UP COCKEREL TILE HOOK,Healthy
90214E,"LETTER ""E"" BLING KEY RING",Healthy
84437A,S/6 PINK EASTER DECS IN BOX,Healthy
85039a,SET/4 RED MINI ROSE CANDLE IN BOWL,Healthy
81952V,ROUND PURPLE CLOCK W/SUCKER,Healthy
84984C,ORIENTAL BLUE C/COVER ,Healthy
17013C,ORIGAMI LAVENDER INCENSE IN TUBE,Restock Soon
47578A,ENGLISH ROSE SMALL SCENTED FLOWER,Healthy
90112,PINK DOLLY HAIR CLIPS,Healthy
47598,NEW ENGLAND EGG WARMER,Healthy
90199A,5 STRAND GLASS NECKLACE BLACK,Healthy
20660,VIP LUGGAGE TAG ,Healthy
37342,POLKADOT COFFEE CUP & SAUCER PINK,Healthy
90104,PURPLE FRANGIPANI HAIRCLIP,Healthy
85114c,RED ENCHANTED FOREST PLACEMAT,Healthy
35651,VINTAGE BEAD PINK SCARF ,Restock Soon
84721,MANHATTAN CANVAS ART PICTURE,Restock Soon
84629,WHITE 3 FRAME BIRDS AND TREE ,Restock Soon
90039D,FIRE POLISHED GLASS BRACELET GREEN,Healthy
22686,FRENCH BLUE METAL DOOR SIGN No,Healthy
84891B,GREEN WIRE GOBLET CANDLEHOLDER,Restock Soon
37462B,"PET MUG, BUDGIE",Healthy
35822B,"ACRYLIC BEAD CHAIN, BLUE",Restock Soon
90088,CRYSTAL KEY+LOCK PHONE CHARM,Healthy
35819B,"ACRYLIC HANGING JEWEL,BLUE",Healthy
84424A,FOUR PICTURE WHITE GLASS FRAME,Healthy
79144C,PAINTED LIGHTBULB RAINBOW DESIGN,Healthy
84531B,BLUE KNITTED EGG COSY,Healthy
gift_0001_50,Dotcomgiftshop Gift Voucher £50.00,Restock Soon
35271S,GOLD PRINT PAPER BAG,Healthy
90092,BLUE CRYSTAL BOOT PHONE CHARM,Healthy
90059A,DIAMANTE HAIR GRIP PACK/2 CRYSTAL,Healthy
90162B,ANT SILVER LIME GREEN BOUDICCA RING,Healthy
84454,WOBBLING METAL CHICKEN EASTER,Healthy
85132a,CHARLIE + LOLA BISCUITS TINS,Restock Soon
85099c,JUMBO  BAG BAROQUE BLACK WHITE,Healthy
90166,PINK & WHITE ROSEBUD RING,Healthy
90116,FRUIT SALAD BAG CHARM,Healthy
35838B,S/6 SILVER ORNAMENETAL CANDLE,Healthy
22844,"DOG FOOD CONTAINER , VINTAGE",Restock Soon
16248B,BLUE HOLE PUNCH,Restock Soon
17027A,INCENSE BAZAAR CANNABIS,Restock Soon
46775B,BERRIES CHUNKY KNITTED THROW ,Restock Soon
16051,TEATIME PENCIL W STAMP ASST,Restock Soon
21400,RED PUDDING SPOON,Healthy
90165B,WHITE ROSEBUD  PEARL EARRINGS,Healthy
35911B,PINK/FLOWER RABBIT EGG WARMER ,Healthy
84251F,"GREETING CARD, RITA",Healthy
90179C,BLACK FINE BEAD NECKLACE W TASSEL,Healthy
22928,YELLOW GIANT GARDEN THERMOMETER,Restock Soon
82605,OLD DOC.RUSSEL METAL SIGN,Healthy
79144B,PAINTED LIGHTBULB STAR+ MOON,Healthy
90190A,SILVER/CRYSTAL DROP EARRINGS W LEAF,Healthy
84030C,KNITTED RAINBOW HOT WATER BOTTLE,Restock Soon
90002B,FLOWER BURST SILVER RING ROSE,Healthy
84926F,PSYCHEDELIC TILE COASTER,Healthy
90162C,ANT SILVER FUSCHIA BOUDICCA RING,Healthy
72821,CUPID SCENTED CANDLE IN GLASS,Healthy
21699,SET 5 MINI CHOCOLATE FRIDGE MAGNETS,Restock Soon
22857,ASSORTED EASTER GIFT TAGS,Restock Soon
84907,PINK/YELLOW PATCH CUSHION COVER,Restock Soon
22916,HERB MARKER THYME,Healthy
22579,WOODEN TREE CHRISTMAS SCANDISPOT,Restock Soon
22566,"FELTCRAFT HAIRBAND S/2, PINK/PURPLE",Healthy
22918,HERB MARKER PARSLEY,Healthy
72779,SET/6 BLACK ROSE T-LIGHT CANDLES,Healthy
16201B,PASTEL BLUE PHOTO ALBUM,Restock Soon
90023,FILIGREE DIAMANTE EARRINGS,Healthy
22920,HERB MARKER BASIL,Healthy
16011, ANIMAL STICKERS,Healthy
90018B,GOLD M.O.P ORBIT DROP EARRINGS,Healthy
71496A,A4 WALL TIDY BLUE OFFICE,Healthy
90121B,VINTAGE ROSE BEAD BRACELET BLUE,Healthy
22531,MAGIC SLATE CIRCUS PARADE  ,Restock Soon
22530,MAGIC SLATE DOLLY GIRL ,Restock Soon
84596I,WRAP SWEETS LIGHT PINK SMALL BOWL,Healthy
17011E,ORIGAMI OPIUM SCENT INCENSE+FLOWER,Restock Soon
22346,PARTY PIZZA DISH GREEN RETROSPOT,Healthy
22679,FRENCH BLUE METAL DOOR SIGN 4,Healthy
22680,FRENCH BLUE METAL DOOR SIGN 5,Healthy
90130B,TURQ STONE/CRYSTAL EARRINGS,Healthy
90038A,GLASS AND PAINTED BEADS BRACELET TO,Healthy
90089,PINK CRYSTAL SKULL PHONE CHARM,Healthy
84795E,RIO PINK STRIPE HAMMOCK,Restock Soon
90049,IVORY GOLD METAL BAG CHARM,Restock Soon
90003C,MIDNIGHT BLUE PAIR HEART HAIR SLIDE,Healthy
22649,STRAWBERRY CAKE TEAPOT,Restock Soon
84509C,SET OF 4 POLKADOT PLACEMATS ,Healthy
84751B,BLACK MEDIUM GLASS CAKE STAND,Healthy
90138,WHITE/PINK MINI CRYSTALS NECKLACE,Healthy
22344,PARTY PIZZA DISH PINK WHITE SPOT ,Healthy
90099,NECKLACE+BRACELET SET BLUE HIBISCUS,Healthy
22344,PARTY PIZZA DISH PINK POLKADOT,Healthy
79026B,"S/4 ICON COASTER,ELVIS LIVES",Healthy
20796,SMALL BLUE PROVENCAL CERAMIC BALL,Healthy
22917,HERB MARKER ROSEMARY,Healthy
35931,PINK STAR CHRISTMAS DECORATION,Healthy
84455,SET OF 3 RABBIT CARROTS EASTER,Healthy
72134,COLUMBIAN  CUBE CANDLE ,Healthy
90125A,PINK BERTIE GLASS BEAD BAG CHARM,Healthy
17090D,VANILLA INCENSE 40 CONES IN TIN,Healthy
90019B,GOLD M.O.P ORBIT BRACELET,Healthy
84388,WISE MAN STAR SHAPE EGG PAN,Healthy
90123C,GREEN HEART OF GLASS BRACELET,Restock Soon
21450,DISTRESSED CANDLE STICK WHITE,Restock Soon
90202D,PINK ENAMEL FLOWER HAIR TIE,Healthy
21595,Dad's Cab Electronic Meter,Healthy
85014b,RED/WHITE DOTS RUFFLED UMBRELLA,Restock Soon
84425A,WHITE GLASS TV TRIPLE FRAME,Healthy
84617, NEW BAROQUE BLACK BOXES,Restock Soon
90063A,WHITE VINT ART DECO CRYSTAL NECKLAC,Restock Soon
90026A,GLASS BEAD HOOP NECKLACE BLACK,Healthy
84951B,SET OF 4 BLACK LOVEBIRD COASTERS,Healthy
84874B,BLUE TRAVEL FIRST AID KIT,Healthy
71510,SQUARE METAL CANDLEHOLDER BASE,Healthy
21369,MIRRORED WALL ART SPLODGES,Healthy
16161E,WRAP BOUDOIR ,Healthy
37399,"ASS RETROSPOOF MUGS,SPORTS",Restock Soon
90204,PAIR OF ENAMEL BUTTERFLY HAIRCLIP,Healthy
84661C,PINK SQUARE TABLE CLOCK,Healthy
84757,ENCHANTED GARDEN WROUGHT IRON TABLE,Restock Soon
21267,VINTAGE PINK TINSEL REEL ,Healthy
84613A,PINK NEW BAROQUE FLOCK CANDLESTICK,Healthy
84919,L BLUE C/COVER W PINK/YELLOW FLOWER,Restock Soon
90168,2 DAISIES HAIR COMB,Healthy
90205C,LARGE CRYSTAL DIAMANTE HAIRSLIDE,Healthy
90100,NECKLACE+BRACELET SET PINK DAISY,Healthy
S,SAMPLES,Restock Soon
84744,S/6 SEW ON CROCHET FLOWERS,Healthy
20664,TROPICAL HOLIDAY PURSE ,Healthy
20615,BLUE POLKADOT PASSPORT COVER,Healthy
84447,6 RABBIT CHAIN EASTER,Healthy
22921,HERB MARKER CHIVES ,Healthy
84427B,BLACK GLASS TV DOUBLE P/FRAME 15X10,Restock Soon
90194,SILVER LARIAT BLACK STONE EARRINGS,Healthy
22345,PARTY PIZZA DISH BLUE POLKADOT,Healthy
84660A,WHITE STITCHED WALL CLOCK,Healthy
35937,CERISE+GOLD CHRISTMAS STOCKING DEC,Healthy
84925C,FAIRY CAKES  WALL THERMOMETER,Healthy
37509,NEW ENGLAND MUG W GIFT BOX,Healthy
44242B,PINK FEATHERS CURTAIN,Restock Soon
20698,LITTLE PINK MONSTER SOFT TOY,Healthy
16256C,HEARTS PENCIL/RUBBER+5 MINI PENCILS,Healthy
84905,PINK BUTTERFLY C/COVER ,Restock Soon
90162A,ANT SILVER TURQUOISE BOUDICCA RING,Healthy
20958,PORCELAIN HANGING BELL LARGE,Healthy
22682,FRENCH BLUE METAL DOOR SIGN 7,Healthy
47343A,FUSCHIA FLOWER PURSE WITH BEADS,Healthy
90214R,"LETTER ""R"" BLING KEY RING",Healthy
gift_0001_80,Dotcomgiftshop Gift Voucher £80.00,Restock Soon
84918,CREAM C/COVER W YELLOW/GREEN FLOWER,Restock Soon
84510E,SET OF 4 GREEN CAROUSEL COASTERS,Healthy
72140F,HAPPY ANNIVERSARY CANDLE LETTERS,Healthy
21368,MIRRORED WALL ART LADIES,Healthy
37471,MULTICOLOUR POLKADOT PLATE,Restock Soon
90024C,NEW BAROQUE B'FLY NECKLACE GREEN,Healthy
90177D,DROP DIAMANTE EARRINGS PURPLE,Healthy
90018C,SILVER BLACK ORBIT DROP EARRINGS,Healthy
84857A,SILVER MONTE CARLO HANDBAG,Restock Soon
90039C,FIRE POLISHED GLASS BRACELET BLACK,Healthy
85114b,IVORY ENCHANTED FOREST PLACEMAT,Restock Soon
84549,CROCHET WHITE RABBIT KEYRING ,Healthy
20879,TREE OF NOAH FESTIVE SCENTED CANDLE,Healthy
90002E,FLOWER BURST SILVER RING GREEN,Healthy
84864A,PINK PAISLEY PHOTO ALBUM,Restock Soon
90189A,SILVER 2 STRAND NECKLACE-LEAF CHARM,Restock Soon
90069,RUBY GLASS CLUSTER NECKLACE,Restock Soon
84926B,SCOTTS ROSES TILE COASTER,Healthy
84415B,BLUE FLOCK CUSHION COVER ,Restock Soon
90149,SILVER FLOWR PINK SHELL NECKLACE,Restock Soon
47504J,ENGLISH ROSE SET/3 GARDEN TOOLS,Restock Soon
84465,15 PINK FLUFFY CHICKS IN BOX,Healthy
90059D,DIAMANTE HAIR GRIP PACK/2 PERIDOT,Healthy
72133,COLUMBIAN CANDLE RECTANGLE,Healthy
90165A,PINK ROSEBUD PEARL EARRINGS,Healthy
40002,WHITE BAMBOO RIBS LAMPSHADE,Restock Soon
85072,OCCASIONS GIFT CARD ASSORTMENT,Restock Soon
84340,LARGE FIBRE OPTIC CHRISTMAS TREE,Healthy
90030C,BROWN KUKUI COCONUT SEED NECKLACE,Restock Soon
gift_0001_40,Dotcomgiftshop Gift Voucher £40.00,Restock Soon
72812,LARGE ZINC/GLASS CANDLEHOLDER,Healthy
84989a,75 GREEN FAIRY CAKE CASES,Healthy
84705A,ENGLISH ROSE PHOTO FRAME ,Healthy
22257,FELT FARM ANIMAL SHEEP,Healthy
90130A,WHITE STONE/CRYSTAL EARRINGS,Healthy
21089,SET/6 GREEN SPRING PAPER CUPS,Healthy
90181A,AMBER GLASS/SHELL/PEARL NECKLACE,Healthy
16020C,CLEAR STATIONERY BOX SET ,Healthy
DCGS0069,OOH LA LA DOGS COLLAR,Restock Soon
85040a,S/4 PINK FLOWER CANDLES IN BOWL,Healthy
35910A,MULTICOLOUR EASTER RABBIT ,Healthy
84539,KNITTED RABBIT DOLL ,Healthy
71215,METAL BASE FOR CANDLES,Healthy
90037A,TINY CRYSTAL BRACELET RED,Healthy
79534,MULTICOLOUR GLASS PLATE,Healthy
85018A,S/6 PAPER BOXES ROMANTIC IMAGES,Healthy
90020,FILIGREE DIAMANTE CHAIN,Restock Soon
85018B,S/6 PAPER BOXES BLOSSOM IMAGES ,Healthy
20791,BLUE TILED SET OF 3 DRAWERS,Restock Soon
84921,CREAM AND PINK FLOWERS PONY ,Healthy
20905,VINTAGE KEEPSAKE BOX BEAUTY GIRL,Restock Soon
22845,"CAT FOOD CONTAINER , VINTAGE",Restock Soon
35916C,PINK FELT HANGING HEART W FLOWER,Healthy
22987,"WRAP , SUMMER ROSE DESIGN",Restock Soon
16008,SMALL FOLDING SCISSOR(POINTED EDGE),Healthy
84596e,SMALL LICORICE DES PINK BOWL,Healthy
84529B,BLUE KNITTED KID'S RUCKSACK,Restock Soon
47369A,PINK GREEN EMBROIDERY COSMETIC BAG,Healthy
84450B,PINK/YELLOW RABBIT SAT EASTER,Healthy
20620,RED SPOTTY PASSPORT COVER,Healthy
72369A,PINK CLEAR GLASS CANDLE PLATE,Healthy
35817B,"ACRYLIC JEWEL SNOWFLAKE,BLUE",Restock Soon
35973,GERANIUM FOLKART HEART DECORATION,Healthy
22578,WOODEN STAR CHRISTMAS SCANDISPOT,Restock Soon
22565,FELTCRAFT HAIRBANDS PINK + WHITE ,Restock Soon
62043B,BLUE CHECK BAG W HANDLE 34X20CM,Restock Soon
47016,LIGHT DECORATION BATTERY OPERATED,Restock Soon
90022,EDWARDIAN DROP EARRINGS JET BLACK,Healthy
90071,RUBY GLASS CLUSTER EARRINGS,Healthy
22537,MAGIC SLATE DINOSAUR,Restock Soon
84984B,RED PEONY DES C/COVER ,Restock Soon
90140,PINK SWEETIE NECKLACE,Restock Soon
22619, SET Of 6 SOLDIER SKITTLES,Restock Soon
84875A,PINK SQUARE COMPACT MIRROR,Healthy
22409,TIN CAN BISCUITS DESIGN,Restock Soon
90171,DAISY RING,Healthy
gift_0001_70,Dotcomgiftshop Gift Voucher £70.00,Restock Soon
84575A,PINK DOG CANNISTER,Healthy
44241C,BLUE BUTTERFLY ON SPRING,Healthy
90026D,GLASS BEAD HOOP NECKLACE AMETHYST,Restock Soon
84582,PINK CROCHET CAT WITH SCARF,Healthy
90060D,FIRE POLISHED GLASS NECKL BRONZE,Restock Soon
90001D,ANTIQUE OLIVE GREEN FLOWER EARRINGS,Healthy
22973,CHILDRENS CIRCUS PARADE MUG,Restock Soon
35654,VINTAGE BEAD FILLED PINK CUSHION,Restock Soon
22329,ROUND FOOD CONTAINER S/5 RETROSPOT,Restock Soon
35001B,HAND OPEN SHAPE BLACK,Restock Soon
90210C,RED   ACRYLIC FACETED BANGLE,Restock Soon
20667,CHERRY BLOSSOM PURSE,Healthy
47369B,BLUE GREEN EMBROIDERY COSMETIC BAG,Healthy
90162D,ANT SILVER PURPLE BOUDICCA RING,Healthy
84593,CROCHET ROSE DES CLOTHES HANGER,Restock Soon
22903,CALENDAR FAMILY FAVORITES,Restock Soon
90169,DAISY HAIR COMB,Healthy
81985A,"ICON ALARM CLOCK,FUSCHIA  PIN UP",Healthy
85023C,PINK LARGE JEWELED PHOTOFRAME,Healthy
84984A,GREEN PEONY DES C/COVER,Restock Soon
35816B,"ACRYLIC JEWEL ANGEL,BLUE",Restock Soon
18094C,WHITE/BLUE RECT CERAMIC OIL BURNER,Healthy
17129C,SKY BLUE COLOUR GLASS GEMS IN BAG,Healthy
84510a,SET OF 4 ENGLISH ROSE COASTERS,Healthy
22919,HERB MARKER MINT,Healthy
35821B,"JEWELLED DECORATION,BLUE",Restock Soon
35913B,WHITE/PINK CHICK EASTER DECORATION,Healthy
72771B,BURG FLOCK GOLD CUP/CANDLE ,Healthy
72783,BLACK SIL'T SQU CANDLE PLATE ,Healthy
90214G,"LETTER ""G"" BLING KEY RING",Healthy
84415A,PINK FLOCK SUEDE CUSHION COVER ,Restock Soon
79331,PINK FLOCK GLASS CANDLEHOLDER,Restock Soon
85023A,CRYSTAL LARGE JEWELLED PHOTO FRAME,Healthy
90067A,PINK VINTAGE VICTORIAN EARRINGS,Healthy
85179C,PINK BITTY LIGHT CHAIN,Restock Soon
44236,PINK/PURPLE CIRCLE CURTAIN,Restock Soon
85080,PADDED RED HEART DECORATION,Healthy
71495B,CD WALL TIDY RED FLOWERS,Healthy
75178,ASSTD COL BUTTERFLY/CRYSTAL W/CHIME,Healthy
90079,VINTAGE ENAMEL & CRYSTAL NECKLACE,Healthy
85151,WELCOME METAL SIGN,Healthy
35916A,YELLOW FELT HANGING HEART W FLOWER,Healthy
90075,MONTANA DIAMOND CLUSTER NECKLACE,Restock Soon
20953,PORCELAIN CHERUB BELL LARGE,Healthy
35912B,WHITE/PINK CHICK DECORATION,Healthy
22345,PARTY PIZZA DISH BLUE WHITE SPOT ,Healthy
79329,PINK FLOCK GLASS CANDLEHOLDER,Restock Soon
17084J,LOVE POTION MASALA INCENSE,Healthy
84251G,"GREETING CARD, OVERCROWDED POOL.",Healthy
90176C,DIAMANTE NECKLACE,Restock Soon
90059E,DIAMANTE HAIR GRIP PACK/2 RUBY,Healthy
90037C,TINY CRYSTAL BRACELET BLUE,Healthy
22252,BIRDCAGE DECORATION MAGIC GARDEN,Restock Soon
90084,PINK CRYSTAL GUITAR PHONE CHARM,Healthy
90176A,CLASSIC DIAMANTE NECKLACE JET,Restock Soon
37491D,PURPLE/BLUE CERAMIC CANDLE HOLDER,Healthy
84509a,SET OF 4 ENGLISH ROSE PLACEMATS,Restock Soon
20697,LITTLE GREEN MONSTER SOFT TOY,Healthy
46115B,GREEN POP ART MAO CUSHION COVER ,Healthy
20848,ZINC HEART LATTICE CHARGER SMALL,Restock Soon
84899E,YELLOW + BROWN BEAR FELT PURSE KIT,Healthy
90078,PINK/WHITE GLASS DEMI CHOKER,Restock Soon
22684,FRENCH BLUE METAL DOOR SIGN 9,Healthy
84845C,CARNATION SQUARE HANDY TIN,Healthy
90214B,"LETTER ""B"" BLING KEY RING",Healthy
20870,OPULENT VELVET CANDLE IN BOX,Restock Soon
84292B,BLUE COL METAL FOLDING CHAIR,Restock Soon
22683,FRENCH BLUE METAL DOOR SIGN 8,Healthy
DCGS0004,HAYNES CAMPER SHOULDER BAG,Restock Soon
84845D,GERANIUM SQUARE HANDY TIN,Healthy
gift_0001_10,Dotcomgiftshop Gift Voucher £10.00,Restock Soon
35071,ASSORTED SANTA CHRISTMAS DECORATION,Healthy
84527,FLAMES SUNGLASSES PINK LENSES,Healthy
84612B,SET/4 BLACK  BAROQUE FLOCK COASTER,Restock Soon
84795b,SUNSET CHECK HAMMOCK,Restock Soon
85069,CREAM SWEETHEART DOUBLE SHELF,Restock Soon
22846,"BREAD BIN, DINER STYLE, RED ",Restock Soon
17084A,TRANQUILITY MASALA INCENSE,Healthy
22889,"NUMBER TILE VINTAGE FONT, No ",Restock Soon
84559a,3D SHEET OF DOG STICKERS,Healthy
85124a,PINK JUICY FRUIT PHOTO FRAME,Healthy
72083A,STRAWBERY SWIRL FLARE CANDLE,Healthy
90177B,DROP DIAMANTE EARRINGS BLACK DIAMON,Healthy
72801c,S/4 ROSE PINK DINNER CANDLES,Healthy
22657,HEN & 2 CHICKS IN BASKET,Healthy
72817,SET/2 CHRISTMAS DECOUPAGE CANDLES,Restock Soon
90051,CRACKED GLAZE NECKLACE RED,Restock Soon
90214N,"LETTER ""N"" BLING KEY RING",Healthy
90135A,ORANGE/FUSCHIA STONES NECKLACE,Restock Soon
90046,WHITE WITH METAL BAG CHARM,Restock Soon
16045,POPART WOODEN PENCILS ASST,Restock Soon
84537B,FAIRY CAKES GIFT BAG,Healthy
72129,COLUMBIAN CANDLE ROUND ,Healthy
35610C,WHITE CHRISTMAS FLOCK DROPLET ,Restock Soon
90214P,"LETTER ""P"" BLING KEY RING",Healthy
62086A,PINK RETRO BIG FLOWER BAG,Healthy
35603C,SET/16 WHITE SHINY & MATT BAUBLES,Healthy
47591A,CAROUSEL CHILDRENS APRON,Healthy
90021,LASER CUT MULTI STRAND NECKLACE,Restock Soon
90179B,PURPLE FINE BEAD NECKLACE W TASSEL,Restock Soon
84608,ORNATE EDWARDIAN CANDLE HOLDER,Restock Soon
15058B,PINK POLKADOT GARDEN PARASOL,Restock Soon
21347,GOTHIC CARRIAGE LANTERN,Restock Soon
84679,CLASSICAL ROSE TABLE LAMP,Restock Soon
71495A,CD WALL TIDY BLUE OFFICE,Healthy
22685,FRENCH BLUE METAL DOOR SIGN 0,Healthy
90141A,GREEN PENDANT TRIPLE SHELL NECKLACE,Healthy
20895,VINTAGE NOTEBOOK FRENCH LETTER ,Restock Soon
20988,TRELLIS FLOWER CHOPSTICKS SET/5,Healthy
84227,HEN HOUSE W CHICK IN NEST,Healthy
81952B,ROUND BLUE CLOCK W/SUCKER,Healthy
16050,TEATIME PENCIL WITH RUBBER,Healthy
22860,EASTER TIN CHICKS PINK DAISY,Restock Soon
17007B,S/3 POT POURI CUSHIONS BLUE COLOURS,Restock Soon
84951b,S/4 BLACK LOVEBIRD COASTERS,Restock Soon
85081,PADDED HOLLY CHRISTMAS DECORATION ,Healthy
84626,CANDY STRIPE ROSE QUILT,Restock Soon
22604,SET OF 4 NAPKIN CHARM CUTLERY,Restock Soon
20964,POLYESTER FILLER PAD 60x40cm,Restock Soon
90037B,TINY CRYSTAL BRACELET GREEN,Restock Soon
35611B,BLACK ASSORTED DROPLET DECORATION,Restock Soon
90163B,WHITE ROSEBUD & PEARL NECKLACE,Restock Soon
84660b,BLACK STITCHED WALL CLOCK,Restock Soon
20837,FRENCH FLORAL CUSHION COVER ,Restock Soon
90214H,"LETTER ""H"" BLING KEY RING",Healthy
90059F,DIAMANTE HAIR GRIP PACK/2 LT ROSE,Healthy
90059C,DIAMANTE HAIR GRIP PACK/2 MONTANA,Healthy
22406,TIN CAN KINGS CHOICE DESIGN,Restock Soon
22347,PIZZA DISH SLICE ,Restock Soon
16161C,WRAP SPEED DEMONS ,Restock Soon
72724,SET/6 CHRISTMAS ICICLE T-LIGHTS,Healthy
21685,MEDINA STAMPED METAL TRAY ,Restock Soon
35916B,BLUE FELT HANGING HEART W FLOWER,Healthy
90177E,DROP DIAMANTE EARRINGS GREEN,Healthy
90197D,AMBER GLASS BRACELET HEART CHARMS,Restock Soon
72796B,S/3 FRENCH VANILLA SQU CANDLE,Healthy
20820,SILVER LOOKING MIRROR,Healthy
84586L,"PINK ROSES/GINGHAM PATCH RABBIT 8""",Healthy
35085E,IVORY ROSE LAMPSHADE ,Healthy
35607B,BLACK FEATHER CHRISTMAS DECORATION,Healthy
35815B,"ACRYLIC JEWEL SNOWFLAKE,BLUE",Restock Soon
90108,BLUE BLOSSOM HAIR CLIP,Healthy
90027D,GLASS BEAD HOOP EARRINGS AMETHYST,Healthy
17014C,ORIGAMI LAVENDER INCENSE CONES,Restock Soon
90214D,"LETTER ""D"" BLING KEY RING",Healthy
90042B,FRESHWATER PEARL BRACELET PINK,Restock Soon
35822P,"ACRYLIC BEAD CHAIN, PINK",Restock Soon
72798C,SET/4 GARDEN ROSE DINNER CANDLE,Healthy
84548,CROCHET BEAR RED/BLUE  KEYRING,Healthy
84551,CROCHET DOG KEYRING,Restock Soon
21596,Hypochondriac Pill Stress Ball,Healthy
21815, STAR  T-LIGHT HOLDER ,Healthy
90026B,GLASS BEAD HOOP NECKLACE MONTANA,Restock Soon
90024A,NEW BAROQUE B'FLY NECKLACE BLACK,Restock Soon
85035b,CHOCOLATE 3 WICK MORRIS BOX CANDLE,Restock Soon
22346,PARTY PIZZA DISH GREEN WHITE SPOT ,Healthy
84803B,WHITE ALLIUM  ARTIFICIAL FLOWER,Healthy
90214T,"LETTER ""T"" BLING KEY RING",Healthy
72771C,BLACK FLOCK GOLD CANDLE,Restock Soon
90030A,SPOTTED WHITE NATURAL SEED NECKLACE,Restock Soon
90177C,DROP DIAMANTE EARRINGS CRYSTAL,Healthy
84611B,BLACK NEW BAROQUE FLOCK BOX,Restock Soon
90060C,FIRE POLISHED GLASS NECKL SILVER,Restock Soon
90039B,FIRE POLISHED GLASS BRACELET MONTAN,Restock Soon
90183A,AMBER DROP EARRINGS W LONG BEADS,Healthy
90067B,BROWN VINTAGE VICTORIAN EARRINGS,Restock Soon
85184B,SET 4 EASTER DECOUPAGE OVAL BOXES,Healthy
90128A,PINK LEAVES AND BEADS PHONE CHARM,Healthy
85024B,EAU DE NILE JEWELLED PHOTOFRAME,Healthy
90212C,PURPLE LAS VEGAS BRACELET ROUND,Restock Soon
37477B,"FLOWER FAIRY MUG+COASTER,LAVENDER",Healthy
18096c,WHITE ROUND PORCELAIN TLIGHT HOLDER,Restock Soon
21119,Glow In The Dark Shot Glasses ,Restock Soon
35644,PAIR PINK/BLACK COATHANGERS,Healthy
22740,POLKADOT PENS,Restock Soon
84798C,WHITE FOXGLOVE ARTIIFCIAL FLOWER,Restock Soon
72709,IVORY SCULPTED RND CANDLE ,Healthy
90012B,BLACK DROP CRYSTAL NECKLACE,Restock Soon
90034,WHITE SILVER NECKLACE SHELL GLASS,Restock Soon
90064A,WHITE VINTAGE CRYSTAL EARRINGS,Restock Soon
22532,MAGIC SLATE LEAP FROG ,Restock Soon
22529,MAGIC SLATE GO TO THE FAIR ,Restock Soon
22681,FRENCH BLUE METAL DOOR SIGN 6,Healthy
20994,JAZZ HEARTS SPIRAL NOTEPAD,Healthy
20860,GOLD COSMETICS BAG WITH BUTTERFLY,Healthy
79065A,TEATIME ROUND CAKE TINS ,Restock Soon
47518F,ICON PLACEMAT POP ART ELVIS,Restock Soon
35933,PINK STOCKING CHRISTMAS DECORATION,Healthy
22853,"CAT BOWL, ENAMEL , CREAM COLOUR",Restock Soon
82545A,COGNAC AUX OEUFS METAL 1 HOOK,Healthy
47567b,TEA TIME KITCHEN APRON,Restock Soon
90188,DROP EARRINGS W FLOWER & LEAF,Healthy
35963,FOLKART ZINC CLIP ON ANGEL WINGS,Healthy
84968B,SET OF 16 VINTAGE IVORY CUTLERY,Restock Soon
90103,PURPLE FRANGIPANI NECKLACE,Healthy
90003E,GREEN PAIR HEART HAIR SLIDES,Healthy
90119,METALIC LEAVES BAG CHARMS,Restock Soon
90181C,BLACK GLASS/SHELL/PEARL NECKLACE,Restock Soon
90038C,GLASS AND BEADS BRACELET IVORY,Restock Soon
72801d,S/4 SKY BLUE DINNER CANDLES,Healthy
22954,HEN PARTY CORDON BARRIER TAPE,Healthy
37112,YELLOW BIRDS FELT DES FOODCOVER,Restock Soon
79413,GLASS WINE GLASS DECORATIONS,Healthy
35233,PASTA ENAMEL/BRASS CONTAINER,Healthy
71406C,BLACK ORANGE SQUEEZER,Healthy
84705F,RED PEONY PHOTO FRAME ,Restock Soon
84251J,"GREETING CARD, THE BLACK CAT",Healthy
72715,SPHERICAL IVORY CANDLE ,Healthy
47013A,WINE BOTTLE DRESSING LT.BLUE,Healthy
90074,BLACK DIAMOND CLUSTER NECKLACE,Restock Soon
17014E,ORIGAMI OPIUM INCENSE CONES,Restock Soon
37462E,"PET MUG, GOLDFISH",Healthy
22984,CARD GINGHAM ROSE ,Healthy
90037D,TINY CRYSTALS BRACELET BLACK,Healthy
35910B,PINK FLOWERS RABBIT EASTER,Restock Soon
90202C,GREEN ENAMEL FLOWER HAIR TIE,Healthy
90152C,BLUE/NAT SHELL NECKLACE W PENDANT,Restock Soon
37348,SET OF 4 PASTEL STACKING MUGS,Healthy
90179A,AMBER FINE BEAD NECKLACE W TASSEL,Restock Soon
90130C,GREEN STONE/CRYSTAL EARRINGS,Healthy
90101,WHITE FRANGIPANI NECKLACE,Healthy
90126C,AMBER BERTIE MOBILE PHONE CHARM,Restock Soon
90052,CRACKED GLAZE NECKLACE BROWN,Restock Soon
47351B,BLUE  VOILE LAMPSHADE,Restock Soon
22933,BAKING MOULD EASTER EGG MILK CHOC,Restock Soon
35909A,RABBIT EASTER DECORATION,Restock Soon
21395,BLUE POLKADOT BEAKER ,Restock Soon
DCGS0058,MISO PRETTY  GUM,Healthy
90131,PINK/AMETHYST/GOLD NECKLACE,Restock Soon
84868B,BLUE BABY BOY'S MEMORY BOX,Restock Soon
37482p,CUBIC MUG PINK POLKA DOT,Restock Soon
84546,CROCHET POODLE KEYRING,Restock Soon
35955,SMALL FOLKART CHRISTMAS TREE DEC,Restock Soon
37489A,YELLOW/PINK FLOWER DESIGN BIG MUG,Healthy
90026C,GLASS BEAD HOOP NECKLACE GREEN,Restock Soon
22852,"DOG BOWL, ENAMEL , CREAM COLOUR",Restock Soon
22200,FRYING PAN PINK RETROSPOT,Restock Soon
90001B,ANTIQUE MID BLUE FLOWER EARRINGS,Healthy
90187B,GREEN DROP EARRINGS W BEAD CLUSTER,Healthy
90126A,PINK BERTIE MOBILE PHONE CHARM,Restock Soon
84746,PINK EASTER HENS+FLOWER,Healthy
90066A,PINK VINTAGE VICTORIAN CHOKER,Restock Soon
90064B,BLACK VINTAGE  CRYSTAL EARRINGS,Restock Soon
75011,BLUE DAISY MOBILE,Restock Soon
84228,HEN HOUSE W CHICK STANDING,Healthy
90033,IVORY SHELL HEART EARRINGS,Healthy
90174,BUTTERFLY HAIR BAND,Healthy
18097A,PINK TALL PORCELAIN T-LIGHT HOLDER ,Healthy
84456,SET OF 3 RABBIT EGG EASTER,Healthy
90214I,"LETTER ""I"" BLING KEY RING",Healthy
84249A,"GREETING CARD,SQUARE, DOUGHNUTS",Healthy
90118,PINK DAISY BAG CHARM,Healthy
84510e,SET OF 4 GREEN CAROUSEL COASTERS,Restock Soon
72801d,4 SKY BLUE DINNER CANDLES,Healthy
85079,EMBROIDERED REINDEER DECORATION,Healthy
20835,FRENCH LATTICE CUSHION COVER ,Restock Soon
15030,FAN BLACK FRAME ,Healthy
17136A,BLUE STONES ON WIRE FOR CANDLE,Healthy
37491A,YELLOW/PINK CERAMIC CANDLE HOLDER,Healthy
21391,FRENCH LAVENDER SCENT HEART,Restock Soon
90125B,AQUA BERTIE GLASS BEAD BAG CHARM,Restock Soon
90125C,TURQUOISE BERTIE GLASS BEAD CHARM,Restock Soon
79406,FROSTED WHITE BASE ,Healthy
90141C,TURQ PENDANT TRIPLE SHELL NECKLACE,Restock Soon
85131D,BEADED CRYSTAL HEART PINK\ON STICK,Healthy
47420,ASSORTED COLOUR SUCTION CUP HOOK,Healthy
72024U,LILAC VOTIVE CANDLE,Healthy
44091C,MULTICOLOUR CRUSOE CHECK LAMPSHADE,Healthy
22577,WOODEN HEART CHRISTMAS SCANDISPOT,Restock Soon
22937,BAKING MOULD CHOCOLATE CUP CAKES,Restock Soon
22641,SET OF 4 NAPKIN CHARMS INSTUMENT   ,Restock Soon
21919,Electronic Talking Breath-A-Loser,Restock Soon
90038B,GLASS AND PAINTED BEADS BRACELET OL,Restock Soon
90176D,DIAMANTE NECKLACE PURPLE,Restock Soon
18010,ASSORTED FRAGRANCE BATH CONFETTI,Healthy
20652,BLUE POLKADOT LUGGAGE TAG ,Healthy
22771,DRAWER KNOB ACRYLIC EDWARDIAN CLEAR,Restock Soon
22953,BIRTHDAY BANNER TAPE,Restock Soon
47563B,WAVELINE SURF IRONING BOARD COVER,Restock Soon
22405,TIN CAN POCKET MONEY DESIGN,Restock Soon
22410,TIN CAN HOUSEKEEPING DESIGN,Restock Soon
BANK CHARGES, Bank Charges,Restock Soon
22772,DRAWER KNOB ACRYLIC EDWARDIAN PINK,Restock Soon
22775,DRAWERKNOB ACRYLIC EDWARDIAN PURPLE,Restock Soon
22773,DRAWER KNOB ACRYLIC EDWARDIAN GREEN,Restock Soon
21767,FRENCH STYLE WIRE DOOR CABINET ,Restock Soon
78056,CAMOUFLAGE BACKPACK ON WHEELS,Restock Soon
90001C,ANTIQUE OPAL WHITE FLOWER EARRINGS,Restock Soon
84985a,SET OF 72 GREEN PAPER DOILIES,Healthy
90060B,FIRE POLISHED GLASS NECKL GOLD,Restock Soon
90152B,BLUE/GREEN SHELL NECKLACE W PENDANT,Restock Soon
22474,"TRAY FOR TV DINNER ,SPACEBOY",Restock Soon
90043,COPPER AND BRASS BAG CHARM,Restock Soon
22472,"TRAY FOR TV DINNER , DOLLY GIRL",Restock Soon
90081B,LILY BROOCH WHITE/SILVER COLOUR,Restock Soon
90130D,RED STONE/CRYSTAL EARRINGS,Restock Soon
90011C,GREEN CRYSTAL DROP EARRINGS,Restock Soon
90027B,GLASS BEAD HOOP EARRINGS MONTANA,Healthy
47591b,SCOTTIES CHILDRENS APRON,Restock Soon
22936,BAKING MOULD ROSE WHITE CHOCOLATE,Restock Soon
84510C,SET OF 4 POLKADOT COASTERS,Healthy
22882,NUMBER TILE VINTAGE FONT 3,Healthy
35265,COLOURFUL FLOWER FRUIT BOWL,Restock Soon
17091F,SANDALWOOD INCENSE IN TIN,Healthy
47013C,WINE BOTTLE DRESSING DARK BLUE,Healthy
16161G,WRAP BAD HAIR DAY,Healthy
22878,NUMBER TILE COTTAGE GARDEN No,Healthy
21097,SET/6 GREEN SPRING  PAPER PLATE,Healthy
84867b,BLUE BABY BOY'S PHOTO ALBUM,Restock Soon
90011A,MIDNIGHT BLUE CRYSTAL DROP EARRINGS,Healthy
17013F,ORIGAMI SANDLEWOOD INCENSE IN TUBE,Restock Soon
90027C,GLASS BEAD HOOP EARRINGS GREEN,Healthy
90202A,PURPLE ENAMEL FLOWER HAIR TIE,Healthy
22232,3 PIECE JIGSAW TOADSTOOLS,Restock Soon
84876C,SILVER HEART COMPACT MIRROR,Restock Soon
85164b,BLACK BAROQUE CUCKOO CLOCK,Restock Soon
90001A,ANTIQUE RASPBERRY FLOWER EARRINGS,Restock Soon
90132,LIGHT TOPAZ TEAL/AQUA COL NECKLACE,Restock Soon
90054,CRACKED GLAZE EARRINGS RED,Healthy
22168,"ORGANISER WOOD, ANTIQUE WHITE ",Restock Soon
84617,NEW BAROQUE BLACK BOXES,Restock Soon
44265,M/COLOUR POM-POM CURTAIN,Restock Soon
84968a,S/16 VINTAGE ROSE CUTLERY,Restock Soon
84968a,SET OF 16 VINTAGE ROSE CUTLERY,Restock Soon
84968b,SET OF 16 VINTAGE IVORY CUTLERY,Restock Soon
84968d,S/16 VINTAGE RED CUTLERY,Restock Soon
84968b,S/16 VINTAGE IVORY CUTLERY,Restock Soon
84968f,SET OF 16 VINTAGE SKY BLUE CUTLERY,Restock Soon
90024F,NEW BAROQUE B'FLY NECKLACE CRYSTAL,Restock Soon
90214O,"LETTER ""O"" BLING KEY RING",Healthy
84997c,BLUE 3 PIECE MINI DOTS CUTLERY SET,Restock Soon
90141E,ORANGE PENDANT TRIPLE SHELL NECKLAC,Restock Soon
16162M,THE KING GIFT BAG 25x24x12cm,Restock Soon
90141B,IVORY PENDANT TRIPLE SHELL NECKLACE,Restock Soon
82613b,"METAL SIGN,CUPCAKE SINGLE HOOK",Healthy
84510c,SET OF 4 POLKADOTS COASTERS,Healthy
90059B,DIAMANTE HAIR GRIP PACK/2 BLACK DIA,Healthy
22719,"GUMBALL COATHOOK., BLACK & WHITE ",Restock Soon
35633B,BLUE TINSEL GARLAND ,Healthy
35596,WOOD XMAS TREE 9 FIG SHELVES,Restock Soon
22872,NUMBER TILE COTTAGE GARDEN 4,Healthy
90083,CRYSTAL CZECH CROSS PHONE CHARM,Restock Soon
22885,NUMBER TILE VINTAGE FONT 6 ,Healthy
84450A,PINK RABBIT SITTING EASTER,Restock Soon
37494a,FAIRY CAKE CERAMIC BUTTER DISH,Restock Soon
85114a,BLACK ENCHANTED FOREST PLACEMAT,Restock Soon
72801E,4 FESTIVE GREEN DINNER CANDLES,Restock Soon
90183B,AMETHYST DROP EARRINGS W LONG BEADS,Healthy
84575B,BROWN DOG CANNISTER W BONE,Restock Soon
90011B,BLACK CRYSTAL DROP EARRINGS,Healthy
85184c,S/4 VALENTINE DECOUPAGE HEART BOX,Restock Soon
79302m,"ART LIGHTS,FUNK MONKEY",Restock Soon
90128B,BLUE LEAVES AND BEADS PHONE CHARM,Restock Soon
90187A,BLUE DROP EARRINGS W BEAD CLUSTER,Restock Soon
22722,SET OF 6 SPICE TINS PANTRY DESIGN,Restock Soon
17014F,ORIGAMI SANDLEWOOD INCENSE CONES,Restock Soon
47556b,TEA TIME TEA TOWELS ,Restock Soon
35909B,PINK FLOWERS RABBIT EASTER,Restock Soon
84086B,YELLOW/BLUE RETRO RADIO,Restock Soon
85040b,SET/4 BLUE FLOWER CANDLES IN BOWL,Restock Soon
37491B,BLUE/YELLOW CERAMIC CANDLE HOLDER,Healthy
47552A,DOTS IRONING BOARD COVER,Healthy
90125E,AMBER BERTIE GLASS BEAD BAG CHARM,Healthy
84550,CROCHET LILAC/RED BEAR KEYRING,Restock Soon
84509E,CAROUSEL PLACEMATS ,Restock Soon
37479P,CUBIC MUG FLOCK PINK ON BROWN,Restock Soon
90095,NECKLACE+BRACELET SET PINK BLOSSOM,Restock Soon
82001s,VINYL RECORD FRAME SILVER,Restock Soon
84660a,WHITE STITCHED WALL CLOCK,Restock Soon
84251C,"GREETING CARD, TWO SISTERS.",Healthy
90025E,BAROQUE BUTTERFLY EARRINGS MONTANA,Restock Soon
DCGS0003,BOXED GLASS ASHTRAY,Healthy
84450B,YELLOW RABBIT SAT EASTER,Restock Soon
84510c,SET OF 4 POLKADOT COASTERS,Restock Soon
90128C,GREEN LEAVES AND BEADS PHONE CHARM,Restock Soon
90025C,BAROQUE BUTTERFLY EARRINGS GREEN,Restock Soon
90214F,"LETTER ""F"" BLING KEY RING",Healthy
37477C,"FLOWER FAIRY MUG+COASTER,ROSE",Restock Soon
90189B,GOLD 2 STRAND NECKLACE-LEAF CHARMS,Restock Soon
84226,HEN HOUSE W FAMILY IN BARN & NEST,Healthy
35652,VINTAGE BEAD CHAISE LONG JEWEL BOX,Restock Soon
84745B,BLUE HANGING GINGHAM EASTER HEN,Healthy
90050,CRACKED GLAZE NECKLACE IVORY,Restock Soon
84899E,YELLOW BROWN BEAR FELT PURSE KIT,Restock Soon
21387,IVORY HANGING DECORATION  RABBIT,Restock Soon
85132b,CHARLIE AND LOLA TABLE TINS,Restock Soon
85132c,CHARLIE AND LOLA FIGURES TINS,Restock Soon
22201,FRYING PAN BLUE RETROSPOT,Restock Soon
35603B,S/16 BLACK SHINY/MAT BAUBLES,Restock Soon
90202B,WHITE ENAMEL FLOWER HAIR TIE,Restock Soon
DCGS0072,CAT CAMOUFLAGUE COLLAR,Restock Soon
90012A,MIDNIGHT BLUE DROP CRYSTAL NECKLACE,Restock Soon
10002R,ROBOT PENCIL SHARPNER,Restock Soon
22880,NUMBER TILE VINTAGE FONT 1,Restock Soon
22418,"PEN, 10 COLOURS - SPACEBOY",Restock Soon
22345,PARTY PIZZA DISH BLUE+WHITE SPOT ,Restock Soon
22344,PARTY PIZZA DISH PINK+WHITE SPOT ,Restock Soon
79172D,PURPLE TINT ACRYLIC FLOWER VASE,Restock Soon
90142A,GREEN PENDANT SHELL NECKLACE,Restock Soon
85232a,SET/3 POLKA DOT STACKING TINS,Restock Soon
22533,MAGIC SLATE BAKE A CAKE ,Restock Soon
72801g,4 BURGUNDY WINE DINNER CANDLES,Restock Soon
82613c,"METAL SIGN,CUPCAKE SINGLE HOOK",Healthy
90082C,DIAMANTE BOW BROOCH WHITE COLOUR,Restock Soon
90206A,GOLD DIAMANTE STAR BROOCH,Restock Soon
84570B,WHITE SATIN DRESS JEWEL STAND,Restock Soon
20680,PINK FLOWERS CHILDS UMBRELLA,Restock Soon
10124A,SPOTS ON RED BOOKCOVER TAPE,Healthy
21185,HOME SWEET HOME  BLACKBOARD,Restock Soon
90128D,PURPLE LEAVES AND BEADS PHONE CHAR,Restock Soon
84030B,KNITTED POM POM HOT WATER BOTTLE,Restock Soon
90205A,LARGE MINT DIAMANTE HAIRSLIDE,Healthy
40005B,BLUE ORGANDY ROUND LAMPSHADE W BEA,Healthy
22884,NUMBER TILE VINTAGE FONT 5,Restock Soon
44089C,LILAC GAUZE BUTTERFLY LAMPSHADE,Healthy
22870,NUMBER TILE COTTAGE GARDEN 2,Restock Soon
16054,POPART RECT PENCIL SHARPENER ASST,Restock Soon
84311,CAMOFLAGE CUSHION COVER,Restock Soon
72796A,S/3 ENGLISH LAVENDER SQU CANDLE,Restock Soon
90154,LAZER CUT NECKLACE W PASTEL BEADS,Restock Soon
84986b,SET OF 36 SILVER PAPER DOILIES,Restock Soon
84614C,BLUE BAROQUE FLOCK CANDLE HOLDER,Restock Soon
18097B,BLUE TALL PORCELAIN T-LIGHT HOLDER,Restock Soon
90053,CRACKED GLAZE EARRINGS IVORY,Healthy
21249,WOOD ANIMALS HEIGHT CHART STICKERS ,Restock Soon
85095,THREE CANVAS LUGGAGE TAGS,Restock Soon
35591T,TURQUOISE CHRISTMAS TREE ,Restock Soon
22885,"NUMBER TILE VINTAGE FONT, 6 ",Restock Soon
22883,"NUMBER TILE VINTAGE FONT, 4",Restock Soon
22884,"NUMBER TILE VINTAGE FONT, 5",Restock Soon
22879,"NUMBER TILE VINTAGE FONT, 0",Restock Soon
22886,"NUMBER TILE VINTAGE FONT, 7",Restock Soon
22880,"NUMBER TILE VINTAGE FONT, 1",Restock Soon
22882,"NUMBER TILE VINTAGE FONT, 3",Restock Soon
22881,"NUMBER TILE VINTAGE FONT, 2",Restock Soon
22887,"NUMBER TILE VINTAGE FONT, 8",Restock Soon
37482b,CUBIC MUG BLUE POLKA DOT,Restock Soon
DCGS0066N,NAVY CUDDLES DOG HOODIE,Restock Soon
DCGS0068,DOGS NIGHT COLLAR,Restock Soon
84796b,BLUE SAVANNAH PICNIC HAMPER FOR 2,Restock Soon
47518f,ICON PLACEMAT POP ART ELVIS,Restock Soon
22777,GLASS BELL JAR LARGE,Restock Soon
84993b,75 BLACK PETIT FOUR CASES,Healthy
21120,*Boombox Ipod Classic,Restock Soon
85036b,CHOCOLATE 1 WICK MORRIS BOX CANDLE,Restock Soon
85035c,ROSE 3 WICK MORRIS BOX CANDLE,Restock Soon
85035a,GARDENIA 3 WICK MORRIS BOXED CANDLE,Restock Soon
15060b,FAIRY CAKE DESIGN UMBRELLA,Restock Soon
72802a,ROSE SCENT CANDLE IN JEWELLED BOX,Restock Soon
21594,Dr. Jam's Arouzer Stress Ball,Restock Soon
84559b,3D SHEET OF CAT STICKERS,Restock Soon
72805,VANILLA CANDLE IN EMBOSSED ZINC POT,Restock Soon
22871,NUMBER TILE COTTAGE GARDEN 3 ,Restock Soon
47591c,BLUE FAIRY CAKE CHILD'S APRON,Restock Soon
22889,NUMBER TILE VINTAGE FONT No ,Restock Soon
72785A,S/4 CONTEMPORY PINK ROSEBUD CANDLES,Restock Soon
21750, LARGE SKULL WINDMILL,Restock Soon
21511,VINTAGE COLLAGE  GREETING  CARD ,Restock Soon
84745A,PINK HANGING GINGHAM EASTER HEN,Healthy
79066k,RETRO MOD TRAY,Healthy
22858,EASTER TIN KEEPSAKE,Restock Soon
22384,LUNCH BAG PINK POLKADOTS,Restock Soon
85225,BLING KEY RING STAND,Healthy
22887,NUMBER TILE VINTAGE FONT 8,Restock Soon
22877,NUMBER TILE COTTAGE GARDEN 9,Restock Soon
84993a,75 GREEN PETIT FOUR CASES,Healthy
47503J ,SET/3 FLORAL GARDEN TOOLS IN BAG,Restock Soon
85160b,BLACK BIRD GARDEN DESIGN MUG,Restock Soon
90141D,ROSE PENDANT TRIPLE SHELL NECKLACE,Restock Soon
84630,FLOWERS AND BIRDS WALL PLAQUE,Restock Soon
84250M,"GREETING CARD, BLACKPOOL ROCK",Healthy
22778,GLASS BELL JAR SMALL,Restock Soon
84251B,"GREETING CARD, STICKY GORDON",Healthy
35932,PINK CHRISTMAS TREE DECORATION,Healthy
78034B,BLUE NETTING STORAGE HANGER,Restock Soon
37489B,BLUE/YELLOW FLOWER DESIGN BIG MUG,Restock Soon
84509a,ENGLISH ROSE PLACEMATS,Restock Soon
84912a,PINK ROSE WASHBAG,Restock Soon
21560,TOADSTOOL  LUNCHBOX WITH CUTLERY,Restock Soon
21853,GUMBALL CUSTOM CARS TOP TRUMPS GAME,Restock Soon
37481,CUBIC MUG TEATIME CAKES,Restock Soon
90025F,BAROQUE BUTTERFLY EARRINGS CRYSTAL,Restock Soon
84509e,SET OF 4 CAROUSEL PLACEMATS ,Restock Soon
85124c,GREEN JUICY FRUIT PHOTO FRAME,Restock Soon
90214V,"LETTER ""V"" BLING KEY RING",Healthy
84596b,SMALL DOLLY MIX DESIGN ORANGE BOWL,Restock Soon
22288,HANGING METAL RABBIT DECORATION,Restock Soon
75172,PAINTED SEA SHELL METAL WINDCHIME,Restock Soon
22408,TIN CAN CONFECTIONERY DESIGN,Restock Soon
22954,HEN PARTY BANNER TAPE,Restock Soon
90127A,PINK BEADS+HAND PHONE CHARM,Restock Soon
21475,SWEETHEART CREAM STEEL FOLDIN CHAIR,Restock Soon
84567,FROSTED GLASS WITH SILVER SURROUND,Restock Soon
22139,11 PC CERAMIC TEA SET POLKADOT,Restock Soon
90011E,AMBER CRYSTAL DROP EARRINGS,Restock Soon
90177A,CLASSIC DIAMANTE EARRINGS JET,Restock Soon
90182C,BLACK 3 BEAD DROP EARRINGS,Restock Soon
SP1002,KID'S CHALKBOARD/EASEL,Restock Soon
22292,HANGING CHICK  YELLOW DECORATION,Restock Soon
22876,NUMBER TILE COTTAGE GARDEN 8,Restock Soon
22879,NUMBER TILE VINTAGE FONT 0,Restock Soon
48195,DOORMAT GREEN PAISLEY ,Restock Soon
37489C,GREEN/BLUE FLOWER DESIGN BIG MUG,Restock Soon
21852,EMPIRE TEDDY,Restock Soon
84868A,PINK BABY GIRL'S MEMORY BOX,Restock Soon
84406b,CREAM CUPID HEARTS COAT HANGER,Restock Soon
16245A,PINK MINI STATIONERY SET W CASE,Healthy
35936,CERISE+GOLD CHRISTMAS TREE DEC,Healthy
37489D,PINK/GREEN FLOWER DESIGN BIG MUG,Restock Soon
84814B,RHOMBUS CRYSTAL PERFUME BOTTLE,Restock Soon
47348A,FUSCHIA VOILE POINTY SHOE DEC,Restock Soon
79342b,BROWN FLOWER LIGHTS,Restock Soon
84867a,PINK BABY GIRLS PHOTO ALBUM,Restock Soon
21525,BEWARE OF THE CAT DOORMAT,Restock Soon
85039b,S/4 IVORY MINI ROSE CANDLE IN BOWL,Restock Soon
22293,HANGING CHICK GREEN DECORATION,Restock Soon
85159b,"WHITE TEA,COFFEE,SUGAR JARS",Restock Soon
35004s,SET OF 3 SILVER FLYING DUCKS,Restock Soon
16192,PINK BALLET OPENING CUBE BOX ,Restock Soon
84989b,75 BLACK FAIRY CAKE CASES,Restock Soon
84247J,PACK/12 RUSSIAN DOLL CARDS,Healthy
20812,EMBOSSED FLOWER TRELLIS PHOTO FRAME,Restock Soon
85115B,S/4 BLACK DISCO PARTITION PANEL,Restock Soon
90055,CRACKED GLAZE EARRINGS BROWN,Restock Soon
21772,VINTAGE METAL CAKE STAND CREAM ,Restock Soon
84648,NEW BAROQUE WALL MIRROR,Restock Soon
72752B,"F.FAIRY,CANDLE IN GLASS,LAVENDER",Restock Soon
85083,KISS REINDEER SCANDINAVIAN STOCKING,Restock Soon
DCGS0037,KEY-RING CORKSCREW,Restock Soon
DCGS0075,CAMOUFLAGUE DOG LEAD,Restock Soon
85157,SET OF 2 CHESTS CHOCOLAT AU LAIT,Restock Soon
35004p,SET OF 3 PINK FLYING DUCKS,Restock Soon
DCGS0070,CAMOUFLAGE DOG COLLAR,Restock Soon
35751C,PURPLE CURRENT CANDLE RING,Restock Soon
35815P,"ACRYLIC JEWEL SNOWFLAKE, PINK",Restock Soon
72801e,S/4 FESTIVE GREEN DINNER CANDLES,Restock Soon
m,Manual,Restock Soon
51012L,"FEATHER DUSTER, LIGHT PINK",Restock Soon
47344B,BLUE FLOWER DES PURSE,Restock Soon
35597A,DUSTY PINK CHRISTMAS TREE 30CM,Restock Soon
35918B,BLUE FLORIBUNDA EGG WARMER,Restock Soon
90000C,OPAL WHITE/SILVER FLOWER NECKLACE,Restock Soon
22868,NUMBER TILE COTTAGE GARDEN 0 ,Restock Soon
90031,BILI NUT AND WOOD NECKLACE,Restock Soon
22874,NUMBER TILE COTTAGE GARDEN 6,Restock Soon
90183C,BLACK DROP EARRINGS W LONG BEADS,Restock Soon
90027A,GLASS BEAD HOOP EARRINGS BLACK,Restock Soon
85185E,DUCK SOCK PUPPET,Restock Soon
90152A,SILVER/NAT SHELL NECKLACE W PENDANT,Restock Soon
17174,ASSTD RASTA KEY-CHAINS,Restock Soon
79070b,ENGLISH ROSE SQUARE CAKE TINS,Restock Soon
47341B,BLUE TABLE RUN FLOWER,Restock Soon
84366,VENDETTA CANVAS PICTURE,Restock Soon
16151A,FLOWER DES BLUE HANDBAG/ORANG HANDL,Restock Soon
17011B,ORIGAMI JASMINE INCENSE+FLOWER ,Restock Soon
47590b,PINK HAPPY BIRTHDAY BUNTING,Restock Soon
47590a,BLUE HAPPY BIRTHDAY BUNTING,Restock Soon
72785B,S/4 CONTEMPORY RED ROSEBUD CANDLES,Restock Soon
90136,PALE PINK/AMETHYST STONE NECKLACE,Restock Soon
22959,"WRAPPING PAPER, XMAS VILLAGE",Restock Soon
44089A,PINK GAUZE BUTTERFLY LAMPSHADE,Healthy
90214Z,"LETTER ""Z"" BLING KEY RING",Healthy
17084G,MOON INCENSE,Restock Soon
21496,WOODLAND CREATURES  WRAP,Restock Soon
16169G,WRAP ROMANTIC DECOUPAGE,Restock Soon
16169A,WRAP CHRISTMAS DECOUPAGE,Restock Soon
84206A,3 BLACK CATS W HEARTS BLANK CARD,Restock Soon
22886,NUMBER TILE VINTAGE FONT 7,Restock Soon
85124b,BLUE JUICY FRUIT PHOTO FRAME,Restock Soon
21857,STAR WARS TOP TRUMPS GAME,Restock Soon
21858,HIGH SCHOOL MUSICAL 3 TOP TRUMPS ,Restock Soon
22343,PARTY PIZZA DISH RED+WHITE SPOT ,Restock Soon
81950V,FLOWER PURPLE CLOCK W/SUCKER,Restock Soon
20939,ORANGE CANDLE,Restock Soon
10080,GROOVY CACTUS INFLATABLE,Restock Soon
22196,HEART MEASURING SPOONS SMALL,Restock Soon
22346,PARTY PIZZA DISH GREEN+WHITE SPOT ,Restock Soon
44228,CANNABIS LEAF BEAD CURTAIN,Restock Soon
85232d,SET/3 DECOUPAGE STACKING TINS,Restock Soon
84661c,PINK SQUARE TABLE CLOCK,Restock Soon
22875,NUMBER TILE COTTAGE GARDEN 7,Restock Soon
22873,NUMBER TILE COTTAGE GARDEN 5,Restock Soon
84743C,ORANGE FELT VASE + FLOWERS,Restock Soon
84971s,SMALL HEART FLOWERS HOOK ,Restock Soon
22829,BROCANTE SHELF WITH HOOKS,Restock Soon
35650,VINTAGE BEAD PINK JEWEL STAND,Restock Soon
84732B,CUTE BIRD CEATURE SCREEN,Restock Soon
85179a,GREEN BITTY LIGHT CHAIN,Restock Soon
20822,SILVER WINE GOBLET,Restock Soon
72708,SCULPTED ROUND IVORY CANDLE ,Restock Soon
10124G,ARMY CAMO BOOKCOVER TAPE,Healthy
62074B,ELEPHANT CLIP W SUCTION CUP,Healthy
84536a,ENGLISH ROSE NOTEBOOK A7 SIZE,Healthy
90076,MONTANA DIAMOND CLUSTER EARRINGS,Restock Soon
62097A,PINK STRIPES SHOULDER BAG,Restock Soon
20882,MODERN CHRISTMAS TREE CANDLE,Restock Soon
37488A,YELLOW PINK FLOWER DESIGN BIG BOWL,Restock Soon
18098B,BLUE PORCELAIN B'FLY OIL BURNER,Restock Soon
20739,*USB Office Glitter Lamp,Restock Soon
20954,*USB Office Mirror Ball,Restock Soon
21406,SPOTTY CAT DOORSTOP ,Restock Soon
90013E,AMBER VINTAGE EARRINGS ,Restock Soon
90077,BLACK DIAMOND CLUSTER EARRINGS,Restock Soon
84572,6 HOOK JEWEL STAND LILAC DRESS,Restock Soon
90126B,BLUE BERTIE MOBILE PHONE CHARM,Restock Soon
72807a,SET/3 ROSE CANDLE IN JEWELLED BOX,Restock Soon
72803b,OCEAN SCENT CANDLE JEWELLED DRAWER,Restock Soon
84030b,KNITTED POM POM HOT WATER BOTTLE,Restock Soon
35809a,ENAMEL PINK TEA CONTAINER,Restock Soon
22883,NUMBER TILE VINTAGE FONT 4,Restock Soon
35597D,PINK/WHITE CHRISTMAS TREE 30CM,Restock Soon
47591C,BLUE FAIRY CAKE CHILDRENS APRON,Restock Soon
22869,NUMBER TILE COTTAGE GARDEN 1,Restock Soon
84029c,BROWN FURRY HOT WATER BOTTLE,Restock Soon
37468,HARDMAN MUG 3 ASSORTED,Restock Soon
84509c,DOTTY PLACEMATS ,Restock Soon
22206,"MUG , DOTCOMGIFTSHOP.COM ",Restock Soon
90039A,FIRE POLISHED GLASS BRACELET RED,Restock Soon
84997d,PINK 3 PIECE MINI DOTS CUTLERY SET,Restock Soon
90208,PAIR OF PINK FLOWER CLUSTER SLIDE,Restock Soon
90102,WHITE FRANGIPANI HAIR CLIP,Restock Soon
90025B,BAROQUE BUTTERFLY EARRINGS RED,Restock Soon
72801c,4 ROSE PINK DINNER CANDLES,Restock Soon
84596f,SMALL MARSHMALLOWS PINK BOWL,Restock Soon
90025D,BAROQUE BUTTERFLY EARRINGS PINK,Restock Soon
90176B,DIAMANTE NECKLACE BLACK ,Restock Soon
47341A,FUSCHIA TABLE RUN FLOWER ,Restock Soon
46037A,PINK CANVAS DES CUSHION COVER ,Restock Soon
90068,"RUBY GLASS NECKLACE 42""",Restock Soon
20942,SET/6 GINGERBREAD TREE T-LIGHTS,Restock Soon
82011E,"BATHROOM SCALES, FAG BREAK",Restock Soon
90041,PEARL AND CHERRY QUARTZ BRACLET,Restock Soon
90111,BLUE HIBISCUS  HAIR CLIP,Restock Soon
22291,HANGING CHICK CREAM DECORATION,Restock Soon
35001P,HAND OPEN SHAPE PINK,Restock Soon
85230C,ROSE SCENTED VOTIVE CANDLE,Restock Soon
85230D,VANILLA SCENTED VOTIVE CANDLE,Restock Soon
84705b,FAIRY CAKES PHOTO FRAME,Restock Soon
35443,RASTA IN BATH W SPLIFF ASHTRAY,Restock Soon
37484,ENGLISH ROSE TEA FOR ONE GIFT BOX,Restock Soon
22843,"BISCUIT TIN, MINT,IVORY, VINTAGE",Restock Soon
48173A,DOOR MAT BLUE FLOCK,Restock Soon
22351,DOTCOMGIFTSHOP TEA TOWEL,Restock Soon
84534b,FAIRY CAKE NOTEBOOK A5 SIZE,Restock Soon
20858,SILVER PURSE GOLD PINK BUTTERFLY,Restock Soon
84732D,CUTE RABBIT CEATURE SCREEN ,Restock Soon
84536b,FAIRY CAKES NOTEBOOK A7 SIZE,Restock Soon
47592B,SCOTTIE DOGS CHILDRENS OVERALL,Restock Soon
20884,MODERN CHRISTMAS TREE CANDLE ,Restock Soon
79140,ASS WINDPROOF MARIJUANA LIGHTERS,Restock Soon
71050,SMALL SINGLE FLAME CANDLE HOLDER,Restock Soon
82072,WHITE WOOD SINGLE P/FRAME,Restock Soon
20673,STRAWBERRIES PRINT BOWL,Restock Soon
37408,ASSORTED DESIGN GEISHA GIRL MUGS,Restock Soon
85123b,ZINC HANGING HEART T-LITE HLDR,Restock Soon
79051a,SMOKEY GREY COLOUR D.O.F. GLASS,Restock Soon
90011D,PURPLE CRYSTAL DROP EARRINGS,Restock Soon
35638A,PINK AND BLACK STRING CURTAIN,Restock Soon
85077,KISSING REINDEER TABLE RUNNER,Restock Soon
72751B,"F.FAIRY S/3 SML CANDLE, LAVENDER",Restock Soon
72751C,"F.FAIRY S/3 SML CANDLE, ROSE",Restock Soon
72751A,"F.FAIRY S/3 SML CANDLE,LILY/VALLEY",Restock Soon
37409,ASSORTED DESIGN FLOWER MUGS,Restock Soon
85184d,S/4 BLUE ROUND DECOUPAGE BOXES,Restock Soon
22360,"GLASS JAR, ENGLISH CONFECTIONERY",Restock Soon
35823P,"ACRYLIC BEAD GARLAND,PINK",Restock Soon
35821P,"JEWELLED DECORATION,PINK",Restock Soon
62097B,BLUE STRIPES SHOULDER BAG,Restock Soon
79303A,WHITE ROHMBIC BLOCK TABLE LAMP,Restock Soon
18098A,PINK PORCELAIN B'FLY OIL BURNER,Restock Soon
85186B,BUNNY BUNCH OF FLOWERS,Restock Soon
35051B,PINK BEADED CONE CHRISTMAS,Restock Soon
22888,NUMBER TILE VINTAGE FONT 9 ,Restock Soon
35537,CANDLE RING W/CLEAR BEADS,Restock Soon
21838,DADDY MOUSE RED GINGHAM BOW TIE,Restock Soon
35751D,PINK CURRENT CANDLE RING,Restock Soon
16215,FUNKY GIRLZ MAGNETIC TO DO LIST ,Restock Soon
21860,DR WHO TOP TRUMPS GAME,Restock Soon
21854,EURO FOOTBALL STARS TOP TRUMPS GAME,Restock Soon
71101A,ANGEL ON KNEES METAL POLE 100CM H,Restock Soon
71434B,"BLACK RND BULLET""KEEP CLEAN"" BIN",Restock Soon
90142C,ROSE PINK PENDANT SHELL NECKLACE,Restock Soon
90135,ORANGE/WHT/FUSCHIA STONES NECKLACE,Restock Soon
90142B,IVORY PENDANT SHELL NECKLACE,Restock Soon
84942,KASHMIR FOLKART HEART DISHES,Restock Soon
84661a,WHITE SQUARE TABLE CLOCK,Restock Soon
DCGS0041,HAYNES MINI-COOPER PLAYING CARDS,Restock Soon
84951b,SET OF 4 BLACK LOVEBIRD COASTERS,Restock Soon
72740B,LARGE WHITE CHOCOLATE CANDLE,Restock Soon
20877,MODERN CHRISTMAS BAUBLE CANDLE ,Restock Soon
79149B,SILICON STAR BULB  BLUE,Restock Soon
85049g,CHOCOLATE BOX RIBBONS ,Restock Soon
72801g,S/4 BURGUNDY WINE DINNER CANDLES,Restock Soon
72801e,4 FESTIVE GREEN DINNER CANDLES,Restock Soon
85049b,LUSH GREENS RIBBONS,Restock Soon
84596j,MIXED NUTS LIGHT GREEN BOWL,Restock Soon
82613a,"METAL SIGN,CUPCAKE SINGLE HOOK",Restock Soon
84596g,SMALL CHOCOLATES PINK BOWL,Restock Soon
85043,RED HEART CANDY POP LIGHTS,Restock Soon
85232C,RUSSIAN FOLKART STACKING TINS,Restock Soon
37451,CERAMIC CAKE TEAPOT WITH CHERRY,Restock Soon
90142D,MOP PENDANT SHELL NECKLACE,Restock Soon
84201B,HAPPY BIRTHDAY CARD STRIPEY TEDDY,Restock Soon
45014,FOLDING SHIRT TIDY,Restock Soon
37326,FAIRY DESIGN MUGS,Restock Soon
72529w,WHITE ADVENT CANDLE,Restock Soon
81953P,ROUND ARTICULATED PINK CLOCK W/SUCK,Restock Soon
72752A,"F.FAIRY,CANDLE IN GLASS,LILY/VALLEY",Restock Soon
21409,SPOTTY COCKEREL DOORSTOP,Restock Soon
47594a,CAROUSEL DESIGN WASHBAG,Restock Soon
84255A,PINK GLASS COCKTAIL LAMP,Restock Soon
22881,NUMBER TILE VINTAGE FONT 2,Restock Soon
72084B,CHOCOLATE ICE CREAM CANDLE,Restock Soon
37432,MUG PINK AND PURPLE ARABIC DESIGN,Restock Soon
44091A,BLUE CRUSOE CHECK LAMPSHADE,Restock Soon
35995,SET/6 BLACK GLITTER REINDEER CANDLE,Restock Soon
40046C,PINK BUTTERFLY PAPER LAMPSHADE,Restock Soon
37438,FUNKY FLOWER COFFEE POT,Restock Soon
90004A,JADE GREEN PAIR ENAMEL HAIR SLIDES,Restock Soon
35974,S/6 CHRISTMAS TREE PLACE SETTING,Restock Soon
35818C,"ACRYLIC JEWEL ICICLE, CLEAR ",Restock Soon
21081,SET/20 POSIES PAPER NAPKINS,Restock Soon
84559d,3D SHEET OF SEA WORLD STICKERS,Restock Soon
90214Y,"LETTER ""Y"" BLING KEY RING",Restock Soon
90214W,"LETTER ""W"" BLING KEY RING",Restock Soon
20683,RAIN GIRL CHILDS UMBRELLA,Restock Soon
90182B,AMETHYST 3 BEAD DROP EARRINGS,Restock Soon
84985b,SET OF 72 BLACK PAPER DOILIES ,Restock Soon
90182A,AMBER 3 BEAD DROP EARRINGS,Restock Soon
20885,BOX OF 3 PEBBLE CANDLES,Restock Soon
35598A,DUSTY PINK CHRISTMAS TREE 60CM,Restock Soon
84402B,PURPLE DRESS JEWELLERY STAND,Restock Soon
79301,FEATHER HEART LIGHTS,Restock Soon
35598C,WHITE CHRISTMAS TREE 60CM,Restock Soon
DCGS0044,HANDZ-OFF CAR FRESHENER,Restock Soon
47554,S/3 COLOURS FLOCK TEA TOWELS,Restock Soon
47556,SET/2 SPOTTY + ROSE TEA TOWELS ,Restock Soon
21493,VINTAGE DESIGN GIFT TAGS,Restock Soon
81953B,ROUND ARTICULATED BLUE CLOCK W/SUCK,Restock Soon
47569,ENGLISH ROSE DESIGN SHOPPING BAG,Restock Soon
20881,MODERN CHRISTMAS TREE CANDLE,Restock Soon
21036,SET/2 TEA TOWELS MODERN VINTAGE,Restock Soon
85171,S/2 HYACINTH BULB CANDLES,Restock Soon
44092C,PURPLE/COPPER HANGING LAMPSHADE,Restock Soon
35999,S/6 SCANDINAVIAN HEART T-LIGHT,Restock Soon
90091,CRYSTAL DRAGONFLY PHONE CHARM,Restock Soon
47593a,CAROUSEL DESIGN BABY BIB,Restock Soon
21008,ETCHED GLASS HEART TREE DECORATION,Restock Soon
DCGS0062,ROAD-RAGE CAR FRESHENER,Restock Soon
44242A,LILAC FEATHERS CURTAIN,Restock Soon
90127B,BLUE BEADS+HAND PHONE CHARM,Restock Soon
21225,POCKET MIRROR BUTTERFLY ,Restock Soon
21290,LARGE SPOTTY CHOCOLATE GIFT BAG,Restock Soon
84510b,SET OF 4 FAIRY CAKES COASTERS ,Restock Soon
17061,ASSORTED SHAPED STENCIL FOR HENNA,Restock Soon
85192S,HANGING SPRING FLOWER HEART SMALL,Restock Soon
22659,LUNCHBOX I LOVE LONDON,Restock Soon
35945,GOLD CHRISTMAS STOCKING DECORATION,Restock Soon
46138D,GREEN CHENILLE SHAGGY C/COVER,Restock Soon
84814A,HEXAGONAL CRYSTAL PERFUME BOTTLE,Restock Soon
22631,CIRCUS PARADE LUNCHBOX ,Restock Soon
35837,SET OF SIX SILVER+RED FLOCK BAUBLES,Restock Soon
20737,RED MINI TAPE MEASURE ,Restock Soon
22963,JAM JAR WITH BLUE LID,Restock Soon
30086C,ASSORTED FRUIT STRAWS,Restock Soon
72754D,F FAIRY POTPOURRI CUSHIONS SUMMER,Restock Soon
10109,BENDY COLOUR PENCILS,Restock Soon
16010,FOLDING CAMPING SCISSOR W/KNIF & S,Restock Soon
85231b,CINAMMON SET OF 9 T-LIGHTS,Restock Soon
85231e,STRAWBERRY SCENTED SET/9 T-LIGHTS,Restock Soon
85024A,CRYSTAL SMALL JEWELLED PHOTOFRAME,Restock Soon
72796C,S/3 ROSE GARDEN SCENT SQU CANDLE,Restock Soon
21585,SWALLOW SMALL TUBE MATCHES,Restock Soon
84731,3 BIRDS CANVAS SCREEN,Restock Soon
35980B,RED TOP SCANDINAVIAN HEART ,Restock Soon
71496B,A4 WALL TIDY RED FLOWERS,Restock Soon
90214U,"LETTER ""U"" BLING KEY RING",Restock Soon
35950,FOLKART HEART CHRISTMAS DECORATIONS,Restock Soon
84845A,HOLLYHOCK SQUARE HANDY TIN,Restock Soon
35976B,WHITE SCANDINAVIAN HEART CHRISTMAS,Restock Soon
TEST002,This is a test product.,Restock Soon
84201C,HAPPY BIRTHDAY CARD TEDDY/CAKE,Restock Soon
44092B,BLUE WHITE PLASTIC RINGS LAMPSHADE,Restock Soon
20721,OWLS CHARLOTTE BAG,Restock Soon
79157B,UBO-LIGHT TRIOBASE BLUE,Restock Soon
84206B,CAT W SUNGLASSES BLANK CARD,Restock Soon
79151B,"SILICON CUBE 25W, BLUE",Restock Soon
84205C,HAPPY BIRTHDAY GINGER CAT CARD,Restock Soon
84206C,CHAMPAGNE TRAY BLANK CARD,Restock Soon
35930,PINK HEART CHRISTMAS DECORATION,Restock Soon
PADS,PADS TO MATCH ALL CUSHIONS,Healthy
