StockCode,Description,Reorder_Recommendation
M,Manual,Monitor Stock
22423,REGENCY CAKESTAND 3 TIER,Reduce Inventory
85123A,WHITE HANGING HEART T-LIGHT HOLDER,Reduce Inventory
DOT,DOTCOM POSTAGE,Reduce Inventory
84879,ASSORTED COLOUR BIRD ORNAMENT,Monitor Stock
22086,PAPER CHAIN KIT 50'S CHRISTMAS ,Monitor Stock
85099B,JUMBO BAG RED RETROSPOT,Reduce Inventory
47566,PARTY BUNTING,Reduce Inventory
POST,POSTAGE,Reduce Inventory
84347,ROTATING SILVER ANGELS T-LIGHT HLDR,Monitor Stock
15056N,EDWARDIAN PARASOL NATURAL,Monitor Stock
21621,VINTAGE UNION JACK BUNTING,Monitor Stock
85099F,JUMBO BAG STRAWBERRY,Reduce Inventory
21232,STRAWBERRY CERAMIC TRINKET BOX,Reduce Inventory
85099C,JUMBO  BAG BAROQUE BLACK WHITE,Reduce Inventory
15056BL,EDWARDIAN PARASOL BLACK,Monitor Stock
21931,JUMBO STORAGE BAG SUKI,Reduce Inventory
22189,CREAM HEART CARD HOLDER,Monitor Stock
79321,CHILLI LIGHTS,Reduce Inventory
21754,HOME BUILDING BLOCK WORD,Reduce Inventory
22114,HOT WATER BOTTLE TEA AND SYMPATHY,Reduce Inventory
20725,LUNCH BAG RED SPOTTY,Reduce Inventory
22411,JUMBO SHOPPER VINTAGE RED PAISLEY,Reduce Inventory
21623,VINTAGE UNION JACK MEMOBOARD,Monitor Stock
22910,PAPER CHAIN KIT VINTAGE CHRISTMAS,Reduce Inventory
20914,SET/5 RED SPOTTY LID GLASS BOWLS,Monitor Stock
21137,BLACK RECORD COVER FRAME,Monitor Stock
21843,RED RETROSPOT CAKE STAND,Monitor Stock
21733,RED HANGING HEART T-LIGHT HOLDER,Reduce Inventory
22112,CHOCOLATE HOT WATER BOTTLE,Reduce Inventory
84078A,SET/4 WHITE RETRO STORAGE CUBES ,Monitor Stock
22111,SCOTTIE DOG HOT WATER BOTTLE,Reduce Inventory
21929,JUMBO BAG PINK VINTAGE PAISLEY,Reduce Inventory
22197,SMALL POPCORN HOLDER,Monitor Stock
82484,WOOD BLACK BOARD ANT WHITE FINISH,Monitor Stock
22386,JUMBO BAG PINK WITH WHITE SPOTS,Reduce Inventory
21928,JUMBO BAG SCANDINAVIAN PAISLEY,Reduce Inventory
71477,COLOUR GLASS. STAR T-LIGHT HOLDER,Monitor Stock
22470,HEART OF WICKER LARGE,Reduce Inventory
21731,RED TOADSTOOL LED NIGHT LIGHT,Reduce Inventory
84029E,RED WOOLLY HOTTIE WHITE HEART.,Monitor Stock
37503,TEA TIME CAKE STAND IN GIFT BOX,Monitor Stock
84946,ANTIQUE SILVER TEA GLASS ETCHED,Reduce Inventory
82494L,WOODEN FRAME ANTIQUE WHITE ,Reduce Inventory
85099B,JUMBO BAG RED WHITE SPOTTY ,Reduce Inventory
22090,PAPER BUNTING RETRO SPOTS,Monitor Stock
48138,DOOR MAT UNION FLAG,Monitor Stock
21212,PACK OF 72 RETRO SPOT CAKE CASES,Reduce Inventory
20727,LUNCH BAG  BLACK SKULL.,Monitor Stock
21755,LOVE BUILDING BLOCK WORD,Reduce Inventory
21181,PLEASE ONE PERSON METAL SIGN,Reduce Inventory
22138,BAKING SET 9 PIECE RETROSPOT ,Monitor Stock
22139,RETRO SPOT TEA SET CERAMIC 11 PC ,Reduce Inventory
22083,PAPER CHAIN KIT RETRO SPOT,Monitor Stock
22328,ROUND SNACK BOXES SET OF 4 FRUITS ,Monitor Stock
20728,LUNCH BAG CARS BLUE,Monitor Stock
22188,BLACK HEART CARD HOLDER,Monitor Stock
22383,LUNCH BAG SUKI  DESIGN ,Reduce Inventory
82486,WOOD S/3 CABINET ANT WHITE FINISH,Reduce Inventory
20679,EDWARDIAN PARASOL RED,Monitor Stock
20726,LUNCH BAG WOODLAND,Monitor Stock
22457,NATURAL SLATE HEART CHALKBOARD ,Reduce Inventory
22326,ROUND SNACK BOXES SET OF4 WOODLAND ,Monitor Stock
AMAZONFEE,AMAZON FEE,Reorder Immediately
22178,VICTORIAN GLASS HANGING T-LIGHT,Monitor Stock
22379,RECYCLING BAG RETROSPOT ,Monitor Stock
72741,GRAND CHOCOLATECANDLE,Reduce Inventory
82482,WOODEN PICTURE FRAME WHITE FINISH,Reduce Inventory
22469,HEART OF WICKER SMALL,Reduce Inventory
22158,3 HEARTS HANGING DECORATION RUSTIC,Monitor Stock
21915,RED  HARMONICA IN BOX ,Monitor Stock
20713,JUMBO BAG OWLS,Reduce Inventory
22622,BOX OF VINTAGE ALPHABET BLOCKS,Monitor Stock
84991,60 TEATIME FAIRY CAKE CASES,Reduce Inventory
21622,VINTAGE UNION JACK CUSHION COVER,Monitor Stock
37449,CERAMIC CAKE STAND + HANGING CAKES,Monitor Stock
21166,COOK WITH WINE METAL SIGN ,Monitor Stock
47590B,PINK HAPPY BIRTHDAY BUNTING,Monitor Stock
84467,ENGLISH ROSE DESIGN QUILTED THROW,Monitor Stock
48138,DOORMAT UNION FLAG,Monitor Stock
21175,GIN + TONIC DIET METAL SIGN,Monitor Stock
84836,ZINC METAL HEART DECORATION,Reduce Inventory
48194,DOORMAT HEARTS,Monitor Stock
21231,SWEETHEART CERAMIC TRINKET BOX,Reduce Inventory
85066,CREAM SWEETHEART MINI CHEST,Monitor Stock
22734,SET OF 6 RIBBONS VINTAGE CHRISTMAS,Monitor Stock
21258,VICTORIAN SEWING BOX LARGE,Reduce Inventory
21843,RETRO SPOT CAKE STAND,Monitor Stock
22752,SET 7 BABUSHKA NESTING BOXES,Monitor Stock
71459,HANGING JAM JAR T-LIGHT HOLDER,Monitor Stock
21977,PACK OF 60 PINK PAISLEY CAKE CASES,Reduce Inventory
84406B,CREAM CUPID HEARTS COAT HANGER,Reduce Inventory
85152,HAND OVER THE CHOCOLATE   SIGN ,Reduce Inventory
22866,HAND WARMER SCOTTY DOG DESIGN,Reduce Inventory
20972,PINK CREAM FELT CRAFT TRINKET BOX ,Reduce Inventory
20712,JUMBO BAG WOODLAND ANIMALS,Monitor Stock
20685,DOOR MAT RED SPOT,Monitor Stock
84029G,KNITTED UNION FLAG HOT WATER BOTTLE,Reduce Inventory
84997D,PINK 3 PIECE MINI DOTS CUTLERY SET,Monitor Stock
22385,JUMBO BAG SPACEBOY DESIGN,Reduce Inventory
22865,HAND WARMER OWL DESIGN,Reduce Inventory
21481,FAWN BLUE HOT WATER BOTTLE,Monitor Stock
21314,SMALL GLASS HEART TRINKET POT,Monitor Stock
22867,HAND WARMER BIRD DESIGN,Reduce Inventory
85014B,RED/WHITE DOTS RUFFLED UMBRELLA,Monitor Stock
84997B,RED 3 PIECE MINI DOTS CUTLERY SET,Reduce Inventory
22585,PACK OF 6 BIRDY GIFT TAGS,Reduce Inventory
22382,LUNCH BAG SPACEBOY DESIGN ,Reduce Inventory
20711,JUMBO BAG TOYS ,Monitor Stock
35004C,SET OF 3 COLOURED  FLYING DUCKS,Monitor Stock
20971,PINK BLUE FELT CRAFT TRINKET BOX,Monitor Stock
22061,LARGE CAKE STAND  HANGING STRAWBERY,Monitor Stock
22077,6 RIBBONS RUSTIC CHARM,Reduce Inventory
84755,COLOUR GLASS T-LIGHT HOLDER HANGING,Monitor Stock
82483,WOOD 2 DRAWER CABINET WHITE FINISH,Reduce Inventory
47566B,TEA TIME PARTY BUNTING,Monitor Stock
21217,RED SPOTTY ROUND CAKE TINS,Reduce Inventory
15036,ASSORTED COLOURS SILK FAN,Monitor Stock
84997C,BLUE 3 PIECE MINI DOTS CUTLERY SET,Monitor Stock
22149,FELTCRAFT 6 FLOWER FRIENDS,Reduce Inventory
84970S,HANGING HEART ZINC T-LIGHT HOLDER,Reduce Inventory
22384,LUNCH BAG PINK RETROSPOT,Reduce Inventory
22294,HEART FILIGREE DOVE  SMALL,Reduce Inventory
47590A,BLUE HAPPY BIRTHDAY BUNTING,Monitor Stock
21479,WHITE SKULL HOT WATER BOTTLE ,Reduce Inventory
35400,WOODEN BOX ADVENT CALENDAR ,Reduce Inventory
21930,JUMBO STORAGE BAG SKULLS,Reduce Inventory
21527,RED RETROSPOT TRADITIONAL TEAPOT ,Monitor Stock
79323P,PINK CHERRY LIGHTS,Reduce Inventory
22087,PAPER BUNTING WHITE LACE,Reduce Inventory
20748,KENSINGTON COFFEE SET,Monitor Stock
22355,CHARLOTTE BAG SUKI DESIGN,Reduce Inventory
21791,VINTAGE HEADS AND TAILS CARD GAME ,Reduce Inventory
82600,NO SINGING METAL SIGN,Reduce Inventory
21213,PACK OF 72 SKULL CAKE CASES,Reduce Inventory
48187,DOOR MAT NEW ENGLAND,Monitor Stock
22444,GROW YOUR OWN PLANT IN A CAN ,Monitor Stock
21523,DOORMAT FANCY FONT HOME SWEET HOME,Monitor Stock
22629,SPACEBOY LUNCH BOX ,Reduce Inventory
22551,PLASTERS IN TIN SPACEBOY,Monitor Stock
22556,PLASTERS IN TIN CIRCUS PARADE ,Monitor Stock
22837,HOT WATER BOTTLE BABUSHKA ,Monitor Stock
22297,HEART IVORY TRELLIS SMALL,Reduce Inventory
22605,WOODEN CROQUET GARDEN SET,Monitor Stock
22507,MEMO BOARD RETROSPOT  DESIGN,Monitor Stock
72760B,VINTAGE CREAM 3 BASKET CAKE STAND,Monitor Stock
85014A,BLACK/BLUE DOTS RUFFLED UMBRELLA,Monitor Stock
22456,NATURAL SLATE CHALKBOARD LARGE ,Monitor Stock
22630,DOLLY GIRL LUNCH BOX,Monitor Stock
85042,ANTIQUE LILY FAIRY LIGHTS,Monitor Stock
79323W, WHITE CHERRY LIGHTS,Reduce Inventory
21080,SET/20 RED SPOTTY PAPER NAPKINS ,Reduce Inventory
84978,HANGING HEART JAR T-LIGHT HOLDER,Reduce Inventory
84949,SILVER HANGING T-LIGHT HOLDER,Reduce Inventory
15044A,PINK PAPER PARASOL ,Monitor Stock
21908,CHOCOLATE THIS WAY METAL SIGN,Monitor Stock
21485,RED SPOT HEART HOT WATER BOTTLE,Reduce Inventory
21164,HOME SWEET HOME METAL SIGN ,Monitor Stock
22624,IVORY KITCHEN SCALES,Reduce Inventory
21790,VINTAGE SNAP CARDS,Reduce Inventory
48185,DOOR MAT FAIRY CAKE,Monitor Stock
20719,WOODLAND CHARLOTTE BAG,Reduce Inventory
22501,PICNIC BASKET WICKER LARGE,Monitor Stock
84077,WORLD WAR 2 GLIDERS ASSTD DESIGNS,Monitor Stock
82583,HOT BATHS METAL SIGN,Reduce Inventory
22492,MINI PAINT SET VINTAGE ,Monitor Stock
85150,LADIES & GENTLEMEN METAL SIGN,Reduce Inventory
71053,WHITE METAL LANTERN,Reduce Inventory
22505,MEMO BOARD COTTAGE DESIGN,Monitor Stock
22296,HEART IVORY TRELLIS LARGE,Reduce Inventory
21218,RED SPOTTY BISCUIT TIN,Reduce Inventory
21210,SET OF 72 RETRO SPOT PAPER  DOILIES,Reduce Inventory
84970L,SINGLE HEART ZINC T-LIGHT HOLDER,Reduce Inventory
84992,72 SWEETHEART FAIRY CAKE CASES,Monitor Stock
85048,15CM CHRISTMAS GLASS BALL 20 LIGHTS,Reduce Inventory
22569,FELTCRAFT CUSHION BUTTERFLY,Monitor Stock
84050,PINK HEART SHAPE EGG FRYING PAN,Monitor Stock
48185,DOORMAT FAIRY CAKE,Monitor Stock
21524,DOOR MAT SPOTTY HOME SWEET HOME,Monitor Stock
22835,HOT WATER BOTTLE I AM SO POORLY,Reduce Inventory
48111,DOOR MAT 3 SMILEY CATS,Monitor Stock
22607,WOODEN ROUNDERS GARDEN SET ,Reduce Inventory
22236,CAKE STAND 3 TIER MAGIC GARDEN,Reduce Inventory
22171,3 HOOK PHOTO SHELF ANTIQUE WHITE,Monitor Stock
21484,CHICK GREY HOT WATER BOTTLE,Reduce Inventory
21174,POTTERING IN THE SHED METAL SIGN,Monitor Stock
22617,BAKING SET SPACEBOY DESIGN,Monitor Stock
22659,LUNCH BOX I LOVE LONDON,Monitor Stock
22084,PAPER CHAIN KIT EMPIRE,Monitor Stock
22570,FELTCRAFT CUSHION RABBIT,Monitor Stock
48194,DOOR MAT HEARTS,Monitor Stock
22606,WOODEN SKITTLES GARDEN SET,Monitor Stock
22113,GREY HEART HOT WATER BOTTLE,Reduce Inventory
20724,RED SPOTTY CHARLOTTE BAG,Reduce Inventory
20749,ASSORTED COLOUR MINI CASES,Reduce Inventory
22467,GUMBALL COAT RACK,Monitor Stock
22502,PICNIC BASKET WICKER SMALL,Reduce Inventory
22557,PLASTERS IN TIN VINTAGE PAISLEY ,Monitor Stock
22198,LARGE POPCORN HOLDER ,Monitor Stock
22561,WOODEN SCHOOL COLOURING SET,Reduce Inventory
22554,PLASTERS IN TIN WOODLAND ANIMALS,Monitor Stock
21136,PAINTED METAL PEARS ASSORTED,Reduce Inventory
85232B,SET/3 RUSSIAN DOLL STACKING TINS,Monitor Stock
84945,MULTI COLOUR SILVER T-LIGHT HOLDER,Monitor Stock
48184,DOOR MAT ENGLISH ROSE ,Monitor Stock
22625,RED KITCHEN SCALES,Reduce Inventory
22147,FELTCRAFT BUTTERFLY HEARTS,Monitor Stock
48187,DOORMAT NEW ENGLAND,Monitor Stock
21488,RED WHITE SCARF  HOT WATER BOTTLE,Monitor Stock
22635,CHILDS BREAKFAST SET DOLLY GIRL ,Monitor Stock
22169,FAMILY ALBUM WHITE PICTURE FRAME,Reduce Inventory
85099B,RED RETROSPOT JUMBO BAG ,Monitor Stock
22381,TOY TIDY PINK RETROSPOT  ,Reduce Inventory
22633,HAND WARMER UNION JACK,Reduce Inventory
22295,HEART FILIGREE DOVE LARGE,Reduce Inventory
22699,ROSES REGENCY TEACUP AND SAUCER ,Monitor Stock
21624,VINTAGE UNION JACK DOORSTOP,Monitor Stock
21704,BAG 250g SWIRLY MARBLES,Monitor Stock
21485,RETROSPOT HEART HOT WATER BOTTLE,Monitor Stock
21975,PACK OF 60 DINOSAUR CAKE CASES,Monitor Stock
20747,PICCADILLY TEA SET,Monitor Stock
21877,HOME SWEET HOME MUG,Monitor Stock
22271,FELTCRAFT DOLL ROSIE,Reduce Inventory
22499,WOODEN UNION JACK BUNTING,Reduce Inventory
21098,CHRISTMAS TOILET ROLL,Reduce Inventory
21777,RECIPE BOX WITH METAL HEART,Monitor Stock
22634,CHILDS BREAKFAST SET SPACEBOY ,Monitor Stock
22555,PLASTERS IN TIN STRONGMAN,Monitor Stock
21735,TWO DOOR CURIO CABINET,Monitor Stock
17003,BROCADE RING PURSE ,Monitor Stock
22424,ENAMEL BREAD BIN CREAM,Monitor Stock
22139,RETROSPOT TEA SET CERAMIC 11 PC ,Reduce Inventory
22413,METAL SIGN TAKE IT OR LEAVE IT ,Monitor Stock
84947,ANTIQUE SILVER TEA GLASS ENGRAVED,Reduce Inventory
22941,CHRISTMAS LIGHTS 10 REINDEER,Monitor Stock
22170,PICTURE FRAME WOOD TRIPLE PORTRAIT,Reduce Inventory
21094,SET/6 RED SPOTTY PAPER PLATES,Monitor Stock
21889,WOODEN BOX OF DOMINOES,Reduce Inventory
20718,RED SPOTTY SHOPPER BAG,Monitor Stock
22636,CHILDS BREAKFAST SET CIRCUS PARADE,Monitor Stock
84839,SWEETHEART KEY CABINET,Monitor Stock
21390,FILIGRIS HEART WITH BUTTERFLY,Reduce Inventory
22560,TRADITIONAL MODELLING CLAY,Reduce Inventory
21906,PHARMACIE FIRST AID TIN,Monitor Stock
22487,WHITE WOOD GARDEN PLANT LADDER,Reduce Inventory
22652,TRAVEL SEWING KIT,Monitor Stock
22568,FELTCRAFT CUSHION OWL,Reduce Inventory
22130,PARTY CONE CHRISTMAS DECORATION ,Monitor Stock
20685,DOORMAT RED RETROSPOT,Monitor Stock
21186,WHITE DOVE HONEYCOMB PAPER GARLAND,Reduce Inventory
79323LP,LIGHT PINK CHERRY LIGHTS,Monitor Stock
22632,HAND WARMER RED RETROSPOT,Reduce Inventory
21524,DOORMAT SPOTTY HOME SWEET HOME,Monitor Stock
48188,DOOR MAT WELCOME PUPPIES,Monitor Stock
22946,WOODEN ADVENT CALENDAR CREAM,Reduce Inventory
21533,RETRO SPOT LARGE MILK JUG,Reduce Inventory
21165,BEWARE OF THE CAT METAL SIGN ,Monitor Stock
22386,JUMBO BAG PINK POLKADOT,Monitor Stock
47567B,TEA TIME KITCHEN APRON,Monitor Stock
21429,RED GINGHAM ROSE JEWELLERY BOX,Monitor Stock
21380,WOODEN HAPPY BIRTHDAY GARLAND,Monitor Stock
22273,FELTCRAFT DOLL MOLLY,Monitor Stock
21982,PACK OF 12 SUKI TISSUES ,Monitor Stock
84880,WHITE WIRE EGG HOLDER,Monitor Stock
48111,DOORMAT 3 SMILEY CATS,Monitor Stock
22654,DELUXE SEWING KIT ,Monitor Stock
21523,DOOR MAT FANCY FONT HOME SWEET HOME,Monitor Stock
48188,DOORMAT WELCOME PUPPIES,Monitor Stock
22468,BABUSHKA LIGHTS STRING OF 10,Reduce Inventory
22697,GREEN REGENCY TEACUP AND SAUCER,Reduce Inventory
22666,RECIPE BOX PANTRY YELLOW DESIGN,Reduce Inventory
22064,PINK DOUGHNUT TRINKET POT ,Monitor Stock
85067,CREAM SWEETHEART WALL CABINET,Monitor Stock
15056P,EDWARDIAN PARASOL PINK,Monitor Stock
21868,POTTING SHED TEA MUG,Monitor Stock
22940,FELTCRAFT CHRISTMAS FAIRY,Monitor Stock
21340,CLASSIC METAL BIRDCAGE PLANT HOLDER,Monitor Stock
20723,STRAWBERRY CHARLOTTE BAG,Reduce Inventory
21260,FIRST AID TIN,Monitor Stock
20750,RED/WHITE DOT MINI CASES,Monitor Stock
22366,DOORMAT AIRMAIL ,Monitor Stock
22041,"RECORD FRAME 7"" SINGLE SIZE ",Monitor Stock
22173,METAL 4 HOOK HANGER FRENCH CHATEAU,Monitor Stock
21121,SET/10 RED SPOTTY PARTY CANDLES,Monitor Stock
21936,RED RETROSPOT PICNIC BAG,Reduce Inventory
20828,GLITTER BUTTERFLY CLIPS,Monitor Stock
21035,SET/2 RED SPOTTY TEA TOWELS ,Monitor Stock
21769,VINTAGE POST OFFICE CABINET,Monitor Stock
21527,RETRO SPOT TRADITIONAL TEAPOT ,Monitor Stock
47570B,TEA TIME TABLE CLOTH,Monitor Stock
21912,VINTAGE SNAKES & LADDERS,Monitor Stock
22207,FRYING PAN UNION FLAG,Monitor Stock
22275,WEEKEND BAG VINTAGE ROSE PAISLEY,Monitor Stock
21914,BLUE HARMONICA IN BOX ,Monitor Stock
22082,RIBBON REEL STRIPES DESIGN ,Reduce Inventory
21108,FAIRY CAKE FLANNEL ASSORTED COLOUR,Monitor Stock
22952,60 CAKE CASES VINTAGE CHRISTMAS,Monitor Stock
20685,DOORMAT RED SPOT,Monitor Stock
22179,SET 10 LIGHTS NIGHT OWL,Reduce Inventory
22909,SET OF 20 VINTAGE CHRISTMAS NAPKINS,Monitor Stock
37370,RETRO COFFEE MUGS ASSORTED,Monitor Stock
21672,WHITE SPOT RED CERAMIC DRAWER KNOB,Reduce Inventory
21212,PACK OF 72 RETROSPOT CAKE CASES,Monitor Stock
47556B,TEA TIME TEA TOWELS ,Monitor Stock
22464,HANGING METAL HEART LANTERN,Reduce Inventory
22528,GARDENERS KNEELING PAD,Reduce Inventory
22485,SET OF 2 WOODEN MARKET CRATES,Monitor Stock
20685,RED SPOTTY COIR DOORMAT,Monitor Stock
22812,PACK 3 BOXES CHRISTMAS PANNETONE,Reduce Inventory
21781,MA CAMPAGNE CUTLERY BOX,Monitor Stock
22150,3 STRIPEY MICE FELTCRAFT,Monitor Stock
21257,VICTORIAN SEWING BOX MEDIUM,Monitor Stock
85065,CREAM SWEETHEART TRAYS,Monitor Stock
21888,BINGO SET,Reduce Inventory
51008,AFGHAN SLIPPER SOCK PAIR,Monitor Stock
22649,STRAWBERRY FAIRY CAKE TEAPOT,Reduce Inventory
22584,PACK OF 6 PANNETONE GIFT BOXES,Monitor Stock
22646,CERAMIC STRAWBERRY CAKE MONEY BANK,Reduce Inventory
22380,TOY TIDY SPACEBOY  ,Monitor Stock
21673,WHITE SPOT BLUE CERAMIC DRAWER KNOB,Monitor Stock
22088,PAPER BUNTING COLOURED LACE,Monitor Stock
48184,DOORMAT ENGLISH ROSE ,Monitor Stock
22623,BOX OF VINTAGE JIGSAW BLOCKS ,Reduce Inventory
21559,STRAWBERRY LUNCH BOX WITH CUTLERY,Reduce Inventory
84987,SET OF 36 TEATIME PAPER DOILIES,Monitor Stock
22301,COFFEE MUG CAT + BIRD DESIGN,Reduce Inventory
21216,"SET 3 RED SPOT TIN TEA,COFFEE,SUGAR",Monitor Stock
21259,VICTORIAN SEWING BOX SMALL ,Reduce Inventory
21737,SET 3 WICKER LOG BASKETS,Monitor Stock
85064,CREAM SWEETHEART LETTER RACK,Monitor Stock
22121,NOEL WOODEN BLOCK LETTERS ,Monitor Stock
22694,WICKER STAR ,Reduce Inventory
22109,FULL ENGLISH BREAKFAST PLATE,Monitor Stock
22357,KINGS CHOICE BISCUIT TIN,Monitor Stock
72351B,SET/6 PINK  BUTTERFLY T-LIGHTS,Monitor Stock
21871,SAVE THE PLANET MUG,Monitor Stock
22727,ALARM CLOCK BAKELIKE RED ,Monitor Stock
21937,STRAWBERRY   PICNIC BAG,Monitor Stock
20829,GLITTER HANGING BUTTERFLY STRING,Monitor Stock
22759,SET OF 3 NOTEBOOKS IN PARCEL,Reduce Inventory
21974,SET OF 36 PAISLEY FLOWER DOILIES,Monitor Stock
48173C,DOOR MAT BLACK FLOCK ,Monitor Stock
21169,YOU'RE CONFUSING ME METAL SIGN ,Monitor Stock
84375,SET OF 20 KIDS COOKIE CUTTERS,Reduce Inventory
48116,DOOR MAT MULTICOLOUR STRIPE,Monitor Stock
48129,DOORMAT TOPIARY,Monitor Stock
21935,SUKI  SHOULDER BAG,Monitor Stock
84378,SET OF 3 HEART COOKIE CUTTERS,Reduce Inventory
84212,"ASSORTED FLOWER COLOUR ""LEIS""",Monitor Stock
35961,FOLKART ZINC HEART CHRISTMAS DEC,Monitor Stock
22365,DOORMAT RESPECTABLE HOUSE,Monitor Stock
22274,FELTCRAFT DOLL EMILY,Monitor Stock
21890,S/6 WOODEN SKITTLES IN COTTON BAG,Monitor Stock
84997A,GREEN 3 PIECE MINI DOTS CUTLERY SET,Reduce Inventory
21770,OPEN CLOSED METAL SIGN,Monitor Stock
21122,SET/10 PINK SPOTTY PARTY CANDLES,Monitor Stock
21669,BLUE STRIPE CERAMIC DRAWER KNOB,Reduce Inventory
85220,SMALL FAIRY CAKE FRIDGE MAGNETS,Reorder Immediately
47502,POLKADOT CUTLERY 24 PCS IN TRAY,Monitor Stock
22627,MINT KITCHEN SCALES,Reduce Inventory
22427,ENAMEL FLOWER JUG CREAM,Monitor Stock
21428,SET3 BOOK BOX GREEN GINGHAM FLOWER ,Monitor Stock
22558,CLOTHES PEGS RETROSPOT PACK 24 ,Reduce Inventory
21768,WALL MOUNTED VINTAGE ORGANISER,Monitor Stock
62018,SOMBRERO ,Monitor Stock
22352,LUNCH BOX WITH CUTLERY RETROSPOT ,Reduce Inventory
21156,RETROSPOT CHILDRENS APRON,Monitor Stock
47599A,PINK PARTY BAGS,Monitor Stock
22417,PACK OF 60 SPACEBOY CAKE CASES,Reduce Inventory
22300,COFFEE MUG DOG + BALL DESIGN,Reduce Inventory
48129,DOOR MAT TOPIARY,Monitor Stock
85014D,PINK/BROWN DOTS RUFFLED UMBRELLA,Monitor Stock
85068,CREAM SWEETHEART SHELF + HOOKS,Monitor Stock
85047,WHITE BEADED GARLAND STRING 20LIGHT,Reduce Inventory
C2,CARRIAGE,Reduce Inventory
21833,CAMOUFLAGE LED TORCH,Monitor Stock
21430,SET/3 RED GINGHAM ROSE STORAGE BOX,Reduce Inventory
82582,AREA PATROLLED METAL SIGN,Reduce Inventory
ADJUST,Adjustment by john on 26/01/2010 17,Monitor Stock
79000,MOROCCAN TEA GLASS,Reduce Inventory
22698,PINK REGENCY TEACUP AND SAUCER,Monitor Stock
22618,COOKING SET RETROSPOT,Monitor Stock
22749,FELTCRAFT PRINCESS CHARLOTTE DOLL,Monitor Stock
22726,ALARM CLOCK BAKELIKE GREEN,Reduce Inventory
21668,RED STRIPE CERAMIC DRAWER KNOB,Reduce Inventory
21535,RED RETROSPOT SMALL MILK JUG,Reduce Inventory
22580,ADVENT CALENDAR GINGHAM SACK,Reduce Inventory
22215,CAKE STAND WHITE TWO TIER LACE,Reduce Inventory
84988,SET OF 72 PINK HEART PAPER DOILIES,Reduce Inventory
21671,RED SPOT CERAMIC DRAWER KNOB,Reduce Inventory
20725,LUNCH BAG RED RETROSPOT,Monitor Stock
22303,COFFEE MUG APPLES DESIGN,Reduce Inventory
75049L,LARGE CIRCULAR MIRROR MOBILE,Monitor Stock
47591D,PINK FAIRY CAKE CHILD'S APRON,Reduce Inventory
10002,INFLATABLE POLITICAL GLOBE ,Monitor Stock
22804,CANDLEHOLDER PINK HANGING HEART,Monitor Stock
22488,NATURAL SLATE RECTANGLE CHALKBOARD,Reduce Inventory
21985,PACK OF 12 HEARTS DESIGN TISSUES ,Monitor Stock
84792,ENCHANTED BIRD COATHANGER 5 HOOK,Monitor Stock
22553,PLASTERS IN TIN SKULLS,Monitor Stock
20754,RETRO RED SPOTTY WASHING UP GLOVES,Monitor Stock
22619,SET OF 6 SOLDIER SKITTLES,Monitor Stock
20914,SET/5 RED RETROSPOT LID GLASS BOWLS,Monitor Stock
48173C,DOORMAT BLACK FLOCK ,Monitor Stock
84380,SET OF 3 BUTTERFLY COOKIE CUTTERS,Reduce Inventory
21361,LOVE LARGE WOOD LETTERS ,Reduce Inventory
21870,I CAN ONLY PLEASE ONE PERSON MUG,Reduce Inventory
21172,PARTY METAL SIGN ,Reduce Inventory
22131,FOOD CONTAINER SET 3 LOVE HEART ,Monitor Stock
21670,BLUE SPOT CERAMIC DRAWER KNOB,Reduce Inventory
21667,GLASS CAKE COVER AND PLATE,Reduce Inventory
22055,MINI CAKE STAND  HANGING STRAWBERY,Reduce Inventory
21086,SET/6 RED SPOTTY PAPER CUPS,Monitor Stock
22083,PAPER CHAIN KIT RETROSPOT,Monitor Stock
21892,TRADITIONAL WOODEN CATCH CUP GAME ,Monitor Stock
22943,CHRISTMAS LIGHTS 10 VINTAGE BAUBLES,Monitor Stock
84032A,CHARLIE+LOLA PINK HOT WATER BOTTLE,Monitor Stock
21844,RED RETROSPOT MUG,Monitor Stock
21385,IVORY HANGING DECORATION  HEART,Reduce Inventory
21907,I'M ON HOLIDAY METAL SIGN,Reduce Inventory
22358,KINGS CHOICE TEA CADDY ,Monitor Stock
21980,PACK OF 12 RED SPOTTY TISSUES ,Monitor Stock
22690,DOORMAT HOME SWEET HOME BLUE ,Monitor Stock
21124,SET/10 BLUE SPOTTY PARTY CANDLES,Monitor Stock
21984,PACK OF 12 PINK PAISLEY TISSUES ,Monitor Stock
22348,TEA BAG PLATE RED SPOTTY ,Reduce Inventory
22283,6 EGG HOUSE PAINTED WOOD,Monitor Stock
22089,PAPER BUNTING VINTAGE PAISLEY,Monitor Stock
79067,CORONA MEXICAN TRAY,Reduce Inventory
84520B,PACK 20 ENGLISH ROSE PAPER NAPKINS,Monitor Stock
79323W,WHITE CHERRY LIGHTS,Monitor Stock
21745,GAOLERS KEYS DECORATIVE GARDEN ,Monitor Stock
84032B,CHARLIE + LOLA RED HOT WATER BOTTLE,Monitor Stock
22327,ROUND SNACK BOXES SET OF 4 SKULLS,Monitor Stock
22329,ROUND CONTAINER SET OF 5 RETROSPOT,Monitor Stock
21658,GLASS  BEURRE DISH,Reduce Inventory
21955,DOORMAT UNION JACK GUNS AND ROSES,Monitor Stock
22588,CARD HOLDER GINGHAM HEART,Reduce Inventory
35970,ZINC FOLKART SLEIGH BELLS,Monitor Stock
20676,RED SPOTTY BOWL,Reduce Inventory
22645,CERAMIC HEART FAIRY CAKE MONEY BANK,Reduce Inventory
21114,LAVENDER SCENTED FABRIC HEART,Reduce Inventory
22221,CAKE STAND LOVEBIRD 2 TIER PINK,Monitor Stock
21716,BOYS VINTAGE TIN SEASIDE BUCKET,Monitor Stock
84968B,S/16 VINTAGE IVORY CUTLERY,Monitor Stock
22656,VINTAGE BLUE KITCHEN CABINET,Monitor Stock
22575,METAL MERRY CHRISTMAS WREATH,Monitor Stock
22078,RIBBON REEL LACE DESIGN ,Monitor Stock
22195,LARGE HEART MEASURING SPOONS,Reduce Inventory
22834,HAND WARMER BABUSHKA DESIGN,Reduce Inventory
21749,LARGE RED SPOT WINDMILL,Monitor Stock
21981,PACK OF 12 WOODLAND TISSUES ,Monitor Stock
21411,GINGHAM HEART  DOORSTOP RED,Monitor Stock
21242,RED SPOTTY PLATE ,Monitor Stock
22900, SET 2 TEA TOWELS I LOVE LONDON ,Monitor Stock
72807C,SET/3 VANILLA SCENTED CANDLE IN BOX,Monitor Stock
21875,KINGS CHOICE MUG,Monitor Stock
22748,POPPY'S PLAYHOUSE KITCHEN,Monitor Stock
21715,GIRLS VINTAGE TIN SEASIDE BUCKET,Monitor Stock
21955,DOOR MAT UNION JACK GUNS AND ROSES,Monitor Stock
16014,SMALL CHINESE STYLE SCISSOR,Monitor Stock
21381,MINI WOODEN HAPPY BIRTHDAY GARLAND,Monitor Stock
22904,CALENDAR PAPER CUT DESIGN,Monitor Stock
79029,GLASS HONEYPOT WASP CATCHER,Monitor Stock
21135,VICTORIAN  METAL POSTCARD SPRING,Reduce Inventory
22942,CHRISTMAS LIGHTS 10 SANTAS ,Monitor Stock
21432,SET OF 3 CASES WOODLAND DESIGN,Monitor Stock
85063,CREAM SWEETHEART MAGAZINE RACK,Reduce Inventory
84937,KASHMIR FOLKART TUMBLERS,Monitor Stock
21033,JUMBO BAG CHARLIE AND LOLA TOYS,Monitor Stock
20970,PINK FLORAL FELTCRAFT SHOULDER BAG,Monitor Stock
22151,PLACE SETTING WHITE HEART,Reduce Inventory
22219,LOVEBIRD HANGING DECORATION WHITE ,Monitor Stock
22333,RETRO SPORT PARTY BAG + STICKER SET,Monitor Stock
21491,SET OF THREE VINTAGE GIFT WRAPS,Monitor Stock
22218,CAKE STAND LACE WHITE,Monitor Stock
22302,COFFEE MUG PEARS  DESIGN,Monitor Stock
35832,WOOLLY HAT SOCK GLOVE ADVENT STRING,Reduce Inventory
22085,PAPER CHAIN KIT SKULLS ,Monitor Stock
22745,POPPY'S PLAYHOUSE BEDROOM ,Monitor Stock
22662,LUNCH BAG DOLLY GIRL DESIGN,Monitor Stock
47591D,PINK FAIRY CAKE CHILDRENS APRON,Monitor Stock
21155,RED SPOTTY PEG BAG,Monitor Stock
20975,12 PENCILS SMALL TUBE RED SPOTTY,Monitor Stock
72756,FAIRY CAKE CANDLES,Monitor Stock
22595,CHRISTMAS GINGHAM HEART,Reduce Inventory
22508,DOORSTOP RETROSPOT HEART,Reduce Inventory
21756,BATH BUILDING BLOCK WORD,Reduce Inventory
21891,TRADITIONAL WOODEN SKIPPING ROPE,Reduce Inventory
22466,FAIRY TALE COTTAGE NIGHTLIGHT,Monitor Stock
84692,BOX OF 24 COCKTAIL PARASOLS,Reduce Inventory
22079,RIBBON REEL HEARTS DESIGN ,Reduce Inventory
22418,10 COLOUR SPACEBOY PEN,Reduce Inventory
22549,PICTURE DOMINOES,Reduce Inventory
22631,CIRCUS PARADE LUNCH BOX ,Monitor Stock
22180,RETRO SPOT LAMP,Reduce Inventory
22120,WELCOME  WOODEN BLOCK LETTERS,Reduce Inventory
84568,GIRLS ALPHABET IRON ON PATCHES ,Monitor Stock
22212,FOUR HOOK  WHITE LOVEBIRDS,Monitor Stock
21498,RED SPOTS  WRAP ,Reduce Inventory
11001,ASSTD DESIGN RACING CAR PEN,Monitor Stock
84884A,ANT WHITE WIRE HEART SPIRAL,Monitor Stock
20969,RED FLORAL FELTCRAFT SHOULDER BAG,Monitor Stock
22220,CAKE STAND LOVEBIRD 2 TIER WHITE,Monitor Stock
21976,PACK OF 60 MUSHROOM CAKE CASES,Monitor Stock
22282,12 EGG HOUSE PAINTED WOOD,Monitor Stock
21326,AGED GLASS SILVER T-LIGHT HOLDER,Reduce Inventory
22063,CERAMIC BOWL WITH STRAWBERRY DESIGN,Monitor Stock
22655,VINTAGE RED KITCHEN CABINET,Monitor Stock
22592,CARDHOLDER HOLLY WREATH METAL,Monitor Stock
22174,PHOTO CUBE,Monitor Stock
21587,COSY HOUR GIANT TUBE MATCHES,Reduce Inventory
22526,WHEELBARROW FOR CHILDREN ,Monitor Stock
37450,CERAMIC CAKE BOWL + HANGING CAKES,Reduce Inventory
47568,ENGLISH ROSE DESIGN PEG BAG,Monitor Stock
82552,WASHROOM METAL SIGN,Monitor Stock
85049E,SCANDINAVIAN REDS RIBBONS,Reduce Inventory
72351A,SET/6 TURQUOISE BUTTERFLY T-LIGHTS,Monitor Stock
22243,"HOOK, 5 HANGER ,MAGIC TOADSTOOL RED",Monitor Stock
22341,LOVE GARLAND PAINTED ZINC ,Monitor Stock
82001S,VINYL RECORD FRAME SILVER,Monitor Stock
22199,FRYING PAN RED POLKADOT ,Monitor Stock
21115,ROSE CARAVAN DOORSTOP,Monitor Stock
21539,RED RETROSPOT BUTTER DISH,Reduce Inventory
22632,HAND WARMER RED POLKA DOT,Monitor Stock
22332,SKULLS PARTY BAG + STICKER SET,Monitor Stock
22224,WHITE LOVEBIRD LANTERN,Monitor Stock
21700,BIG DOUGHNUT FRIDGE MAGNETS,Monitor Stock
84270,ASSTD DESIGN BUBBLE GUM RING,Monitor Stock
22498,WOODEN REGATTA BUNTING,Monitor Stock
22242,"HOOK, 5 HANGER , MAGIC TOADSTOOL",Reduce Inventory
20682,RED SPOTTY CHILDS UMBRELLA,Reduce Inventory
22740,POLKADOT PEN,Monitor Stock
22616,PACK OF 12 LONDON TISSUES ,Monitor Stock
22637,PIGGY BANK RETROSPOT ,Monitor Stock
84997D,PINK 3 PIECE POLKADOT CUTLERY SET,Monitor Stock
22377,BOTTLE BAG RETROSPOT ,Monitor Stock
15060B,FAIRY CAKE DESIGN UMBRELLA,Monitor Stock
85014B,RED RETROSPOT UMBRELLA,Monitor Stock
37448,CERAMIC CAKE DESIGN SPOTTED MUG,Reduce Inventory
48197,DOOR MAT BIRD ON THE WIRE,Monitor Stock
22945,CHRISTMAS METAL TAGS ASSORTED ,Monitor Stock
21156,RED SPOTTY CHILDS APRON,Monitor Stock
22665,RECIPE BOX BLUE SKETCHBOOK DESIGN,Monitor Stock
21243,PINK  SPOTTY PLATE ,Monitor Stock
21042,RED SPOTTY APRON ,Monitor Stock
48116,DOORMAT MULTICOLOUR STRIPE,Monitor Stock
48189,DOORMAT FRIENDSHIP ,Monitor Stock
22060,LARGE CAKE STAND HANGING HEARTS,Monitor Stock
21558,SKULL LUNCH BOX WITH CUTLERY ,Reduce Inventory
22776,SWEETHEART CAKESTAND 3 TIER,Monitor Stock
21407,BROWN CHECK CAT DOORSTOP ,Reduce Inventory
21989,PACK OF 20 SKULL PAPER NAPKINS,Monitor Stock
85174,S/4 CACTI CANDLES,Monitor Stock
21107,CREAM SLICE FLANNEL PINK SPOT ,Monitor Stock
22429,ENAMEL MEASURING JUG CREAM,Monitor Stock
85184D,S/4 BLUE ROUND DECOUPAGE BOXES,Monitor Stock
22750,FELTCRAFT PRINCESS LOLA DOLL,Monitor Stock
22620,4 TRADITIONAL SPINNING TOPS,Reduce Inventory
22364,GLASS JAR DIGESTIVE BISCUITS,Monitor Stock
22738,RIBBON REEL SNOWY VILLAGE,Monitor Stock
22165,"DIAMANTE HEART SHAPED WALL MIRROR, ",Monitor Stock
21903,MAN FLU METAL SIGN,Monitor Stock
37500,TEA TIME TEAPOT IN GIFT BOX,Monitor Stock
85049A,TRADITIONAL CHRISTMAS RIBBONS,Reduce Inventory
85175,CACTI T-LIGHT CANDLES,Reduce Inventory
22692,DOORMAT WELCOME TO OUR HOME,Monitor Stock
22663,JUMBO BAG DOLLY GIRL DESIGN,Reduce Inventory
21586,KINGS CHOICE GIANT TUBE MATCHES,Monitor Stock
82599,FANNY'S REST STOPMETAL SIGN,Reduce Inventory
22360,GLASS JAR ENGLISH CONFECTIONERY,Monitor Stock
79341,WILLOW BRANCH LIGHTS.,Monitor Stock
22414,DOORMAT NEIGHBOURHOOD WITCH ,Monitor Stock
22644,CERAMIC CHERRY CAKE MONEY BANK,Reduce Inventory
22367,CHILDS APRON SPACEBOY DESIGN,Reduce Inventory
22073,RED RETROSPOT STORAGE JAR,Reduce Inventory
22947,WOODEN ADVENT CALENDAR RED,Monitor Stock
21614,SET OF 12 ROSE BOTANICAL T-LIGHTS,Monitor Stock
21535,RETRO SPOT SMALL MILK JUG,Monitor Stock
21523,FANCY FONT HOME SWEET HOME DOORMAT,Monitor Stock
22465,HANGING METAL STAR LANTERN,Reduce Inventory
20974,12 PENCILS SMALL TUBE SKULL,Monitor Stock
20677,PINK SPOTTY BOWL,Reduce Inventory
22168,ORGANISER WOOD ANTIQUE WHITE ,Monitor Stock
21844,RETRO SPOT MUG,Monitor Stock
21922,UNION STRIPE WITH FRINGE  HAMMOCK,Reduce Inventory
21625,VINTAGE UNION JACK APRON,Monitor Stock
22110,BIRD HOUSE HOT WATER BOTTLE,Monitor Stock
21153,RED SPOTTY TABLECLOTH ,Monitor Stock
21874,GIN AND TONIC MUG,Monitor Stock
20717,STRAWBERRY SHOPPER BAG,Monitor Stock
16156S,WRAP PINK FAIRY CAKES ,Monitor Stock
22669,RED BABY BUNTING ,Reduce Inventory
22276,WASH BAG VINTAGE ROSE PAISLEY,Monitor Stock
22668,PINK BABY BUNTING,Reduce Inventory
21531,RED RETROSPOT SUGAR JAM BOWL,Monitor Stock
20979,36 PENCILS TUBE RED SPOTTY,Reduce Inventory
21832,CHOCOLATE CALCULATOR,Monitor Stock
21217,RED RETROSPOT ROUND CAKE TINS,Monitor Stock
85232B,SET OF 3 BABUSHKA STACKING TINS,Monitor Stock
21933,PINK VINTAGE PAISLEY PICNIC BAG,Monitor Stock
22890,NOVELTY BISCUITS CAKE STAND 3 TIER,Monitor Stock
21474,SWEETHEART CREAM STEEL FOLDIN BENCH,Reduce Inventory
22728,ALARM CLOCK BAKELIKE PINK,Monitor Stock
37495,FAIRY CAKE BIRTHDAY CANDLE SET,Reduce Inventory
22353,LUNCH BOX WITH CUTLERY FAIRY CAKES ,Reduce Inventory
21528,DAIRY MAID TRADITIONAL TEAPOT ,Monitor Stock
21577,SAVE THE PLANET COTTON TOTE BAG,Monitor Stock
21463,MIRRORED DISCO BALL ,Reduce Inventory
22443,GROW YOUR OWN HERBS SET OF 3,Monitor Stock
21539,RETRO SPOTS BUTTER DISH,Monitor Stock
21590,KINGS CHOICE CIGAR BOX MATCHES ,Monitor Stock
22367,CHILDRENS APRON SPACEBOY DESIGN,Monitor Stock
21591,COSY HOUR CIGAR BOX MATCHES ,Monitor Stock
21563,RED HEART SHAPE LOVE BUCKET ,Monitor Stock
22371,AIRLINE BAG VINTAGE TOKYO 78,Reduce Inventory
22968,ROSE COTTAGE KEEPSAKE BOX ,Monitor Stock
22192,BLUE DINER WALL CLOCK,Monitor Stock
22809,SET OF 6 T-LIGHTS SANTA,Reduce Inventory
22730,ALARM CLOCK BAKELIKE IVORY,Monitor Stock
85062,PEARL CRYSTAL PUMPKIN T-LIGHT HLDR,Monitor Stock
82580,BATHROOM METAL SIGN,Reduce Inventory
20751,FUNKY WASHING UP GLOVES ASSORTED,Reduce Inventory
21363,HOME SMALL WOOD LETTERS,Reduce Inventory
22203,MILK PAN RED RETROSPOT,Monitor Stock
84971S,SMALL HEART FLOWERS HOOK ,Monitor Stock
21116,OWL DOORSTOP,Monitor Stock
22335,HEART DECORATION PAINTED ZINC ,Reduce Inventory
22185,SLATE TILE NATURAL HANGING,Reduce Inventory
22567,20 DOLLY PEGS RETROSPOT,Monitor Stock
22810,SET OF 6 T-LIGHTS SNOWMEN,Reduce Inventory
21110,LARGE CAKE TOWEL PINK SPOTS,Reduce Inventory
84997C,BLUE 3 PIECE POLKADOT CUTLERY SET,Monitor Stock
21238,RED SPOTTY CUP,Reduce Inventory
47599B,BLUE PARTY BAGS ,Monitor Stock
35004B,SET OF 3 BLACK FLYING DUCKS,Monitor Stock
21955,UNION JACK GUNS & ROSES  DOORMAT,Monitor Stock
21988,PACK OF 6 SKULL PAPER PLATES,Monitor Stock
22612,TEA COSY VINTAGE UNION JACK,Monitor Stock
22354,RETROSPOT PADDED SEAT CUSHION,Monitor Stock
22193,RED DINER WALL CLOCK,Monitor Stock
22244,"HOOK, 3 HANGER ,MAGIC GARDEN",Reduce Inventory
21524,SPOTTY  HOME SWEET HOME DOORMAT,Monitor Stock
21349,IVY HEART WREATH,Monitor Stock
22833,HALL CABINET WITH 3 DRAWERS,Monitor Stock
22356,CHARLOTTE BAG PINK WITH WHITE SPOTS,Monitor Stock
22125,UNION JACK HOT WATER BOTTLE ,Monitor Stock
21207,SKULL AND CROSSBONES  GARLAND ,Monitor Stock
21911,GARDEN METAL SIGN ,Monitor Stock
21934,SKULL SHOULDER BAG,Reduce Inventory
22790,"MIRROR, ARCHED GEORGIAN",Reorder Immediately
47559B,TEA TIME OVEN GLOVE,Reduce Inventory
85038,6 CHOCOLATE LOVE HEART T-LIGHTS,Reduce Inventory
21181,PLEASE ONE PERSON  METAL SIGN,Monitor Stock
22187,GREEN CHRISTMAS TREE CARD HOLDER,Monitor Stock
21244,BLUE  SPOTTY PLATE ,Monitor Stock
21071,VINTAGE BILLBOARD DRINK ME MUG,Monitor Stock
22847,BREAD BIN DINER STYLE IVORY,Reduce Inventory
84598,BOYS ALPHABET IRON ON PATCHES,Monitor Stock
22355,"CHARLOTTE BAG , SUKI DESIGN",Reduce Inventory
22621,TRADITIONAL KNITTING NANCY,Reduce Inventory
22628,PICNIC BOXES SET OF 3 RETROSPOT ,Monitor Stock
84016,FLAG OF ST GEORGE CAR FLAG,Monitor Stock
21154,RED SPOTTY OVEN GLOVE ,Monitor Stock
21143,ANTIQUE GLASS HEART DECORATION ,Monitor Stock
22072,RED RETROSPOT TEA CUP AND SAUCER ,Reduce Inventory
22950,36 DOILIES VINTAGE CHRISTMAS,Monitor Stock
22115,METAL SIGN EMPIRE TEA,Monitor Stock
21872,GLAMOROUS  MUG,Monitor Stock
22356,"CHARLOTTE BAG , PINK/WHITE SPOTS",Monitor Stock
21795,SET OF 3 BLUE STRIPE BASKET,Monitor Stock
22582,PACK OF 6 SWEETIE GIFT BOXES,Monitor Stock
21041,RED SPOTTY OVEN GLOVE DOUBLE,Monitor Stock
21730,GLASS STAR FROSTED T-LIGHT HOLDER,Reduce Inventory
22830,UTILTY CABINET WITH HOOKS,Monitor Stock
15044B,BLUE PAPER PARASOL ,Monitor Stock
20973,12 PENCIL SMALL TUBE WOODLAND,Monitor Stock
22472,TV DINNER TRAY DOLLY GIRL,Monitor Stock
20750, RED/WHITE DOT MINI CASES,Monitor Stock
85132A,CHARLIE + LOLA BISCUITS TINS,Monitor Stock
20692,FLORAL ELEPHANT SOFT TOY,Monitor Stock
22127,PARTY CONES CARNIVAL ASSORTED,Monitor Stock
22969,HOMEMADE JAM SCENTED CANDLES,Monitor Stock
21078,SET/20 STRAWBERRY PAPER NAPKINS ,Reduce Inventory
22080,RIBBON REEL SPOTS DESIGN ,Monitor Stock
21592,RETRO SPOT  CIGAR BOX MATCHES ,Monitor Stock
21100,CHARLIE AND LOLA CHARLOTTE BAG,Monitor Stock
21486,PINK HEART DOTS HOT WATER BOTTLE,Monitor Stock
21472,LADYBIRD + BEE RAFFIA FOOD COVER,Monitor Stock
85061W,WHITE JEWELLED HEART DECORATION,Monitor Stock
22534,MAGIC DRAWING SLATE SPACEBOY ,Reduce Inventory
22563,HAPPY STENCIL CRAFT,Monitor Stock
22029,SPACEBOY BIRTHDAY CARD,Reduce Inventory
82551,LAUNDRY 15C METAL SIGN,Reduce Inventory
22550,HOLIDAY FUN LUDO,Monitor Stock
85040B,SET/4 BLUE FLOWER CANDLES IN BOWL,Monitor Stock
21497,FANCY FONTS BIRTHDAY WRAP,Monitor Stock
22441,GROW YOUR OWN BASIL IN ENAMEL MUG,Reduce Inventory
22353,LUNCHBOX WITH CUTLERY FAIRY CAKES ,Monitor Stock
22442,GROW YOUR OWN FLOWERS SET OF 3,Monitor Stock
22746,POPPY'S PLAYHOUSE LIVINGROOM ,Monitor Stock
21787,RAIN PONCHO WITH RED SPOTS,Monitor Stock
22430,ENAMEL WATERING CAN CREAM,Monitor Stock
84997B,RED 3 PIECE RETROSPOT CUTLERY SET,Monitor Stock
22278,OVERNIGHT BAG VINTAGE ROSE PAISLEY,Monitor Stock
22186,RED STAR CARD HOLDER,Reduce Inventory
20784,RED RETRO BAR STOOL,Monitor Stock
21201,TROPICAL  HONEYCOMB PAPER GARLAND ,Monitor Stock
22318,FIVE HEART HANGING DECORATION,Reduce Inventory
72802C,VANILLA SCENT CANDLE JEWELLED BOX,Monitor Stock
20724,RED RETROSPOT CHARLOTTE BAG,Monitor Stock
22504,CABIN BAG VINTAGE RETROSPOT,Monitor Stock
21932,SCANDINAVIAN PAISLEY PICNIC BAG,Monitor Stock
22489,PACK OF 12 TRADITIONAL CRAYONS,Reduce Inventory
20786,BLACK RETRO BAR STOOL,Monitor Stock
47505,MINATURE COLOURED GARDENING SET,Reduce Inventory
84832,ZINC WILLIE WINKIE  CANDLE STICK,Reduce Inventory
22765,NEWSPAPER STAND,Monitor Stock
37446,MINI CAKE STAND WITH HANGING CAKES,Monitor Stock
22196,SMALL HEART MEASURING SPOONS,Reduce Inventory
21992,VINTAGE PAISLEY STATIONERY SET,Monitor Stock
22602,CHRISTMAS RETROSPOT HEART WOOD,Reduce Inventory
22156,HEART DECORATION WITH PEARLS ,Reduce Inventory
22311,OFFICE MUG WARMER BLACK+SILVER ,Monitor Stock
22361,GLASS JAR DAISY FRESH COTTON WOOL,Monitor Stock
22352,LUNCHBOX WITH CUTLERY RETROSPOT ,Monitor Stock
20966,SANDWICH BATH SPONGE,Monitor Stock
40016,CHINESE DRAGON PAPER LANTERNS,Monitor Stock
20675,BLUE SPOTTY BOWL,Monitor Stock
21559,STRAWBERRY LUNCHBOX WITH CUTLERY,Monitor Stock
22172,METAL SHELF WITH RAIL ,Monitor Stock
22304,COFFEE MUG BLUE PAISLEY DESIGN,Monitor Stock
22399,MAGNETS PACK OF 4 CHILDHOOD MEMORY,Monitor Stock
22583,PACK OF 6 HANDBAG GIFT BOXES,Monitor Stock
21578,WOODLAND DESIGN  COTTON TOTE BAG,Reduce Inventory
21544,SKULLS  WATER TRANSFER TATTOOS ,Monitor Stock
22769,CHALKBOARD KITCHEN ORGANISER,Monitor Stock
21900,"KEY FOB , SHED",Monitor Stock
48189,DOOR MAT FRIENDSHIP ,Reduce Inventory
22906,12 MESSAGE CARDS WITH ENVELOPES,Monitor Stock
21452,TOADSTOOL MONEY BOX,Reduce Inventory
84472,PINK AND LILAC QUILTED THROW ,Monitor Stock
22059,CERAMIC STRWBERRY DESIGN MUG,Monitor Stock
85178,VICTORIAN SEWING KIT,Monitor Stock
22737,RIBBON REEL CHRISTMAS PRESENT ,Monitor Stock
44230,SQUARE MIRROR CURTAIN,Monitor Stock
22763,KEY CABINET MA CAMPAGNE,Monitor Stock
22838,3 TIER CAKE TIN RED AND CREAM,Monitor Stock
22359,GLASS JAR KINGS CHOICE,Monitor Stock
21067,VINTAGE RED TEATIME MUG,Monitor Stock
84508A,CAMOFLAGE DESIGN TEDDY,Monitor Stock
22057,CERAMIC PLATE STRAWBERRY DESIGN,Monitor Stock
22366,DOOR MAT AIRMAIL ,Monitor Stock
22272,FELTCRAFT DOLL MARIA,Monitor Stock
21713,CITRONELLA CANDLE FLOWERPOT,Monitor Stock
84797A,PINK HAWAIIAN PICNIC HAMPER FOR 4,Monitor Stock
84968D,S/16 VINTAGE RED CUTLERY,Monitor Stock
22432,WATERING CAN PINK BUNNY,Monitor Stock
22766,PHOTO FRAME CORNICE,Monitor Stock
22144,CHRISTMAS CRAFT LITTLE FRIENDS,Monitor Stock
22167,"WALL MIRROR , DIAMANTE OVAL SHAPE",Monitor Stock
21355,TOAST ITS - I LOVE YOU ,Monitor Stock
21056,DOCTOR'S BAG SOFT TOY,Monitor Stock
21743,STAR PORTABLE TABLE LIGHT ,Monitor Stock
37447,CERAMIC CAKE DESIGN SPOTTED PLATE,Reduce Inventory
20681,PINK SPOTTY CHILDS UMBRELLA,Monitor Stock
20967,GREY FLORAL FELTCRAFT SHOULDER BAG,Reduce Inventory
22122,SET OF 2 FANCY FONT TEA TOWELS,Monitor Stock
37410,BLACK AND WHITE PAISLEY FLOWER MUG,Monitor Stock
22764,"RUSTIC WOODEN CABINET, GLASS DOORS",Monitor Stock
47580,TEA TIME DES TEA COSY,Monitor Stock
21064,BOOM BOX SPEAKER BOYS,Monitor Stock
22667,RECIPE BOX RETROSPOT ,Reduce Inventory
22611,VINTAGE UNION JACK SHOPPING BAG,Reduce Inventory
22378,WALL TIDY RETROSPOT ,Reduce Inventory
84975,HEART SHAPED MIRROR,Monitor Stock
22571,ROCKING HORSE RED CHRISTMAS ,Monitor Stock
21477,STRING OF 20 ROSE LIGHTS,Monitor Stock
21351,CINAMMON & ORANGE WREATH,Reduce Inventory
22412,METAL SIGN NEIGHBOURHOOD WITCH ,Monitor Stock
22434,BALLOON PUMP WITH 10 BALLOONS,Monitor Stock
22813,PACK 3 BOXES BIRD PANNETONE ,Monitor Stock
21069,VINTAGE BILLBOARD TEA MUG,Monitor Stock
22660,DOORMAT I LOVE LONDON,Monitor Stock
21364,PEACE SMALL WOOD LETTERS,Monitor Stock
21732,RED HANGING METAL STAR TLIGHT HLDR,Monitor Stock
84837,WHITE SWEETHEARTS CABINET 4 DRAWERS,Monitor Stock
79323GR,GREEN CHERRY LIGHTS,Monitor Stock
22483,RED GINGHAM TEDDY BEAR ,Monitor Stock
22689,DOORMAT MERRY CHRISTMAS RED ,Monitor Stock
22768,FAMILY PHOTO FRAME CORNICE,Monitor Stock
22497,SET OF 2 TINS VINTAGE BATHROOM ,Monitor Stock
21986,PACK OF 12 PINK SPOT TISSUES ,Monitor Stock
22729,ALARM CLOCK BAKELIKE ORANGE,Reduce Inventory
21584,RETRO SPOT SMALL TUBE MATCHES,Monitor Stock
21714,CITRONELLA CANDLE GARDEN POT,Monitor Stock
84968C,S/16 VINTAGE PISTACHIO CUTLERY,Monitor Stock
22577,WOODEN HEART CHRISTMAS SCANDINAVIAN,Reduce Inventory
22305,COFFEE MUG PINK PAISLEY DESIGN,Monitor Stock
21936,RED/WHITE SPOT PICNIC BAG,Monitor Stock
22474,SPACEBOY TV DINNER TRAY,Monitor Stock
22331,WOODLAND PARTY BAG + STICKER SET,Monitor Stock
21718,RED METAL BEACH SPADE ,Monitor Stock
84030E,ENGLISH ROSE HOT WATER BOTTLE,Monitor Stock
20785,FUSCHIA RETRO BAR STOOL,Monitor Stock
21239,PINK  SPOTTY CUP,Reduce Inventory
21500,PINK SPOTS  WRAP ,Reduce Inventory
20961,STRAWBERRY BATH SPONGE ,Monitor Stock
20750,RED RETROSPOT MINI CASES,Monitor Stock
21918,SET 12 KIDS COLOUR  CHALK STICKS,Monitor Stock
22795,SWEETHEART RECIPE BOOK STAND,Reduce Inventory
22241,GARLAND WOODEN HAPPY EASTER,Monitor Stock
22299,PIG KEYRING WITH LIGHT & SOUND ,Monitor Stock
84352,SILVER CHRISTMAS TREE BAUBLE STAND ,Monitor Stock
22177,5 HOOK BLACKBOARD ORGANISER ,Monitor Stock
21717,EASTER TIN BUCKET,Monitor Stock
21333,CLASSIC WHITE FRAME,Reduce Inventory
21494,ROTATING LEAVES T-LIGHT HOLDER,Monitor Stock
20978,36 PENCILS TUBE SKULLS,Monitor Stock
22437,SET OF 9 BLACK SKULL BALLOONS,Monitor Stock
79072,TEATIME CAKE TIN WITH HANDLE,Reduce Inventory
22460,EMBOSSED GLASS TEALIGHT HOLDER,Reduce Inventory
22509,SEWING BOX RETROSPOT DESIGN ,Monitor Stock
21707,"FOLDING UMBRELLA , BLACK/BLUE  SPOT",Monitor Stock
21765,HANGING METAL BIRD BATH,Monitor Stock
22347,PIZZA SLICE DISH,Monitor Stock
22670,FRENCH WC SIGN BLUE METAL,Monitor Stock
21648,ASSORTED TUTTI FRUTTI SMALL PURSE,Monitor Stock
21679,SKULLS  STICKERS,Monitor Stock
22118,JOY WOODEN BLOCK LETTERS,Monitor Stock
22119,PEACE WOODEN BLOCK LETTERS,Monitor Stock
22593,CHRISTMAS GINGHAM STAR,Reduce Inventory
21588,RETRO SPOT GIANT  TUBE MATCHES,Monitor Stock
22162,HEART GARLAND RUSTIC PADDED,Monitor Stock
22045,SPACEBOY GIFT WRAP,Monitor Stock
22846,BREAD BIN DINER STYLE RED ,Monitor Stock
20963,APPLE BATH SPONGE,Monitor Stock
22030,SWALLOWS GREETING CARD,Monitor Stock
22349,"DOG BOWL , CHASING BALL DESIGN",Monitor Stock
22202,MILK PAN PINK RETROSPOT,Monitor Stock
21313,GLASS HEART T-LIGHT HOLDER ,Monitor Stock
22493,PAINT YOUR OWN CANVAS SET,Monitor Stock
22090,PAPER BUNTING RETROSPOT,Reduce Inventory
22381,TOY TIDY PINK POLKADOT,Monitor Stock
22065,CHRISTMAS PUDDING TRINKET POT ,Monitor Stock
22739,RIBBON REEL CHRISTMAS SOCK BAUBLE,Monitor Stock
21784,SHOE SHINE BOX ,Monitor Stock
85014A,BLACK/BLUE POLKADOT UMBRELLA,Monitor Stock
22626,BLACK KITCHEN SCALES,Reduce Inventory
22245,"HOOK, 1 HANGER ,MAGIC GARDEN",Monitor Stock
21054,NURSE'S BAG SOFT TOY,Monitor Stock
22027,TEA PARTY BIRTHDAY CARD,Reduce Inventory
72807B,SET/3 OCEAN SCENT CANDLE JEWEL BOX,Monitor Stock
21706,"FOLDING UMBRELLA , RED/WHITE SPOT",Monitor Stock
22855,FINE WICKER HEART ,Reduce Inventory
84950,ASSORTED COLOUR T-LIGHT HOLDER,Monitor Stock
22562,MONSTERS STENCIL CRAFT,Monitor Stock
21121,SET/10 RED POLKADOT PARTY CANDLES,Monitor Stock
22840,ROUND CAKE TIN VINTAGE RED,Monitor Stock
21214,SET OF 72 IVORY PAPER DOILIES,Monitor Stock
21534,DAIRY MAID LARGE MILK JUG,Reduce Inventory
21471,STRAWBERRY RAFFIA FOOD COVER,Monitor Stock
22200,FRYING PAN PINK POLKADOT ,Monitor Stock
21967,PACK OF 12 SKULL TISSUES,Monitor Stock
22751,FELTCRAFT PRINCESS OLIVIA DOLL,Monitor Stock
22107,PIZZA PLATE IN BOX,Monitor Stock
21240,BLUE  SPOTTY CUP,Reduce Inventory
22491,PACK OF 12 COLOURED PENCILS,Monitor Stock
22072,TEA CUP AND SAUCER RETRO SPOT,Monitor Stock
21901,"KEY FOB , BACK DOOR ",Monitor Stock
22431,WATERING CAN BLUE ELEPHANT,Reduce Inventory
21913,VINTAGE SEASIDE JIGSAW PUZZLES,Monitor Stock
22073,RETRO SPOT STORAGE JAR,Monitor Stock
22435,SET OF 9 HEART SHAPED BALLOONS,Reduce Inventory
84849B,FAIRY SOAP SOAP HOLDER,Monitor Stock
21916,SET 12 RETRO WHITE CHALK STICKS,Monitor Stock
85114B,IVORY ENCHANTED FOREST PLACEMAT,Monitor Stock
84997A,GREEN 3 PIECE POLKADOT CUTLERY SET,Monitor Stock
20977,36 PENCILS TUBE WOODLAND,Reduce Inventory
84558A,3D DOG PICTURE PLAYING CARDS,Monitor Stock
85049G,CHOCOLATE BOX RIBBONS ,Monitor Stock
46000S,POLYESTER FILLER PAD 40x40cm,Reduce Inventory
84909A,PINK PAISLEY QUILT ,Monitor Stock
35001W,HAND OPEN SHAPE DECO.WHITE,Monitor Stock
21470,FLOWER VINE RAFFIA FOOD COVER,Monitor Stock
21796,SET OF 3 RED STRIPE BASKETS,Monitor Stock
22285,"DECORATION HEN ON NEST, HANGING",Monitor Stock
20702,PINK PADDED MOBILE,Monitor Stock
22600,CHRISTMAS RETROSPOT STAR WOOD,Reduce Inventory
21728,METAL MEDINA LANTERN ,Monitor Stock
22141,CHRISTMAS CRAFT TREE TOP ANGEL,Monitor Stock
21561,DINOSAUR LUNCH BOX WITH CUTLERY,Monitor Stock
22365,DOOR MAT RESPECTABLE HOUSE,Monitor Stock
22374,AIRLINE BAG VINTAGE JET SET RED,Reduce Inventory
22145,CHRISTMAS CRAFT HEART STOCKING ,Monitor Stock
22530,MAGIC DRAWING SLATE DOLLY GIRL ,Monitor Stock
21564,PINK  HEART SHAPE LOVE BUCKET ,Monitor Stock
15044D,RED PAPER PARASOL,Monitor Stock
84031A,CHARLIE+LOLA RED HOT WATER BOTTLE ,Monitor Stock
22128,PARTY CONES CANDY ASSORTED,Monitor Stock
84795C,OCEAN STRIPE HAMMOCK ,Monitor Stock
22406,MONEY BOX KINGS CHOICE DESIGN,Monitor Stock
22574,HEART WOODEN CHRISTMAS DECORATION,Monitor Stock
85232D,SET/3 DECOUPAGE STACKING TINS,Monitor Stock
47503J,SET/3 FLORAL GARDEN TOOLS IN BAG,Monitor Stock
21896,POTTING SHED TWINE,Monitor Stock
21846,PINK DIAMANTE PEN IN GIFT BOX,Monitor Stock
21068,VINTAGE BILLBOARD LOVE/HATE MUG,Monitor Stock
22667,RECIPE BOX RETRO SPOT DESIGN,Monitor Stock
22594,CHRISTMAS GINGHAM TREE,Monitor Stock
18098C,PORCELAIN BUTTERFLY OIL BURNER,Monitor Stock
22862,LOVE HEART NAPKIN BOX ,Monitor Stock
84580,MOUSE TOY WITH PINK T-SHIRT,Reduce Inventory
21249,WOODLAND  HEIGHT CHART STICKERS ,Monitor Stock
21923,RED/CREAM STRIPE FRINGE HAMMOCK,Reduce Inventory
22136,LOVE HEART SOCK HANGER,Monitor Stock
21987,PACK OF 6 SKULL PAPER CUPS,Monitor Stock
21112,"SWISS ROLL TOWEL, PINK  SPOTS",Monitor Stock
79320,FLAMINGO LIGHTS,Monitor Stock
21899,"KEY FOB , GARAGE DESIGN",Monitor Stock
21864,UNION JACK FLAG PASSPORT COVER ,Monitor Stock
21876,POTTERING MUG,Reduce Inventory
22146,EASTER CRAFT IVY WREATH WITH CHICK,Monitor Stock
21210,SET OF 72 RETROSPOT PAPER  DOILIES,Monitor Stock
72349B,SET/6 PURPLE BUTTERFLY T-LIGHTS,Monitor Stock
72807A,SET/3 ROSE CANDLE IN JEWELLED BOX,Monitor Stock
22589,CARDHOLDER GINGHAM STAR,Monitor Stock
22194,BLACK DINER WALL CLOCK,Monitor Stock
22075,6 RIBBONS ELEGANT CHRISTMAS ,Monitor Stock
21324,HANGING MEDINA LANTERN SMALL,Monitor Stock
84796B,BLUE SAVANNAH PICNIC HAMPER FOR 2,Monitor Stock
37502,TEA TIME MUG IN GIFT BOX,Monitor Stock
20975,12 PENCILS SMALL TUBE RED RETROSPOT,Monitor Stock
21746,SMALL RED RETROSPOT WINDMILL,Monitor Stock
21473,SWEETHEART CREAM STEEL TABLE RECT,Reduce Inventory
85049B,LUSH GREENS RIBBONS,Monitor Stock
20886,BOX OF 9 PEBBLE CANDLES,Monitor Stock
84968E,S/16 VINTAGE BLACK CUTLERY,Monitor Stock
51014A,"FEATHER PEN,HOT PINK",Monitor Stock
21589,SWALLOW GIANT TUBE MATCHES,Monitor Stock
71038,WHITE HANGING BEADS CANDLE HOLDER,Monitor Stock
22578,WOODEN STAR CHRISTMAS SCANDINAVIAN,Reduce Inventory
22961,JAM MAKING SET PRINTED,Monitor Stock
35924,HANGING FAIRY CAKE DECORATION,Monitor Stock
22476,EMPIRE UNION JACK TV DINNER TRAY,Monitor Stock
21506,"FANCY FONT BIRTHDAY CARD, ",Monitor Stock
22610,PENS ASSORTED FUNNY FACE,Monitor Stock
72802A,ROSE SCENT CANDLE IN JEWELLED BOX,Monitor Stock
21360,JOY LARGE WOOD LETTERS,Monitor Stock
22693,GROW A FLYTRAP OR SUNFLOWER IN TIN,Monitor Stock
21627,ELEPHANT CARNIVAL POUFFE,Monitor Stock
82597,BOMBS AWAY METAL SIGN,Reduce Inventory
22312,OFFICE MUG WARMER POLKADOT,Monitor Stock
21653,GLASS ETCHED T-LIGHT HOLDER LARGE,Monitor Stock
22148,EASTER CRAFT 4 CHICKS ,Monitor Stock
22960,JAM MAKING SET WITH JARS,Monitor Stock
21499,BLUE SPOTS  WRAP,Reduce Inventory
37501,TEA TIME TEA SET IN GIFT BOX,Monitor Stock
79164,BLACK WINE GLASS,Monitor Stock
20787,BLUE RETRO BAR STOOL,Monitor Stock
82581,TOILET METAL SIGN,Monitor Stock
22197,"POPCORN HOLDER , SMALL ",Monitor Stock
22691,DOORMAT WELCOME SUNRISE,Monitor Stock
21203,BUTTERFLIES  HONEYCOMB GARLAND,Monitor Stock
22350,CAT BOWL ,Monitor Stock
22175,PINK OWL SOFT TOY,Monitor Stock
22938,CUPCAKE LACE PAPER SET 6,Monitor Stock
22184,CAKE STAND VICTORIAN FILIGREE LARGE,Monitor Stock
21080,SET/20 RED RETROSPOT PAPER NAPKINS ,Reduce Inventory
21431,GREEN GINGHAM FLOWER JEWELLERY BOX,Monitor Stock
84968A,S/16 VINTAGE ROSE CUTLERY,Monitor Stock
22601,CHRISTMAS RETROSPOT ANGEL WOOD,Monitor Stock
22747,POPPY'S PLAYHOUSE BATHROOM,Monitor Stock
21323,HANGING MEDINA LANTERN LARGE,Monitor Stock
22291,"SPRING DEC , HANGING CHICK CREAM",Monitor Stock
20960,WATERMELON BATH SPONGE,Monitor Stock
22767,TRIPLE PHOTO FRAME CORNICE ,Monitor Stock
85041,SET/4 PINK ORCHID CANDLES IN BOWL,Monitor Stock
22661,CHARLOTTE BAG DOLLY GIRL DESIGN,Monitor Stock
21924,BLUE/CREAM STRIPE FRINGE HAMMOCK,Reduce Inventory
22433,WATERING CAN GREEN DINOSAUR,Monitor Stock
16161P,WRAP ENGLISH ROSE ,Monitor Stock
18097C,WHITE TALL PORCELAIN T-LIGHT HOLDER,Monitor Stock
21035,SET/2 RED RETROSPOT TEA TOWELS ,Monitor Stock
85206B,PINK FELT EASTER EGG BASKET,Monitor Stock
21330,WOODLAND ANIMAL  WRITING SET ,Monitor Stock
85206A,CREAM FELT EASTER EGG BASKET,Reduce Inventory
22895,SET OF 2 TEA TOWELS APPLE AND PEARS,Monitor Stock
22384,LUNCH BAG PINK POLKADOT,Monitor Stock
84912A,PINK ROSE WASHBAG,Monitor Stock
22284,HEN HOUSE DECORATION,Monitor Stock
22415,WHITE TISSUE REAM,Monitor Stock
22725,ALARM CLOCK BAKELIKE CHOCOLATE,Monitor Stock
22067,CHOC TRUFFLE GOLD TRINKET POT ,Monitor Stock
10135,COLOURING PENCILS BROWN TUBE,Monitor Stock
22687,DOORMAT CHRISTMAS VILLAGE,Reduce Inventory
21469,POLKA DOT RAFFIA FOOD COVER,Monitor Stock
21274,EMBOSSED HEART 3 DRAWER SHELF,Reduce Inventory
21878,PACK OF 6 SANDCASTLE FLAGS ASSORTED,Monitor Stock
22309,TEA COSY RED  STRIPE,Monitor Stock
22334,DINOSAUR PARTY BAG + STICKER SET,Monitor Stock
20982,12 PENCILS TALL TUBE SKULLS,Reduce Inventory
22320,BIRDS MOBILE VINTAGE DESIGN,Monitor Stock
21328,BALLOONS  WRITING SET ,Reduce Inventory
84840,SWEETHEART CARRY-ALL BASKET,Reduce Inventory
22459,CAST IRON HOOK GARDEN TROWEL,Monitor Stock
21466,RED FLOWER CROCHET FOOD COVER,Monitor Stock
22603,CHRISTMAS RETROSPOT TREE WOOD,Monitor Stock
72802B,OCEAN SCENT CANDLE IN JEWELLED BOX,Monitor Stock
22796,PHOTO FRAME 3 CLASSIC HANGING,Monitor Stock
22458,CAST IRON HOOK GARDEN FORK,Monitor Stock
21447,12 IVORY ROSE PEG PLACE SETTINGS,Monitor Stock
21866,UNION JACK FLAG LUGGAGE TAG,Monitor Stock
21531,RETRO SPOT SUGAR JAM BOWL,Monitor Stock
15039,SANDALWOOD FAN,Monitor Stock
20981,12 PENCILS TALL TUBE WOODLAND,Monitor Stock
21272,SALLE DE BAIN HOOK,Monitor Stock
47570,ENGLISH ROSE TABLE CLOTH,Monitor Stock
70006,LOVE HEART POCKET WARMER,Monitor Stock
20718,RED RETROSPOT SHOPPER BAG,Monitor Stock
22596,CHRISTMAS STAR WISH LIST CHALKBOARD,Monitor Stock
22281,EASTER TREE YELLOW BIRDS,Monitor Stock
22591,CARDHOLDER GINGHAM CHRISTMAS TREE,Monitor Stock
21437,24 HANGING EASTER EGGS FLORAL TUB,Monitor Stock
46000M,POLYESTER FILLER PAD 45x45cm,Reduce Inventory
22426,ENAMEL WASH BOWL CREAM,Monitor Stock
22791,T-LIGHT GLASS FLUTED ANTIQUE,Reduce Inventory
84509F,SET OF 4 NEW ENGLAND PLACEMATS,Monitor Stock
22475,SKULL DESIGN TV DINNER TRAY,Monitor Stock
ADJUST,Adjustment by john on 26/01/2010 16,Monitor Stock
22653,BUTTON BOX ,Monitor Stock
21812,GARLAND WITH HEARTS AND BELLS,Monitor Stock
22314,OFFICE MUG WARMER CHOC+BLUE,Monitor Stock
22222,CAKE PLATE LOVEBIRD WHITE,Monitor Stock
22736,RIBBON REEL MAKING SNOWMEN ,Monitor Stock
85132C,CHARLIE AND LOLA FIGURES TINS,Monitor Stock
22744,MAKE YOUR OWN MONSOON CARD KIT,Monitor Stock
22445,PENCIL CASE LIFE IS BEAUTIFUL,Monitor Stock
84279B,CHERRY BLOSSOM DECORATIVE FLASK,Monitor Stock
21482,MUSHROOM BLUE HOT WATER BOTTLE,Monitor Stock
22243,5 HOOK HANGER RED MAGIC TOADSTOOL,Monitor Stock
22494,EMERGENCY FIRST AID TIN ,Monitor Stock
85049D,BRIGHT BLUES RIBBONS ,Monitor Stock
20665,RED SPOTTY PURSE ,Reduce Inventory
85049C,ROMANTIC PINKS RIBBONS ,Reduce Inventory
21467,CHERRY CROCHET FOOD COVER,Monitor Stock
85014C,BLUE/BROWN DOTS RUFFLED UMBRELLA,Monitor Stock
22461,SAVOY ART DECO CLOCK,Reduce Inventory
21055,TOOL BOX SOFT TOY ,Reduce Inventory
22672,FRENCH BATHROOM SIGN BLUE METAL,Monitor Stock
22743,MAKE YOUR OWN FLOWERPOWER CARD KIT,Monitor Stock
84469,ROSE DES PADDED FLOOR CUSHION,Monitor Stock
21179,NO JUNK MAIL METAL SIGN,Monitor Stock
37340,MULTICOLOUR SPRING FLOWER MUG,Monitor Stock
22482,BLUE TEA TOWEL CLASSIC DESIGN,Monitor Stock
22564,ALPHABET STENCIL CRAFT,Monitor Stock
21655,HANGING RIDGE GLASS T-LIGHT HOLDER,Monitor Stock
21681,GIANT MEDINA STAMPED METAL BOWL ,Monitor Stock
21830,ASSORTED CREEPY CRAWLIES,Monitor Stock
21703,BAG 125g SWIRLY MARBLES,Reduce Inventory
22349,DOG BOWL CHASING BALL DESIGN,Monitor Stock
22573,STAR WOODEN CHRISTMAS DECORATION,Monitor Stock
22398,MAGNETS PACK OF 4 SWALLOWS,Monitor Stock
21902,"KEY FOB , FRONT  DOOR ",Monitor Stock
21973,SET OF 36 MUSHROOM PAPER DOILIES,Monitor Stock
22894,TABLECLOTH RED APPLES DESIGN ,Monitor Stock
21826,EIGHT PIECE DINOSAUR SET,Monitor Stock
85049F,BABY BOOM RIBBONS ,Monitor Stock
21611,SET OF 12 LILY BOTANICAL T-LIGHTS,Monitor Stock
22952,72 CAKE CASES VINTAGE CHRISTMAS,Monitor Stock
22798,ANTIQUE GLASS DRESSING TABLE POT,Monitor Stock
22839,3 TIER CAKE TIN GREEN AND CREAM,Monitor Stock
21949,SET OF 6 STRAWBERRY CHOPSTICKS,Monitor Stock
22480,RED TEA TOWEL CLASSIC DESIGN,Monitor Stock
22292,"SPRING DEC , HANGING CHICK  YELLOW",Monitor Stock
22227,"DECORATION, HANGING HEART+MIRROR ",Reduce Inventory
21191,LARGE WHITE HONEYCOMB PAPER BELL  ,Monitor Stock
22070,SMALL RED RETROSPOT MUG IN BOX ,Monitor Stock
22518,CHILDS GARDEN BRUSH BLUE,Monitor Stock
21245,GREEN  SPOTTY PLATE ,Monitor Stock
22525,CHILDRENS GARDEN GLOVES PINK,Reduce Inventory
21246,RED SPOTTY BIG BOWL,Monitor Stock
22639,SET OF 4 NAPKIN CHARMS HEARTS,Reduce Inventory
21609,SET 12 LAVENDER  BOTANICAL T-LIGHTS,Monitor Stock
21096,SET/6 FRUIT SALAD  PAPER PLATES,Monitor Stock
84670,JAPANESE CROCHETED ANIMAL,Monitor Stock
22548,HEADS AND TAILS SPORTING FUN,Reduce Inventory
21808,"CHRISTMAS GARLAND STARS,TREES",Reduce Inventory
22277,COSMETIC BAG VINTAGE ROSE PAISLEY,Monitor Stock
85216,ASSORTED CAKES FRIDGE MAGNETS,Monitor Stock
22356,CHARLOTTE BAG PINK POLKADOT,Reduce Inventory
21329,DINOSAURS  WRITING SET ,Reduce Inventory
21192,WHITE BELL HONEYCOMB PAPER ,Monitor Stock
21211,SET OF 72 SKULL PAPER  DOILIES,Monitor Stock
21709,FOLDING UMBRELLA  CHOC/WHITE  SPOT,Monitor Stock
84944,SET OF 6 KASHMIR FOLKART BAUBLES,Monitor Stock
22519,CHILDS GARDEN BRUSH PINK,Monitor Stock
85099b,JUMBO BAG RED RETROSPOT,Monitor Stock
22544,MINI JIGSAW SPACEBOY,Monitor Stock
84676,BATH DUCK WATERING CAN,Monitor Stock
40018F,CHERRY DESIGN PAPERLANTERNS,Monitor Stock
22531,MAGIC DRAWING SLATE CIRCUS PARADE  ,Monitor Stock
21034,REX CASH+CARRY JUMBO SHOPPER,Reduce Inventory
21845,DAIRY MAID STRIPE MUG,Monitor Stock
84509A,SET OF 4 ENGLISH ROSE PLACEMATS,Reduce Inventory
84754,S/15 SILVER GLASS BAUBLES IN BAG,Monitor Stock
84854,GIRLY PINK TOOL SET,Monitor Stock
20983,12 PENCILS TALL TUBE RED SPOTTY,Monitor Stock
85045,GREEN CHRISTMAS TREE STRING 20LIGHT,Monitor Stock
90062,CARNIVAL BRACELET,Monitor Stock
21507,"ELEPHANT, BIRTHDAY CARD, ",Reduce Inventory
22132,RED LOVE HEART SHAPE CUP,Monitor Stock
21651,HANGING GLASS ETCHED TEALIGHT,Monitor Stock
22191,EAU DE NIL DINER WALL CLOCK,Monitor Stock
22572,ROCKING HORSE GREEN CHRISTMAS ,Reduce Inventory
84990,60 GOLD AND SILVER FAIRY CAKE CASES,Monitor Stock
22781,GUMBALL MAGAZINE RACK,Monitor Stock
21509,COWBOYS AND INDIANS BIRTHDAY CARD ,Reduce Inventory
21077,SET/20 WOODLAND PAPER NAPKINS ,Monitor Stock
21628,TRIANGULAR POUFFE VINTAGE ,Monitor Stock
84691,PACK 20 DOLLY PEGS,Monitor Stock
22788,BROCANTE COAT RACK,Monitor Stock
21042,RED RETROSPOT APRON ,Monitor Stock
21811,CHRISTMAS HANGING HEART WITH BELL,Monitor Stock
21354,TOAST ITS - BEST MUM,Monitor Stock
85123a,WHITE HANGING HEART T-LIGHT HOLDER,Monitor Stock
22333,RETROSPOT PARTY BAG + STICKER SET,Monitor Stock
85040A,S/4 PINK FLOWER CANDLES IN BOWL,Reduce Inventory
21612,SET 12 WILDFLOWER BOTANICAL T-LIGHT,Monitor Stock
22325,MOBILE VINTAGE HEARTS ,Monitor Stock
22095,LADS ONLY TISSUE BOX,Monitor Stock
15044C,PURPLE PAPER PARASOL,Monitor Stock
22191,IVORY DINER WALL CLOCK,Monitor Stock
20956,PORCELAIN T-LIGHT HOLDERS ASSORTED,Monitor Stock
22217,T-LIGHT HOLDER HANGING LACE,Monitor Stock
84912B,GREEN ROSE WASHBAG,Monitor Stock
79323G,GOLD  CHERRY LIGHTS,Monitor Stock
47591C,BLUE FAIRY CAKE CHILD'S APRON,Monitor Stock
21154,RED RETROSPOT OVEN GLOVE ,Monitor Stock
22402,MAGNETS PACK OF 4 VINTAGE COLLAGE,Monitor Stock
21993,FLORAL FOLK STATIONERY SET,Monitor Stock
22854,CREAM SWEETHEART EGG HOLDER,Monitor Stock
20703,BLUE PADDED SOFT MOBILE,Reduce Inventory
84031B,CHARLIE LOLA BLUE HOT WATER BOTTLE ,Monitor Stock
21171,BATHROOM METAL SIGN ,Monitor Stock
21465,PINK FLOWER CROCHET FOOD COVER,Monitor Stock
21327,SKULLS WRITING SET ,Reduce Inventory
85217,ASSORTED ICE CREAM FRIDGE MAGNETS,Monitor Stock
22495,SET OF 2 ROUND TINS CAMEMBERT ,Monitor Stock
22047,EMPIRE GIFT WRAP,Monitor Stock
22451,SILK PURSE RUSSIAN DOLL RED,Monitor Stock
21948,SET OF 6 CAKE CHOPSTICKS,Monitor Stock
84813,SET OF 4 DIAMOND NAPKIN RINGS,Monitor Stock
20871,OPULENT VELVET SET/3 CANDLES,Monitor Stock
22409,MONEY BOX BISCUITS DESIGN,Monitor Stock
22244,3 HOOK HANGER MAGIC GARDEN,Monitor Stock
22451,SILK PURSE BABUSHKA RED,Monitor Stock
20674,GREEN SPOTTY BOWL,Reduce Inventory
22959,WRAP CHRISTMAS VILLAGE,Reduce Inventory
22757,LARGE RED BABUSHKA NOTEBOOK ,Monitor Stock
85184C,S/4 VALENTINE DECOUPAGE HEART BOX,Reduce Inventory
82578,KITCHEN METAL SIGN,Monitor Stock
21682,LARGE MEDINA STAMPED METAL BOWL ,Monitor Stock
21538,DAIRY MAID  PUDDING BOWL,Monitor Stock
22604,SET OF 4 NAPKIN CHARMS CUTLERY,Monitor Stock
21741,COSY SLIPPER SHOES LARGE GREEN,Monitor Stock
22780,LIGHT GARLAND BUTTERFILES PINK,Monitor Stock
21122,SET/10 PINK POLKADOT PARTY CANDLES,Monitor Stock
84519A,TOMATO CHARLIE+LOLA COASTER SET,Monitor Stock
85162B,BLACK RETRODISC LAMPSHADE,Monitor Stock
22536,MAGIC DRAWING SLATE PURDEY,Monitor Stock
21820,GLITTER HEART GARLAND WITH BELLS ,Monitor Stock
21821,GLITTER STAR GARLAND WITH BELLS ,Monitor Stock
21155,RED RETROSPOT PEG BAG,Monitor Stock
21659,GLASS CAKE STAND,Monitor Stock
21683,MEDIUM MEDINA STAMPED METAL BOWL ,Monitor Stock
21540,DAIRY MAID BUTTER DISH,Monitor Stock
22741,FUNKY DIVA PEN,Reduce Inventory
21688,SILVER PLATE CANDLE BOWL SMALL,Monitor Stock
22129,PARTY CONES CANDY TREE DECORATION,Monitor Stock
21692,SILVER LATTICE VANILLA CANDLE POT,Monitor Stock
21085,SET/6 WOODLAND PAPER CUPS,Monitor Stock
21687,SILVER PLATE CANDLE BOWL LARGE,Monitor Stock
21091,SET/6 WOODLAND PAPER PLATES,Monitor Stock
22076,6 RIBBONS EMPIRE  ,Monitor Stock
22242,5 HOOK HANGER MAGIC TOADSTOOL,Monitor Stock
21537,RED RETROSPOT PUDDING BOWL,Monitor Stock
22372,AIRLINE BAG VINTAGE WORLD CHAMPION ,Monitor Stock
22755,SMALL PURPLE BABUSHKA NOTEBOOK ,Reduce Inventory
22779,WOODEN OWLS LIGHT GARLAND ,Monitor Stock
22021,BLUE FELT EASTER EGG BASKET,Monitor Stock
22851,SET 20 NAPKINS FAIRY CAKES DESIGN ,Reduce Inventory
84856S,SMALL TAHITI BEACH BAG,Monitor Stock
22524,CHILDRENS GARDEN GLOVES BLUE,Reduce Inventory
21408,SPOTTY PINK DUCK DOORSTOP,Monitor Stock
22579,WOODEN TREE CHRISTMAS SCANDINAVIAN,Reduce Inventory
84279P,CHERRY BLOSSOM  DECORATIVE FLASK,Reduce Inventory
84797B,BLUE SAVANNAH PICNIC HAMPER FOR 4,Monitor Stock
21657,MILK BOTTLE WITH GLASS STOPPER ,Monitor Stock
85162C,WHITE RETRODISC LAMPSHADE,Monitor Stock
21012,ANTIQUE ALL GLASS CANDLESTICK,Monitor Stock
21352,EUCALYPTUS & PINECONE  WREATH,Monitor Stock
85164B,BLACK BAROQUE CUCKOO CLOCK,Monitor Stock
84327A,PINK JUMPER LARRY THE LAMB,Monitor Stock
21204,DAISIES  HONEYCOMB GARLAND ,Monitor Stock
21082,SET/20 FRUIT SALAD PAPER NAPKINS ,Monitor Stock
21421,PORCELAIN ROSE LARGE ,Monitor Stock
22841,ROUND CAKE TIN VINTAGE GREEN,Monitor Stock
22176,BLUE OWL SOFT TOY,Monitor Stock
84828,JUNGLE POPSICLES ICE LOLLY HOLDERS,Reduce Inventory
21384,IVORY HANGING DECORATION  BUTTERFLY,Monitor Stock
21829,DINOSAUR KEYRINGS ASSORTED,Monitor Stock
21357,TOAST ITS - DINOSAUR,Monitor Stock
21747,SMALL SKULL WINDMILL,Monitor Stock
21519,GIN & TONIC DIET GREETING CARD ,Reduce Inventory
90167,BEADED LOVE HEART JEWELLERY SET,Monitor Stock
22581,WOOD STOCKING CHRISTMAS SCANDISPOT,Monitor Stock
21039,RED SPOTTY SHOPPING BAG,Reduce Inventory
21468,BUTTERFLY CROCHET FOOD COVER,Monitor Stock
22454,MEASURING TAPE RUSSIAN DOLL RED,Monitor Stock
22807,SET OF 6 T-LIGHTS TOADSTOOLS,Monitor Stock
21508,VINTAGE KID DOLLY CARD ,Reduce Inventory
21556,CERAMIC STRAWBERRY MONEY BOX,Reduce Inventory
22944,CHRISTMAS METAL POSTCARD WITH BELLS,Monitor Stock
21109,"LARGE CAKE TOWEL, CHOCOLATE SPOTS",Reduce Inventory
21188,3D HEARTS  HONEYCOMB PAPER GARLAND,Monitor Stock
84849D,HOT BATHS SOAP HOLDER,Monitor Stock
85172,HYACINTH BULB T-LIGHT CANDLES,Monitor Stock
20729,RED SPOTTY CANDY BAG,Monitor Stock
21548,CERAMIC BIRDHOUSE FINCH BLUE ROOF,Monitor Stock
21241,GREEN SPOTTY CUP,Reduce Inventory
22642,SET OF 4 NAPKIN CHARMS STARS   ,Reduce Inventory
20770,ABSTRACT CIRCLE JOURNAL ,Monitor Stock
21990,MODERN FLORAL STATIONERY SET,Monitor Stock
85107,CUT GLASS T-LIGHT HOLDER OCTAGON,Monitor Stock
72799E,IVORY PILLAR CANDLE SILVER FLOCK,Monitor Stock
22754,SMALL RED BABUSHKA NOTEBOOK ,Reduce Inventory
22154,ANGEL DECORATION 3 BUTTONS ,Monitor Stock
21680,WOODLAND  STICKERS,Monitor Stock
21642,ASSORTED TUTTI FRUTTI PEN,Monitor Stock
21106,CREAM SLICE FLANNEL CHOCOLATE SPOT ,Reduce Inventory
21187,WHITE BELL HONEYCOMB PAPER GARLAND ,Monitor Stock
21705,BAG 500g SWIRLY MARBLES,Monitor Stock
21652,GLASS ETCHED T-LIGHT HOLDER MEDIUM,Reduce Inventory
22166,"WALL MIRROR , RECT DIAMANTE, PINK/",Monitor Stock
21780,MA CAMPAGNE 4 DRAWER WALL SHELF,Monitor Stock
85060,WOOD FAN WITH FLOWER DESIGN,Monitor Stock
21533,RETROSPOT LARGE MILK JUG,Monitor Stock
21760,FRENCH STYLE WALL DRESSER,Monitor Stock
22844,VINTAGE CREAM DOG FOOD CONTAINER,Monitor Stock
79323S, SILVER CHERRY LIGHTS,Monitor Stock
35001G,HAND OPEN SHAPE GOLD,Monitor Stock
21638,ASSORTED TUTTI FRUTTI NOTEBOOK,Monitor Stock
22231,JIGSAW TREE WITH BIRDHOUSE,Monitor Stock
22500,SET OF 2 TINS JARDIN DE PROVENCE,Monitor Stock
22354,RETRO SPOT PADDED SEAT CUSHION,Monitor Stock
21895,POTTING SHED SOW 'N' GROW SET,Monitor Stock
22180,RETROSPOT LAMP,Monitor Stock
21788,KIDS RAIN MAC BLUE,Monitor Stock
79320, FLAMINGO LIGHTS,Monitor Stock
20990,SPRING FLOWER CHOPSTICKS SET/5,Monitor Stock
22419,LIPSTICK PEN RED,Monitor Stock
21216,"SET 3 RETROSPOT TEA,COFFEE,SUGAR",Monitor Stock
22270,HAPPY EASTER HANGING DECORATION,Monitor Stock
22198,"POPCORN HOLDER , LARGE",Monitor Stock
84795A,PASTEL STRIPE HAMMOCK ,Monitor Stock
22313,OFFICE MUG WARMER PINK,Monitor Stock
72799F,IVORY PILLAR CANDLE GOLD FLOCK,Monitor Stock
21786,RAIN HAT WITH RED SPOTS,Monitor Stock
85036A,GARDENIA 1 WICK MORRIS BOXED CANDLE,Monitor Stock
85221,ASSORTED COLOUR SILK COIN PURSE,Monitor Stock
22046,TEA PARTY  WRAPPING PAPER ,Monitor Stock
22066,LOVE HEART TRINKET POT,Monitor Stock
22454,MEASURING TAPE BABUSHKA RED,Monitor Stock
22732,3D VINTAGE CHRISTMAS STICKERS ,Monitor Stock
85199L,LARGE HANGING IVORY & RED WOOD BIRD,Monitor Stock
22428,ENAMEL FIRE BUCKET CREAM,Monitor Stock
21647,ASSORTED TUTTI FRUTTI LARGE PURSE,Monitor Stock
21813,GARLAND WITH STARS AND BELLS,Reduce Inventory
22155,STAR DECORATION RUSTIC,Reduce Inventory
21041,RED RETROSPOT OVEN GLOVE DOUBLE,Monitor Stock
22142,CHRISTMAS CRAFT WHITE FAIRY ,Monitor Stock
21348,PINK SPOTS CHOCOLATE NESTING BOXES ,Reduce Inventory
84510A,SET OF 4 ENGLISH ROSE COASTERS,Reduce Inventory
37476,CONDIMENT TRAY 4 BOWLS AND 4 SPOONS,Monitor Stock
20684,STRAWBERRY DREAM CHILDS UMBRELLA,Monitor Stock
21224,SET/4 SKULL BADGES,Reduce Inventory
21789,KIDS RAIN MAC PINK,Monitor Stock
20752,RETRO BLUE SPOTTY WASHING UP GLOVES,Monitor Stock
84356,POMPOM CURTAIN,Monitor Stock
21693,SMALL HAMMERED SILVER CANDLEPOT ,Monitor Stock
22478,BIRDHOUSE GARDEN MARKER ,Reduce Inventory
21111,"SWISS ROLL TOWEL, CHOCOLATE  SPOTS",Reduce Inventory
84507B,STRIPES DESIGN MONKEY DOLL,Monitor Stock
22907,PACK OF 20 NAPKINS PANTRY DESIGN,Monitor Stock
21917,SET 12 KIDS  WHITE CHALK STICKS,Monitor Stock
21645,ASSORTED TUTTI FRUTTI ROUND BOX,Monitor Stock
21545,CERAMIC BIRDHOUSE BUTTERFLY SMALL,Monitor Stock
37441,ASSORTED WHITE EMBOSSED CHINA MUGS,Monitor Stock
85132B,CHARLIE AND LOLA TABLE TINS,Monitor Stock
21445,12 PINK ROSE PEG PLACE SETTINGS,Monitor Stock
21696,SMALL SILVER TRELLIS CANDLEPOT,Monitor Stock
21541,DINOSAURS WATER TRANSFER TATTOOS ,Monitor Stock
21280,VINTAGE KITCHEN PRINT VEGETABLES,Monitor Stock
22152,PLACE SETTING WHITE STAR,Monitor Stock
85035A,GARDENIA 3 WICK MORRIS BOXED CANDLE,Monitor Stock
21593,SWALLOW CIGAR BOX MATCHES ,Monitor Stock
21283,NATURAL BARK CANDLE SMALL,Monitor Stock
22081,RIBBON REEL FLORA + FAUNA ,Reduce Inventory
22576,SWALLOW WOODEN CHRISTMAS DECORATION,Monitor Stock
21547,CERAMIC BIRDHOUSE CRESTED TIT SMALL,Monitor Stock
84619,BLUE GINGHAM ROSE QUILT ,Monitor Stock
21837,CROSS STITCH ALPHABET CUSHION COVER,Monitor Stock
21823,PAINTED METAL HEART WITH HOLLY BELL,Monitor Stock
21126,SET OF 6 GIRLS CELEBRATION CANDLES,Monitor Stock
21281,VINTAGE KITCHEN PRINT SEAFOOD,Monitor Stock
48195,DOOR MAT GREEN PAISLEY ,Monitor Stock
21161,KEEP OUT BOYS DOOR HANGER ,Monitor Stock
22071,SMALL WHITE RETROSPOT MUG IN BOX ,Monitor Stock
22350,ILLUSTRATED CAT BOWL ,Monitor Stock
21637,ASSORTED SANSKRIT MINI NOTEBOOK,Monitor Stock
82615,PINK MARSHMALLOW SCARF KNITTING KIT,Monitor Stock
22190,LOCAL CAFE MUG,Monitor Stock
22315,200 RED + WHITE BENDY STRAWS,Monitor Stock
21542,WOODLAND WATER TRANSFER TATTOOS ,Monitor Stock
35160,BUDDHA INCENSE HOLDER ASSORTED,Monitor Stock
22405,MONEY BOX POCKET MONEY DESIGN,Reduce Inventory
22376,AIRLINE BAG VINTAGE JET SET WHITE,Reduce Inventory
22473,TV DINNER TRAY VINTAGE PAISLEY,Monitor Stock
85170A,SET/6 IVORY BIRD T-LIGHT CANDLES,Monitor Stock
47480,HANGING PHOTO CLIP ROPE LADDER,Monitor Stock
85222,ASSORTED COLOUR SILK COSMETIC PURSE,Monitor Stock
21123,SET/10 IVORY SPOTTY PARTY CANDLES,Monitor Stock
21278,VINTAGE KITCHEN PRINT PUDDINGS,Monitor Stock
21761,WOOD AND GLASS MEDICINE CABINET,Monitor Stock
22784,LANTERN CREAM GAZEBO ,Reduce Inventory
21498,RED RETROSPOT WRAP ,Monitor Stock
21092,SET/6 STRAWBERRY PAPER PLATES,Monitor Stock
15059A,ENGLISH ROSE EDWARDIAN PARASOL,Reorder Immediately
21749,LARGE RED RETROSPOT WINDMILL,Monitor Stock
21550,CERAMIC BIRDHOUSE CRESTED TIT LARGE,Monitor Stock
22023,EMPIRE BIRTHDAY CARD,Reduce Inventory
22597,CHRISTMAS MUSICAL ZINC HEART ,Monitor Stock
21276,TWO EMBOSSED HEART MINI DRAWERS,Monitor Stock
84596B,SMALL DOLLY MIX DESIGN ORANGE BOWL,Monitor Stock
22566,FELTCRAFT HAIRBAND PINK AND PURPLE,Monitor Stock
22515,CHILDS GARDEN SPADE PINK,Monitor Stock
20764,ABSTRACT CIRCLES SKETCHBOOK ,Monitor Stock
21710,FOLDING UMBRELLA  PINK/WHITE  SPOT,Monitor Stock
22183,CAKE STAND VICTORIAN FILIGREE MED,Monitor Stock
22223,CAKE PLATE LOVEBIRD PINK,Monitor Stock
85199S,SMALL HANGING IVORY/RED WOOD BIRD,Monitor Stock
21841,BABY MOUSE RED GINGHAM DRESS,Monitor Stock
22758,LARGE PURPLE BABUSHKA NOTEBOOK  ,Monitor Stock
21610,SET 12 PEAR BOTANICAL T-LIGHTS,Monitor Stock
22336,DOVE DECORATION PAINTED ZINC ,Monitor Stock
84795D,SEASIDE STRIPE HAMMOCK,Monitor Stock
22664,TOY TIDY DOLLY GIRL DESIGN,Monitor Stock
21462,"NURSERY A,B,C PAINTED LETTERS",Monitor Stock
84872A,TEATIME FUNKY FLOWER BACKPACK FOR 2,Monitor Stock
22133,PINK LOVE HEART SHAPE CUP,Monitor Stock
22537,MAGIC DRAWING SLATE DINOSAUR,Monitor Stock
22208,WOOD STAMP SET THANK YOU,Monitor Stock
85035B,CHOCOLATE 3 WICK MORRIS BOX CANDLE,Monitor Stock
72008,FROSTED BOX 9 WHITE T-LIGHT CANDLES,Reduce Inventory
22449,SILK PURSE RUSSIAN DOLL PINK,Monitor Stock
20985,HEART CALCULATOR,Monitor Stock
72800E,4 IVORY DINNER CANDLES SILVER FLOCK,Monitor Stock
21288,STRIPEY CHOCOLATE NESTING BOXES,Monitor Stock
22797,CHEST OF DRAWERS GINGHAM HEART ,Monitor Stock
21282,NATURAL BARK CANDLE LARGE,Monitor Stock
21476,STEEL SWEETHEART ROUND TABLE CREAM,Monitor Stock
22514,CHILDS GARDEN SPADE BLUE,Monitor Stock
22293,"SPRING DEC , HANGING CHICK  GREEN",Monitor Stock
21099,SET/6 STRAWBERRY PAPER CUPS,Monitor Stock
21146,ANTIQUE GLASS RIDGED HANGING BALL,Monitor Stock
79323B,BLACK CHERRY LIGHTS,Monitor Stock
84796A,PINK HAWAIIAN PICNIC HAMPER FOR 2,Monitor Stock
84526,GIANT BLACK SUNGLASSES,Monitor Stock
22540,MINI JIGSAW CIRCUS PARADE ,Monitor Stock
21742,LARGE ROUND WICKER PLATTER ,Reduce Inventory
85016,SET OF 6 VINTAGE NOTELETS KIT,Monitor Stock
85034A,3 GARDENIA MORRIS BOXED CANDLES,Monitor Stock
21009,ETCHED GLASS STAR TREE DECORATION,Monitor Stock
21661,VINTAGE GLASS TEA CADDY,Monitor Stock
22905,CALENDAR IN SEASON DESIGN,Monitor Stock
22261,FELT EGG COSY WHITE RABBIT ,Monitor Stock
22816,CARD MOTORBIKE SANTA,Reduce Inventory
22425,ENAMEL COLANDER CREAM,Monitor Stock
84856L,LARGE TAHITI BEACH BAG,Monitor Stock
85160A,WHITE BIRD GARDEN DESIGN MUG,Monitor Stock
15058A,BLUE WHITE SPOTS GARDEN PARASOL,Monitor Stock
21865,PINK UNION JACK  PASSPORT COVER ,Monitor Stock
47585A,PINK FAIRY CAKE CUSHION COVER,Monitor Stock
22650,CERAMIC PIRATE CHEST MONEY BANK,Monitor Stock
84510B,SET OF 4 FAIRY CAKES COASTERS ,Monitor Stock
22688,DOORMAT PEACE ON EARTH BLUE,Monitor Stock
21804,WHITE CHRISTMAS GARLAND STARS TREES,Monitor Stock
21206,STRAWBERRY HONEYCOMB  GARLAND ,Monitor Stock
22091,EMPIRE TISSUE BOX,Monitor Stock
85183B,CHARLIE & LOLA WASTEPAPER BIN FLORA,Monitor Stock
21810,CHRISTMAS HANGING STAR WITH BELL,Monitor Stock
21869,POTTING SHED COFFEE MUG,Monitor Stock
21626,VINTAGE UNION JACK PENNANT,Reduce Inventory
22521,CHILDS GARDEN TROWEL PINK,Monitor Stock
22696,WICKER WREATH LARGE,Monitor Stock
20716,PARTY FOOD SHOPPER BAG,Reduce Inventory
22496,SET OF 2 ROUND TINS DUTCH CHEESE,Monitor Stock
21275,ZINC TOP  2 DOOR WOODEN SHELF ,Monitor Stock
21424,WOODLAND STORAGE BOX LARGE ,Monitor Stock
22704,WRAP RED APPLES ,Monitor Stock
21410,COUNTRY COTTAGE  DOORSTOP GREEN,Monitor Stock
85098B,BLUE FLYING SINGING CANARY,Monitor Stock
22949,36 DOILIES DOLLY GIRL,Monitor Stock
22903,CALENDAR FAMILY FAVOURITES,Monitor Stock
22375,AIRLINE BAG VINTAGE JET SET BROWN,Reduce Inventory
85176,SEWING SUSAN 21 NEEDLE SET,Monitor Stock
37343,SPOTS DESIGN MUG W PINK INSIDE,Monitor Stock
22251,BIRDHOUSE DECORATION MAGIC GARDEN,Monitor Stock
16033,MINI HIGHLIGHTER PENS,Monitor Stock
17084R,ASSORTED INCENSE PACK,Monitor Stock
22503,CABIN BAG VINTAGE PAISLEY,Monitor Stock
51014C,"FEATHER PEN,COAL BLACK",Monitor Stock
21561,DINOSAUR LUNCHBOX WITH CUTLERY,Monitor Stock
21125,SET 6 FOOTBALL CELEBRATION CANDLES,Monitor Stock
20682,RED RETROSPOT CHILDRENS UMBRELLA,Monitor Stock
22951,60 CAKE CASES DOLLY GIRL DESIGN,Monitor Stock
22071,SMALL RETRO SPOT MUG IN BOX  WHITE,Monitor Stock
22449,SILK PURSE BABUSHKA PINK,Monitor Stock
21495,SKULLS WRAP,Monitor Stock
85183A,CHARLIE & LOLA WASTEPAPER BIN BLUE,Monitor Stock
22842,BISCUIT TIN VINTAGE RED,Monitor Stock
22771,CLEAR DRAWER KNOB ACRYLIC EDWARDIAN,Reduce Inventory
22342,HOME GARLAND PAINTED ZINC ,Monitor Stock
21640,ASSORTED TUTTI FRUTTI  FOB NOTEBOOK,Monitor Stock
21532,DAIRY MAID SUGAR JAM BOWL,Monitor Stock
18098c,PORCELAIN BUTTERFLY OIL BURNER,Reduce Inventory
21643,ASSORTED TUTTI FRUTTI MIRROR,Reduce Inventory
22477,WATERING CAN GARDEN MARKER,Monitor Stock
22731,3D CHRISTMAS STAMPS STICKERS ,Monitor Stock
85114C,RED ENCHANTED FOREST PLACEMAT,Monitor Stock
21124,SET/10 BLUE POLKADOT PARTY CANDLES,Monitor Stock
22333,RETRO SPOT PARTY BAG + STICKER SET,Monitor Stock
21557,SET OF 6 FUNKY BEAKERS,Monitor Stock
22153,ANGEL DECORATION STARS ON DRESS,Reduce Inventory
21000,ROSE DU SUD COSMETICS BAG,Monitor Stock
85198,ASSORTED FARMYARD ANIMALS IN BUCKET,Monitor Stock
15058B,PINK WHITE SPOTS GARDEN PARASOL,Monitor Stock
21818,GLITTER CHRISTMAS HEART ,Monitor Stock
35971,ROSE FOLKART HEART DECORATIONS,Monitor Stock
22410,MONEY BOX HOUSEKEEPING DESIGN,Reduce Inventory
47503K,ASSORTED FLORAL SECATEURS,Monitor Stock
22520,CHILDS GARDEN TROWEL BLUE ,Monitor Stock
21088,SET/6 FRUIT SALAD PAPER CUPS,Monitor Stock
20658,RED SPOTTY LUGGAGE TAG,Reduce Inventory
22899,CHILDREN'S APRON DOLLY GIRL ,Monitor Stock
85167B,BLACK GRAND BAROQUE PHOTO FRAME,Monitor Stock
22037,ROBOT BIRTHDAY CARD,Reduce Inventory
84396,6 HOOK JEWELLERY STAND BLACK DRESS,Monitor Stock
22028,PENNY FARTHING BIRTHDAY CARD,Reduce Inventory
22513,DOORSTOP FOOTBALL DESIGN,Monitor Stock
17091J,VANILLA INCENSE IN TIN,Monitor Stock
21332,MOROCCAN BEATEN METAL MIRROR,Monitor Stock
85116,BLACK CANDELABRA T-LIGHT HOLDER,Monitor Stock
21897,POTTING SHED CANDLE CITRONELLA,Monitor Stock
21794,CLASSIC FRENCH STYLE BASKET NATURAL,Monitor Stock
21011,GLITTER SNOW PEAR TREE DECORATION,Reduce Inventory
21279,VINTAGE KITCHEN PRINT FRUITS,Monitor Stock
21588,RETROSPOT GIANT TUBE MATCHES,Monitor Stock
22801,ANTIQUE GLASS PEDESTAL BOWL,Reduce Inventory
21398,RED  SPOTTY COFFEE  MUG,Monitor Stock
21356,TOAST ITS - FAIRY FLOWER,Monitor Stock
20979,36 PENCILS TUBE RED RETROSPOT,Monitor Stock
90057,DIAMANTE RING ASSORTED IN BOX.,Monitor Stock
16161U,"WRAP,SUKI AND FRIENDS",Monitor Stock
84562A,PINK/WHITE RIBBED MELAMINE JUG,Monitor Stock
21809,CHRISTMAS HANGING TREE WITH BELL,Monitor Stock
21422,PORCELAIN ROSE SMALL,Monitor Stock
21495,SKULLS AND CROSSBONES WRAP,Monitor Stock
84965B,BLUE KASHMIRI COFFEE TABLE ,Reorder Immediately
17129D,CLEAR COLOUR GLASS GEMS IN BAG,Monitor Stock
84012,MAGIC SHEEP WOOL GROWING FROM PAPER,Monitor Stock
22439,6 ROCKET BALLOONS ,Monitor Stock
21529,RETRO SPOT CERAMIC TOASTRACK,Reduce Inventory
22800,ANTIQUE TALL SWIRLGLASS TRINKET POT,Reduce Inventory
21581,SKULLS  DESIGN  COTTON TOTE BAG,Monitor Stock
22150, 3 STRIPEY MICE FELTCRAFT,Monitor Stock
21262,WHITE GOOSE FEATHER CHRISTMAS TREE ,Monitor Stock
21910,WAY OUT METAL SIGN ,Monitor Stock
21397,BLUE  SPOTTY EGG CUP ,Monitor Stock
21905,MORE BUTTER METAL SIGN ,Monitor Stock
22400,MAGNETS PACK OF 4 HOME SWEET HOME,Monitor Stock
84913A,SOFT PINK ROSE TOWEL ,Reduce Inventory
20993,JAZZ HEARTS MEMO PAD,Monitor Stock
82494l,WOODEN FRAME ANTIQUE WHITE ,Monitor Stock
22818,CARD CHRISTMAS VILLAGE,Reduce Inventory
22246,"GARLAND, MAGIC GARDEN 1.8M",Monitor Stock
21215,IVORY PAPER CUP CAKE CASES ,Monitor Stock
85227,SET OF 6 3D KIT CARDS FOR KIDS,Monitor Stock
22436,12 COLOURED PARTY BALLOONS,Monitor Stock
22117,METAL SIGN HER DINNER IS SERVED ,Monitor Stock
22059,CERAMIC STRAWBERRY DESIGN MUG,Monitor Stock
15058C,ICE CREAM DESIGN GARDEN PARASOL,Monitor Stock
21157,RED SPOTTY WASHBAG,Reduce Inventory
21630,FLOOR CUSHION ELEPHANT CARNIVAL,Monitor Stock
22849,BREAD BIN DINER STYLE MINT,Monitor Stock
20992,JAZZ HEARTS PURSE NOTEBOOK,Monitor Stock
21464,DISCO BALL ROTATOR BATTERY OPERATED,Monitor Stock
85232A,SET/3 POLKA DOT STACKING TINS,Monitor Stock
21842,PINK HEART CANDY BUTTON CALCULATOR,Monitor Stock
21807,WHITE CHRISTMAS STAR DECORATION,Monitor Stock
21359,RELAX LARGE WOOD LETTERS,Monitor Stock
20738,GREEN MINI TAPE MEASURE ,Monitor Stock
85055,FRENCH ENAMEL UTENSIL HOLDER,Monitor Stock
22157,ANGEL DECORATION WITH LACE PADDED,Reduce Inventory
84763,ZINC FINISH 15CM PLANTER POTS,Monitor Stock
84466,TOP SECRET PEN SET,Monitor Stock
16237,SLEEPING CAT ERASERS,Reduce Inventory
22674,FRENCH TOILET SIGN BLUE METAL,Monitor Stock
46775E,CANDY POP CHUNKY KNITTED THROW ,Monitor Stock
84508A,CAMOUFLAGE DESIGN TEDDY,Monitor Stock
84459B,YELLOW METAL CHICKEN HEART ,Monitor Stock
22966,GINGERBREAD MAN COOKIE CUTTER,Monitor Stock
21824,PAINTED METAL STAR WITH HOLLY BELLS,Monitor Stock
22845,VINTAGE CREAM CAT FOOD CONTAINER,Monitor Stock
21759,METAL WALL SHELF UNIT WITH HOOKS,Monitor Stock
22323,PINK POLKADOT KIDS BAG,Monitor Stock
21537,RETRO SPOTS PUDDING BOWL,Monitor Stock
22137,BATHROOM SET LOVE HEART DESIGN,Monitor Stock
84509B,SET OF 4 FAIRY CAKE PLACEMATS,Monitor Stock
21549,CERAMIC BIRDHOUSE RED ROOF SMALL,Monitor Stock
22732,3D STICKERS VINTAGE CHRISTMAS,Monitor Stock
22735,RIBBON REEL SOCKS AND MITTENS,Monitor Stock
84596F,SMALL MARSHMALLOWS PINK BOWL,Monitor Stock
20798,CLEAR MILKSHAKE GLASS,Monitor Stock
22024,RAINY LADIES BIRTHDAY CARD,Reduce Inventory
21584,RETROSPOT SMALL TUBE MATCHES,Monitor Stock
21708,FOLDING UMBRELLA  CREAM/MULTI  SPOT,Monitor Stock
20933,YELLOW POT PLANT CANDLE,Monitor Stock
20760,GARDEN PATH POCKET BOOK,Monitor Stock
20754,RETROSPOT RED WASHING UP GLOVES,Monitor Stock
22733,3D TRADITIONAL CHRISTMAS STICKERS,Monitor Stock
21190,PINK HEARTS PAPER GARLAND,Monitor Stock
20825,GOLD WINE GLASS,Monitor Stock
21504,SKULLS GREETING CARD,Reduce Inventory
22671,FRENCH LAUNDRY SIGN BLUE METAL,Monitor Stock
84967B,BLUE KASHMIRI OCCASIONAL TABLE,Monitor Stock
21785,RAIN PONCHO ,Monitor Stock
22163,HEART STRING MEMO HOLDER HANGING,Monitor Stock
22452,MEASURING TAPE BABUSHKA PINK,Monitor Stock
21738,COSY SLIPPER SHOES SMALL  RED ,Monitor Stock
22450,SILK PURSE RUSSIAN DOLL BLUE,Monitor Stock
22891,TEA FOR ONE POLKADOT,Monitor Stock
21752,GLASS CAKE STAND MIRRORED BASE,Monitor Stock
20676,RED RETROSPOT BOWL,Monitor Stock
20772,GARDEN PATH JOURNAL,Monitor Stock
22827,GIANT SEVENTEEN DRAWER SIDEBOARD,Reorder Immediately
22070,SMALL RETRO SPOT MUG IN BOX  RED,Reduce Inventory
22308,TEA COSY BLUE STRIPE,Monitor Stock
85114A,BLACK ENCHANTED FOREST PLACEMAT,Monitor Stock
85162A,SILVER RETRODISC LAMPSHADE,Monitor Stock
21787,RAIN PONCHO RETROSPOT,Monitor Stock
85006,SET 4 NURSERY DES ROUND BOXES,Monitor Stock
84969,ASSORTED COLOUR SET 6 TEASPOONS,Reduce Inventory
22448,PIN CUSHION RUSSIAN DOLL RED,Monitor Stock
84581,DOG TOY WITH PINK CROCHET SKIRT,Reduce Inventory
21438,TUB 24 HANGING EASTER EGGS SPOTTY,Monitor Stock
46775D,SUNSET COLOUR CHUNKY KNITTED THROW,Monitor Stock
21744,SNOWFLAKE PORTABLE TABLE LIGHT ,Reduce Inventory
22094,RED POLKA DOT TISSUE BOX,Monitor Stock
22290,STANDING METAL RABBIT WITH EGG,Monitor Stock
21819,GLITTER CHRISTMAS STAR ,Reduce Inventory
22863,SOAP DISH BROCANTE,Monitor Stock
22675,FRENCH KITCHEN SIGN BLUE METAL,Monitor Stock
21662,VINTAGE GLASS COFFEE CADDY,Monitor Stock
22052,VINTAGE CARAVAN GIFT WRAP,Monitor Stock
22713,CARD I LOVE LONDON ,Monitor Stock
22516,CHILDS GARDEN RAKE BLUE,Monitor Stock
22712,CARD DOLLY GIRL ,Monitor Stock
20734,SILVER MINI TAPE MEASURE ,Monitor Stock
48197,DOORMAT BIRD ON THE WIRE,Monitor Stock
21616,4 PEAR BOTANICAL DINNER CANDLES,Monitor Stock
21613,S/12 VANILLA  BOTANICAL T-LIGHTS,Monitor Stock
21490,SET OF THREE 50'S GIFT WRAPS ,Monitor Stock
85049H,URBAN BLACK RIBBONS ,Monitor Stock
84748,FOLK FELT HANGING MULTICOL GARLAND,Monitor Stock
79160,HEART SHAPE WIRELESS DOORBELL,Monitor Stock
84685,BEACH HUT KEY CABINET,Monitor Stock
22613,PACK OF 20 SPACEBOY NAPKINS,Monitor Stock
35649,VINTAGE BEAD COSMETIC BAG ,Monitor Stock
21396,RED SPOTTY EGG CUP ,Monitor Stock
21130,COLOURFUL STANDING GNOME,Monitor Stock
20931,BLUE POT PLANT CANDLE ,Monitor Stock
22828,REGENCY MIRROR WITH SHUTTERS,Reorder Immediately
85231B,CINAMMON SET OF 9 T-LIGHTS,Reduce Inventory
17091A,LAVENDER INCENSE IN TIN,Monitor Stock
21644,ASSORTED TUTTI FRUTTI HEART BOX,Monitor Stock
84830,LARGE ENGLISH ARBORETUM,Monitor Stock
21955,  DOORMAT UNION JACK GUNS AND ROSES,Monitor Stock
22742,MAKE YOUR OWN PLAYTIME CARD KIT,Reduce Inventory
22753,SMALL YELLOW BABUSHKA NOTEBOOK ,Monitor Stock
22204,MILK PAN BLUE RETROSPOT,Monitor Stock
22348,TEA BAG PLATE RED RETROSPOT,Monitor Stock
22733,3D STICKERS TRADITIONAL CHRISTMAS ,Monitor Stock
21947,SET OF 6 HEART CHOPSTICKS,Monitor Stock
47503E,ASS FLORAL PRINT SCISSORS,Monitor Stock
21617,4 LILY  BOTANICAL DINNER CANDLES,Monitor Stock
22539,MINI JIGSAW DOLLY GIRL,Monitor Stock
84815,SET OF 3 DANISH ROSE PLANTERS,Monitor Stock
21656,RIDGED GLASS POSY VASE ,Monitor Stock
35809A,ENAMEL PINK TEA CONTAINER,Monitor Stock
22533,MAGIC DRAWING SLATE BAKE A CAKE ,Monitor Stock
21806,WHITE CHRISTMAS HEART DECORATION,Monitor Stock
21312,LARGE CHUNKY GLASS ROMAN BOWL,Monitor Stock
22161,HEART DECORATION RUSTIC HANGING ,Monitor Stock
22286,"DECORATION , WOBBLY RABBIT , METAL ",Monitor Stock
22471,TV DINNER TRAY AIR HOSTESS ,Monitor Stock
85106,CUT GLASS HEXAGON T-LIGHT HOLDER,Monitor Stock
21579,LOLITA  DESIGN  COTTON TOTE BAG,Monitor Stock
21677,HEARTS  STICKERS,Reduce Inventory
22321,BIRD DECORATION RED SPOT,Reduce Inventory
16046,TEATIME PEN CASE & PENS,Monitor Stock
84919,BLUE CUSHION COVER WITH FLOWER,Monitor Stock
51014L,"FEATHER PEN,LIGHT PINK",Monitor Stock
21649,ASSORTED TUTTI FRUTTI PHOTO FRAME,Monitor Stock
22253,6 CROCHET STRAWBERRIES,Monitor Stock
22939,APRON APPLE DELIGHT,Monitor Stock
22517,CHILDS GARDEN RAKE PINK,Monitor Stock
21686,MEDINA STAMPED METAL STOOL,Monitor Stock
21802,CHRISTMAS TREE HEART DECORATION,Reduce Inventory
35962,12 ASS ZINC CHRISTMAS DECORATIONS,Monitor Stock
21983,PACK OF 12 BLUE PAISLEY TISSUES ,Monitor Stock
22911,PAPER CHAIN KIT LONDON,Monitor Stock
82567,"AIRLINE LOUNGE,METAL SIGN",Reduce Inventory
22695,WICKER WREATH SMALL,Monitor Stock
20731,POSY CANDY BAG,Monitor Stock
84750A,PINK SMALL GLASS CAKE STAND,Monitor Stock
22201,FRYING PAN BLUE POLKADOT ,Monitor Stock
85110,BLACK SILVER FLOWER T-LIGHT HOLDER,Monitor Stock
22731,3D STICKERS CHRISTMAS STAMPS,Monitor Stock
20686,DOLLY MIXTURE CHILDREN'S UMBRELLA,Reduce Inventory
22719,GUMBALL MONOCHROME COAT RACK,Reduce Inventory
22200,FRYING PAN PINK POLKADOT,Monitor Stock
37424,WHITE WITH BLACK CATS MUG,Monitor Stock
22523,CHILDS GARDEN FORK PINK,Monitor Stock
21287,SCENTED VELVET LOUNGE CANDLE ,Monitor Stock
22319,HAIRCLIPS FORTIES FABRIC ASSORTED,Reduce Inventory
22522,CHILDS GARDEN FORK BLUE ,Monitor Stock
21251,DINOSAUR HEIGHT CHART STICKER SET,Monitor Stock
22362,GLASS JAR PEACOCK BATH SALTS,Reduce Inventory
22739,"RIBBON REEL, XMAS SOCK/BAUBLE",Monitor Stock
85059,FRENCH ENAMEL WATER BASIN,Monitor Stock
21695,SMALL SILVER FLOWER CANDLE POT,Monitor Stock
84519B,CARROT CHARLIE+LOLA COASTER SET,Monitor Stock
37482B,CUBIC MUG BLUE POLKA DOT,Monitor Stock
22956,36 FOIL HEART CAKE CASES,Monitor Stock
21576,LETS GO SHOPPING COTTON TOTE BAG,Reduce Inventory
21051,RIBBONS PURSE ,Monitor Stock
35241,ENAMEL BLUE RIM BISCUIT BIN,Monitor Stock
22035,VINTAGE CARAVAN GREETING CARD ,Reduce Inventory
21002,ROSE DU SUD DRAWSTRING BAG,Monitor Stock
21746,SMALL RED SPOT  WINDMILL,Monitor Stock
21010,ETCHED GLASS BIRD TREE DECORATION,Monitor Stock
85224,ASSORTED COLOUR SILK GLASSES CASE,Monitor Stock
21439,BASKET OF TOADSTOOLS,Reduce Inventory
85136C,RED SHARK HELICOPTER,Monitor Stock
84279P, CHERRY BLOSSOM  DECORATIVE FLASK,Monitor Stock
21867,PINK UNION JACK  LUGGAGE TAG,Monitor Stock
84688,BEACH HUT DESIGN BLACKBOARD,Monitor Stock
21163,DO NOT TOUCH MY STUFF DOOR HANGER ,Monitor Stock
21904,HOUSE WRECKING METAL SIGN ,Monitor Stock
22777,GLASS CLOCHE LARGE,Monitor Stock
21058,PARTY INVITES WOODLAND,Monitor Stock
22279,POCKET BAG BLUE PAISLEY RED SPOT,Monitor Stock
20780,BLACK EAR MUFF HEADPHONES,Monitor Stock
22760,"TRAY, BREAKFAST IN BED",Monitor Stock
21145,ANTIQUE GLASS PLACE SETTING,Monitor Stock
20768,GREEN FERN JOURNAL ,Monitor Stock
22898,CHILDRENS APRON APPLES DESIGN,Monitor Stock
47587A,PINK FAIRY CAKE COASTER,Monitor Stock
21040,MODERN VINTAGE COTTON SHOPPING BAG,Monitor Stock
21779,MA CAMPAGNE MINI WOODEN CHEST,Monitor Stock
21205,MULTICOLOUR 3D BALLS GARLAND,Monitor Stock
85130A,BEADED PEARL HEART WHITE LARGE,Reduce Inventory
84968F,S/16 VINTAGE SKY BLUE CUTLERY,Monitor Stock
20767,BLUE PAISLEY JOURNAL ,Monitor Stock
85200,BUNNY EGG BOX,Monitor Stock
22069,BROWN  PIRATE TREASURE CHEST ,Monitor Stock
21851,LILAC DIAMANTE PEN IN GIFT BOX,Monitor Stock
21801,CHRISTMAS TREE DECORATION WITH BELL,Reduce Inventory
47504K,ENGLISH ROSE GARDEN SECATEURS,Monitor Stock
84750B,BLACK SMALL GLASS CAKE STAND,Monitor Stock
84791,GINGHAM HEART DECORATION,Monitor Stock
21839,MUMMY MOUSE RED GINGHAM RIBBON,Monitor Stock
40003,WHITE BAMBOO RIBS LAMPSHADE,Monitor Stock
84989A,75 GREEN FAIRY CAKE CASES,Monitor Stock
20766,GARDEN PATH SKETCHBOOK,Monitor Stock
21413,PERIWINKLE T-LIGHT HOLDER,Monitor Stock
85054,FRENCH ENAMEL POT W LID,Monitor Stock
72815,3 WICK CHRISTMAS BRIAR CANDLE ,Monitor Stock
22535,MAGIC DRAWING SLATE BUNNIES ,Reduce Inventory
84847,FLORAL BATHROOM SET,Monitor Stock
22586,FELTCRAFT HAIRBAND PINK AND BLUE,Monitor Stock
21618,4 WILDFLOWER BOTANICAL CANDLES,Monitor Stock
21925,UNION STRIPE CUSHION COVER ,Monitor Stock
20892,SET/3 TALL GLASS CANDLE HOLDER PINK,Monitor Stock
22202,MILK PAN PINK POLKADOT,Monitor Stock
85015,SET OF 12  VINTAGE POSTCARD SET,Monitor Stock
21827,EIGHT PIECE CREEPY CRAWLIE SET,Monitor Stock
84997b,RED 3 PIECE RETROSPOT CUTLERY SET,Monitor Stock
40001,WHITE BAMBOO RIBS LAMPSHADE,Monitor Stock
21972,SET OF 36 DINOSAUR PAPER DOILIES,Monitor Stock
22740,POLKA DOT PEN,Monitor Stock
72800F,4 IVORY DINNER CANDLES GOLD FLOCK,Monitor Stock
20681,PINK POLKADOT CHILDRENS UMBRELLA,Monitor Stock
20983,12 PENCILS TALL TUBE RED RETROSPOT,Monitor Stock
21803,CHRISTMAS TREE STAR DECORATION,Reduce Inventory
22710,WRAP I LOVE LONDON ,Monitor Stock
22848,BREAD BIN DINER STYLE PINK,Monitor Stock
85179B,WHITE BITTY LIGHT CHAIN ,Monitor Stock
22609,PENS ASSORTED SPACEBALL,Reduce Inventory
21448,12 DAISY PEGS IN WOOD BOX,Reduce Inventory
16161U,WRAP SUKI AND FRIENDS,Monitor Stock
16047,POP ART PEN CASE & PENS,Monitor Stock
21825,PAINTED METAL TREE WITH HOLLY BELLS,Monitor Stock
21849,SILVER DIAMANTE PEN IN GIFT BOX,Monitor Stock
21446,12 RED ROSE PEG PLACE SETTINGS,Monitor Stock
84908B,BLUE 5 PATCH FLOWER CUSHION COVER,Monitor Stock
84795B,SUNSET CHECK HAMMOCK,Monitor Stock
20783,HEART EAR MUFF HEADPHONES,Monitor Stock
22068,BLACK PIRATE TREASURE CHEST,Monitor Stock
22440,BALLOON WATER BOMB PACK OF 35,Monitor Stock
22421,LIPSTICK PEN FUSCHIA,Monitor Stock
84910A,PINK PAISLEY CUSHION COVER ,Monitor Stock
84965A,PINK KASHMIRI COFFEE TABLE ,Reorder Immediately
20668,DISCO BALL CHRISTMAS DECORATION,Monitor Stock
21389,IVORY HANGING DECORATION  BIRD,Reduce Inventory
85173,SET/6 FROG PRINCE T-LIGHT CANDLES,Monitor Stock
21158,MOODY GIRL DOOR HANGER ,Monitor Stock
84908A,PINK 5 PATCH FLOWER CUSHION COVER ,Monitor Stock
46775A,BUBBLE GUM CHUNKY KNITTED THROW ,Monitor Stock
21774,DECORATIVE CATS BATHROOM BOTTLE,Monitor Stock
21675,BUTTERFLIES STICKERS,Reduce Inventory
84405A,S/3 PINK COL METAL BASKET W HANDLE,Monitor Stock
20846,ZINC HEART LATTICE T-LIGHT HOLDER,Monitor Stock
85126,LARGE ROUND CUTGLASS CANDLESTICK,Monitor Stock
22479,DAISY GARDEN MARKER,Reduce Inventory
20671,BLUE TEATIME PRINT BOWL ,Monitor Stock
85124A,PINK JUICY FRUIT PHOTO FRAME,Monitor Stock
22260,FELT EGG COSY BLUE RABBIT ,Monitor Stock
85118,HEART T-LIGHT HOLDER,Monitor Stock
21629,SQUARE FLOOR CUSHION VINTAGE RED,Monitor Stock
22306,SILVER MUG BONE CHINA TREE OF LIFE,Monitor Stock
21792,CLASSIC FRENCH STYLE BASKET GREEN ,Monitor Stock
21634,ASSORTED MINI MADRAS NOTEBOOK,Monitor Stock
22422,TOOTHPASTE TUBE PEN,Monitor Stock
35957,SMALLFOLKART BAUBLE CHRISTMAS DEC,Monitor Stock
85039B,S/4 IVORY MINI ROSE CANDLE IN BOWL,Monitor Stock
37479B,CUBIC MUG FLOCK BLUE ON BROWN,Monitor Stock
22262,FELT EGG COSY CHICKEN,Reduce Inventory
21426,WOODLAND STORAGE BOX SMALL,Monitor Stock
35637A,IVORY STRING CURTAIN WITH POLE ,Monitor Stock
22599,CHRISTMAS MUSICAL ZINC STAR,Monitor Stock
22390,PAPERWEIGHT CHILDHOOD MEMORIES,Monitor Stock
22382,LUNCHBAG SPACEBOY DESIGN ,Monitor Stock
22450,SILK PURSE BABUSHKA BLUE,Monitor Stock
75131,METAL TUBE CHIME ON BAMBOO,Monitor Stock
85008,SET OF 3 CONEY ISLAND OVAL BOXES,Monitor Stock
85185B,PINK HORSE SOCK PUPPET,Monitor Stock
22026,BANQUET BIRTHDAY  CARD  ,Reduce Inventory
22908,PACK OF 20 NAPKINS RED APPLES,Monitor Stock
85034B,3 WHITE CHOC MORRIS BOXED CANDLES,Monitor Stock
20730,STRAWBERRY CANDY BAG,Monitor Stock
22902,TOTE BAG I LOVE LONDON,Monitor Stock
22711,WRAP CIRCUS PARADE,Monitor Stock
22416,36 DOILIES SPACEBOY DESIGN ,Monitor Stock
84459A,PINK METAL CHICKEN HEART ,Monitor Stock
22565,FELTCRAFT HAIRBANDS PINK AND WHITE ,Monitor Stock
85031C,CURIOUS IMAGES SCRAP BOOK SET,Monitor Stock
22708,WRAP DOLLY GIRL,Monitor Stock
22310,IVORY KNITTED MUG COSY ,Monitor Stock
20777,CHRYSANTHEMUM NOTEBOOK,Monitor Stock
21127,COLOURFUL FISHING GNOME,Monitor Stock
21898,POTTING SHED ROSE CANDLE,Monitor Stock
22098,BOUDOIR SQUARE TISSUE BOX,Monitor Stock
21836,GINGHAM OVEN GLOVE RED HEART ,Monitor Stock
84006,MAGIC TREE -PAPER FLOWERS,Monitor Stock
22559,SEASIDE FLYING DISC,Monitor Stock
22210,WOOD STAMP SET BEST WISHES,Monitor Stock
72484,ROSES IN WHITE HEART CANDLE ,Monitor Stock
35004G,SET OF 3 GOLD FLYING DUCKS,Monitor Stock
84964B,BLUE PAINTED KASHMIRI TABLE ,Reorder Immediately
21335,LIBRARY LAMP,Monitor Stock
21763,VINTAGE WOODEN BAR STOOL,Monitor Stock
22843,BISCUIT TIN VINTAGE GREEN,Monitor Stock
21927,BLUE/CREAM STRIPE CUSHION COVER ,Monitor Stock
21303,FILIGREE WALL MIRROR  ANTIQUE WHITE,Monitor Stock
22074,6 RIBBONS SHIMMERING PINKS ,Monitor Stock
35958,FOLKART ZINC STAR CHRISTMAS DEC,Monitor Stock
21615,4 LAVENDER BOTANICAL DINNER CANDLES,Monitor Stock
85035C,ROSE 3 WICK MORRIS BOX CANDLE,Monitor Stock
20996,JAZZ HEARTS ADDRESS BOOK,Monitor Stock
21828,EIGHT PIECE SNAKE  SET,Monitor Stock
22614,PACK OF 12 SPACEBOY TISSUES,Reduce Inventory
22337,ANGEL DECORATION PAINTED ZINC ,Monitor Stock
21690,SILVER  CANDLEPOT JARDIN ,Monitor Stock
21894,POTTING SHED SEED ENVELOPES,Monitor Stock
22926,IVORY GIANT GARDEN THERMOMETER,Monitor Stock
85036B,CHOCOLATE 1 WICK MORRIS BOX CANDLE,Monitor Stock
22310,KNITTED MUG COSY IVORY COLOUR ,Monitor Stock
84873a,FUNKY FLOWER PICNIC BAG FOR 4,Monitor Stock
21945,STRAWBERRIES  DESIGN FLANNEL ,Monitor Stock
85160B,BLACK BIRD GARDEN DESIGN MUG,Monitor Stock
22254,FELT TOADSTOOL LARGE,Monitor Stock
84985A,SET OF 72 GREEN PAPER DOILIES,Monitor Stock
22651,GENTLEMAN SHIRT REPAIR KIT ,Monitor Stock
21248,DOOR HANGER  MUM + DADS ROOM,Monitor Stock
84616,SILVER ROCCOCO CHANDELIER,Monitor Stock
84968C,SET OF 16 VINTAGE PISTACHIO CUTLERY,Monitor Stock
21299,EDWARDIAN TOILET ROLL UNIT ,Monitor Stock
35810A,ENAMEL PINK COFFEE CONTAINER,Monitor Stock
22338,STAR DECORATION PAINTED ZINC ,Monitor Stock
20735,BLACK MINI TAPE MEASURE ,Monitor Stock
85018D,YULETIDE IMAGES S/6 PAPER BOXES,Monitor Stock
20762,GREEN FERN SKETCHBOOK ,Monitor Stock
84686,BEACH HUT MIRROR,Monitor Stock
21691,SILVER VANILLA FLOWER CANDLE POT,Monitor Stock
22307,GOLD MUG BONE CHINA TREE OF LIFE,Monitor Stock
85189,HANGING BUTTERFLY  EGG,Monitor Stock
22317,FIVE CATS HANGING DECORATION,Monitor Stock
72753B,S/3 FLWR FAIRY LAVENDER CANDLES,Monitor Stock
21805,WHITE CHRISTMAS TREE DECORATION ,Monitor Stock
22778,GLASS CLOCHE SMALL,Monitor Stock
84664,CHERRY BLOSSOM BATHROOM CABINET,Monitor Stock
21425,SKULLS STORAGE BOX LARGE,Monitor Stock
20761,BLUE PAISLEY SKETCHBOOK,Monitor Stock
21711,FOLDING UMBRELLA  WHITE/RED  SPOT,Monitor Stock
22119, PEACE WOODEN BLOCK LETTERS,Monitor Stock
20878,SET/9 CHRISTMAS T-LIGHTS SCENTED ,Monitor Stock
22772,PINK DRAWER KNOB ACRYLIC EDWARDIAN,Reduce Inventory
22827,RUSTIC  SEVENTEEN DRAWER SIDEBOARD,Reorder Immediately
21294,ETCHED GLASS COASTER,Monitor Stock
22080,RIBBON REEL POLKADOTS ,Reduce Inventory
37492B,BLUE YELLOW FLOWER PIGGY BANK,Monitor Stock
22143,CHRISTMAS CRAFT HEART DECORATIONS,Monitor Stock
20771,CHRYSANTHEMUM  JOURNAL,Monitor Stock
47591B,SCOTTIES CHILDRENS APRON,Monitor Stock
84678,CLASSICAL ROSE SMALL VASE,Monitor Stock
22822,CREAM WALL PLANTER HEART SHAPED,Monitor Stock
22774,RED DRAWER KNOB ACRYLIC EDWARDIAN,Monitor Stock
84968A,SET OF 16 VINTAGE ROSE CUTLERY,Monitor Stock
47589,CONGRATULATIONS BUNTING,Monitor Stock
21316,SMALL CHUNKY GLASS ROMAN  BOWL,Monitor Stock
85121B,RETRO LAUNDRY TUB PINK,Monitor Stock
84536A,ENGLISH ROSE NOTEBOOK A7 SIZE,Reduce Inventory
85226A,WHITE/BLUE PULL BACK RACING CAR,Monitor Stock
47504E,ENGLISH ROSE SCISSORS,Monitor Stock
22363,GLASS JAR MARMALADE ,Monitor Stock
21814,HEART T-LIGHT HOLDER ,Reduce Inventory
21358,TOAST ITS - HAPPY BIRTHDAY,Monitor Stock
20893,HANGING BAUBLE T-LIGHT HOLDER SMALL,Monitor Stock
20778,GARDEN PATH NOTEBOOK ,Monitor Stock
84918,CREAM CUSHION COVER WITH FLOWERS,Monitor Stock
84789,ENCHANTED BIRD PLANT CAGE,Monitor Stock
84818,DANISH ROSE PHOTO FRAME,Monitor Stock
82607A,GLASS BONBON JAR PARFUME AUX FLEURE,Monitor Stock
21070,VINTAGE BILLBOARD MUG ,Monitor Stock
85124C,GREEN JUICY FRUIT PHOTO FRAME,Monitor Stock
35965,FOLKART HEART NAPKIN RINGS,Monitor Stock
85121C,RETRO LAUNDRY TUB PISTACHIO,Monitor Stock
72529W,WHITE ADVENT CANDLE,Monitor Stock
21702,SET 5 MINI GATEAUX  FRIDGE MAGNETS,Monitor Stock
72045D,ROSES ON BLUE TEACUP CANDLE ,Reorder Immediately
22051,BLUE SCANDINAVIAN PAISLEY WRAP,Monitor Stock
21291,SMALL SPOTTY CHOCOLATE GIFT BAG ,Reduce Inventory
84913B,MINT GREEN ROSE TOWEL,Reduce Inventory
84535B,FAIRY CAKES NOTEBOOK A6 SIZE,Monitor Stock
22438,BALLOON ART MAKE YOUR OWN FLOWERS,Monitor Stock
21007,ETCHED GLASS DROPLET DECORATION,Monitor Stock
22587,FELTCRAFT HAIRBAND RED AND BLUE,Monitor Stock
22823,CHEST NATURAL WOOD 20 DRAWERS,Reorder Immediately
84709B,PINK OVAL JEWELLED MIRROR,Monitor Stock
85103,SILVER T-LIGHT SETTING,Monitor Stock
22211,WOOD STAMP SET FLOWERS,Reduce Inventory
22288,"DECORATION , HANGING METAL RABBIT",Monitor Stock
21580,RABBIT  DESIGN  COTTON TOTE BAG,Reduce Inventory
21444,BLUE CHALET BIRDFEEDER,Monitor Stock
21689,SILVER VANILLA  FLOWER CANDLE POT,Monitor Stock
20902,VINTAGE KEEPSAKE BOX PARIS DAYS,Monitor Stock
20773,BLUE PAISLEY NOTEBOOK,Monitor Stock
21480,PINK STRIPE HOT WATER BOTTLE,Monitor Stock
22955,36 FOIL STAR CAKE CASES ,Monitor Stock
20913,SET/5 BLUE SPOTTY LID GLASS BOWLS,Monitor Stock
22453,MEASURING TAPE BABUSHKA BLUE,Monitor Stock
85031A,ROMANTIC IMAGES SCRAP BOOK SET,Monitor Stock
17109B,FLOWER FAIRY INCENSE LAVENDER,Monitor Stock
84760L,LARGE HANGING GLASS+ZINC LANTERN,Reorder Immediately
22716,CARD CIRCUS PARADE,Reduce Inventory
21720,CAKE SHOP  STICKER SHEET,Monitor Stock
70007,HI TEC ALPINE HAND WARMER,Monitor Stock
85031B,BLOSSOM IMAGES SCRAP BOOK SET,Monitor Stock
22025,RING OF ROSES BIRTHDAY CARD,Monitor Stock
85177,BASKET OF FLOWERS SEWING KIT,Monitor Stock
85135B,BLUE DRAGONFLY HELICOPTER,Reduce Inventory
85197,SET OF 12 MINI BUNNIES IN A BUCKET,Monitor Stock
22803,IVORY EMBROIDERED QUILT ,Monitor Stock
21195,PINK  HONEYCOMB PAPER BALL ,Monitor Stock
21991,BOHEMIAN COLLAGE STATIONERY SET,Monitor Stock
84559B,3D SHEET OF CAT STICKERS,Monitor Stock
20991,JAZZ HEARTS MAGNETIC MEMO PAD,Monitor Stock
72799A,BLACK PILLAR CANDLE SILVER FLOCK,Monitor Stock
21338,MARAKESH LANTERN SMALL ,Monitor Stock
85165,CANDY PINK FRENCH BOUDOIR CLOCK,Monitor Stock
20765,CHRYSANTHEMUM SKETCHBOOK ,Monitor Stock
21592,RETROSPOT CIGAR BOX MATCHES ,Monitor Stock
21392,RED SPOTTY PUDDING BOWL,Monitor Stock
21414,SCALLOP SHELL SOAP DISH,Monitor Stock
17033,"BROCADE PURSE,SMALL ARCH BUTTON",Monitor Stock
21162,TOXIC AREA  DOOR HANGER ,Monitor Stock
22706,WRAP COWBOYS  ,Monitor Stock
35598D,PINK/WHITE CHRISTMAS TREE 60CM,Monitor Stock
22050,PINK PAISLEY ROSE GIFT WRAP,Monitor Stock
21289,LARGE STRIPES CHOCOLATE GIFT BAG,Monitor Stock
85166B,BLACK METAL BAROQUE PHOTO FRAME,Monitor Stock
21189,WHITE HONEYCOMB PAPER GARLAND ,Monitor Stock
84658,WHITE STITCHED CUSHION COVER,Monitor Stock
10133,COLOURING PENCILS BROWN TUBE,Monitor Stock
22214,CANDLE PLATE LACE WHITE,Monitor Stock
21721,CANDY SHOP  STICKER SHEET,Monitor Stock
21159,MOODY BOY  DOOR HANGER ,Monitor Stock
21255,"FRENCH BOTTLE , LAVENDER",Monitor Stock
22892,SET OF SALT AND PEPPER TOADSTOOLS,Monitor Stock
21185, HOME SWEET HOME  BLACKBOARD,Monitor Stock
85129D,BEADED CRYSTAL HEART PINK SMALL,Reduce Inventory
85049a,TRADITIONAL CHRISTMAS RIBBONS,Monitor Stock
21292,SMALL STRIPES CHOCOLATE GIFT BAG ,Monitor Stock
84578,ELEPHANT TOY WITH BLUE T-SHIRT,Reduce Inventory
21815,STAR  T-LIGHT HOLDER ,Reduce Inventory
21478,SILVER SKULL HOT WATER BOTTLE ,Monitor Stock
22103,MIRROR MOSAIC T-LIGHT HOLDER ROUND,Monitor Stock
72803A,ROSE SCENT CANDLE JEWELLED DRAWER,Monitor Stock
21942,SKULLS DESIGN FLANNEL,Monitor Stock
21243,PINK  POLKADOT PLATE ,Monitor Stock
85071A,BLUE CHARLIE+LOLA PERSONAL DOORSIGN,Monitor Stock
85032D,YULETIDE IMAGES GIFT WRAP SET,Monitor Stock
84559A,3D SHEET OF DOG STICKERS,Monitor Stock
21383,PACK OF 12 STICKY BUNNIES,Monitor Stock
22265,EASTER DECORATION NATURAL CHICK,Monitor Stock
84637,KITCHEN FLOWER POTS WALL PLAQUE,Monitor Stock
84659A,WHITE TRAVEL ALARM CLOCK,Reduce Inventory
85099f,JUMBO BAG STRAWBERRY,Monitor Stock
21300,ANTIQUE EDWARDIAN DRESSER,Monitor Stock
20759,CHRYSANTHEMUM POCKET BOOK ,Monitor Stock
21059,PARTY INVITES DINOSAURS,Monitor Stock
20622,VIPPASSPORT COVER ,Monitor Stock
84782A,PINK 3 TIER GLASS PLATE STAND,Monitor Stock
20677,PINK POLKADOT BOWL,Monitor Stock
22040,BOTANICAL ROSE GIFT WRAP,Monitor Stock
85231L,LAVENDER SCENTED SET/9 T-LIGHTS,Monitor Stock
85034C,3 ROSE MORRIS BOXED CANDLES,Monitor Stock
17039,INLAID WOOD INCENSE HOLDER,Monitor Stock
84762B,PINK PICNIC BARBECUE BUCKET,Monitor Stock
16016,LARGE CHINESE STYLE SCISSOR,Monitor Stock
21552,CERAMIC BIRDHOUSE BLACK ROSE  LARGE,Monitor Stock
46000P,POLYESTER FILLER PAD 65CMx65CM,Monitor Stock
40018E,TEA TIME PAPER LANTERNS,Monitor Stock
22775,PURPLE DRAWERKNOB ACRYLIC EDWARDIAN,Monitor Stock
20774,GREEN FERN NOTEBOOK,Monitor Stock
77101A,UNION FLAG WINDSOCK,Monitor Stock
20755,BLUE PAISLEY POCKET BOOK,Monitor Stock
20776,ABSTRACT CIRCLES NOTEBOOK,Monitor Stock
35599D,PINK AND WHITE CHRISTMAS TREE 120CM,Monitor Stock
85196,EASTER BUNNIES ON A STICK,Monitor Stock
22705,WRAP GREEN PEARS ,Reduce Inventory
20758,ABSTRACT CIRCLES POCKET BOOK,Monitor Stock
21063,PARTY INVITES JAZZ HEARTS,Monitor Stock
22199,FRYING PAN RED RETROSPOT,Monitor Stock
21551,CERAMIC BIRDHOUSE BUTTERFLY LARGE,Monitor Stock
79342B,BROWN FLOWER LIGHTS,Monitor Stock
84969,BOX OF 6 ASSORTED COLOUR TEASPOONS,Monitor Stock
21694,SMALL REGAL  SILVER CANDLEPOT ,Monitor Stock
79302M,"ART LIGHTS,FUNK MONKEY",Monitor Stock
21499,BLUE POLKADOT WRAP,Monitor Stock
72816,SET/3 CHRISTMAS DECOUPAGE CANDLES,Monitor Stock
22256,FELT FARM ANIMAL CHICKEN,Monitor Stock
22396,MAGNETS PACK OF 4 RETRO PHOTO,Monitor Stock
22545,MINI JIGSAW BUNNIES,Monitor Stock
22181,SNOWSTORM PHOTO FRAME FRIDGE MAGNET,Monitor Stock
22988,SOLDIERS EGG CUP ,Monitor Stock
21926,RED/CREAM STRIPE CUSHION COVER ,Monitor Stock
20941,FROG CANDLE,Monitor Stock
22099,CARAVAN SQUARE TISSUE BOX,Monitor Stock
22209,WOOD STAMP SET HAPPY BIRTHDAY,Reduce Inventory
20833,SHAKER THROW  QUILTED,Reorder Immediately
37423,WHITE WITH BLACK CATS PLATE,Monitor Stock
21944,KITTENS DESIGN FLANNEL,Monitor Stock
85017B,ENVELOPE 50 BLOSSOM IMAGES,Monitor Stock
21066,VINTAGE RED MUG,Monitor Stock
84767,ZINC POLICE BOX LANTERN,Reorder Immediately
85231G,ORANGE SCENTED SET/9 T-LIGHTS,Monitor Stock
20617,FIRST CLASS PASSPORT COVER ,Monitor Stock
85044,RED REINDEER STRING OF 20 LIGHTS,Monitor Stock
21244,BLUE POLKADOT PLATE ,Monitor Stock
21269,ANTIQUE CREAM CUTLERY SHELF ,Reduce Inventory
20756,GREEN FERN POCKET BOOK,Monitor Stock
84666,SQUARE CHERRY BLOSSOM CABINET,Monitor Stock
21555,CERAMIC STRAWBERRY TRINKET TRAY,Monitor Stock
21558,SKULL LUNCHBOX WITH CUTLERY ,Monitor Stock
20840,FRENCH FLORAL CUSHION COVER ,Monitor Stock
22058,CERAMIC LOVE HEARTS DESIGN MUG,Monitor Stock
84358,FLOOR LAMP SHADE WOOD BASE,Monitor Stock
17129F,DEEP BLUE GLASS GEMS IN BAG,Monitor Stock
84509G,SET OF 4 FAIRY CAKE PLACEMATS ,Monitor Stock
22789,T-LIGHT HOLDER SWEETHEART HANGING,Monitor Stock
22101,MIRROR MOSAIC VOTIVE HOLDER,Monitor Stock
37494A,FAIRY CAKE CERAMIC BUTTER DISH,Monitor Stock
84625D,WHITE NEWBAROQUE CANDLESTICK CANDLE,Monitor Stock
21739,COSY SLIPPER SHOES SMALL GREEN,Reduce Inventory
46776F,WOVEN ROSE GARDEN CUSHION COVER ,Monitor Stock
45008C,DECORATIVE NET CANOPY CREAM,Monitor Stock
22785,CUSHION COVER PINK UNION FLAG,Monitor Stock
37330,SPOTS MUG,Monitor Stock
20700,GREEN CAT FLORAL CUSHION COVER ,Monitor Stock
47591d,PINK FAIRY CAKE CHILDRENS APRON,Monitor Stock
21286,RETRO SPOT CANDLE  LARGE,Monitor Stock
48173c,DOORMAT BLACK FLOCK ,Monitor Stock
85017A,ENVELOPE 50 ROMANTIC IMAGES,Monitor Stock
85131A,BEADED PEARL HEART WHITE ON STICK,Monitor Stock
21725,SWEETIES  STICKERS,Monitor Stock
22414,DOOR MAT NEIGHBOURHOOD WITCH ,Monitor Stock
21684,SMALL MEDINA STAMPED METAL BOWL ,Monitor Stock
22048,BIRTHDAY BANQUET GIFT WRAP,Reduce Inventory
21773,DECORATIVE ROSE BATHROOM BOTTLE,Monitor Stock
20989,URBAN CHIC CHOPSTICKS SET/5,Monitor Stock
20984,12 PENCILS TALL TUBE POSY,Monitor Stock
85025C,PINK HEART SHAPE PHOTO FRAME,Monitor Stock
21043,APRON MODERN VINTAGE COTTON,Monitor Stock
21331,MOROCCAN BEATEN METAL DISH LARGE,Monitor Stock
21317,GLASS SPHERE CANDLE STAND MEDIUM,Monitor Stock
20707,CRAZY DAISY HEART DECORATION,Monitor Stock
37461,FUNKY MONKEY MUG,Monitor Stock
84534B,FAIRY CAKE NOTEBOOK A5 SIZE,Reduce Inventory
84843,WHITE SOAP RACK WITH 2 BOTTLES,Monitor Stock
21500,PINK POLKADOT WRAP ,Monitor Stock
22543,MINI JIGSAW BAKE A CAKE ,Monitor Stock
82613D,METAL SIGN CUPCAKE SINGLE HOOK,Reduce Inventory
84638,SMALL KITCHEN FLOWER POTS PLAQUE,Monitor Stock
22182,CAKE STAND VICTORIAN FILIGREE SMALL,Monitor Stock
84761,IVORY HANGING BIRD PLANTER ,Monitor Stock
21554,CERAMIC BIRDHOUSE RED ROOF LARGE,Monitor Stock
21633,SUNFLOWER DECORATIVE PARASOL,Monitor Stock
72755C,FLOWER FAIRY OIL BURNER SET ROSE,Monitor Stock
21427,SKULLS STORAGE BOX SMALL,Monitor Stock
21219,SET/4 BADGES BALLOON GIRL,Reduce Inventory
84029C,BROWN FURRY HOT WATER BOTTLE,Monitor Stock
84922,PINK BUTTERFLY WASHBAG,Monitor Stock
84925F,PSYCHEDELIC WALL THERMOMETER,Monitor Stock
84631,FRUIT TREE AND BIRDS WALL PLAQUE,Monitor Stock
20757,RED DAISY POCKET BOOK ,Monitor Stock
84665,SQUARE CHERRY BLOSSOM CABINET,Monitor Stock
84905,PINK BUTTERFLY CUSHION COVER ,Monitor Stock
84963A,PINK PAINTED KASHMIRI CHAIR,Monitor Stock
35811A,ENAMEL PINK SUGAR CONTAINER,Monitor Stock
10125,MINI FUNKY DESIGN TAPES,Reduce Inventory
22492,MINI PAINT SET VINTAGE  BOY+ GIRL,Monitor Stock
84762C,GREEN PICNIC BARBECUE BUCKET,Monitor Stock
21238,RED RETROSPOT CUP,Monitor Stock
20934,SET/3 POT PLANT CANDLES,Monitor Stock
21277,FRENCH STYLE EMBOSSED HEART CABINET,Monitor Stock
85125,SMALL ROUND CUT GLASS CANDLESTICK,Monitor Stock
20867,PINK ROSE FABRIC MIRROR,Monitor Stock
22714,CARD BIRTHDAY COWBOY,Reduce Inventory
84816,DANISH ROSE BEDSIDE CABINET,Monitor Stock
16244B,MAXWELL 2 TONE BLUE 60 PAGE PHOTO A,Monitor Stock
21242,RED RETROSPOT PLATE ,Monitor Stock
21298,EDWARDIAN 2 DRAWER WALL CABINET ,Monitor Stock
22049,WRAP CHRISTMAS SCREEN PRINT,Monitor Stock
84569D,PACK 6 HEART/ICE-CREAM PATCHES,Monitor Stock
20986,BLUE CALCULATOR RULER,Monitor Stock
47581B,FAIRY CAKE WICKER PICNIC BASKET ,Monitor Stock
22756,LARGE YELLOW BABUSHKA NOTEBOOK ,Monitor Stock
21726,MULTI HEARTS  STICKERS,Monitor Stock
17165B,ASS COL LARGE SAND GECKO P'WEIGHT,Monitor Stock
84653,GREEN ROSE QUILT ,Monitor Stock
84615,PINK ROUND BUTTERFLY MIRROR ,Monitor Stock
22393,PAPERWEIGHT VINTAGE COLLAGE,Monitor Stock
79030G,"TUMBLER, NEW ENGLAND",Monitor Stock
22324,BLUE POLKADOT KIDS BAG,Reduce Inventory
21284,RETRO SPOT CANDLE  SMALL,Monitor Stock
22493, PAINT YOUR OWN CANVAS SET,Monitor Stock
72800A,S/4 BLACK DINNER CANDLE SILVER FLOC,Monitor Stock
22280,POCKET BAG PINK PAISELY BROWN SPOT,Monitor Stock
22676,"FRENCH BLUE METAL DOOR SIGN, 1",Monitor Stock
21391,FRENCH EMROIDR LAVENDER SCENT HEART,Monitor Stock
20675,BLUE POLKADOT BOWL,Monitor Stock
22269,EGG CUP NATURAL CHICKEN,Monitor Stock
85194L,HANGING SPRING FLOWER EGG LARGE,Monitor Stock
84907,PINK YELLOW PATCH CUSHION COVER,Monitor Stock
84620,BLUE GINGHAM ROSE CUSHION COVER,Monitor Stock
84596E,SMALL LICORICE DES PINK BOWL,Monitor Stock
21366,MIRRORED WALL ART PHOTO FRAMES,Monitor Stock
84689,S/2 BEACH HUT TREASURE CHESTS,Monitor Stock
85053,FRENCH ENAMEL CANDLEHOLDER,Monitor Stock
84674,FLYING PIG WATERING CAN,Monitor Stock
35647,VINTAGE BEAD PINK SHADE ,Monitor Stock
ADJUST2,Adjustment by Peter on Jun 25 2010 ,Reorder Immediately
20910,VINTAGE PHOTO ALBUM PARIS DAYS,Monitor Stock
20894,HANGING BAUBLE T-LIGHT HOLDER LARGE,Monitor Stock
47503F,ASS FLORAL PRINT TORCH,Monitor Stock
78124,MAGAZINE RACK GEBRA ASSORTED ,Monitor Stock
21250,SET OF SKULL WALL STICKERS,Monitor Stock
72800B,S/4 PURPLE DINNER CANDLE BLK FLOCK,Monitor Stock
21817,GLITTER CHRISTMAS TREE,Monitor Stock
21443,OLIVE CHALET BIRDFEEDER,Monitor Stock
90175A,WHITE GLASS CHUNKY CHARM BRACELET,Monitor Stock
22340,NOEL GARLAND PAINTED ZINC ,Monitor Stock
22792,FLUTED ANTIQUE CANDLE HOLDER,Monitor Stock
20782,CAMOUFLAGE EAR MUFF HEADPHONES,Monitor Stock
21393,BLUE  SPOTTY PUDDING BOWL,Monitor Stock
22339,CHRISTMAS TREE PAINTED ZINC ,Monitor Stock
84971L,LARGE HEART FLOWERS HOOK   ,Monitor Stock
22106,MIRROR MOSAIC HURRICANE LAMP ,Monitor Stock
20901,VINTAGE KEEPSAKE BOX PINK FLOWER,Monitor Stock
10134,COLOURING PENCILS BROWN TUBE,Monitor Stock
84684,BEACH HUT PHOTO FRAME,Monitor Stock
22216,T-LIGHT HOLDER WHITE LACE,Monitor Stock
22287,"DECORATION , WOBBLY CHICKEN, METAL ",Monitor Stock
22532,MAGIC DRAWING SLATE LEAP FROG ,Monitor Stock
35951,FOLKART BAUBLE CHRISTMAS DECORATION,Monitor Stock
21664,RIDGED GLASS STORAGE JAR CREAM LID,Monitor Stock
21076,SET/20 COLLAGE PAPER NAPKIN ,Monitor Stock
20850,ZINC HEART LATTICE PLANTER BOWL,Monitor Stock
21133,PAINTED BIRD ASSORTED CHRISTMAS,Monitor Stock
72819,CUPID DESIGN SCENTED CANDLES,Monitor Stock
22316,200 BENDY SKULL STRAWS,Monitor Stock
85124B,BLUE JUICY FRUIT PHOTO FRAME,Monitor Stock
46776B,WOVEN BERRIES CUSHION COVER ,Monitor Stock
21308,LOUVRE VANITY MIRROR,Reorder Immediately
84687,BEACH HUT SHELF W 3 DRAWERS,Monitor Stock
84869,CANDY BUTTON PHOTO ALBUM,Monitor Stock
84360,TABLE LAMP WHITE SHADE WOOD BASE,Monitor Stock
21131,GOLD STANDING GNOME,Monitor Stock
21822,GLITTER CHRISTMAS TREE WITH BELLS,Monitor Stock
22986,GINGHAM ROSE WRAP,Monitor Stock
20669,RED HEART LUGGAGE TAG,Monitor Stock
21740,COSY SLIPPER SHOES LARGE RED,Monitor Stock
20775,DAISY NOTEBOOK ,Monitor Stock
85017C,ENVELOPE 50 CURIOUS IMAGES,Monitor Stock
84033,FLAG OF ST GEORGE ,Monitor Stock
84536B,FAIRY CAKES NOTEBOOK A7 SIZE,Reduce Inventory
85231E,STRAWBERRY SCENTED SET/9 T-LIGHTS,Monitor Stock
22036,DINOSAUR BIRTHDAY CARD,Reduce Inventory
22512,DOORSTOP RACING CAR DESIGN,Monitor Stock
37333,"RETRO ""TEA FOR ONE"" ",Monitor Stock
72755D,FLOWER FAIRY OIL BURNER SET SUMMER,Monitor Stock
84842,HELLO SAILOR BATHROOM SET,Monitor Stock
20862,PINK PATCH PENCIL CASE BLUE HEART,Monitor Stock
72753A,S/3 FLWR FAIRY LILLY CANDLES,Monitor Stock
22598,CHRISTMAS MUSICAL ZINC TREE,Monitor Stock
22948,METAL DECORATION NAUGHTY CHILDREN ,Monitor Stock
84247E,PACK/12 XMAS FUN CARD,Monitor Stock
85136A,YELLOW SHARK HELICOPTER,Monitor Stock
22232,JIGSAW TOADSTOOLS 3 PIECE,Monitor Stock
84715,SET OF 6 ICE CREAM SKITTLES,Monitor Stock
22673,FRENCH GARDEN SIGN BLUE METAL,Monitor Stock
90200C,BLUE SWEETHEART BRACELET,Monitor Stock
22546,MINI JIGSAW PURDEY,Monitor Stock
37492D,PURPLE GREEN FLOWER PIGGY BANK,Monitor Stock
22847,"BREAD BIN, DINER STYLE, IVORY",Monitor Stock
22762,CUPBOARD 3 DRAWER MA CAMPAGNE,Monitor Stock
84625A,PINK NEW BAROQUECANDLESTICK CANDLE,Monitor Stock
90200D,PINK SWEETHEART BRACELET,Monitor Stock
21674,RIDGED GLASS PENDANT LAMPSHADE,Monitor Stock
21758,VINTAGE SHELLS PRINT,Monitor Stock
84313B,BLUE TV TRAY TABLE ,Monitor Stock
85127,SMALL SQUARE CUT GLASS CANDLESTICK,Monitor Stock
22228,BUNNY WOODEN PAINTED WITH BIRD ,Monitor Stock
22802,FAUX FUR CHOCOLATE THROW,Monitor Stock
22343,PARTY PIZZA DISH RED RETROSPOT,Monitor Stock
85039A,SET/4 RED MINI ROSE CANDLE IN BOWL,Monitor Stock
21631,HIPPY CHIC DECORATIVE PARASOL,Monitor Stock
15056n,EDWARDIAN PARASOL NATURAL,Monitor Stock
20704,MR ROBOT SOFT TOY,Monitor Stock
21253,SET OF PICTURE FRAME  STICKERS,Monitor Stock
22034,ROBIN CHRISTMAS CARD,Monitor Stock
72023F,RED ORGANIC CANDLE IN GLASS,Monitor Stock
85071B,RED CHARLIE+LOLA PERSONAL DOORSIGN,Monitor Stock
20866,BLUE ROSE FABRIC MIRROR,Monitor Stock
84341B,SMALL PINK MAGIC CHRISTMAS TREE,Monitor Stock
72750B,FLOWER FAIRY SET 3 CANDLES LAVENDER,Monitor Stock
85141,JARDIN ETCHED GLASS FRUITBOWL,Monitor Stock
21247,SET OF RED SALAD SERVERS ,Reduce Inventory
21676,FLOWERS  STICKERS,Monitor Stock
85084,HOLLY TOP CHRISTMAS STOCKING,Monitor Stock
22896,PEG BAG APPLE DESIGN,Monitor Stock
21376,LARGE  TALL CAMPHOR WOOD TOADSTOOL ,Monitor Stock
22383,LUNCHBAG SUKI  DESIGN ,Monitor Stock
17096,ASSORTED LAQUERED INCENSE HOLDERS,Monitor Stock
17109C,FLOWER FAIRY INCENSE ROSE,Monitor Stock
22322,BIRD DECORATION GREEN  SPOT,Monitor Stock
22123,PING MICROWAVE APRON,Monitor Stock
21764,VINTAGE WOODEN PLATE RACK,Monitor Stock
16235,RECYCLED PENCIL WITH RABBIT ERASER,Monitor Stock
20652,BLUE SPOTTY LUGGAGE TAG ,Monitor Stock
22250,DECORATION  BUTTERFLY  MAGIC GARDEN,Monitor Stock
22056,CERAMIC PLATE LOVE HEART DESIGN,Monitor Stock
21239,PINK  POLKADOT CUP,Monitor Stock
22164,STRING OF STARS CARD HOLDER,Monitor Stock
22677,"FRENCH BLUE METAL DOOR SIGN, 2",Monitor Stock
22054,MINI CAKE STAND HANGING HEARTS,Monitor Stock
22230,JIGSAW TREE WITH WATERING CAN,Monitor Stock
17165D,ASS COL LARGE SAND FROG P'WEIGHT,Monitor Stock
72799C,PINK PILLAR CANDLE SILVER FLOCK,Monitor Stock
18007,ESSENTIAL BALM 3.5g TIN IN ENVELOPE,Monitor Stock
37474,SET/4 2 TONE EGG SHAPE MIXING BOWLS,Monitor Stock
20714,POSY SHOPPER BAG,Monitor Stock
21350,GINGHAM HEART WREATH,Monitor Stock
21134,VICTORIAN METAL POSTCARD CHRISTMAS,Monitor Stock
37444C,PINK BREAKFAST CUP AND SAUCER ,Monitor Stock
20802,SMALL GLASS SUNDAE DISH CLEAR,Monitor Stock
85145,JARDIN ETCHED GLASS LARGE BELL JAR,Monitor Stock
22678,"FRENCH BLUE METAL DOOR SIGN, 3",Monitor Stock
47597,NEW ENGLAND TEATOWELS,Reduce Inventory
84824,DANISH ROSE UMBRELLA STAND,Monitor Stock
85214,TUB 24 PINK FLOWER PEGS,Reduce Inventory
17181,CIRCLE OF FRIENDS CANDLE HOLDER,Monitor Stock
85230F,JASMINE VOTIVE CANDLE,Monitor Stock
84925D,LA PALMIERA WALL THERMOMETER,Monitor Stock
46776A,WOVEN BUBBLE GUM CUSHION COVER,Monitor Stock
84520D,PACK OF 20 FAIRY CAKE PAPER NAPKINS,Monitor Stock
21850,BLUE  DIAMANTE PEN IN GIFT BOX,Monitor Stock
84986B,SET OF 36 SILVER PAPER DOILIES,Monitor Stock
21665,TRIANGULAR RIDGED GLASS POSY HOLDER,Monitor Stock
84601A,NEW BAROQUE IVORY CUSHION COVER ,Monitor Stock
22134,LADLE LOVE HEART RED ,Monitor Stock
90082D,DIAMANTE BOW BROOCH BLACK COLOUR,Monitor Stock
75013B,"STRING OF 8 BUTTERFLIES,PINK",Monitor Stock
22408,MONEY BOX CONFECTIONERY DESIGN,Monitor Stock
17164B,ASS COL SMALL SAND GECKO P'WEIGHT,Monitor Stock
22093,MOTORING TISSUE BOX,Monitor Stock
22389,PAPERWEIGHT SAVE THE PLANET,Monitor Stock
85028L,FRENCH CHATEAU LARGE FRUIT BOWL ,Monitor Stock
79163,BLACK CHAMPAGNE GLASS,Monitor Stock
35004P,SET OF 3 PINK FLYING DUCKS,Monitor Stock
35471D,SET OF 3 BIRD LIGHT PINK FEATHER ,Reduce Inventory
22104,MIRROR MOSAIC CANDLE PLATE,Monitor Stock
84964A,PINK PAINTED KASHMIRI TABLE,Reorder Immediately
85049e,SCANDINAVIAN REDS RIBBONS,Monitor Stock
22965,3 TRADITIONAl BISCUIT CUTTERS  SET,Monitor Stock
21775,DECORATIVE FLORE BATHROOM BOTTLE,Reduce Inventory
72814,SET OF 3 CHRISTMAS BRIAR CANDLES,Monitor Stock
16169N,WRAP BLUE RUSSIAN FOLKART,Monitor Stock
21061,PARTY INVITES FOOTBALL,Monitor Stock
85218,S/5 MINI ICE CREAM FRIDGE MAGNETS,Reorder Immediately
84968F,SET OF 16 VINTAGE SKY BLUE CUTLERY,Monitor Stock
82616A,BUBBLE GUM SCARF KNITTING KIT,Monitor Stock
22289,"DECORATION , HANGING METAL CHICKEN",Monitor Stock
20657,TROPICAL LUGGAGE TAG,Monitor Stock
22249,DECORATION WHITE CHICK MAGIC GARDEN,Monitor Stock
20701,PINK CAT FLORAL CUSHION COVER ,Monitor Stock
62094B,TURQ ICE CREAM BUM BAG ,Monitor Stock
21202,DOLLY HONEYCOMB GARLAND,Monitor Stock
16156N,"WRAP, FRIENDSHIP ON GREEN",Reduce Inventory
85093,CANDY SPOT EGG WARMER HARE,Monitor Stock
22267,EASTER DECORATION EGG BUNNY ,Monitor Stock
72772,SET/4 SCENTED CANDLES IN RAMEKINS,Monitor Stock
84932C,SMALL ORIENTAL BLUE FOLDING STOOL,Monitor Stock
21307,SET/4 BUTTERFLY MIRROR MAGNETS,Monitor Stock
22794,SWEETHEART WIRE MAGAZINE RACK,Monitor Stock
20689,RETRO SISTERS EXPRESSO CUPS,Monitor Stock
90147,CHUNKY SILVER NECKLACE PASTEL FLOWE,Monitor Stock
47583A,SET OF 3 WICKER BASKET ROSE,Reorder Immediately
21632,VINTAGE PINK DECORATIVE PARASOL,Monitor Stock
79315W,FLYING SAUCER TABLE LIGHT IN WHITE,Monitor Stock
85169A,IVORY LOVE BIRD CANDLE,Monitor Stock
22914,BLUE COAT RACK PARIS FASHION,Monitor Stock
22680,"FRENCH BLUE METAL DOOR SIGN, 5",Monitor Stock
21980,PACK OF 12 RED RETROSPOT TISSUES ,Monitor Stock
21173,LOO ROLL  METAL SIGN ,Monitor Stock
22233,JIGSAW RABBIT AND BIRDHOUSE,Monitor Stock
21199,PINK  HEART CONFETTI IN TUBE,Reduce Inventory
22529,MAGIC DRAWING SLATE GO TO THE FAIR ,Monitor Stock
16225,RATTLE SNAKE EGGS,Monitor Stock
21240,BLUE POLKADOT CUP,Monitor Stock
85028S,FRENCH CHATEAU SMALL FRUITBOWL,Monitor Stock
85135A,YELLOW DRAGONFLY HELICOPTER,Monitor Stock
21060,PARTY INVITES BALLOON GIRL,Monitor Stock
85135C,RED DRAGONFLY HELICOPTER,Monitor Stock
37351,ORANGE FLOWER MUG ,Monitor Stock
84932A,SMALL GREEN PEONY FOLDING STOOL,Monitor Stock
20863,BLUE PATCH PENCIL CASE PINK HEART,Monitor Stock
20769,DAISY JOURNAL ,Monitor Stock
21619,4 VANILLA BOTANICAL CANDLES,Monitor Stock
22481,BLACK TEA TOWEL CLASSIC DESIGN,Monitor Stock
85185D,FROG SOCK PUPPET,Monitor Stock
21440,12 MINI TOADSTOOL PEGS,Monitor Stock
84682,CLASSICAL ROSE DISH,Monitor Stock
21873,IF YOU CAN'T STAND THE HEAT MUG,Monitor Stock
22679,"FRENCH BLUE METAL DOOR SIGN, 4",Monitor Stock
21293,MIRRORED DOVE WALL DECORATION,Monitor Stock
85117,NIGHTINGALE COATHOOK WHITE,Monitor Stock
84625C,BLUE NEW BAROQUE CANDLESTICK CANDLE,Monitor Stock
85180A,RED HEARTS LIGHT CHAIN ,Monitor Stock
20849,ZINC HEART LATTICE DOUBLE PLANTER,Monitor Stock
84997d,PINK 3 PIECE POLKADOT CUTLERY SET,Monitor Stock
21458,2 PICTURE BOOK EGGS EASTER BUNNY,Monitor Stock
21816,CHRISTMAS TREE T-LIGHT HOLDER,Monitor Stock
85188B,PINK METAL SWINGING BUNNY,Reduce Inventory
85113,POLKA DOT PISTACHIO PAIL,Monitor Stock
21304,ARCHED GREY MIRROR,Monitor Stock
21322,GLASS SPHERE CANDLE STAND LARGE ,Monitor Stock
21562,HAWAIIAN GRASS SKIRT ,Monitor Stock
20661,BLUE SPOTTY PURSE ,Monitor Stock
21344,MOROCCAN BEATEN METAL DISH,Monitor Stock
22805,BLUE DRAWER KNOB ACRYLIC EDWARDIAN,Monitor Stock
21256,"FRENCH BOTTLE, BRASSERIE DES ARTIST",Monitor Stock
20898,VINTAGE NOTEBOOK TRAVELOGUE,Monitor Stock
21416,CLAM SHELL LARGE,Monitor Stock
21893,POTTING SHED SEED TIN,Monitor Stock
35653,VINTAGE BEAD NOTEBOOK,Reduce Inventory
20695,FLORAL BLUE MONSTER,Monitor Stock
22108,PING! MICROWAVE PLATE,Monitor Stock
21223,SET/4 BADGES WOODLAND ANIMAL,Monitor Stock
84934,ASSTD DESIGN POP ART SLIM PEN,Monitor Stock
22683,"FRENCH BLUE METAL DOOR SIGN, 8",Monitor Stock
16169K,WRAP FOLK ART,Monitor Stock
84997c,BLUE 3 PIECE POLKADOT CUTLERY SET,Monitor Stock
22962,JAM JAR WITH PINK LID,Monitor Stock
84569C,PACK 4 FLOWER/BUTTERFLY PATCHES,Reduce Inventory
85096,HILDA CANDY SPOT RABBIT,Monitor Stock
21016,LIGHT BIRD HOUSE TREE DECORATION,Monitor Stock
85092,CANDY SPOT TEA COSY,Monitor Stock
15034,PAPER POCKET TRAVELING FAN ,Monitor Stock
21786,POLKADOT RAIN HAT ,Monitor Stock
72232,FENG SHUI PILLAR CANDLE,Monitor Stock
21553,CERAMIC BIRDHOUSE FINCH BLUE  LARGE,Monitor Stock
35954,SMALL FOLKART STAR CHRISTMAS DEC,Monitor Stock
22837,HOT WATER BOTTLE BABUSHKA LARGE,Monitor Stock
22700,BLACK AND WHITE DOG BOWL,Monitor Stock
20804,GLASS CHICKEN BUTTER DISH,Monitor Stock
20619,TROPICAL PASSPORT COVER ,Monitor Stock
21419,CONCH SHELL,Monitor Stock
22685,"FRENCH BLUE METAL DOOR SIGN, 0",Monitor Stock
82613A,"METAL SIGN,CUPCAKE SINGLE HOOK",Reduce Inventory
85036C,ROSE 1 WICK MORRIS BOXED CANDLE,Monitor Stock
84932D,SMALL ORIENTAL RED FOLDING STOOL,Monitor Stock
22643,SET OF 4 NAPKIN CHARMS LEAVES   ,Monitor Stock
21319,GLASS CHALICE GREEN  SMALL ,Monitor Stock
20897,VINTAGE NOTEBOOK PARIS DAYS,Monitor Stock
21284,RETROSPOT CANDLE  SMALL,Monitor Stock
22684,"FRENCH BLUE METAL DOOR SIGN, 9",Monitor Stock
22097,SWALLOW SQUARE TISSUE BOX,Monitor Stock
22709,WRAP WEDDING DAY,Monitor Stock
20615,BLUE SPOTTY PASSPORT COVER,Monitor Stock
21724,PANDA AND BUNNIES STICKER SHEET,Monitor Stock
22062,CERAMIC BOWL WITH LOVE HEART DESIGN,Monitor Stock
17109D,FLOWER FAIRY INCENSE BOUQUET,Monitor Stock
72598,SET/12 TAPER CANDLES,Monitor Stock
85129A,"WHITE PEARL BEADED HEART, SMALL",Monitor Stock
84595E,LARGE TORTILLA DESIGN RED BOWL,Monitor Stock
21392,RED POLKADOT PUDDING BOWL,Monitor Stock
22896,PEG BAG APPLES DESIGN,Monitor Stock
85119,WATERING CAN SINGLE HOOK PISTACHIO,Monitor Stock
20705,MRS ROBOT SOFT TOY,Monitor Stock
22425,ENAMEL COLLANDER CREAM,Monitor Stock
16169C,WRAP BLUE REINDEER,Monitor Stock
22699,TEACUP AND SAUCER REGENCY ROSES,Monitor Stock
21285,RETRO SPOT CANDLE  MEDIUM,Monitor Stock
20832,RED FLOCK LOVE HEART PHOTO FRAME,Monitor Stock
37345,ASSTD HEARTS DESIGN MUGS,Monitor Stock
84773,RED ROSE AND LACE C/COVER,Monitor Stock
22682,"FRENCH BLUE METAL DOOR SIGN, 7",Monitor Stock
20699,MOUSEY LONG LEGS SOFT TOY,Monitor Stock
85032A,ROMANTIC IMAGES GIFT WRAP SET,Monitor Stock
84712B,PINK JEWELLED PHOTO FRAME,Monitor Stock
22811,SET OF 6 T-LIGHTS CACTI ,Monitor Stock
85090,CANDY SPOT APRON,Monitor Stock
22227,HANGING HEART MIRROR DECORATION ,Monitor Stock
16162L,THE KING GIFT BAG,Monitor Stock
22950,SET OF 36 DOILIES VINTAGE CHRISTMAS,Reorder Immediately
20935,ROUND CACTUS CANDLE,Monitor Stock
20830,SILVER PHOTO FRAME,Monitor Stock
21160,KEEP OUT GIRLS DOOR HANGER ,Monitor Stock
21456,2 PICTURE BOOK EGGS EASTER CHICKS,Monitor Stock
22448,PIN CUSHION BABUSHKA RED,Monitor Stock
22255,FELT TOADSTOOL  SMALL,Monitor Stock
21666, RIDGED GLASS T-LIGHT HOLDER,Monitor Stock
22452,MEASURING TAPE RUSSIAN DOLL PINK,Monitor Stock
22416,SET OF 36 DOILIES SPACEBOY DESIGN ,Monitor Stock
79066K,RETRO MOD TRAY,Monitor Stock
21457,2 PICTURE BOOK EGGS EASTER DUCKS,Monitor Stock
22681,"FRENCH BLUE METAL DOOR SIGN, 6",Monitor Stock
21320,GLASS CHALICE GREEN  LARGE ,Monitor Stock
85091,CANDY SPOT BREAD BASKETS,Monitor Stock
20888,SET 3 JARDIN DE FEMME SCENT CANDLES,Monitor Stock
20936,FORKED CACTUS CANDLE,Monitor Stock
22258,FELT FARM ANIMAL RABBIT,Monitor Stock
20665,RED RETROSPOT PURSE ,Monitor Stock
85188A,GREEN METAL SWINGING BUNNY,Reduce Inventory
84675,FROG KING WATERING CAN,Monitor Stock
21377,SMALL CAMPHOR WOOD FIELD  MUSHROOM,Monitor Stock
21339,MARAKESH LANTERN LARGE,Monitor Stock
84596K,JELLY BABIES YELLOW SMALL BOWL,Monitor Stock
22983,"CARD, BILLBOARD FONT",Monitor Stock
21261,GREEN GOOSE FEATHER CHRISTMAS TREE ,Monitor Stock
35969,FOLKART CROWN TABLE DECORATIONS,Monitor Stock
20943,SET/6 GINGERBREAD STAR T-LIGHTS,Monitor Stock
22033,BOTANICAL ROSE GREETING CARD,Monitor Stock
20997,ROSE DU SUD CUSHION COVER ,Monitor Stock
21200,MULTICOLOUR HONEYCOMB PAPER GARLAND,Monitor Stock
82616C,MIDNIGHT GLAMOUR SCARF KNITTING KIT,Monitor Stock
22773,GREEN DRAWER KNOB ACRYLIC EDWARDIAN,Monitor Stock
84414B,FUSCHIA/GREEN STRIPE WOOLLY BLANKET,Monitor Stock
21017,RED BIRD HOUSE TREE DECORATION,Monitor Stock
84865,NEW BAROQUE BLACK PHOTO ALBUM,Monitor Stock
84609,TALL ROCOCO CANDLE HOLDER,Monitor Stock
72800D,S/4 BLUE DINNER CANDLE SILVER FLOCK,Monitor Stock
21719,LOVELY BONBON STICKER SHEET,Monitor Stock
90203,SILVER CHARM NECKLACE 70CM,Monitor Stock
21375,LARGE CAMPHOR WOOD FIELD MUSHROOM ,Monitor Stock
22547,MINI JIGSAW DINOSAUR ,Reduce Inventory
85111,SILVER GLITTER FLOWER VOTIVE HOLDER,Monitor Stock
84826,ASSTD DESIGN 3D PAPER STICKERS,Monitor Stock
21215, IVORY PAPER CUP CAKE CASES ,Monitor Stock
72267,PREMIUM CHURCH CANDLE,Monitor Stock
21129,SILVER FISHING GNOME ,Monitor Stock
21734,SMALL MARAKESH LANTERN ON STICK,Monitor Stock
22615,PACK OF 12 CIRCUS PARADE TISSUES ,Reduce Inventory
22403,MAGNETS PACK OF 4 VINTAGE LABELS ,Monitor Stock
22116,METAL SIGN HIS DINNER IS SERVED,Monitor Stock
22898,CHILDRENS APRON APPLE DESIGN,Monitor Stock
22963,JAM JAR WITH GREEN LID,Monitor Stock
72728,ROSE SCENT CANDLES IN GLASS,Monitor Stock
85104,SILVER GLASS T-LIGHT SET,Monitor Stock
85226C,BLUE PULL BACK RACING CAR,Monitor Stock
20733,GOLD MINI TAPE MEASURE ,Monitor Stock
37444A,YELLOW BREAKFAST CUP AND SAUCER,Monitor Stock
21883,STARS GIFT TAPE ,Reduce Inventory
84657,GREEN ROSE CUSHION COVER,Monitor Stock
84762A,WHITE PICNIC BARBECUE BUCKET,Monitor Stock
22927,GREEN GIANT GARDEN THERMOMETER,Monitor Stock
20932,PINK POT PLANT CANDLE,Monitor Stock
85170D,SET/6 PINK BIRD T-LIGHT CANDLES,Monitor Stock
16202B,PASTEL BLUE PHOTO ALBUM ,Monitor Stock
16169P,WRAP GREEN RUSSIAN FOLKART ,Monitor Stock
90120D,WHITE MURANO TWIST BRACELET,Monitor Stock
84849A,HELLO SAILOR BLUE SOAP HOLDER,Monitor Stock
21378,SMALL TALL CAMPHOR WOOD TOADSTOOL,Monitor Stock
84989B,75 BLACK FAIRY CAKE CASES,Monitor Stock
84952C,MIRROR LOVE BIRD T-LIGHT HOLDER,Monitor Stock
84782C,GREEN 3 TIER GLASS PLATE STAND,Monitor Stock
21540,DAIRY MAID CERAMIC BUTTER DISH,Monitor Stock
20763,DAISY SKETCHBOOK ,Monitor Stock
20753,RETRO PINK SPOT WASHING UP GLOVES,Monitor Stock
21641,ASSORTED TUTTI FRUTTI KEYRING BALL,Monitor Stock
22806,SET OF 6 T-LIGHTS WEDDING CAKE ,Monitor Stock
21706,FOLDING UMBRELLA RED/WHITE POLKADOT,Monitor Stock
90195A,PURPLE GEMSTONE BRACELET,Monitor Stock
22135,LADLE LOVE HEART PINK,Monitor Stock
22913,RED COAT RACK PARIS FASHION,Monitor Stock
35004S,SET OF 3 SILVER FLYING DUCKS,Monitor Stock
37352,BIRD IN TREE MUG ,Monitor Stock
82613B,"METAL SIGN,CUPCAKE SINGLE HOOK",Monitor Stock
90199C,5 STRAND GLASS NECKLACE CRYSTAL,Monitor Stock
85142,JARDIN ETCHED GLASS GINGER JAR,Monitor Stock
85030,FRENCH CHATEAU OVAL PLATTER,Monitor Stock
84993A,75 GREEN PETIT FOUR CASES,Reduce Inventory
72818,CHRISTMAS DECOUPAGE CANDLE,Monitor Stock
47591B,SCOTTIES DES CHILD'S APRON,Monitor Stock
21847,GREEN  DIAMANTE PEN IN GIFT BOX,Monitor Stock
20865,PATCHWORK PENCIL CASE BUTTERFLY ,Monitor Stock
85213,MINI  ZINC GARDEN DECORATIONS ,Monitor Stock
84632,DECORATIVE HANGING SHELVING UNIT,Reorder Immediately
35471A,SET OF 3 BIRD L.BLUE FEATHER,Monitor Stock
85163A,WHITE BAROQUE WALL CLOCK ,Monitor Stock
21635,MADRAS NOTEBOOK LARGE ,Monitor Stock
84805B,BLUE CLIMBING HYDRANGA ART FLOWER,Reorder Immediately
84596G,SMALL CHOCOLATES PINK BOWL,Monitor Stock
37475,SET/4 COLOURFUL MIXING BOWLS,Monitor Stock
20864,DENIM PATCH PENCIL CASE BUTTERFLY,Monitor Stock
47592A,CAROUSEL DES CHILD'S OVERALL,Monitor Stock
35600D,PINK AND WHITE CHRISTMAS TREE 180CM,Monitor Stock
90010B,BLACK/WHITE GLASS/SILVER BRACELET,Monitor Stock
15056bl,EDWARDIAN PARASOL BLACK,Monitor Stock
17021,NAMASTE SWAGAT INCENSE,Monitor Stock
21399,BLUE  SPOTTY  COFFEE MUG,Monitor Stock
22717,CARD DOG AND BALL ,Monitor Stock
72800C,S/4 PINK DINNER CANDLE SILVER FLOCK,Monitor Stock
47594B,SCOTTIES DESIGN WASHBAG,Monitor Stock
16239,BALLERINA HEART DECORATION.,Monitor Stock
84974,S/2 ZINC HEART DESIGN PLANTERS,Monitor Stock
35972,DAISY FOLKART HEART DECORATION,Monitor Stock
20903,VINTAGE KEEPSAKE BOX TRAVELOGUE,Monitor Stock
22715,CARD WEDDING DAY,Monitor Stock
21004,ROSE DU SUD CHILDS APRON,Monitor Stock
82616B,FRAPPUCINO SCARF KNITTING KIT,Monitor Stock
84706D,CHERRY BLOSSOM TABLE CLOCK ,Monitor Stock
21663,VINTAGE GLASS SUGAR CADDY,Monitor Stock
22042,CHRISTMAS CARD SINGING ANGEL,Monitor Stock
21286,RETROSPOT CANDLE  LARGE,Monitor Stock
22892,SALT AND PEPPER SHAKERS TOADSTOOLS,Monitor Stock
22964,3 PIECE SPACEBOY COOKIE CUTTER SET,Monitor Stock
22897,OVEN MITT APPLE DESIGN,Monitor Stock
85163B,BLACK BAROQUE WALL CLOCK ,Monitor Stock
47594A,CAROUSEL DESIGN WASHBAG,Monitor Stock
21209,MULTICOLOUR HONEYCOMB FAN,Monitor Stock
79191C,RETRO PLASTIC ELEPHANT TRAY,Monitor Stock
82605,OLD DOC RUSSEL METAL SIGN,Monitor Stock
22783,SET 3 WICKER OVAL BASKETS W LIDS,Monitor Stock
72131,COLUMBIAN CANDLE RECTANGLE,Monitor Stock
17012C,ORIGAMI LAVENDER INCENSE/CANDL SET ,Monitor Stock
21147,JINGLE BELLS TREE DECORATION,Monitor Stock
85227,SET/6 3D KIT CARDS FOR KIDS,Monitor Stock
16244A,MAXWELL 2 TONE PINK 60 PAGE PHOTO A,Monitor Stock
21318,GLASS CHALICE BLUE SMALL ,Monitor Stock
16049,TEATIME GEL PENS ASST,Monitor Stock
85159A,"BLACK TEA,COFFEE,SUGAR JARS",Monitor Stock
21650,ASSORTED TUTTI FRUTTI BRACELET,Monitor Stock
37492C,GREEN BLUE FLOWER PIGGY BANK,Monitor Stock
21620,S/4 ROSE    BOTANICAL  CANDLE,Monitor Stock
35915C,PEACH KNITTED HEN ,Monitor Stock
72750C,"F.FAIRY S/3 CANDLE/GLASS, ROSE",Monitor Stock
21336,GOLD WASHBAG,Monitor Stock
72801G,S/4 BURGUNDY WINE DINNER CANDLES,Monitor Stock
22702,BLACK AND WHITE CAT BOWL,Monitor Stock
62096A,PINK/YELLOW FLOWERS HANDBAG,Monitor Stock
84247G,"DECOUPAGE,GREETING CARD,",Monitor Stock
21536,DAIRY MAID  SMALL  MILK JUG,Monitor Stock
47367B,PAIR PADDED HANGERS PINK CHECK,Monitor Stock
22697,TEACUP AND SAUCER REGENCY GREEN,Monitor Stock
22951,72 CAKE CASES DOLLY GIRL DESIGN,Monitor Stock
85144,JARDIN ETCHED GLASS BUTTER DISH,Monitor Stock
84600,NEW BAROQUE JEWELLERY BOX ,Monitor Stock
21123,SET/10 IVORY POLKADOT PARTY CANDLES,Monitor Stock
84901,BLACK FACE LAMB WITH PANTS,Monitor Stock
35599B,BLACK CHRISTMAS TREE 120CM,Monitor Stock
84846A,SCENTED CANDLE IN DIGITALIS TIN,Monitor Stock
90184C,BLACK CHUNKY BEAD BRACELET W STRAP,Monitor Stock
72807c,SET/3 VANILLA SCENTED CANDLE IN BOX,Monitor Stock
84569B,PACK 3 FIRE ENGINE/CAR PATCHES,Monitor Stock
84306,S/3 PINK SQUARE PLANTERS ROSES,Monitor Stock
22268,EASTER DECORATION SITTING BUNNY,Monitor Stock
22686,"FRENCH BLUE METAL DOOR SIGN, No",Monitor Stock
85215,ASSORTED CHEESE FRIDGE MAGNETS,Monitor Stock
72799B,PURPLE PILLAR CANDLE BLACK FLOCK,Monitor Stock
90200E,GREEN SWEETHEART BRACELET,Monitor Stock
21198,WHITE HEART CONFETTI IN TUBE,Reduce Inventory
85109,PINK BOUDOIR T-LIGHT HOLDER,Monitor Stock
84798B,PURPLE FOXGLOVE ARTIIFCIAL FLOWER,Monitor Stock
20793,BLUE TILED TRAY,Monitor Stock
20998,ROSE DU SUD OVEN GLOVE,Reduce Inventory
84507C,BLUE CIRCLES DESIGN MONKEY DOLL,Monitor Stock
84972L,GIANT PINK HEART MEMO HOLDER,Monitor Stock
72789,BASKET/8 SCENTED LOVE TOKEN CANDLES,Monitor Stock
21222,SET/4 BADGES BEETLES,Monitor Stock
20831,GOLD PHOTO FRAME,Monitor Stock
22608,PENS ASSORTED FUNKY JEWELED ,Monitor Stock
84948,SILVER HANGING T-LIGHT HOLDER DOME,Monitor Stock
22193,RED WALL CLOCK,Reorder Immediately
22191,IVORY WALL CLOCK,Reorder Immediately
85136B,BLUE SHARK HELICOPTER,Monitor Stock
22647,CERAMIC LOVE HEART MONEY BANK,Monitor Stock
21090,SET/6 COLLAGE PAPER PLATES,Monitor Stock
35915B,BLUE KNITTED HEN ,Monitor Stock
22124,SET OF 2 TEA TOWELS PING MICROWAVE,Monitor Stock
84509A,ENGLISH ROSE PLACEMATS,Monitor Stock
72586,"S/6 HALLOWEEN GHOST T LIGHTS, 5CM H",Monitor Stock
21220,SET/4 BADGES DOGS,Monitor Stock
21750,LARGE SKULL WINDMILL,Monitor Stock
20621,ECONOMY PASSPORT COVER ,Monitor Stock
21503,TOYBOX  WRAP ,Reduce Inventory
82081,PINK HEARTS PHOTO ALBUM,Monitor Stock
22105,MIRROR MOSAIC GOBLET CANDLE HOLDER,Monitor Stock
21265,PINK GOOSE FEATHER TREE 60CM,Monitor Stock
90195B,BLACK GEMSTONE BRACELET,Monitor Stock
22538,MINI JIGSAW GO TO THE FAIR,Monitor Stock
85023B,EAU DE NILE JEWELLED PHOTOFRAME,Monitor Stock
17164D,ASS COL SMALL SAND FROG P'WEIGHT,Monitor Stock
72817,SET OF 2 CHRISTMAS DECOUPAGE CANDLE,Monitor Stock
85086A,CANDY SPOT HEART DECORATION,Monitor Stock
21723,ALPHABET HEARTS STICKER SHEET,Monitor Stock
22718,CARD CAT AND TREE ,Monitor Stock
21529,RED RETROSPOT TOASTRACK,Monitor Stock
85180B,PINK HEARTS LIGHT CHAIN ,Monitor Stock
22266,EASTER DECORATION HANGING BUNNY,Monitor Stock
17012A,ORIGAMI VANILLA INCENSE/CANDLE SET ,Monitor Stock
90200A,PURPLE SWEETHEART BRACELET,Monitor Stock
35598B,BLACK CHRISTMAS TREE 60CM,Monitor Stock
16243B,BROWN COZY SQUARE PHOTO ALBUM,Monitor Stock
84963B,BLUE PAINTED KASHMIRI CHAIR,Reorder Immediately
84247L,FAWN AND MUSHROOM GREETING CARD,Reduce Inventory
21014,SWISS CHALET TREE DECORATION ,Monitor Stock
16259,PIECE OF CAMO STATIONERY SET,Monitor Stock
62096B,PURPLE/TURQ FLOWERS HANDBAG,Monitor Stock
16161M,WRAP  PINK FLOCK,Monitor Stock
22785,SQUARECUSHION COVER PINK UNION FLAG,Monitor Stock
21062,PARTY INVITES SPACEMAN,Monitor Stock
20653,CHERRY BLOSSOM LUGGAGE TAG,Monitor Stock
79030A,"TUMBLER, ENGLISH ROSE",Monitor Stock
85129C,BEADED CRYSTAL HEART BLUE SMALL,Monitor Stock
84819,DANISH ROSE ROUND SEWING BOX,Monitor Stock
35922,EASTER BUNNY WREATH,Monitor Stock
71279,PINK GLASS CANDLEHOLDER,Monitor Stock
90161C,ANT COPPER LIME BOUDICCA BRACELET,Monitor Stock
47310M,"SMALL POP BOX,FUNKY MONKEY",Monitor Stock
22486,PLASMATRONIC LAMP,Monitor Stock
35953,FOLKART STAR CHRISTMAS DECORATIONS,Monitor Stock
20694,FLORAL PINK MONSTER,Monitor Stock
gift_0001_30,Dotcomgiftshop Gift Voucher £30.00,Monitor Stock
22343,PARTY PIZZA DISH RED WHITE SPOT ,Monitor Stock
85025B,EAU DE NILE HEART SHAPE PHOTO FRAME,Monitor Stock
84510F,SET OF 4 NEW ENGLAND COASTERS ,Monitor Stock
22263,FELT EGG COSY LADYBIRD ,Monitor Stock
22247,BUNNY DECORATION MAGIC GARDEN,Monitor Stock
84858B,BLUE RIVIERA HANDBAG,Monitor Stock
72132,COLUMBIAN CUBE CANDLE,Monitor Stock
82011C,BATHROOM SCALES FOOTPRINTS IN SAND,Monitor Stock
21393,BLUE POLKADOT PUDDING BOWL,Monitor Stock
37464,ROBOT MUG IN DISPLAY BOX,Monitor Stock
85208,SET/12 FUNKY FELT FLOWER PEG IN BAG,Monitor Stock
85146,JARDIN ETCHED GLASS SMALL BELL JAR,Monitor Stock
84966B,BLUE KASHMIRI BOXED MIRROR,Reorder Immediately
22264,FELT FARM ANIMAL WHITE BUNNY ,Monitor Stock
21530,DAIRY MAID TOASTRACK,Monitor Stock
84707B,PINK JEWELLED MIRROR TRINKET TRAY,Monitor Stock
22761,CHEST 7 DRAWER MA CAMPAGNE,Monitor Stock
21757,LIGHTHOUSE PRINTED METAL SIGN,Monitor Stock
85071C,"CHARLIE+LOLA""EXTREMELY BUSY"" SIGN",Monitor Stock
20715,LITTLE FLOWER SHOPPER BAG,Reorder Immediately
45016,DECORATIVE NET CANOPY LEOPARD,Monitor Stock
21291,SMALL POLKADOT CHOCOLATE GIFT BAG ,Monitor Stock
22897,OVEN MITT APPLES DESIGN,Monitor Stock
21729,SMALL MARAKESH METAL  LANTERN ,Monitor Stock
22446,PIN CUSHION RUSSIAN DOLL PINK,Monitor Stock
16015,MEDIUM CHINESE STYLE SCISSOR,Monitor Stock
22407,MONEY BOX FIRST ADE DESIGN,Monitor Stock
22786,CUSHION COVER PINK UNION JACK,Monitor Stock
22167, OVAL WALL MIRROR DIAMANTE ,Monitor Stock
51020B,STRIPY DESIGN SHOWER CAP,Monitor Stock
22840,"CAKE TIN, ROUND, VINTAGE RED,CREAM",Monitor Stock
47579,TEA TIME BREAKFAST BASKET,Monitor Stock
46776C,WOVEN FROST CUSHION COVER,Monitor Stock
84872a,TEATIME FUNKY FLOWER BACKPACK FOR 2,Monitor Stock
84875D,BLUE SQUARE COMPACT MIRROR,Monitor Stock
84967C,GREEN KASHMIRI OCCASIONAL TABLE,Reorder Immediately
84770,ROUND GEORGIAN SILVER MIRROR,Monitor Stock
35095B,RED VICTORIAN FABRIC OVAL BOX,Monitor Stock
72750A,FLOWER FAIRY SET OF 3 LILY CANDLES,Monitor Stock
84532B,FAIRY CAKES RECTANGLUAR BOXES,Monitor Stock
85097B,BLUE ROCKING SINGING CANARY,Monitor Stock
37482P,CUBIC MUG PINK POLKA DOT,Monitor Stock
84820,DANISH ROSE TRINKET TRAYS,Monitor Stock
35240,ENAMEL BLUE RIM OVAL TRAY SET/2,Monitor Stock
22985,"WRAP, BILLBOARD FONTS DESIGN",Monitor Stock
20803,SMALL PINK GLASS SUNDAE DISH,Monitor Stock
85186A,EASTER BUNNY GARLAND OF FLOWERS,Monitor Stock
84529C,YELLOW KNITTED KIDS RUCKSACK,Monitor Stock
22053,EMPIRE DESIGN ROSETTE,Monitor Stock
21986,PACK OF 12 PINK POLKADOT TISSUES,Monitor Stock
84997b,RED 3 PIECE MINI DOTS CUTLERY SET,Monitor Stock
84007,MAGIC GARDEN MOUNT FUJI,Monitor Stock
22229,BUNNY WOODEN PAINTED WITH FLOWER ,Monitor Stock
85112,S/3 TEAR DROP CUT GLASS DECORATION,Monitor Stock
21341,KASBAH LANTERN WITH GLASS ,Monitor Stock
84509B,FAIRY CAKE PLACEMATS,Monitor Stock
40046A,RED DAISY PAPER LAMPSHADE,Monitor Stock
16169F,WRAP BLIZZARD,Monitor Stock
84595B,LARGE TRIFLE DESIGN L BLUE BOWL,Monitor Stock
22786,PILLOWCUSHION COVER PINK UNION JACK,Monitor Stock
21252,SET OF MEADOW  FLOWER STICKERS,Monitor Stock
22420,LIPSTICK PEN BABY PINK,Monitor Stock
21026,SPACE OWL,Monitor Stock
22324,BAG FOR CHILDREN VINTAGE BLUE ,Reorder Immediately
17107D,"FLOWER FAIRY,5 SUMMER B'DRAW LINERS",Monitor Stock
22323,BAG FOR CHILDREN VINTAGE PINK ,Reorder Immediately
84968D,SET OF 16 VINTAGE RED CUTLERY,Monitor Stock
72803B,OCEAN SCENT CANDLE JEWELLED DRAWER,Monitor Stock
22701,PINK DOG BOWL,Reduce Inventory
84708B,PINK JEWELLED PHOTO FRAME ,Monitor Stock
22799,SWEETHEART WIRE FRUIT BOWL,Monitor Stock
22776,"CAKESTAND, 3 TIER, LOVEHEART",Monitor Stock
20823,GOLD WINE GOBLET,Monitor Stock
20674,GREEN POLKADOT BOWL,Monitor Stock
37444B,BLUE BREAKFAST CUP AND SAUCER ,Monitor Stock
82076,BEECH WOOD PHOTO FRAME ,Monitor Stock
21285,RETROSPOT CANDLE  MEDIUM,Monitor Stock
20696,FLORAL SOFT CAR TOY,Monitor Stock
84984B,RED PEONY CUSHION COVER ,Reorder Immediately
85170C,SET/6 EAU DE NIL BIRD T-LIGHTS,Monitor Stock
84932B,SMALL PINK PEONY FOLDING STOOL,Monitor Stock
21001,ROSE DU SUD WASHBAG ,Monitor Stock
84923,PINK BUTTERFLY HANDBAG W BOBBLES,Reduce Inventory
21417,COCKLE SHELL DISH,Monitor Stock
85194S,HANGING SPRING FLOWER EGG SMALL,Monitor Stock
85007,SET OF 3 VINTAGE TEA TIME BOXES,Monitor Stock
22893,MINI CAKE STAND T-LIGHT HOLDER,Monitor Stock
21442,GREEN BIRDHOUSE DECORATION,Monitor Stock
20889,JARDIN DE FEMME SCENTED CANDLE,Monitor Stock
84876D,BLUE HEART COMPACT MIRROR,Monitor Stock
21943,CAKES AND RABBITS DESIGN FLANNEL ,Monitor Stock
D,Discount,Reorder Immediately
85130D,BEADED CRYSTAL HEART PINK LARGE,Monitor Stock
22922,FRIDGE MAGNETS US DINER ASSORTED,Monitor Stock
85167A,WHITE GRAND BAROQUE PHOTO FRAME,Monitor Stock
84051,ASS COLOUR GLOWING TIARAS,Monitor Stock
21386,IVORY HANGING DECORATION  EGG,Monitor Stock
84726,LILLIES CANVAS PICTURE,Reorder Immediately
84597C,RETRO PINK BALL ASHTRAY ,Monitor Stock
90209B,GREEN ENAMEL+GLASS HAIR COMB,Monitor Stock
85019C,CURIOUS  IMAGES NOTEBOOK SET,Monitor Stock
22965,3 TRADITIONAL COOKIE CUTTERS  SET,Monitor Stock
90200B,BLACK SWEETHEART BRACELET,Monitor Stock
84596L,BISCUITS SMALL BOWL LIGHT BLUE,Monitor Stock
20819,SILVER TEDDY BEAR,Monitor Stock
84707A,SILVER JEWELLED MIRROR TRINKET TRAY,Monitor Stock
47562,ENGLISH ROSE IRONING BOARD COVER,Monitor Stock
22391,PAPERWEIGHT HOME SWEET HOME,Monitor Stock
84081,WHITE CERAMIC PARTY SET (5PCS),Monitor Stock
16044,POP-ART FLUORESCENT PENS,Reorder Immediately
82613C,"METAL SIGN,CUPCAKE SINGLE HOOK",Monitor Stock
85186C,BUNNY EGG GARLAND,Monitor Stock
21221,SET/4 BADGES CUTE CREATURES,Monitor Stock
84683,CLASSICAL ROSE CANDLESTAND,Monitor Stock
84292,ROSE PINK METAL FOLDING CHAIR,Monitor Stock
85027L,FRENCH CHATEAU LARGE PLATTER ,Monitor Stock
20662,FIRST CLASS HOLIDAY PURSE ,Monitor Stock
84809A,WHITE CHRYSANTHEMUMS ART FLOWER,Monitor Stock
20781,GOLD EAR MUFF HEADPHONES,Monitor Stock
84663A,GRASS HOPPER WOODEN WALL CLOCK ,Monitor Stock
79030D,"TUMBLER, BAROQUE",Monitor Stock
22698,TEACUP AND SAUCER REGENCY PINK,Monitor Stock
90161D,ANT COPPER PINK BOUDICCA BRACELET,Monitor Stock
22838,"CAKE TIN, 3 TIER RED/IVORY",Monitor Stock
84802B,PURPLE ANEMONE ARTIFICIAL FLOWER,Monitor Stock
85078,SCANDINAVIAN 3 HEARTS NAPKIN RING,Monitor Stock
84968E,SET OF 16 VINTAGE BLACK CUTLERY,Monitor Stock
84584,PINK GINGHAM CAT WITH SCARF,Monitor Stock
46776E,WOVEN CANDY CUSHION COVER ,Monitor Stock
20845,ZINC HEART LATTICE 2 WALL PLANTER,Monitor Stock
16207B,PINK HEART RED HANDBAG,Monitor Stock
90035B,"PEARL & SHELL 42""NECKL. PINK",Reorder Immediately
72801E,S/4 FESTIVE GREEN DINNER CANDLES,Monitor Stock
22641,SET OF 4 NAPKIN CHARMS INSTRUMENT,Monitor Stock
72750B,"F.FAIRY S/3 CANDLE/GLASS,LAVENDER",Monitor Stock
22044,CHRISTMAS CARD STACK OF PRESENTS,Monitor Stock
22248,DECORATION  PINK CHICK MAGIC GARDEN,Monitor Stock
22707,WRAP MONSTER FUN ,Monitor Stock
71403,"PINK/WHITE ""KEEP CLEAN"" BULLET BIN",Monitor Stock
84533B,FAIRY CAKES ROUND NESTING BOXES,Monitor Stock
84920,PINK FLOWER FABRIC PONY,Reduce Inventory
22815,CARD PSYCHEDELIC APPLES,Monitor Stock
84827,ASS DES PHONE SPONGE CRAFT STICKER,Monitor Stock
20976,12 PENCILS SMALL TUBE POSY,Monitor Stock
85033G,SET/6 GOLD REINDEER T-LIGHT CANDLES,Monitor Stock
20851,ZINC HEART LATTICE TRAY OVAL ,Monitor Stock
22252,BIRDCAGE DECORATION TEALIGHT HOLDER,Monitor Stock
21441,BLUE BIRDHOUSE DECORATION,Monitor Stock
22852,DOG BOWL VINTAGE CREAM,Monitor Stock
22100,SKULLS SQUARE TISSUE BOX,Monitor Stock
79071B,ENGLISH ROSE METAL WASTE BIN,Monitor Stock
84798A,PINK FOXGLOVE ARTIIFCIAL FLOWER,Reorder Immediately
22953,BIRTHDAY PARTY CORDON BARRIER TAPE,Monitor Stock
84680,CLASSICAL ROSE URN,Monitor Stock
90184B,AMETHYST CHUNKY BEAD BRACELET W STR,Monitor Stock
84859C,PINK DISCO HANDBAG,Monitor Stock
90161B,ANT COPPER TURQ BOUDICCA BRACELET,Monitor Stock
22511,DOORSTOP RUSSIAN DOLL RETROSPOT,Monitor Stock
21311,SET/4 BIRD MIRROR MAGNETS ,Monitor Stock
20666,ECONOMY HOLIDAY PURSE,Monitor Stock
22559,SEASIDE FRISBEE ,Monitor Stock
90120A,PINK MURANO TWIST BRACELET,Monitor Stock
21459,YELLOW EASTER EGG HUNT START POST,Monitor Stock
90143,SILVER BRACELET W PASTEL FLOWER,Monitor Stock
84929,ASSTD FRUIT+FLOWERS FRIDGE MAGNETS,Monitor Stock
85020,ROUND PINK HEART MIRROR,Monitor Stock
84952B,BLACK LOVE BIRD T-LIGHT HOLDER,Monitor Stock
85159B,"WHITE TEA,COFFEE,SUGAR JARS",Monitor Stock
84859B,BLUE DISCO HANDBAG,Monitor Stock
84799,SPRIG LAVENDER ARTIFICIAL FLOWER,Monitor Stock
20857,BLUE ROSE PATCH PURSE PINK BUTTERFL,Monitor Stock
85019A,ROMANTIC IMAGES NOTEBOOK SET,Monitor Stock
47503G,ASS FLORAL PRINT TAPE MEASURE,Monitor Stock
47504G,ENGLISH ROSE TAPE MEASURE,Monitor Stock
84569A,PACK 3 IRON ON DOG PATCHES,Monitor Stock
35915A,CREAM KNITTED HEN,Reorder Immediately
20618,QUEEN OF THE SKIES PASSPORT COVER ,Monitor Stock
16169M,WRAP DAISY CARPET ,Monitor Stock
20752,BLUE POLKADOT WASHING UP GLOVES,Reduce Inventory
85212,MINI PAINTED GARDEN DECORATION ,Monitor Stock
22321,BIRD DECORATION RED RETROSPOT,Monitor Stock
20906,VINTAGE NOTEBOOK BEAUTY GIRL,Monitor Stock
22096,PINK PAISLEY SQUARE TISSUE BOX ,Monitor Stock
85230E,STRAWBRY SCENTED VOTIVE CANDLE,Monitor Stock
21880,RED AND WHITE SPOT TAPE,Monitor Stock
21374,MIRRORED WALL ART SKULLS,Monitor Stock
16011,ANIMAL STICKERS,Monitor Stock
21117,BLOND DOLL DOORSTOP,Monitor Stock
84873A,FUNKY FLOWER PICNIC BAG FOR 4,Monitor Stock
22102,MIRROR MOSAIC T-LIGHT HOLDER ,Monitor Stock
20854,BLUE PATCH PURSE PINK HEART,Reduce Inventory
84402D,PINK DRESS JEWELLERY STAND ,Monitor Stock
84997a,GREEN 3 PIECE MINI DOTS CUTLERY SET,Monitor Stock
22555,PLASTERS IN TIN MR STRONG ,Monitor Stock
79336,LIGHT PINK FLOCK GLASS CANDLEHOLDER,Monitor Stock
22853,CAT BOWL VINTAGE CREAM,Monitor Stock
47469,ASSORTED SHAPES PHOTO CLIP SILVER ,Monitor Stock
20799,PINK MILKSHAKE GLASS,Monitor Stock
72487,ROSES WHITE ROUND CANDLE,Monitor Stock
85131D,BEADED CRYSTAL HEART PINK ON STICK,Monitor Stock
20950,SET/6  ANGEL T-LIGHTS WHITE/GOLD,Monitor Stock
21264,WHITE GOOSE FEATHER TREE 60CM ,Monitor Stock
79323S,SILVER CHERRY LIGHTS,Monitor Stock
16168M,FUNKY MONKEY GIFT BAG MEDIUM,Monitor Stock
46126A,ELVIS WALLHANGING / CURTAIN,Monitor Stock
22821,GIFT BAG PSYCHEDELIC APPLES,Monitor Stock
21379,CAMPHOR WOOD PORTOBELLO MUSHROOM,Monitor Stock
84497,BUTTONS AND STRIPES NOTEBOOK ,Monitor Stock
84858C,PINK RIVIERA HANDBAG,Monitor Stock
72750A,"F.FAIRY S/3 CANDLE/GLASS,LILY/VALLY",Monitor Stock
22029,SPACE BOY BIRTHDAY CARD,Monitor Stock
51020A,SUMMER FUN DESIGN SHOWER CAP,Monitor Stock
71101E,STANDING FAIRY POLE SUPPORT ,Monitor Stock
84249D,FAIRY CAKE GREETINGS CARD,Monitor Stock
85205B,PINK FELT EASTER RABBIT GARLAND,Monitor Stock
35810B,ENAMEL BLUE RIM COFFEE CONTAINER,Monitor Stock
22925,BLUE GIANT GARDEN THERMOMETER,Monitor Stock
21707,FOLDING UMBRELLA BLACKBLUE POLKADOT,Monitor Stock
21270,ANTIQUE CREAM CUTLERY CUPBOARD,Monitor Stock
21418,STARFISH SOAP DISH,Monitor Stock
35004c,SET OF 3 COLOURED  FLYING DUCKS,Monitor Stock
17129F,BLUE GLASS GEMS IN BAG,Monitor Stock
21245,GREEN POLKADOT PLATE ,Monitor Stock
20940,SET/6 GARDEN GNOME T-LIGHT CANDLES,Monitor Stock
21518,BANK ACCOUNT  GREETING  CARD ,Monitor Stock
72814,SET/3 CHRISTMAS BRIAR CANDLES,Monitor Stock
22703,PINK CAT BOWL,Monitor Stock
84859A,SILVER DISCO HANDBAG,Monitor Stock
35095A,BLUE VICTORIAN FABRIC OVAL BOX,Monitor Stock
75149N,STRING CRYSTALS NATURAL,Monitor Stock
79303B,BLUE STAR BLOCK TABLE LAMP,Monitor Stock
90002D,FLOWER BURST SILVER RING CRYSTAL,Monitor Stock
84925A,WAKE UP COCKEREL WALL THERMOMETER,Monitor Stock
BANK CHARGES,Bank Charges,Monitor Stock
22166,WALL MIRROR RECTANGLE DIAMANTE PINK,Monitor Stock
90175D,TIGRIS EYE CHUNKY CHARM BRACELET,Monitor Stock
71143,SILVER BOOK MARK WITH BEADS,Monitor Stock
22094,RED RETROSPOT TISSUE BOX,Monitor Stock
84821,DANISH ROSE DELUXE COASTER,Monitor Stock
20670,VIP HOLIDAY PURSE,Monitor Stock
17084N,FAIRY DREAMS INCENSE ,Monitor Stock
17109A,FLOWER FAIRY INCENSE LILY,Monitor Stock
35923,CANDY HEART HANGING DECORATION,Monitor Stock
84563A,PINK & WHITE BREAKFAST TRAY,Monitor Stock
20688,BEAUTY SPEED EXPRESSO CUPS,Monitor Stock
47583B,SET OF 3 WICKER BASKET TEA AND CAKE,Reorder Immediately
16048,TEATIME ROUND PENCIL SHARPENER ,Monitor Stock
20856,DENIM PATCH PURSE PINK BUTTERFLY,Monitor Stock
84596J,MIXED NUTS LIGHT GREEN BOWL,Monitor Stock
84800L,LARGE WHITE/PINK ROSE ART FLOWER,Monitor Stock
84801A,PINK HYDRANGEA ART FLOWER,Monitor Stock
21793,CLASSIC FRENCH STYLE BASKET BROWN,Monitor Stock
22856,ASSORTED EASTER DECORATIONS  BELLS,Reorder Immediately
84508B,STRIPES DESIGN TEDDY,Monitor Stock
72739B,WHITE CHOCOLATE SCENT CANDLE,Monitor Stock
22817,CARD SUKI BIRTHDAY,Monitor Stock
21263,GREEN GOOSE FEATHER TREE 60CM,Monitor Stock
22819,"BIRTHDAY CARD, RETRO SPOT",Monitor Stock
84902,PINK KNITTED COW STUFFED TOY,Monitor Stock
20655,QUEEN OF SKIES LUGGAGE TAG,Monitor Stock
84706A,ENGLISH ROSE TABLE CLOCK,Monitor Stock
21309,LOUVRE CHALKBOARD,Reorder Immediately
22045,SPACE BOY GIFT WRAP,Monitor Stock
22043,CHRISTMAS CARD SCREEN PRINT ,Monitor Stock
21654,RIDGED GLASS FINGER BOWL,Monitor Stock
22640,SET OF 4 NAPKIN CHARMS 3 KEYS ,Monitor Stock
79190B,RETRO PLASTIC POLKA TRAY,Monitor Stock
84875B,GREEN SQUARE COMPACT MIRROR,Monitor Stock
21454,PAINTED PINK RABBIT ,Monitor Stock
85103, SILVER T-LIGHT SETTING,Monitor Stock
21128,GOLD FISHING GNOME,Monitor Stock
85070,ANT WHITE SWEETHEART TABLE W 3 DRAW,Reorder Immediately
84823,DANISH ROSE FOLDING CHAIR,Reorder Immediately
21678,PAISLEY PATTERN  STICKERS,Monitor Stock
22394,PAPERWEIGHT KINGS CHOICE ,Monitor Stock
84970s,HANGING HEART ZINC T-LIGHT HOLDER,Monitor Stock
85033S,SET/6 SILVER REINDEER T-LIGHTS,Monitor Stock
84933C,LARGE BLUE ORIENTAL FOLDING STOOL,Reorder Immediately
17091B,JASMINE TEA INCENSE IN TIN,Monitor Stock
84509G,FAIRY CAKE PLACEMATS ,Monitor Stock
84984A,GREEN PEONY CUSHION COVER,Reorder Immediately
84760S,SMALL HANGING GLASS+ZINC LANTERN,Monitor Stock
85071D,CHARLIE+LOLA MY ROOM DOOR SIGN,Monitor Stock
84933A,LARGE GREEN PEONY FOLDING STOOL,Reorder Immediately
22770,MIRROR CORNICE,Monitor Stock
84809B,PINK CHRYSANTHEMUMS ART FLOWER,Monitor Stock
84804B,BLUE DELPHINIUM ARTIFICIAL FLOWER,Monitor Stock
20794,BLUE  TILE HOOK,Monitor Stock
21065,BOOM BOX SPEAKER GIRLS,Monitor Stock
84838,ANT WHITE HIGH RISE BIRD BOX,Reorder Immediately
22782,SET 3 WICKER STORAGE BASKETS ,Monitor Stock
20654,FIRST CLASS LUGGAGE TAG ,Monitor Stock
84984C,ORIENTAL BLUE CUSHION COVER ,Monitor Stock
90010E,AMBER GLASS/SILVER BRACELET,Monitor Stock
35979,SIX STRING SCANDINAVIAN HEART DECS,Monitor Stock
62095B,TURQOISE ICE CREAM SUNHAT,Monitor Stock
84623,PINK GINGHAM ROSE FLOOR CUSHION,Monitor Stock
84802A,WHITE ANEMONE ARTIFICIAL FLOWER,Monitor Stock
84933B,LARGE PINK PEONY FOLDING STOOL,Reorder Immediately
22844,VINTAGE DOG FOOD CONTAINER,Reorder Immediately
77081,FLOWER WINDMILL,Monitor Stock
20663,QUEEN OF THE SKIES HOLIDAY PURSE ,Monitor Stock
17013D,ORIGAMI ROSE INCENSE IN TUBE,Monitor Stock
90184A,AMBER CHUNKY BEAD BRACELET W STRAP,Monitor Stock
90160C,TURQ+RED BOUDICCA LARGE BRACELET,Monitor Stock
22453,MEASURING TAPE RUSSIAN DOLL BLUE,Monitor Stock
84671B,CROCHET BEAR WITH BLUE STRIPES,Monitor Stock
85026B,EAU DE NILE JEWELLED T-LIGHT HOLDER,Monitor Stock
22092,BLUE PAISLEY TISSUE BOX,Monitor Stock
gift_0001_20,Dotcomgiftshop Gift Voucher £20.00,Monitor Stock
20800,LARGE GLASS SUNDAE DISH CLEAR,Reorder Immediately
21620,SET OF 4 ROSE BOTANICAL CANDLES,Monitor Stock
84219,BOX/12 MOTHER & CHICK IN BASKET/BOW,Monitor Stock
22541,MINI JIGSAW LEAP FROG,Monitor Stock
72753D,S/3 FLWR FAIRY SUMMER CANDLES,Monitor Stock
84660C,PINK STITCHED WALL CLOCK,Monitor Stock
85147,JARDIN ETCHED GLASS CANDLEHLDR LONG,Monitor Stock
21321,GLASS CHALICE BLUE  LARGE ,Monitor Stock
72780,BLACK SILOUETTE CANDLE PLATE,Monitor Stock
72225C,LAVENDER SCENT CAKE CANDLE,Monitor Stock
47563A,RETRO LONGBOARD IRONING BOARD COVER,Monitor Stock
85130C,BEADED CRYSTAL HEART BLUE  LARGE,Monitor Stock
22852,ENAMEL DOG BOWL CREAM,Reorder Immediately
21197,MULTICOLOUR  CONFETTI IN TUBE,Monitor Stock
85019B,BLOSSOM  IMAGES NOTEBOOK SET,Monitor Stock
84801B,WHITE HYDRANGEA ART FLOWER,Monitor Stock
20868,SILVER FABRIC MIRROR,Monitor Stock
18096C,WHITE ROUND PORCELAIN TLIGHT HOLDER,Monitor Stock
72128,COLUMBIAN CANDLE ROUND,Monitor Stock
72800B, 4 PURPLE FLOCK DINNER CANDLES,Monitor Stock
21382,SET/4 SPRING FLOWER DECORATION,Monitor Stock
90198A,VINTAGE ROSE BEAD BRACELET RASPBERR,Monitor Stock
35981C,WHITE SNOW SCANDINAVIAN STOCKING ,Monitor Stock
84627,CANDY STRIPE ROSE C/COVER ,Monitor Stock
84509C,SET OF 4 DOTTY PLACEMATS ,Monitor Stock
84766,SILVER ROCOCO CANDLE STICK,Monitor Stock
90013B,BLACK VINTAGE EARRINGS,Monitor Stock
85161,ACRYLIC GEOMETRIC LAMP,Monitor Stock
84592,CROCHET ROSE PURSE WITH SUEDE BACK,Monitor Stock
21697,SET 5 MINI DOUGHNUT FRIDGE MAGNET ,Monitor Stock
21039,RED RETROSPOT SHOPPING BAG,Monitor Stock
84877B,GREEN ROUND COMPACT MIRROR,Monitor Stock
90145,SILVER HOOP EARRINGS WITH FLOWER,Monitor Stock
85230A,OPIUM SCENTED VOTIVE CANDLE,Monitor Stock
90198B,VINTAGE ROSE BEAD BRACELET BLACK,Monitor Stock
84482,BUTTONS DESIGN JEWELLERY BOX,Monitor Stock
72801F,S/4 FESTIVE RED DINNER CANDLES,Monitor Stock
85211,S/4 GROOVY CAT MAGNETS,Monitor Stock
37422,WHITE WITH BLACK CATS BOWL,Monitor Stock
22952,SET 72 CAKE CASES VINTAGE CHRISTMAS,Reorder Immediately
90120B,BLUE MURANO TWIST BRACELET,Monitor Stock
84529A,PINK KNITTED KIDS RUCKSACK,Monitor Stock
35968,FOLK ART METAL HEART T-LIGHT HOLDER,Monitor Stock
21388,IVORY HANGING DECORATION  CHICKEN,Monitor Stock
72800D,4 BLUE DINNER CANDLES SILVER FLOCK,Monitor Stock
17012B,ORIGAMI JASMINE INCENSE/CANDLE SET,Monitor Stock
35964,FOLKART CLIP ON STARS,Monitor Stock
21415,CLAM SHELL SMALL ,Monitor Stock
20987,GEISHA GIRL CHOPSTICKS SET/5,Monitor Stock
20659,ECONOMY LUGGAGE TAG,Monitor Stock
22824,3 TIER SWEETHEART GARDEN SHELF,Monitor Stock
21879,HEARTS GIFT TAPE,Monitor Stock
16212,FUNKY GIRLZ ASST MAGNETIC MEMO PAD,Monitor Stock
16202A,PASTEL PINK PHOTO ALBUM ,Monitor Stock
90010A,MIDNIGHT BLUE GLASS/SILVER BRACELET,Monitor Stock
35645,VINTAGE BEAD PINK JEWEL BOX,Monitor Stock
21365,MIRRORED WALL ART STARS,Monitor Stock
90014A,SILVER/MOP ORBIT NECKLACE,Monitor Stock
21946,PARTY TIME DESIGN FLANNEL,Monitor Stock
82093,HEART SHAPE BUTTON FRAME ,Monitor Stock
21208,PASTEL COLOUR HONEYCOMB FAN,Monitor Stock
22546,MINI JIGSAW FIDO,Monitor Stock
22038,BOTANICAL LAVENDER GIFT WRAP ,Monitor Stock
90124B,BLUE MURANO TWIST NECKLACE,Monitor Stock
90160B,RED BOUDICCA LARGE BRACELET,Monitor Stock
21636,MADRAS NOTEBOOK MEDIUM,Monitor Stock
21038,SET/4 MODERN VINTAGE COTTON NAPKINS,Monitor Stock
21455,PAINTED YELLOW WOODEN DAISY,Reduce Inventory
84218,BOX/12 CHICK & EGG IN BASKET,Monitor Stock
22814,CARD PARTY GAMES ,Monitor Stock
90209C,PINK ENAMEL+GLASS HAIR COMB,Monitor Stock
84977,WIRE FLOWER T-LIGHT HOLDER,Monitor Stock
84976,RECTANGULAR SHAPED MIRROR,Monitor Stock
46776D,WOVEN SUNSET CUSHION COVER ,Monitor Stock
90035C,"PEARL & SHELL 42""NECKL. IVORY",Reorder Immediately
90180A,BLACK+WHITE NECKLACE W TASSEL,Monitor Stock
84086C,PINK/PURPLE RETRO RADIO,Monitor Stock
16236,KITTY PENCIL ERASERS,Reduce Inventory
85089,CANDY SPOT BUNNY,Monitor Stock
72739C,DARK CHOCOLATE SCENTCANDLE,Monitor Stock
21412,VINTAGE GOLD TINSEL REEL,Monitor Stock
84625B,BLCK NEW BAROQUE CANDLESTICK CANDLE,Monitor Stock
17001,HEAVENS SCENT FRAGRANCE OILS ASSTD,Monitor Stock
22820,GIFT BAG BIRTHDAY,Monitor Stock
21144,PINK POODLE HANGING DECORATION ,Monitor Stock
84522,PINK PARTY SUNGLASSES,Monitor Stock
90058B,CRYSTAL STUD EARRINGS ASSORTED COL ,Monitor Stock
84313C,ORANGE TV TRAY TABLE ,Monitor Stock
22638,SET OF 4 NAPKIN CHARMS CROWNS ,Monitor Stock
21132,SILVER STANDING GNOME   ,Monitor Stock
84966C,GREEN KASHMIRI BOXED MIRROR,Reorder Immediately
90192,JADE DROP EARRINGS W FILIGREE,Monitor Stock
18094C,WHITE AND BLUE CERAMIC OIL BURNER,Monitor Stock
21193,WHITE HONEYCOMB PAPER FAN ,Monitor Stock
20801,LARGE PINK GLASS SUNDAE DISH,Monitor Stock
17011F,ORIGAMI SANDLEWOOD INCENSE+FLOWER,Monitor Stock
22031,BOTANICAL LAVENDER BIRTHDAY CARD,Reduce Inventory
84881,BLUE WIRE SPIRAL CANDLE HOLDER,Monitor Stock
84924D,LA PALMIERA METAL SIGN CALENDAR,Monitor Stock
79303D,LILAC FLOWER BLOCK TABLE LAMP,Monitor Stock
35096A,BLUE VICTORIAN FABRIC HEART BOX,Monitor Stock
21666,RIDGED GLASS T-LIGHT HOLDER,Monitor Stock
85087,CANDY SPOT CUSHION COVER,Monitor Stock
21629,SQUARE FLOOR CUSHION VINTAGE PINK ,Monitor Stock
90175C,BLUE GLASS CHUNKY CHARM BRACELET,Monitor Stock
72127,COLUMBIAN CANDLE ROUND ,Monitor Stock
84898F,YELLOW FLOWERS FELT HANDBAG KIT,Monitor Stock
72793,BLACK BOX MIRROR LANTERN,Monitor Stock
84924F,PSYCHEDELIC METAL SIGN CALENDAR,Monitor Stock
84499,BLACK FLOWER CANDLE PLATE,Monitor Stock
85039C,S/4 BLACK MINI ROSE CANDLE IN BOWL,Monitor Stock
72801G,4 BURGUNDY WINE DINNER CANDLES,Monitor Stock
79191B,RETRO PLASTIC POLKA TRAY,Monitor Stock
84931B,BLUE SCOTTIE DOG W FLOWER PATTERN,Monitor Stock
22912,YELLOW COAT RACK PARIS FASHION,Monitor Stock
90160D,PINK BOUDICCA LARGE BRACELET,Monitor Stock
85202,HANGING WOOD AND FELT HEART,Monitor Stock
21950,SET OF 6 DOTS CHOPSTICKS,Monitor Stock
16254,TRANSPARENT ACRYLIC TAPE DISPENSER,Monitor Stock
21167,WHITE SAGE INCENSE,Monitor Stock
90070,RUBY GLASS CLUSTER BRACELET,Monitor Stock
35833P,4 PINK FLOCK CHRISTMAS BALLS,Monitor Stock
21268,VINTAGE BLUE TINSEL REEL,Monitor Stock
85187,S/12 MINI RABBIT EASTER,Monitor Stock
72811,SMALL ZINC/GLASS CANDLEHOLDER,Monitor Stock
22923,FRIDGE MAGNETS LES ENFANTS ASSORTED,Monitor Stock
79328,BLUE FLOCK GLASS CANDLEHOLDER,Monitor Stock
72799D,BLUE PILLAR CANDLE SILVER FLOCK,Monitor Stock
22510,GINGHAM BABUSHKA DOORSTOP,Monitor Stock
16207A,PINK STRAWBERRY HANDBAG ,Monitor Stock
85203,HANGING WOOD AND FELT BUTTERFLY ,Monitor Stock
22929,SCHOOL DESK AND CHAIR ,Reorder Immediately
20658,RED RETROSPOT LUGGAGE TAG,Monitor Stock
21884,CAKES AND BOWS GIFT  TAPE,Reduce Inventory
72122,COFFEE SCENT PILLAR CANDLE,Monitor Stock
84613C,BLUE NEW BAROQUE FLOCK CANDLESTICK,Monitor Stock
16238,PARTY TIME PENCIL ERASERS,Monitor Stock
84520b,PACK 20 ENGLISH ROSE PAPER NAPKINS,Monitor Stock
84371,BIG PINK POODLE,Reorder Immediately
21736,GOLD SCROLL GLASS T-LIGHT HOLDER,Monitor Stock
90120C,GREEN MURANO TWIST BRACELET,Monitor Stock
35967,FOLK ART METAL STAR T-LIGHT HOLDER,Monitor Stock
84741C,CITRUS GARLAND FELT FLOWERS ,Monitor Stock
21882,SKULLS TAPE,Monitor Stock
22924,FRIDGE MAGNETS LA VIE EN ROSE,Monitor Stock
79338,DARK PINK FLOCK GLASS CANDLEHOLDER,Monitor Stock
79337,BLUE FLOCK GLASS CANDLEHOLDER,Monitor Stock
20661,BLUE POLKADOT PURSE ,Monitor Stock
10123C,HEARTS WRAPPING TAPE ,Monitor Stock
17012E,ORIGAMI OPIUM INCENSE/CANDLE SET ,Monitor Stock
90208,PAIR OF ENAMEL FLOWER CLUSTER SLIDE,Monitor Stock
35648,VINTAGE BEAD PINK PURSE ,Monitor Stock
84673A,PINK FLY SWAT,Monitor Stock
90178A,AMBER CHUNKY GLASS+BEAD NECKLACE,Monitor Stock
85169D,PINK LOVE BIRD CANDLE,Monitor Stock
90013A,MIDNIGHT BLUE VINTAGE EARRINGS,Monitor Stock
21493, VINTAGE DESIGN GIFT TAGS,Monitor Stock
84563B,BLUE & WHITE BREAKFAST TRAY,Monitor Stock
21027,NINJA RABBIT PINK,Monitor Stock
22984,"CARD, GINGHAM ROSE ",Monitor Stock
72349b,SET/6 PURPLE BUTTERFLY T-LIGHTS,Monitor Stock
85230B,CINNAMON SCENTED VOTIVE CANDLE,Monitor Stock
21722,SWEET PUDDING STICKER SHEET,Monitor Stock
22974,CHILDRENS DOLLY GIRL MUG,Monitor Stock
22039,BOTANICAL LILY GIFT WRAP,Monitor Stock
84030c,KNITTED RAINBOW HOT WATER BOTTLE,Monitor Stock
90036E,"FLOWER GLASS GARLD NECKL36""AMETHYST",Monitor Stock
22328,"ROUND SNACK BOXES ,SET 4, FRUITS ",Reorder Immediately
90082B,DIAMANTE BOW BROOCH RED COLOUR,Monitor Stock
84621,BLUE GINGHAM ROSE FLOOR CUSHION ,Monitor Stock
85195,HANGING HEART BASKET,Monitor Stock
46307,ROSES BLUE BASE CUSHION COVER ,Monitor Stock
84997a,GREEN 3 PIECE POLKADOT CUTLERY SET,Reorder Immediately
90161A,ANT COPPER RED BOUDICCA BRACELET,Monitor Stock
84924A,WAKE UP COCKEREL CALENDAR SIGN ,Monitor Stock
22175,PINK OWL DECORATION,Reorder Immediately
82095,HEART BUTTONS JEWELLERY BOX,Monitor Stock
22176,BLUE OWL DECORATION,Reorder Immediately
21698,MOCK LOBSTER FRIDGE MAGNET,Monitor Stock
DCGS0076,SUNJAR LED NIGHT NIGHT LIGHT,Monitor Stock
84877D,BLUE ROUND COMPACT MIRROR,Monitor Stock
22829,SWEETHEART WIRE WALL TIDY,Monitor Stock
90148,LONG SILVER NECKLACE PASTEL FLOWER,Monitor Stock
90085,CRYSTAL STILETTO PHONE CHARM,Monitor Stock
72586,SET OF 6 HALLOWEEN GHOST T-LIGHTS,Monitor Stock
90014C,SILVER/BLACK ORBIT NECKLACE,Monitor Stock
85032C,CURIOUS IMAGES GIFT WRAP SET,Monitor Stock
90175B,PINK GLASS CHUNKY CHARM BRACELET,Monitor Stock
47021G,SET/6 BEAD COASTERS GAUZE BAG GOLD,Monitor Stock
84673B,BLUE FLY SWAT,Monitor Stock
22825,DECORATIVE PLANT POT WITH FRIEZE,Monitor Stock
84247N,PACK/12 BLUE FOLKART CARDS,Monitor Stock
22447,PIN CUSHION RUSSIAN DOLL BLUE,Monitor Stock
82553,POP'S GREASY SPOON METAL SIGN,Monitor Stock
44217M,MULTICOLOUR FEATHERS CURTAIN,Reorder Immediately
20891,LARGE GLASS ROSE SCENTED CANDLE ,Reorder Immediately
21371,MIRRORED WALL ART POPPIES,Monitor Stock
22032,BOTANICAL LILY GREETING CARD,Reduce Inventory
85131B,BEADED CRYSTAL HEART GREEN ON STICK,Monitor Stock
82585,SWEET VALENCIA CANDLE+CUP,Monitor Stock
21084,SET/6 COLLAGE PAPER CUPS,Monitor Stock
22972,CHILDREN'S SPACEBOY MUG,Monitor Stock
84661B,BLACK SQUARE TABLE CLOCK,Monitor Stock
20855,PINK PATCH PURSE BLUE HEART,Monitor Stock
20736,PINK MINI TAPE MEASURE ,Monitor Stock
22831,WHITE BROCANTE SOAP DISH,Monitor Stock
37483,ENGLISH ROSE MUG IN GIFT BOX,Monitor Stock
84797b,BLUE SAVANNAH PICNIC HAMPER FOR 4,Monitor Stock
84917,WHITE HAND TOWEL WITH BUTTERFLY,Monitor Stock
16256B,FLOWER PENCIL/RUBBER+5 MINI PENCILS,Monitor Stock
35991,SET/6 BLACK SNOWFLAKE T-LIGHTS ,Monitor Stock
16202C,BEIGE PHOTO ALBUM,Monitor Stock
22842,"BISCUIT TIN, RED,IVORY, VINTAGE",Monitor Stock
35637C,PINK STRING CURTAIN WITH POLE,Monitor Stock
37508,NEW ENGLAND CERAMIC CAKE SERVER,Monitor Stock
72781,BLACK SILOUETTE CANDLE PLATE ,Monitor Stock
21639,ASSORTED TUTTI FRUTTI KEYRING,Monitor Stock
22973,CHILDREN'S CIRCUS PARADE MUG,Monitor Stock
90090,PINK CRYSTAL HEART PHONE CHARM,Monitor Stock
71028B,SILVER BLUE EGG T-LIGHT HOLDER,Monitor Stock
21395,BLUE SPOTTY BEAKER ,Monitor Stock
90098,NECKLACE+BRACELET PINK BUTTERFLY,Monitor Stock
22935,BAKING MOULD ROSE MILK CHOCOLATE,Reorder Immediately
22899,CHILDRENS APRON DOLLY GIRL ,Monitor Stock
84817,DANISH ROSE DECORATIVE PLATE,Monitor Stock
72750D,F.FAIRY S/3 CANDLE/GLASS,Monitor Stock
84966A,PINK KASHMIRI BOXED MIRROR,Reorder Immediately
47559b,TEA TIME OVEN GLOVE,Monitor Stock
20818,GOLD TEDDY BEAR,Monitor Stock
22808,SET OF 6 T-LIGHTS EASTER CHICKS,Monitor Stock
TEST001,This is a test product.,Monitor Stock
84993B,75 BLACK PETIT FOUR CASES,Monitor Stock
35597B,BLACKCHRISTMAS TREE 30CM,Monitor Stock
84916,HAND TOWEL PALE BLUE W FLOWERS,Reduce Inventory
20839,FRENCH PAISLEY CUSHION COVER ,Monitor Stock
47586A,PINK FAIRY CAKE CUSHION COVER,Monitor Stock
90164B,WHITE  ROSEBUD PEARL BRACELET,Monitor Stock
37327,ASSTD MULTICOLOUR CIRCLES MUG,Monitor Stock
47591A,CAROUSEL DES CHILD'S APRON,Monitor Stock
17011C,ORIGAMI LAVENDER INCENSE+FLOWER,Reorder Immediately
21102,"CANDLE IN JAR COLLAGE , VANILLA",Monitor Stock
16258B,DAISY ERASERS IN BAG,Monitor Stock
17013B,ORIGAMI JASMINE INCENSE IN TUBE,Reorder Immediately
90129A,PINK GLASS TASSLE BAG CHARM ,Monitor Stock
35833G,4 GOLD FLOCK CHRISTMAS BALLS,Monitor Stock
90124A,PINK MURANO TWIST NECKLACE,Monitor Stock
72225D,VANILLA SCENT CAKE CANDLE ,Monitor Stock
85168B,BLACK BAROQUE CARRIAGE CLOCK,Monitor Stock
85168A,WHITE BAROQUE CARRIAGE CLOCK,Monitor Stock
48173c,DOOR MAT BLACK FLOCK ,Monitor Stock
35809B,ENAMEL BLUE RIM TEA CONTAINER,Monitor Stock
20616,CHERRY BLOSSOM PASSPORT COVER,Monitor Stock
84509C,DOTTY PLACEMATS ,Monitor Stock
22845,VINTAGE CAT FOOD CONTAINER,Reorder Immediately
21708,FOLDING UMBRELLA CREAM POLKADOT,Monitor Stock
22588,CARDHOLDER GINGHAM HEART,Reorder Immediately
90173,PAIR BUTTERFLY HAIR CLIPS,Monitor Stock
90134,OLD ROSE COMBO BEAD NECKLACE,Monitor Stock
35793,S/3 PUPPIES CHRISTMAS DECORATIONS,Monitor Stock
15056p,EDWARDIAN PARASOL PINK,Monitor Stock
37492A,YELLOW RED FLOWER PIGGY BANK,Monitor Stock
84807,RED POPPY ARTIFICIAL FLOWER,Monitor Stock
84804A,CREAM DELPHINIUM ARTIFICIAL FLOWER,Monitor Stock
85169B,BLACK LOVE BIRD CANDLE,Monitor Stock
90129B,TURQUOISE GLASS TASSLE BAG CHARM ,Monitor Stock
21543,BUTTERFLY WATER TRANSFER TATTOOS ,Monitor Stock
90036D,"FLOWER GLASS GARLAND NECKL.36""BLACK",Monitor Stock
22834,MINI HAND WARMER BABUSHKA DESIGN,Reorder Immediately
84690,S/2 BEACH HUT STOOLS,Monitor Stock
48179,DOOR MAT SWEET HOME,Monitor Stock
22446,PIN CUSHION BABUSHKA PINK,Monitor Stock
21520,BOOZE & WOMEN GREETING CARD ,Monitor Stock
21710,FOLDING UMBRELLA PINKWHITE POLKADOT,Monitor Stock
51012C,"FEATHER DUSTER, COAL BLACK",Monitor Stock
90157,RIVIERA NECKLACE,Monitor Stock
16201A,PASTEL PINK PHOTO ALBUM,Monitor Stock
85032B,BLOSSOM IMAGES GIFT WRAP SET,Monitor Stock
37343,POLKADOT MUG PINK ,Monitor Stock
84857C,PINK MONTE CARLO HANDBAG,Monitor Stock
47422,ASSORTED MONKEY SUCTION CUP HOOK,Monitor Stock
90013C,GREEN VINTAGE EARRINGS ,Monitor Stock
84313A,PINK TV TRAY TABLE ,Monitor Stock
84247C,PACK/12 BLUE REINDEER CARD,Monitor Stock
84705C,PINK FLOCK PHOTO FRAME ,Monitor Stock
47593B,SCOTTIES DESIGN BABY BIB,Monitor Stock
21420,OYSTER TRINKET BOX,Monitor Stock
46000R,POLYESTER FILLER PAD 45x30cm,Monitor Stock
22511,RETROSPOT BABUSHKA DOORSTOP,Monitor Stock
22395,PAPERWEIGHT VINTAGE PAISLEY,Monitor Stock
20814,SILVER FINCH DECORATION,Monitor Stock
20869,GOLD FABRIC MIRROR,Monitor Stock
72130,COLUMBIAN CANDLE ROUND,Monitor Stock
84597B,RETRO BROWN BALL ASHTRAY ,Monitor Stock
21246,RED RETROSPOT BIG BOWL,Monitor Stock
21015,DARK BIRD HOUSE TREE DECORATION,Monitor Stock
37485,ENGLISH ROSE TEA SET IN GIFT BOX,Monitor Stock
90201B,BLACK ENAMEL FLOWER RING,Monitor Stock
21403,BLUE EGG  SPOON,Monitor Stock
84870C,GREEN GEISHA GIRL ,Monitor Stock
37467,PIG MUG IN TWO COLOUR DESIGNS,Monitor Stock
20980,36 PENCILS TUBE POSY,Monitor Stock
82011B,BATHROOM SCALES RUBBER DUCKS,Monitor Stock
46118,FUNKY MONKEY CUSHION COVER,Monitor Stock
17014D,ORIGAMI ROSE INCENSE CONES,Monitor Stock
90196A,PURPLE GEMSTONE NECKLACE 45CM,Monitor Stock
90035A,"PEARL & SHELL 42""NECKL. GREEN",Monitor Stock
35962,SET/12 ZINC CHRISTMAS DECORATIONS,Monitor Stock
35824B,"HANGING FLOWERS+MIRROR,BLUE",Reorder Immediately
84952A,CLEAR LOVE BIRD T-LIGHT HOLDER,Monitor Stock
90000D,COPPER/OLIVE GREEN FLOWER NECKLACE,Monitor Stock
20890,SMALL GLASS ROSE SCENTED CANDLE,Reorder Immediately
20821,GOLDIE LOOKING MIRROR,Monitor Stock
72756, FAIRY CAKE CANDLES,Reorder Immediately
72754A,FLOWER FAIRY POTPOURRI CUSHION LILY,Reorder Immediately
84429A,MEDIUM PINK BUDDHA HEAD ,Monitor Stock
20672,PINK TEATIME PRINT BOWL,Monitor Stock
16258A,SWIRLY CIRCULAR RUBBERS IN BAG,Monitor Stock
22930,BAKING MOULD HEART MILK CHOCOLATE,Reorder Immediately
16156L,"WRAP, CAROUSEL",Monitor Stock
90122B,JADE CRYSTAL+GLASS BRACELET,Monitor Stock
84870B,BLUE GEISHA GIRL ,Monitor Stock
84797a,PINK HAWAIIAN PICNIC HAMPER FOR 4,Monitor Stock
16012,FOOD/DRINK SPONGE STICKERS,Monitor Stock
22330,72 ROUND PINK DOILIES,Monitor Stock
35921,EASTER BUNNY HANGING GARLAND,Monitor Stock
90040B,MURANO STYLE GLASS BRACELET BLACK,Monitor Stock
35817P,"ACRYLIC JEWEL SNOWFLAKE,PINK",Monitor Stock
84855,BLOKEY SILVER TOOL SET,Monitor Stock
71270,PHOTO CLIP LINE,Monitor Stock
47504F,ENGLISH ROSE TORCH,Monitor Stock
22849,"BREAD BIN, DINER STYLE, MINT",Reorder Immediately
84931A,PINK SCOTTIE DOG W FLOWER PATTERN,Monitor Stock
20795,LARGE BLUE PROVENCAL CERAMIC BALL,Monitor Stock
21194,PINK  HONEYCOMB PAPER FAN,Monitor Stock
84985B,SET OF 72 BLACK PAPER DOILIES ,Monitor Stock
22326,"ROUND SNACK BOXES ,SET4, WOODLAND ",Reorder Immediately
79190A,RETRO PLASTIC 70'S TRAY,Monitor Stock
22832,BROCANTE SHELF WITH HOOKS,Monitor Stock
90005A,JADE GREEN ENAMEL HAIR COMB,Monitor Stock
21582,KINGS CHOICE SMALL TUBE MATCHES,Monitor Stock
21460,GREEN EASTER EGG HUNT START POST,Monitor Stock
90129E,PURPLE GLASS TASSLE BAG CHARM,Monitor Stock
90082A,DIAMANTE BOW BROOCH GREEN COLOUR,Monitor Stock
84899F,YELLOW PURPLE DAISY FELT PURSE KIT,Monitor Stock
90185B,AMETHYST DIAMANTE EXPANDABLE RING,Monitor Stock
35920,FOUR RABBIT EASTER DECORATIONS,Monitor Stock
90087,CRYSTAL SEA HORSE PHONE CHARM,Monitor Stock
90196B,BLACK GEMSTONE NECKLACE 45CM,Monitor Stock
47574B,ENGLISH ROSE SCENTED HANGING HEART,Monitor Stock
22841,"CAKE TIN, ROUND, VINTAGE MINT,IVORY",Reorder Immediately
84906,PINK B'FLY C/COVER W BOBBLES,Monitor Stock
37506,NEW ENGLAND MILK JUG W GIFT BOX,Monitor Stock
90163A,PINK ROSEBUD & PEARL NECKLACE,Monitor Stock
84255B,ORANGE COCKTAIL GLASS LAMP,Monitor Stock
47421,ASSORTED COLOUR LIZARD SUCTION HOOK,Monitor Stock
84926C,FAIRY CAKES TILE COASTER,Monitor Stock
22931,BAKING MOULD HEART WHITE CHOCOLATE,Reorder Immediately
21399,BLUE POLKADOT COFFEE MUG,Monitor Stock
84711A,SILVER OVAL SHAPE TRINKET BOX,Monitor Stock
85088,CANDY SPOT HAND BAG,Monitor Stock
85128,PLANTPOT SINGLE HOOK PISTACHIO,Reorder Immediately
85232A,SET/3 POLKADOT STACKING TINS,Monitor Stock
72801C,4 ROSE PINK DINNER CANDLES,Monitor Stock
84706B,FAIRY CAKES TABLE CLOCK,Monitor Stock
84576,BLUE CAT BISCUIT BARREL PINK HEART,Monitor Stock
72801D,S/4 SKY BLUE DINNER CANDLES,Monitor Stock
22510,DOORSTOP RUSSIAN DOLL GINGHAM,Monitor Stock
72807b,SET/3 OCEAN SCENT CANDLE JEWEL BOX,Monitor Stock
22976,CIRCUS PARADE CHILDRENS EGG CUP ,Monitor Stock
21003,ROSE DU SUD CUSHION COVER,Monitor Stock
21028,NINJA RABBIT BLACK,Monitor Stock
84893,ANT WHITE IRON BASKET,Monitor Stock
16053,POPART COL BALLPOINT PEN ASST,Monitor Stock
90014B,GOLD M PEARL  ORBIT NECKLACE,Monitor Stock
84422,PINK/BLUE DISC/MIRROR STRING,Monitor Stock
78033,FLAG OF ST GEORGE CHAIR,Monitor Stock
20968,GREEN FLORAL FELTCRAFT SHOULDER BAG,Monitor Stock
35638B,PINK/BLUE STRING CURTAIN ,Reorder Immediately
20957,PORCELAIN HANGING BELL SMALL,Monitor Stock
47593B,SCOTTIE DOGS BABY BIB,Monitor Stock
35838A,S/6 MULTICOLOUR ORNAMENETAL CANDLE,Monitor Stock
84803A,PINK ALLIUM  ARTIFICIAL FLOWER,Monitor Stock
84029D,LEOPARD PRINT HOT WATER BOTTLE,Monitor Stock
21530,DAIRY MAID CERAMIC TOASTRACK,Monitor Stock
90206C,CRYSTAL DIAMANTE STAR BROOCH,Monitor Stock
84800M,MEDIUM WHITE/PINK ROSE ART FLOWER,Monitor Stock
85230G,ORANGE VOTIVE CANDLE,Monitor Stock
40001, WHITE BAMBOO RIBS LAMPSHADE,Monitor Stock
22344,PARTY PIZZA DISH PINK RETROSPOT,Monitor Stock
37379B,BLUE CHERRY BLOSSOM CUP & SAUCER,Reorder Immediately
22545,MINI JIGSAW BUNNIES AT HOME,Monitor Stock
21025,SPACE FROG,Monitor Stock
90146,FINE SILVER NECKLACE W PASTEL FLOWE,Monitor Stock
84725,FREESTYLE CANVAS ART PICTURE,Monitor Stock
21018,BIRD BOX CHRISTMAS TREE DECORATION,Monitor Stock
90201A,PURPLE ENAMEL FLOWER RING,Monitor Stock
21881,CUTE CATS TAPE,Monitor Stock
85170B,SET/6 BLACK BIRD T-LIGHT CANDLES,Monitor Stock
46000U,POLYESTER FILLER PAD 30CMx30CM,Monitor Stock
22384,LUNCHBAG PINK RETROSPOT,Monitor Stock
47347B,BLUE FLOWER T-LIGHT HOLDER,Monitor Stock
84962,SET/3 COLOUR PAINTED KASHMIRI STOOL,Reorder Immediately
17011A,ORIGAMI VANILLA INCENSE+FLOWER ,Monitor Stock
90178B,PURPLE CHUNKY GLASS+BEAD NECKLACE,Monitor Stock
84984D,ORIENTAL RED CUSHION COVER ,Reorder Immediately
90210B,CLEAR ACRYLIC FACETED BANGLE,Monitor Stock
84464,S/60 PINK FLUFFY CHICKS IN BOX,Monitor Stock
82011A,"BATHROOM SCALES, TROPICAL BEACH",Monitor Stock
90185C,BLACK DIAMANTE EXPANDABLE RING,Monitor Stock
90191,SILVER LARIAT 40CM,Monitor Stock
90211B,JET BLACK LAS VEGAS NECKLACE 45CM,Monitor Stock
90199B,5 STRAND GLASS NECKLACE AMETHYST,Monitor Stock
22345,PARTY PIZZA DISH BLUE RETROSPOT,Monitor Stock
85014b,RED RETROSPOT UMBRELLA,Monitor Stock
72801C,S/4 ROSE PINK DINNER CANDLES,Monitor Stock
22839,"CAKE TIN, 3 TIER MINT/IVORY",Reorder Immediately
79190D,RETRO PLASTIC DAISY TRAY,Reduce Inventory
82607C,GLASS BONBON JAR. SUPERFINES,Monitor Stock
90056,CHUNKY CRACKED GLAZE NECKLACE IVORY,Monitor Stock
84564,6 SEGMENT COLOURED SNACK BOWL ,Monitor Stock
90036C,"FLOWER GLASS GARLAND NECKL.36""BLUE",Monitor Stock
20827,GOLD APERITIF GLASS,Reorder Immediately
84967A,PINK KASHMIRI OCCASIONAL TABLE,Reorder Immediately
35911A,MULTICOLOUR RABBIT EGG WARMER,Monitor Stock
90186A,AMETHYST HOOP EARRING FLORAL LEAF,Monitor Stock
85129B,BEADED CRYSTAL HEART GREEN SMALL,Monitor Stock
90081A,LILY BROOCH AMETHYST COLOUR,Monitor Stock
84876B,GREEN HEART COMPACT MIRROR,Monitor Stock
90158,ST TROPEZ NECKLACE,Monitor Stock
84800S,SMALL WHITE/PINK ROSE ART FLOWER,Monitor Stock
84951B,S/4 BLACK LOVEBIRD COASTERS,Monitor Stock
84247K,"FOLK ART GREETING CARD,pack/12",Monitor Stock
16218,CARTOON  PENCIL SHARPENERS,Monitor Stock
85185C,COW  SOCK PUPPET,Monitor Stock
84711B,PINK OVAL SHAPE TRINKET BOX,Monitor Stock
84706C,PINK FLOCK TABLE CLOCK ,Reorder Immediately
72800C,4 PINK DINNER CANDLE SILVER FLOCK,Monitor Stock
84030e,ENGLISH ROSE HOT WATER BOTTLE,Monitor Stock
47593A,CAROUSEL DESIGN BABY BIB,Monitor Stock
90122A,PINK CRYSTAL+GLASS BRACELET,Monitor Stock
22932,BAKING MOULD TOFFEE CUP CHOCOLATE,Reorder Immediately
90032,IVORY SHELL HEART NECKLACE,Monitor Stock
90129C,GREEN GLASS TASSLE BAG CHARM,Monitor Stock
16043,POP ART PUSH DOWN RUBBER ,Monitor Stock
90019A,SILVER M.O.P ORBIT BRACELET,Monitor Stock
90201D,GREEN ENAMEL FLOWER RING,Monitor Stock
85205A,IVORY FELT EASTER RABBIT GARLAND,Monitor Stock
35818B,"ACRYLIC JEWEL ICICLE, BLUE",Monitor Stock
21372,MIRRORED WALL ART TABLE LAMP,Monitor Stock
90036A,FLOWER GARLAND NECKLACE RED,Monitor Stock
21401,BLUE PUDDING SPOON,Monitor Stock
22676,FRENCH BLUE METAL DOOR SIGN 1,Monitor Stock
16052,TEATIME PUSH DOWN RUBBER,Monitor Stock
82587,TEXRIO TOMATOES CANDLE+CUP,Monitor Stock
84660B,BLACK STITCHED WALL CLOCK,Monitor Stock
84457,SET/3 RABBITS FLOWER SKIPPPING ROPE,Monitor Stock
84951A,S/4 PISTACHIO LOVEBIRD COASTERS,Monitor Stock
21394,RED SPOTTY BEAKER ,Monitor Stock
22201,FRYING PAN BLUE POLKADOT,Monitor Stock
10123G,ARMY CAMO WRAPPING TAPE,Monitor Stock
90201C,RED ENAMEL FLOWER RING,Monitor Stock
84984D,ORIENTAL RED C/COVER ,Monitor Stock
84806A,PINK CANDYSTUFT ARTIFICIAL FLOWER,Monitor Stock
22915,ASSORTED BOTTLE TOP  MAGNETS ,Monitor Stock
22447,PIN CUSHION BABUSHKA BLUE,Monitor Stock
21370,MIRRORED WALL ART FOXY,Monitor Stock
84510C,SET OF 4 POLKADOTS COASTERS,Monitor Stock
22975,SPACEBOY CHILDRENS EGG CUP,Monitor Stock
84927D,LA PALMIERA TILE HOOK,Monitor Stock
21709,FOLDING UMBRELLA CHOCOLATE POLKADOT,Monitor Stock
85232b,SET/3 RUSSIAN DOLL STACKING TINS,Monitor Stock
21095,SET/6 POSIES PAPER PLATES,Monitor Stock
17012F,ORIGAMI SANDLEWOOD INCENSE/CAND SET,Monitor Stock
20826,SILVER APERITIF GLASS,Reorder Immediately
90115,SUMMER BUTTERFLIES BAG CHARM,Monitor Stock
20693,FLORAL DINOSAUR GREEN,Monitor Stock
90209A,PURPLE ENAMEL+GLASS HAIR COMB,Reorder Immediately
85130B,BEADED CRYSTAL HEART GREEN LARGE,Monitor Stock
84706F,RED PEONY TABLE CLOCK,Monitor Stock
21353,SILVER SLEIGHBELL  WREATH,Monitor Stock
84535A,ENGLISH ROSE NOTEBOOK A6 SIZE,Monitor Stock
84599,CANDY STRIPE ROSE FLOOR CUSHION,Reorder Immediately
21373,MIRRORED WALL ART SNOWFLAKES,Monitor Stock
72801D,4 SKY BLUE DINNER CANDLES,Monitor Stock
22645,CERAMIC HEART CAKE MONEY BANK,Reorder Immediately
85166A,WHITE METAL BAROQUE PHOTO FRAME,Monitor Stock
90159,COTE D'AZURE NECKLACE,Monitor Stock
22864,MUG AND COASTER SET RED CIRCLES,Reorder Immediately
90155,RESIN NECKLACE W PASTEL BEADS,Monitor Stock
16012,FOOD/DRINK SPUNGE STICKERS,Monitor Stock
48175,DOOR MAT CAMOUFLAGE,Reorder Immediately
22853,ENAMEL CAT BOWL CREAM,Reorder Immediately
21306,SET/4 DAISY MIRROR MAGNETS,Monitor Stock
21489,BLUE WHITE SCARF HOT WATER BOTTLE,Monitor Stock
90185D,CRYSTAL DIAMANTE EXPANDABLE RING,Monitor Stock
17178,FLAT PALM T-LIGHT HOLDER,Monitor Stock
84806B,WHITE CANDYSTUFT ARTIFICIAL FLOWER,Monitor Stock
90081C,LILY BROOCH OLIVE COLOUR,Monitor Stock
84914A,PINK ROSE PICNIC RUG,Reorder Immediately
90019C,SILVER BLACK ORBIT BRACELET,Monitor Stock
16202E,BLACK PHOTO ALBUM ,Monitor Stock
22587,"FELTCRAFT HAIRBAND, S/2, RED/BLUE",Reorder Immediately
47504H,ENGLISH ROSE SPIRIT LEVEL ,Monitor Stock
90094,NECKLACE+BRACELET SET FRUIT SALAD ,Monitor Stock
37491C,GREEN/BLUE CERAMIC CANDLE HOLDER,Monitor Stock
90096,NECKLACE+BRACELET SET BLUE BLOSSOM,Monitor Stock
37342,SPOTTY COFFEE CUP & SAUCER,Monitor Stock
85179A,GREEN BITTY LIGHT CHAIN,Monitor Stock
90042A,FRESHWATER PEARL BRACELET GOLD,Monitor Stock
90029,NEW BAROQUE SMALL NECKLACE BLACK,Monitor Stock
90013D,PURPLE VINTAGE EARRINGS,Monitor Stock
84805A,CREAM CLIMBING HYDRANGA ART FLOWER,Reorder Immediately
90040A,MURANO STYLE GLASS BRACELET RED,Monitor Stock
84622,PINK GINGHAM ROSE CUSHION COVER,Monitor Stock
84884a,ANT WHITE WIRE HEART SPIRAL,Monitor Stock
47566b,TEA TIME PARTY BUNTING,Monitor Stock
37379A,PINK CHERRY BLOSSOM CUP & SAUCER,Monitor Stock
47503A,ASS FLORAL PRINT MULTI SCREWDRIVER,Monitor Stock
21226,POCKET MIRROR WOODLAND,Monitor Stock
22536,MAGIC DRAWING SLATE FIDO,Monitor Stock
DCGSSGIRL,GIRLS PARTY BAG,Monitor Stock
20952,PORCELAIN CHERUB BELL SMALL,Monitor Stock
21397,BLUE POLKADOT EGG CUP ,Monitor Stock
22259,FELT FARM ANIMAL HEN,Monitor Stock
90122C,TURQUOISE CRYSTAL+GLASS BRACELET,Monitor Stock
90210A,GREY ACRYLIC FACETED BANGLE,Monitor Stock
21310,CAPIZ CHANDELIER,Reorder Immediately
84461,12 PINK HEN+CHICKS IN BASKET,Monitor Stock
17108D,FLOWER FAIRY SUMMER BOUQUET SACHET,Monitor Stock
79192A,RETRO PLASTIC 70'S TRAY,Monitor Stock
90040D,MURANO STYLE GLASS BRACELET PINK,Monitor Stock
47570b,TEA TIME TABLE CLOTH,Monitor Stock
21402,RED  EGG  SPOON,Monitor Stock
90197B,BLACK GLASS BRACELET W HEART CHARMS,Monitor Stock
35980C,REDWHITE STRIPE SCANDINAVIAN HEART ,Monitor Stock
84192,ASSORTED COLOUR METAL CAT ,Monitor Stock
85131C,BEADED CRYSTAL HEART BLUE ON STICK,Monitor Stock
21461,BLUE EASTER EGG HUNT START POST,Monitor Stock
84720,DOT MATRIX CANVAS ART PICTURE,Reorder Immediately
85024C,PINK SMALL JEWELLED PHOTOFRAME,Monitor Stock
21398,RED POLKADOT COFFEE  MUG,Monitor Stock
90024B,NEW BAROQUE B'FLY NECKLACE RED,Monitor Stock
79161A,ST GEORGE SET OF 10 PARTY LIGHTS,Monitor Stock
90036F,"FLOWER GLASS GARLD NECKL36""TURQUOIS",Monitor Stock
84927E,FLOWERS TILE HOOK,Monitor Stock
90048,GREEN WITH METAL BAG CHARM,Monitor Stock
22977,DOLLY GIRL CHILDRENS EGG CUP,Monitor Stock
84926E,FLOWERS TILE COASTER,Monitor Stock
21157,RED RETROSPOT WASHBAG,Monitor Stock
37482P,CUBIC MUG PINK POLKADOT,Monitor Stock
90133,TEAL/FUSCHIA COL BEAD NECKLACE,Monitor Stock
47503H,ASS FLORAL PRINT SPIRIT LEVEL ,Monitor Stock
90065B,BLACK VINT ART DEC CRYSTAL BRACELET,Monitor Stock
72740A,LARGE STRAWBERRY CHOCOLATE CANDLE,Monitor Stock
84661A,WHITE SQUARE TABLE CLOCK,Monitor Stock
47574A,ENGLISH ROSE SCENTED HANGING FLOWER,Monitor Stock
84765,SILVER ROCOCO CANDELABRA,Reorder Immediately
84508C,BLUE CIRCLES DESIGN TEDDY,Monitor Stock
78026,SEAGRASS S/3 SQU LAUNDRY BOX,Reorder Immediately
22869,"NUMBER TILE COTTAGE GARDEN, 1",Monitor Stock
35818P,"ACRYLIC JEWEL ICICLE, PINK",Monitor Stock
47592A,CAROUSEL CHILDRENS OVERALL,Monitor Stock
22195,HEART MEASURING SPOONS LARGE,Reorder Immediately
90093,CLEAR CRYSTAL STAR PHONE CHARM,Monitor Stock
22069, BROWN  PIRATE TREASURE CHEST ,Monitor Stock
16216,LETTER SHAPE PENCIL SHARPENER,Monitor Stock
72754B,F FAIRY POTPOURRI CUSHIONS LAVENDER,Monitor Stock
90042C,FRESHWATER PEARL BRACELET IVORY,Monitor Stock
90123D,WHITE HEART OF GLASS BRACELET,Monitor Stock
90060F,FIRE POLISHED GLASS NECKL GREEN,Monitor Stock
21032,SPACE CADET WHITE,Monitor Stock
84709A,SILVER OVAL JEWELLED MIRROR,Monitor Stock
35824P,"HANGING FLOWERS+MIRROR,PINK",Reorder Immediately
85204,HANGING WOOD AND FELT FLOWER,Monitor Stock
21004,ROSE DU SUD CHILDRENS APRON,Monitor Stock
17011D,ORIGAMI ROSE INCENSE+FLOWER,Reorder Immediately
84915,HAND TOWEL PINK FLOWER AND DAISY,Monitor Stock
90002A,FLOWER BURST SILVER RING OPAL,Monitor Stock
37330,BIG POLKADOT MUG,Reorder Immediately
35015,JACOBS LADDER SMALL,Monitor Stock
22241,"GARLAND , WOODEN  "" HAPPY EASTER""",Monitor Stock
84555A,YELLOW VW BEETLE CERAMIC MONEY BOX,Monitor Stock
77079,DOLPHIN WINDMILL,Monitor Stock
90065A,WHITE VINTAGE CRYSTAL BRACELET,Monitor Stock
46137D,GREEN CHENILLE SHAGGY RUG,Reorder Immediately
21030,SPACE CADET RED,Monitor Stock
90018A,SILVER M.O.P ORBIT DROP EARRINGS,Monitor Stock
90144,SILVER DROP EARRINGS WITH FLOWER,Monitor Stock
84882,GREEN WIRE STANDING CANDLE HOLDER,Monitor Stock
35646,VINTAGE BEAD PINK EVENING BAG,Monitor Stock
84656,WHITE ROSE C/COVER,Monitor Stock
35609A,PINK FEATHER CHRISTMAS DECORATION,Monitor Stock
16119,FUNKY GIRL ADDRESS BOOK,Monitor Stock
72140E,BEST DAD CANDLE LETTERS,Monitor Stock
90180B,PURPLE AMETHYST NECKLACE W TASSEL,Monitor Stock
84925E,FLOWERS WALL THERMOMETER,Reorder Immediately
20899,VINTAGE NOTEBOOK RED ROSE,Monitor Stock
90129D,AMBER GLASS TASSLE BAG CHARM,Monitor Stock
84951A,SET OF 4 PISTACHIO LOVEBIRD COASTER,Monitor Stock
84858A,NATURAL RIVIERA HANDBAG,Monitor Stock
22983,CARD BILLBOARD FONT,Monitor Stock
22322,BIRD DECORATION GREEN POLKADOT,Monitor Stock
90028,NEW BAROQUE LARGE NECKLACE BLK/WHIT,Monitor Stock
22848,"BREAD BIN, DINER STYLE, PINK",Reorder Immediately
84877A,PINK ROUND COMPACT MIRROR,Monitor Stock
84782B,BLACK 3 TIER GLASS PLATE STAND,Reorder Immediately
90016B,GOLD/M.O.P PENDANT ORBIT NECKLACE,Monitor Stock
84968e,SET OF 16 VINTAGE BLACK CUTLERY,Reorder Immediately
85018C,S/6 PAPER BOXES CURIOUS IMAGES ,Reorder Immediately
85014a,BLACK/BLUE DOTS RUFFLED UMBRELLA,Monitor Stock
16168S,FUNKY MONKEY GIFT BAG SMALL,Monitor Stock
84559D,3D SHEET OF SEA WORLD STICKERS,Monitor Stock
84367,LA STREGA CANVAS PICTURE ,Monitor Stock
82607E,GLASS BONBON JAR. D'AMANDES,Monitor Stock
35914,PINK CHICK EGG WARMER + EGG CUP,Monitor Stock
90073,VINTAGE ENAMEL & CRYSTAL EARRINGS,Monitor Stock
47592B,SCOTTIES DESIGN CHILD'S OVERALL,Monitor Stock
90123A,PINK HEART OF GLASS BRACELET,Monitor Stock
84614A,PINK BAROQUE FLOCK CANDLE HOLDER,Monitor Stock
20847,ZINC HEART LATTICE CHARGER LARGE,Monitor Stock
90002C,FLOWER BURST SILVER RING MIDN'T BLU,Monitor Stock
17084P,DRAGONS BLOOD INCENSE,Monitor Stock
22359,"GLASS JAR, KINGS CHOICE SOAP",Monitor Stock
22850,BREAD BIN DINER STYLE BLACK,Reorder Immediately
84452,METAL RABBIT LADDER EASTER ,Monitor Stock
45013,FOLDING SHOE TIDY,Reorder Immediately
47593A,CAROUSEL PONIES BABY BIB,Monitor Stock
22832,SWEETHEART WIRE WALL TIDY,Reorder Immediately
85190,PINK FLOWER HANGING HEART ,Monitor Stock
79308B,MOSAIC CANDLE DISH BLUE PURPLE,Reorder Immediately
21379, CAMPHOR WOOD PORTOBELLO MUSHROOM,Monitor Stock
84660c,PINK STITCHED WALL CLOCK,Monitor Stock
85094,CANDY SPOT EGG WARMER RABBIT,Monitor Stock
79532,MOSAIC GLASS BALL CANDLEHOLDER,Monitor Stock
90000A,RASPBERRY ANT COPPER FLOWER NECKLAC,Monitor Stock
22534,MAGIC SLATE SPACEBOY ,Reorder Immediately
22536,MAGIC SLATE FIDO,Reorder Immediately
22535,MAGIC SLATE BUNNIES AT HOME ,Reorder Immediately
84509F,NEW ENGLAND PLACEMATS,Monitor Stock
84886,BLUE METAL WALL SHELF,Monitor Stock
90024E,NEW BAROQUE B'FLY NECKLACE MONTANA,Monitor Stock
90016C,SILVER/BLACK PENDANT ORBIT NECKLACE,Monitor Stock
84288B,SET/2 BLUE  NOODLE BASKETS,Monitor Stock
22972,CHILDRENS SPACEBOY MUG,Reorder Immediately
20887,BOX OF 6 PEBBLE CANDLES,Monitor Stock
90139,FLOWER BROOCH 4 ASSORTED COLOURS,Monitor Stock
90156,RESIN BRACELET W PASTEL BEADS,Monitor Stock
90212B,JET BLACK LAS VEGAS BRACELET ROUND,Monitor Stock
22877,"NUMBER TILE COTTAGE GARDEN, 9",Reorder Immediately
21196,ROUND WHITE CONFETTI IN TUBE,Monitor Stock
35824C,"HANGING FLOWERS+MIRROR,CLEAR",Monitor Stock
84509E,SET OF 4 CAROUSEL PLACEMATS ,Reorder Immediately
90214S,"LETTER ""S"" BLING KEY RING",Monitor Stock
17012D,ORIGAMI ROSE INCENSE/CANDLE SET ,Monitor Stock
72038P,PRICE'S CANDLE PEACH,Monitor Stock
85169C,EAU DE NIL LOVE BIRD CANDLE,Monitor Stock
21228,"POCKET MIRROR ""GLAMOROUS""",Monitor Stock
21031,SPACE CADET BLACK,Monitor Stock
90137,PINK COMBO MINI CRYSTALS NECKLACE,Monitor Stock
90000B,MIDNIGHT BLUE COPPER FLOWER NECKLAC,Monitor Stock
79403,FROSTED WHITE BASE ,Monitor Stock
20896,VINTAGE NOTEBOOK PINK FLOWER,Monitor Stock
85014a,BLACK/BLUE POLKADOT UMBRELLA,Monitor Stock
84509c,SET OF 4 DOTTY PLACEMATS ,Monitor Stock
35610B,BLACK CHRISTMAS FLOCK DROPLET ,Monitor Stock
90003D,CRYSTAL PAIR HEART HAIR SLIDES,Monitor Stock
90125D,PURPLE BERTIE GLASS BEAD BAG CHARM,Monitor Stock
90211A,DIAMOND LAS VEGAS NECKLACE 45CM,Monitor Stock
22875,"NUMBER TILE COTTAGE GARDEN, 7",Reorder Immediately
22870,"NUMBER TILE COTTAGE GARDEN, 2",Reorder Immediately
22868,"NUMBER TILE COTTAGE GARDEN, 0 ",Reorder Immediately
90003B,ROSE COLOUR PAIR HEART HAIR SLIDES,Monitor Stock
17090A,LAVENDER INCENSE 40 CONES IN TIN,Monitor Stock
84705B,FAIRY CAKES PHOTO FRAME,Reorder Immediately
46138B,BLUE CHENILLE SHAGGY CUSHION COVER ,Monitor Stock
85160a,WHITE BIRD GARDEN DESIGN MUG,Reorder Immediately
22204,MILK PAN BLUE POLKADOT,Monitor Stock
22677,FRENCH BLUE METAL DOOR SIGN 2,Monitor Stock
90181B,AMETHYST GLASS/SHELL/PEARL NECKLACE,Monitor Stock
90190C,SILVER/AMETHYST DROP EARRINGS LEAF,Monitor Stock
90036B,"FLOWER GLASS GARLAND NECKL.36""GREEN",Monitor Stock
10138,ASSORTED COLOUR JUMBO PEN,Monitor Stock
22873,"NUMBER TILE COTTAGE GARDEN, 5",Reorder Immediately
84493,BLUE/PINK NEST STRIPE BOX,Reorder Immediately
90170,DAISY HAIR BAND,Monitor Stock
90024D,NEW BAROQUE B'FLY NECKLACE PINK,Monitor Stock
90151,SILVER/NATURAL SHELL NECKLACE,Monitor Stock
90124C,GREEN MURANO TWIST NECKLACE,Monitor Stock
35607A,PINK FLUFFY CHRISTMAS DECORATION,Monitor Stock
44234,ASSORTED CIRCULAR MOBILE,Monitor Stock
82069,BEECH WOOD P/FRAME,Monitor Stock
90214J,"LETTER ""J"" BLING KEY RING",Monitor Stock
22876,"NUMBER TILE COTTAGE GARDEN, 8",Reorder Immediately
22872,"NUMBER TILE COTTAGE GARDEN, 4",Reorder Immediately
22874,"NUMBER TILE COTTAGE GARDEN, 6",Reorder Immediately
22871,"NUMBER TILE COTTAGE GARDEN, 3 ",Reorder Immediately
90086,CRYSTAL FROG PHONE CHARM,Monitor Stock
85185F,LION SOCK PUPPET,Monitor Stock
84247H,PACK/12 DECOUPAGE CARD,Monitor Stock
20836,FRENCH PAISLEY CUSHION COVER,Reorder Immediately
17191A,ROSE FLOWER CANDLE+INCENSE 16X16CM,Monitor Stock
22346,PARTY PIZZA DISH GREEN POLKADOT,Monitor Stock
47471,RAINBOW PEGS PHOTO CLIP STRING,Monitor Stock
22068, BLACK PIRATE TREASURE CHEST,Monitor Stock
20816,GOLD FLOWER CUSHION COVER ,Reorder Immediately
35816P,"ACRYLIC JEWEL ANGEL,PINK",Monitor Stock
72753C,S/3 FLWR FAIRY ROSE CANDLES,Reorder Immediately
84558a,3D DOG PICTURE PLAYING CARDS,Monitor Stock
16206B,RED PURSE WITH PINK HEART,Monitor Stock
90030B,RED KUKUI COCONUT SEED NECKLACE,Monitor Stock
72812,LARGE ZINC GLASS CANDLEHOLDER,Monitor Stock
35840,FLAT GLASS  BAUBLE WHITE FLOCK ,Monitor Stock
90214A,"LETTER ""A"" BLING KEY RING",Monitor Stock
84509c,SET OF 4 POLKADOT PLACEMATS ,Monitor Stock
90186B,CRYSTAL HOOP EARRING FLORAL LEAF,Monitor Stock
84562B,BLUE/WHITE RIBBED MELAMINE JUG,Monitor Stock
48103,DOORMAT KISS MY.......,Reorder Immediately
90185A,AMBER DIAMANTE EXPANDABLE RING,Monitor Stock
35096B,RED VICTORIAN FABRIC HEART BOX,Monitor Stock
90129F,RED GLASS TASSLE BAG CHARM,Monitor Stock
79191D,RETRO PLASTIC DAISY TRAY,Monitor Stock
22445,PENCIL CASE GINGHAM FOREST,Reorder Immediately
44235,ASS COL CIRCLE MOBILE ,Monitor Stock
84867A,PINK BABY GIRLS PHOTO ALBUM,Reorder Immediately
10120,DOGGY RUBBER,Monitor Stock
84458,S/3 RABBIT FLOWER/EGG/CARROT ROPE,Monitor Stock
22433,WATERING CAN PINK BUNNY,Reorder Immediately
72351a,SET/6 TURQUOISE BUTTERFLY T-LIGHTS,Monitor Stock
16169D,WRAP WINTER FOREST,Monitor Stock
21711,FOLDING UMBRELLA WHITE/RED POLKADOT,Monitor Stock
84531A,PINK KNITTED EGG COSY,Monitor Stock
20838,FRENCH LATTICE CUSHION COVER ,Reorder Immediately
21118,SHOPPING BAG DOORSTOP,Monitor Stock
72051S,BAG OF SILVER STONES,Monitor Stock
90210D,PURPLE ACRYLIC FACETED BANGLE,Monitor Stock
90214L,"LETTER ""L"" BLING KEY RING",Monitor Stock
21337,SILVER WASHBAG,Monitor Stock
17038,PORCELAIN BUDAH INCENSE HOLDER,Monitor Stock
84723,CHERRY BLOSSOM CANVAS ART PICTURE,Reorder Immediately
35594,WOODEN CHRISTMAS TREE 3 HANGING,Monitor Stock
22859,EASTER TIN BUNNY BOUQUET,Monitor Stock
17014A,ORIGAMI VANILLA INCENSE CONES,Monitor Stock
90016A,SILVER/M.O.P PENDANT ORBIT NECKLACE,Monitor Stock
84968e,S/16 VINTAGE BLACK CUTLERY,Reorder Immediately
90199D,5 STRAND GLASS NECKLACE AMBER,Monitor Stock
90123B,TURQUOISE HEART OF GLASS BRACELET,Monitor Stock
90114,SUMMER DAISIES BAG CHARM,Monitor Stock
35966,FOLKART CHRISTMAS TREE T-LIGHT HOLD,Monitor Stock
85050,FRENCH ENAMEL SOAP DISH WITH LID,Reorder Immediately
DCGSSBOY,BOYS PARTY BAG,Monitor Stock
90214K,"LETTER ""K"" BLING KEY RING",Monitor Stock
78027,SEAGRASS S/2 CORNER LAUNDRY ,Reorder Immediately
84462,3 PINK HEN+CHICKS IN BASKET,Monitor Stock
90164A,PINK ROSEBUD PEARL BRACELET,Monitor Stock
90214C,"LETTER ""C"" BLING KEY RING",Monitor Stock
37471,MULTICOLOUR DOTS PLATE,Reorder Immediately
22736,"RIBBON REEL, MAKING SNOWMEN ",Reorder Immediately
21266,VINTAGE SILVER TINSEL REEL,Monitor Stock
22678,FRENCH BLUE METAL DOOR SIGN 3,Monitor Stock
22878,"NUMBER TILE COTTAGE GARDEN, No",Reorder Immediately
84970l,SINGLE HEART ZINC T-LIGHT HOLDER,Monitor Stock
84705D,CHERRY BLOSSOM PHOTO FRAME ,Monitor Stock
90160A,PURPLE BOUDICCA LARGE BRACELET,Monitor Stock
90150,BLUE SHELL+SILVER NECKLACE,Monitor Stock
22937,BAKING MOULD CHOCOLATE CUPCAKES,Reorder Immediately
90214M,"LETTER ""M"" BLING KEY RING",Monitor Stock
90040C,MURANO STYLE GLASS BRACELET GOLD,Monitor Stock
90058A,CRYSTAL STUD EARRINGS CLEAR DISPLAY,Reorder Immediately
47481,50CM METAL STRING WITH  7 CLIPS,Monitor Stock
48103,DOOR MAT KISS MY.......,Monitor Stock
21394,RED POLKADOT BEAKER ,Reorder Immediately
84926A,WAKE UP COCKEREL TILE COASTER,Monitor Stock
72606A,BROWN ANTIQUE CUBE CANDLE,Monitor Stock
84927F,PSYCHEDELIC TILE HOOK,Monitor Stock
21880,RED RETROSPOT TAPE,Monitor Stock
20861,GOLD COSMETIC BAG PINK STAR,Monitor Stock
90190B,GOLD/AMBER DROP EARRINGS W LEAF,Monitor Stock
21241,GREEN POLKADOT CUP,Monitor Stock
21367,MIRRORED WALL ART GENTS,Monitor Stock
90063B,BLACK VINT ART DEC CRYSTAL NECKLACE,Monitor Stock
84926D,LA PALMIERA TILE COASTER,Monitor Stock
22432,WATERING CAN GREEN DINOSAUR,Reorder Immediately
84231,EASTER BUNNY WITH BASKET ON BACK,Monitor Stock
16219,HOUSE SHAPE PENCIL SHARPENER,Monitor Stock
21087,SET/6 POSIES PAPER CUPS,Monitor Stock
79051A,SMOKEY GREY COLOUR D.O.F. GLASS,Monitor Stock
84796a,PINK HAWAIIAN PICNIC HAMPER FOR 2,Monitor Stock
81950B,FLOWER BLUE CLOCK W/SUCKER,Monitor Stock
35610A,PINK CHRISTMAS FLOCK DROPLET ,Monitor Stock
90072,RUBY DROP CHANDELIER EARRINGS,Monitor Stock
84753A,PINK EAU DE COLOGNE BOTTLE,Monitor Stock
84199,GLOW IN DARK DOLPHINS,Monitor Stock
22246,MAGIC GARDEN FELT GARLAND ,Monitor Stock
21343,GOLD JEWELERY BOX,Reorder Immediately
85232b,SET OF 3 BABUSHKA STACKING TINS,Monitor Stock
84927A,WAKE UP COCKEREL TILE HOOK,Monitor Stock
90214E,"LETTER ""E"" BLING KEY RING",Monitor Stock
84437A,S/6 PINK EASTER DECS IN BOX,Monitor Stock
85039a,SET/4 RED MINI ROSE CANDLE IN BOWL,Monitor Stock
81952V,ROUND PURPLE CLOCK W/SUCKER,Monitor Stock
84984C,ORIENTAL BLUE C/COVER ,Monitor Stock
17013C,ORIGAMI LAVENDER INCENSE IN TUBE,Reorder Immediately
47578A,ENGLISH ROSE SMALL SCENTED FLOWER,Monitor Stock
90112,PINK DOLLY HAIR CLIPS,Monitor Stock
47598,NEW ENGLAND EGG WARMER,Monitor Stock
90199A,5 STRAND GLASS NECKLACE BLACK,Monitor Stock
20660,VIP LUGGAGE TAG ,Monitor Stock
37342,POLKADOT COFFEE CUP & SAUCER PINK,Monitor Stock
90104,PURPLE FRANGIPANI HAIRCLIP,Monitor Stock
85114c,RED ENCHANTED FOREST PLACEMAT,Monitor Stock
35651,VINTAGE BEAD PINK SCARF ,Reorder Immediately
84721,MANHATTAN CANVAS ART PICTURE,Reorder Immediately
84629,WHITE 3 FRAME BIRDS AND TREE ,Reorder Immediately
90039D,FIRE POLISHED GLASS BRACELET GREEN,Monitor Stock
22686,FRENCH BLUE METAL DOOR SIGN No,Monitor Stock
84891B,GREEN WIRE GOBLET CANDLEHOLDER,Reorder Immediately
37462B,"PET MUG, BUDGIE",Monitor Stock
35822B,"ACRYLIC BEAD CHAIN, BLUE",Reorder Immediately
90088,CRYSTAL KEY+LOCK PHONE CHARM,Monitor Stock
35819B,"ACRYLIC HANGING JEWEL,BLUE",Monitor Stock
84424A,FOUR PICTURE WHITE GLASS FRAME,Monitor Stock
79144C,PAINTED LIGHTBULB RAINBOW DESIGN,Monitor Stock
84531B,BLUE KNITTED EGG COSY,Monitor Stock
gift_0001_50,Dotcomgiftshop Gift Voucher £50.00,Reorder Immediately
35271S,GOLD PRINT PAPER BAG,Monitor Stock
90092,BLUE CRYSTAL BOOT PHONE CHARM,Monitor Stock
90059A,DIAMANTE HAIR GRIP PACK/2 CRYSTAL,Monitor Stock
90162B,ANT SILVER LIME GREEN BOUDICCA RING,Monitor Stock
84454,WOBBLING METAL CHICKEN EASTER,Monitor Stock
85132a,CHARLIE + LOLA BISCUITS TINS,Reorder Immediately
85099c,JUMBO  BAG BAROQUE BLACK WHITE,Monitor Stock
90166,PINK & WHITE ROSEBUD RING,Monitor Stock
90116,FRUIT SALAD BAG CHARM,Monitor Stock
35838B,S/6 SILVER ORNAMENETAL CANDLE,Monitor Stock
22844,"DOG FOOD CONTAINER , VINTAGE",Reorder Immediately
16248B,BLUE HOLE PUNCH,Reorder Immediately
17027A,INCENSE BAZAAR CANNABIS,Reorder Immediately
46775B,BERRIES CHUNKY KNITTED THROW ,Reorder Immediately
16051,TEATIME PENCIL W STAMP ASST,Reorder Immediately
21400,RED PUDDING SPOON,Monitor Stock
90165B,WHITE ROSEBUD  PEARL EARRINGS,Monitor Stock
35911B,PINK/FLOWER RABBIT EGG WARMER ,Monitor Stock
84251F,"GREETING CARD, RITA",Monitor Stock
90179C,BLACK FINE BEAD NECKLACE W TASSEL,Monitor Stock
22928,YELLOW GIANT GARDEN THERMOMETER,Reorder Immediately
82605,OLD DOC.RUSSEL METAL SIGN,Monitor Stock
79144B,PAINTED LIGHTBULB STAR+ MOON,Monitor Stock
90190A,SILVER/CRYSTAL DROP EARRINGS W LEAF,Monitor Stock
84030C,KNITTED RAINBOW HOT WATER BOTTLE,Reorder Immediately
90002B,FLOWER BURST SILVER RING ROSE,Monitor Stock
84926F,PSYCHEDELIC TILE COASTER,Monitor Stock
90162C,ANT SILVER FUSCHIA BOUDICCA RING,Monitor Stock
72821,CUPID SCENTED CANDLE IN GLASS,Monitor Stock
21699,SET 5 MINI CHOCOLATE FRIDGE MAGNETS,Reorder Immediately
22857,ASSORTED EASTER GIFT TAGS,Reorder Immediately
84907,PINK/YELLOW PATCH CUSHION COVER,Reorder Immediately
22916,HERB MARKER THYME,Monitor Stock
22579,WOODEN TREE CHRISTMAS SCANDISPOT,Reorder Immediately
22566,"FELTCRAFT HAIRBAND S/2, PINK/PURPLE",Monitor Stock
22918,HERB MARKER PARSLEY,Monitor Stock
72779,SET/6 BLACK ROSE T-LIGHT CANDLES,Monitor Stock
16201B,PASTEL BLUE PHOTO ALBUM,Reorder Immediately
90023,FILIGREE DIAMANTE EARRINGS,Monitor Stock
22920,HERB MARKER BASIL,Monitor Stock
16011, ANIMAL STICKERS,Monitor Stock
90018B,GOLD M.O.P ORBIT DROP EARRINGS,Monitor Stock
71496A,A4 WALL TIDY BLUE OFFICE,Monitor Stock
90121B,VINTAGE ROSE BEAD BRACELET BLUE,Monitor Stock
22531,MAGIC SLATE CIRCUS PARADE  ,Reorder Immediately
22530,MAGIC SLATE DOLLY GIRL ,Reorder Immediately
84596I,WRAP SWEETS LIGHT PINK SMALL BOWL,Monitor Stock
17011E,ORIGAMI OPIUM SCENT INCENSE+FLOWER,Reorder Immediately
22346,PARTY PIZZA DISH GREEN RETROSPOT,Monitor Stock
22679,FRENCH BLUE METAL DOOR SIGN 4,Monitor Stock
22680,FRENCH BLUE METAL DOOR SIGN 5,Monitor Stock
90130B,TURQ STONE/CRYSTAL EARRINGS,Monitor Stock
90038A,GLASS AND PAINTED BEADS BRACELET TO,Monitor Stock
90089,PINK CRYSTAL SKULL PHONE CHARM,Monitor Stock
84795E,RIO PINK STRIPE HAMMOCK,Reorder Immediately
90049,IVORY GOLD METAL BAG CHARM,Reorder Immediately
90003C,MIDNIGHT BLUE PAIR HEART HAIR SLIDE,Monitor Stock
22649,STRAWBERRY CAKE TEAPOT,Reorder Immediately
84509C,SET OF 4 POLKADOT PLACEMATS ,Monitor Stock
84751B,BLACK MEDIUM GLASS CAKE STAND,Monitor Stock
90138,WHITE/PINK MINI CRYSTALS NECKLACE,Monitor Stock
22344,PARTY PIZZA DISH PINK WHITE SPOT ,Monitor Stock
90099,NECKLACE+BRACELET SET BLUE HIBISCUS,Monitor Stock
22344,PARTY PIZZA DISH PINK POLKADOT,Monitor Stock
79026B,"S/4 ICON COASTER,ELVIS LIVES",Monitor Stock
20796,SMALL BLUE PROVENCAL CERAMIC BALL,Monitor Stock
22917,HERB MARKER ROSEMARY,Monitor Stock
35931,PINK STAR CHRISTMAS DECORATION,Monitor Stock
84455,SET OF 3 RABBIT CARROTS EASTER,Monitor Stock
72134,COLUMBIAN  CUBE CANDLE ,Monitor Stock
90125A,PINK BERTIE GLASS BEAD BAG CHARM,Monitor Stock
17090D,VANILLA INCENSE 40 CONES IN TIN,Monitor Stock
90019B,GOLD M.O.P ORBIT BRACELET,Monitor Stock
84388,WISE MAN STAR SHAPE EGG PAN,Monitor Stock
90123C,GREEN HEART OF GLASS BRACELET,Reorder Immediately
21450,DISTRESSED CANDLE STICK WHITE,Reorder Immediately
90202D,PINK ENAMEL FLOWER HAIR TIE,Monitor Stock
21595,Dad's Cab Electronic Meter,Monitor Stock
85014b,RED/WHITE DOTS RUFFLED UMBRELLA,Reorder Immediately
84425A,WHITE GLASS TV TRIPLE FRAME,Monitor Stock
84617, NEW BAROQUE BLACK BOXES,Reorder Immediately
90063A,WHITE VINT ART DECO CRYSTAL NECKLAC,Reorder Immediately
90026A,GLASS BEAD HOOP NECKLACE BLACK,Monitor Stock
84951B,SET OF 4 BLACK LOVEBIRD COASTERS,Monitor Stock
84874B,BLUE TRAVEL FIRST AID KIT,Monitor Stock
71510,SQUARE METAL CANDLEHOLDER BASE,Monitor Stock
21369,MIRRORED WALL ART SPLODGES,Monitor Stock
16161E,WRAP BOUDOIR ,Monitor Stock
37399,"ASS RETROSPOOF MUGS,SPORTS",Reorder Immediately
90204,PAIR OF ENAMEL BUTTERFLY HAIRCLIP,Monitor Stock
84661C,PINK SQUARE TABLE CLOCK,Monitor Stock
84757,ENCHANTED GARDEN WROUGHT IRON TABLE,Reorder Immediately
21267,VINTAGE PINK TINSEL REEL ,Monitor Stock
84613A,PINK NEW BAROQUE FLOCK CANDLESTICK,Monitor Stock
84919,L BLUE C/COVER W PINK/YELLOW FLOWER,Reorder Immediately
90168,2 DAISIES HAIR COMB,Monitor Stock
90205C,LARGE CRYSTAL DIAMANTE HAIRSLIDE,Monitor Stock
90100,NECKLACE+BRACELET SET PINK DAISY,Monitor Stock
S,SAMPLES,Reorder Immediately
84744,S/6 SEW ON CROCHET FLOWERS,Monitor Stock
20664,TROPICAL HOLIDAY PURSE ,Monitor Stock
20615,BLUE POLKADOT PASSPORT COVER,Monitor Stock
84447,6 RABBIT CHAIN EASTER,Monitor Stock
22921,HERB MARKER CHIVES ,Monitor Stock
84427B,BLACK GLASS TV DOUBLE P/FRAME 15X10,Reorder Immediately
90194,SILVER LARIAT BLACK STONE EARRINGS,Monitor Stock
22345,PARTY PIZZA DISH BLUE POLKADOT,Monitor Stock
84660A,WHITE STITCHED WALL CLOCK,Monitor Stock
35937,CERISE+GOLD CHRISTMAS STOCKING DEC,Monitor Stock
84925C,FAIRY CAKES  WALL THERMOMETER,Monitor Stock
37509,NEW ENGLAND MUG W GIFT BOX,Monitor Stock
44242B,PINK FEATHERS CURTAIN,Reorder Immediately
20698,LITTLE PINK MONSTER SOFT TOY,Monitor Stock
16256C,HEARTS PENCIL/RUBBER+5 MINI PENCILS,Monitor Stock
84905,PINK BUTTERFLY C/COVER ,Reorder Immediately
90162A,ANT SILVER TURQUOISE BOUDICCA RING,Monitor Stock
20958,PORCELAIN HANGING BELL LARGE,Monitor Stock
22682,FRENCH BLUE METAL DOOR SIGN 7,Monitor Stock
47343A,FUSCHIA FLOWER PURSE WITH BEADS,Monitor Stock
90214R,"LETTER ""R"" BLING KEY RING",Monitor Stock
gift_0001_80,Dotcomgiftshop Gift Voucher £80.00,Reorder Immediately
84918,CREAM C/COVER W YELLOW/GREEN FLOWER,Reorder Immediately
84510E,SET OF 4 GREEN CAROUSEL COASTERS,Monitor Stock
72140F,HAPPY ANNIVERSARY CANDLE LETTERS,Monitor Stock
21368,MIRRORED WALL ART LADIES,Monitor Stock
37471,MULTICOLOUR POLKADOT PLATE,Reorder Immediately
90024C,NEW BAROQUE B'FLY NECKLACE GREEN,Monitor Stock
90177D,DROP DIAMANTE EARRINGS PURPLE,Monitor Stock
90018C,SILVER BLACK ORBIT DROP EARRINGS,Monitor Stock
84857A,SILVER MONTE CARLO HANDBAG,Reorder Immediately
90039C,FIRE POLISHED GLASS BRACELET BLACK,Monitor Stock
85114b,IVORY ENCHANTED FOREST PLACEMAT,Reorder Immediately
84549,CROCHET WHITE RABBIT KEYRING ,Monitor Stock
20879,TREE OF NOAH FESTIVE SCENTED CANDLE,Monitor Stock
90002E,FLOWER BURST SILVER RING GREEN,Monitor Stock
84864A,PINK PAISLEY PHOTO ALBUM,Reorder Immediately
90189A,SILVER 2 STRAND NECKLACE-LEAF CHARM,Reorder Immediately
90069,RUBY GLASS CLUSTER NECKLACE,Reorder Immediately
84926B,SCOTTS ROSES TILE COASTER,Monitor Stock
84415B,BLUE FLOCK CUSHION COVER ,Reorder Immediately
90149,SILVER FLOWR PINK SHELL NECKLACE,Reorder Immediately
47504J,ENGLISH ROSE SET/3 GARDEN TOOLS,Reorder Immediately
84465,15 PINK FLUFFY CHICKS IN BOX,Monitor Stock
90059D,DIAMANTE HAIR GRIP PACK/2 PERIDOT,Monitor Stock
72133,COLUMBIAN CANDLE RECTANGLE,Monitor Stock
90165A,PINK ROSEBUD PEARL EARRINGS,Monitor Stock
40002,WHITE BAMBOO RIBS LAMPSHADE,Reorder Immediately
85072,OCCASIONS GIFT CARD ASSORTMENT,Reorder Immediately
84340,LARGE FIBRE OPTIC CHRISTMAS TREE,Monitor Stock
90030C,BROWN KUKUI COCONUT SEED NECKLACE,Reorder Immediately
gift_0001_40,Dotcomgiftshop Gift Voucher £40.00,Reorder Immediately
72812,LARGE ZINC/GLASS CANDLEHOLDER,Monitor Stock
84989a,75 GREEN FAIRY CAKE CASES,Monitor Stock
84705A,ENGLISH ROSE PHOTO FRAME ,Monitor Stock
22257,FELT FARM ANIMAL SHEEP,Monitor Stock
90130A,WHITE STONE/CRYSTAL EARRINGS,Monitor Stock
21089,SET/6 GREEN SPRING PAPER CUPS,Monitor Stock
90181A,AMBER GLASS/SHELL/PEARL NECKLACE,Monitor Stock
16020C,CLEAR STATIONERY BOX SET ,Monitor Stock
DCGS0069,OOH LA LA DOGS COLLAR,Reorder Immediately
85040a,S/4 PINK FLOWER CANDLES IN BOWL,Monitor Stock
35910A,MULTICOLOUR EASTER RABBIT ,Monitor Stock
84539,KNITTED RABBIT DOLL ,Monitor Stock
71215,METAL BASE FOR CANDLES,Monitor Stock
90037A,TINY CRYSTAL BRACELET RED,Monitor Stock
79534,MULTICOLOUR GLASS PLATE,Monitor Stock
85018A,S/6 PAPER BOXES ROMANTIC IMAGES,Monitor Stock
90020,FILIGREE DIAMANTE CHAIN,Reorder Immediately
85018B,S/6 PAPER BOXES BLOSSOM IMAGES ,Monitor Stock
20791,BLUE TILED SET OF 3 DRAWERS,Reorder Immediately
84921,CREAM AND PINK FLOWERS PONY ,Monitor Stock
20905,VINTAGE KEEPSAKE BOX BEAUTY GIRL,Reorder Immediately
22845,"CAT FOOD CONTAINER , VINTAGE",Reorder Immediately
35916C,PINK FELT HANGING HEART W FLOWER,Monitor Stock
22987,"WRAP , SUMMER ROSE DESIGN",Reorder Immediately
16008,SMALL FOLDING SCISSOR(POINTED EDGE),Monitor Stock
84596e,SMALL LICORICE DES PINK BOWL,Monitor Stock
84529B,BLUE KNITTED KID'S RUCKSACK,Reorder Immediately
47369A,PINK GREEN EMBROIDERY COSMETIC BAG,Monitor Stock
84450B,PINK/YELLOW RABBIT SAT EASTER,Monitor Stock
20620,RED SPOTTY PASSPORT COVER,Monitor Stock
72369A,PINK CLEAR GLASS CANDLE PLATE,Monitor Stock
35817B,"ACRYLIC JEWEL SNOWFLAKE,BLUE",Reorder Immediately
35973,GERANIUM FOLKART HEART DECORATION,Monitor Stock
22578,WOODEN STAR CHRISTMAS SCANDISPOT,Reorder Immediately
22565,FELTCRAFT HAIRBANDS PINK + WHITE ,Reorder Immediately
62043B,BLUE CHECK BAG W HANDLE 34X20CM,Reorder Immediately
47016,LIGHT DECORATION BATTERY OPERATED,Reorder Immediately
90022,EDWARDIAN DROP EARRINGS JET BLACK,Monitor Stock
90071,RUBY GLASS CLUSTER EARRINGS,Monitor Stock
22537,MAGIC SLATE DINOSAUR,Reorder Immediately
84984B,RED PEONY DES C/COVER ,Reorder Immediately
90140,PINK SWEETIE NECKLACE,Reorder Immediately
22619, SET Of 6 SOLDIER SKITTLES,Reorder Immediately
84875A,PINK SQUARE COMPACT MIRROR,Monitor Stock
22409,TIN CAN BISCUITS DESIGN,Reorder Immediately
90171,DAISY RING,Monitor Stock
gift_0001_70,Dotcomgiftshop Gift Voucher £70.00,Reorder Immediately
84575A,PINK DOG CANNISTER,Monitor Stock
44241C,BLUE BUTTERFLY ON SPRING,Monitor Stock
90026D,GLASS BEAD HOOP NECKLACE AMETHYST,Reorder Immediately
84582,PINK CROCHET CAT WITH SCARF,Monitor Stock
90060D,FIRE POLISHED GLASS NECKL BRONZE,Reorder Immediately
90001D,ANTIQUE OLIVE GREEN FLOWER EARRINGS,Monitor Stock
22973,CHILDRENS CIRCUS PARADE MUG,Reorder Immediately
35654,VINTAGE BEAD FILLED PINK CUSHION,Reorder Immediately
22329,ROUND FOOD CONTAINER S/5 RETROSPOT,Reorder Immediately
35001B,HAND OPEN SHAPE BLACK,Reorder Immediately
90210C,RED   ACRYLIC FACETED BANGLE,Reorder Immediately
20667,CHERRY BLOSSOM PURSE,Monitor Stock
47369B,BLUE GREEN EMBROIDERY COSMETIC BAG,Monitor Stock
90162D,ANT SILVER PURPLE BOUDICCA RING,Monitor Stock
84593,CROCHET ROSE DES CLOTHES HANGER,Reorder Immediately
22903,CALENDAR FAMILY FAVORITES,Reorder Immediately
90169,DAISY HAIR COMB,Monitor Stock
81985A,"ICON ALARM CLOCK,FUSCHIA  PIN UP",Monitor Stock
85023C,PINK LARGE JEWELED PHOTOFRAME,Monitor Stock
84984A,GREEN PEONY DES C/COVER,Reorder Immediately
35816B,"ACRYLIC JEWEL ANGEL,BLUE",Reorder Immediately
18094C,WHITE/BLUE RECT CERAMIC OIL BURNER,Monitor Stock
17129C,SKY BLUE COLOUR GLASS GEMS IN BAG,Monitor Stock
84510a,SET OF 4 ENGLISH ROSE COASTERS,Monitor Stock
22919,HERB MARKER MINT,Monitor Stock
35821B,"JEWELLED DECORATION,BLUE",Reorder Immediately
35913B,WHITE/PINK CHICK EASTER DECORATION,Monitor Stock
72771B,BURG FLOCK GOLD CUP/CANDLE ,Monitor Stock
72783,BLACK SIL'T SQU CANDLE PLATE ,Monitor Stock
90214G,"LETTER ""G"" BLING KEY RING",Monitor Stock
84415A,PINK FLOCK SUEDE CUSHION COVER ,Reorder Immediately
79331,PINK FLOCK GLASS CANDLEHOLDER,Reorder Immediately
85023A,CRYSTAL LARGE JEWELLED PHOTO FRAME,Monitor Stock
90067A,PINK VINTAGE VICTORIAN EARRINGS,Monitor Stock
85179C,PINK BITTY LIGHT CHAIN,Reorder Immediately
44236,PINK/PURPLE CIRCLE CURTAIN,Reorder Immediately
85080,PADDED RED HEART DECORATION,Monitor Stock
71495B,CD WALL TIDY RED FLOWERS,Monitor Stock
75178,ASSTD COL BUTTERFLY/CRYSTAL W/CHIME,Monitor Stock
90079,VINTAGE ENAMEL & CRYSTAL NECKLACE,Monitor Stock
85151,WELCOME METAL SIGN,Monitor Stock
35916A,YELLOW FELT HANGING HEART W FLOWER,Monitor Stock
90075,MONTANA DIAMOND CLUSTER NECKLACE,Reorder Immediately
20953,PORCELAIN CHERUB BELL LARGE,Monitor Stock
35912B,WHITE/PINK CHICK DECORATION,Monitor Stock
22345,PARTY PIZZA DISH BLUE WHITE SPOT ,Monitor Stock
79329,PINK FLOCK GLASS CANDLEHOLDER,Reorder Immediately
17084J,LOVE POTION MASALA INCENSE,Monitor Stock
84251G,"GREETING CARD, OVERCROWDED POOL.",Monitor Stock
90176C,DIAMANTE NECKLACE,Reorder Immediately
90059E,DIAMANTE HAIR GRIP PACK/2 RUBY,Monitor Stock
90037C,TINY CRYSTAL BRACELET BLUE,Monitor Stock
22252,BIRDCAGE DECORATION MAGIC GARDEN,Reorder Immediately
90084,PINK CRYSTAL GUITAR PHONE CHARM,Monitor Stock
90176A,CLASSIC DIAMANTE NECKLACE JET,Reorder Immediately
37491D,PURPLE/BLUE CERAMIC CANDLE HOLDER,Monitor Stock
84509a,SET OF 4 ENGLISH ROSE PLACEMATS,Reorder Immediately
20697,LITTLE GREEN MONSTER SOFT TOY,Monitor Stock
46115B,GREEN POP ART MAO CUSHION COVER ,Monitor Stock
20848,ZINC HEART LATTICE CHARGER SMALL,Reorder Immediately
84899E,YELLOW + BROWN BEAR FELT PURSE KIT,Monitor Stock
90078,PINK/WHITE GLASS DEMI CHOKER,Reorder Immediately
22684,FRENCH BLUE METAL DOOR SIGN 9,Monitor Stock
84845C,CARNATION SQUARE HANDY TIN,Monitor Stock
90214B,"LETTER ""B"" BLING KEY RING",Monitor Stock
20870,OPULENT VELVET CANDLE IN BOX,Reorder Immediately
84292B,BLUE COL METAL FOLDING CHAIR,Reorder Immediately
22683,FRENCH BLUE METAL DOOR SIGN 8,Monitor Stock
DCGS0004,HAYNES CAMPER SHOULDER BAG,Reorder Immediately
84845D,GERANIUM SQUARE HANDY TIN,Monitor Stock
gift_0001_10,Dotcomgiftshop Gift Voucher £10.00,Reorder Immediately
35071,ASSORTED SANTA CHRISTMAS DECORATION,Monitor Stock
84527,FLAMES SUNGLASSES PINK LENSES,Monitor Stock
84612B,SET/4 BLACK  BAROQUE FLOCK COASTER,Reorder Immediately
84795b,SUNSET CHECK HAMMOCK,Reorder Immediately
85069,CREAM SWEETHEART DOUBLE SHELF,Reorder Immediately
22846,"BREAD BIN, DINER STYLE, RED ",Reorder Immediately
17084A,TRANQUILITY MASALA INCENSE,Monitor Stock
22889,"NUMBER TILE VINTAGE FONT, No ",Reorder Immediately
84559a,3D SHEET OF DOG STICKERS,Monitor Stock
85124a,PINK JUICY FRUIT PHOTO FRAME,Monitor Stock
72083A,STRAWBERY SWIRL FLARE CANDLE,Monitor Stock
90177B,DROP DIAMANTE EARRINGS BLACK DIAMON,Monitor Stock
72801c,S/4 ROSE PINK DINNER CANDLES,Monitor Stock
22657,HEN & 2 CHICKS IN BASKET,Monitor Stock
72817,SET/2 CHRISTMAS DECOUPAGE CANDLES,Reorder Immediately
90051,CRACKED GLAZE NECKLACE RED,Reorder Immediately
90214N,"LETTER ""N"" BLING KEY RING",Monitor Stock
90135A,ORANGE/FUSCHIA STONES NECKLACE,Reorder Immediately
90046,WHITE WITH METAL BAG CHARM,Reorder Immediately
16045,POPART WOODEN PENCILS ASST,Reorder Immediately
84537B,FAIRY CAKES GIFT BAG,Monitor Stock
72129,COLUMBIAN CANDLE ROUND ,Monitor Stock
35610C,WHITE CHRISTMAS FLOCK DROPLET ,Reorder Immediately
90214P,"LETTER ""P"" BLING KEY RING",Monitor Stock
62086A,PINK RETRO BIG FLOWER BAG,Monitor Stock
35603C,SET/16 WHITE SHINY & MATT BAUBLES,Monitor Stock
47591A,CAROUSEL CHILDRENS APRON,Monitor Stock
90021,LASER CUT MULTI STRAND NECKLACE,Reorder Immediately
90179B,PURPLE FINE BEAD NECKLACE W TASSEL,Reorder Immediately
84608,ORNATE EDWARDIAN CANDLE HOLDER,Reorder Immediately
15058B,PINK POLKADOT GARDEN PARASOL,Reorder Immediately
21347,GOTHIC CARRIAGE LANTERN,Reorder Immediately
84679,CLASSICAL ROSE TABLE LAMP,Reorder Immediately
71495A,CD WALL TIDY BLUE OFFICE,Monitor Stock
22685,FRENCH BLUE METAL DOOR SIGN 0,Monitor Stock
90141A,GREEN PENDANT TRIPLE SHELL NECKLACE,Monitor Stock
20895,VINTAGE NOTEBOOK FRENCH LETTER ,Reorder Immediately
20988,TRELLIS FLOWER CHOPSTICKS SET/5,Monitor Stock
84227,HEN HOUSE W CHICK IN NEST,Monitor Stock
81952B,ROUND BLUE CLOCK W/SUCKER,Monitor Stock
16050,TEATIME PENCIL WITH RUBBER,Monitor Stock
22860,EASTER TIN CHICKS PINK DAISY,Reorder Immediately
17007B,S/3 POT POURI CUSHIONS BLUE COLOURS,Reorder Immediately
84951b,S/4 BLACK LOVEBIRD COASTERS,Reorder Immediately
85081,PADDED HOLLY CHRISTMAS DECORATION ,Monitor Stock
84626,CANDY STRIPE ROSE QUILT,Reorder Immediately
22604,SET OF 4 NAPKIN CHARM CUTLERY,Reorder Immediately
20964,POLYESTER FILLER PAD 60x40cm,Reorder Immediately
90037B,TINY CRYSTAL BRACELET GREEN,Reorder Immediately
35611B,BLACK ASSORTED DROPLET DECORATION,Reorder Immediately
90163B,WHITE ROSEBUD & PEARL NECKLACE,Reorder Immediately
84660b,BLACK STITCHED WALL CLOCK,Reorder Immediately
20837,FRENCH FLORAL CUSHION COVER ,Reorder Immediately
90214H,"LETTER ""H"" BLING KEY RING",Monitor Stock
90059F,DIAMANTE HAIR GRIP PACK/2 LT ROSE,Monitor Stock
90059C,DIAMANTE HAIR GRIP PACK/2 MONTANA,Monitor Stock
22406,TIN CAN KINGS CHOICE DESIGN,Reorder Immediately
22347,PIZZA DISH SLICE ,Reorder Immediately
16161C,WRAP SPEED DEMONS ,Reorder Immediately
72724,SET/6 CHRISTMAS ICICLE T-LIGHTS,Monitor Stock
21685,MEDINA STAMPED METAL TRAY ,Reorder Immediately
35916B,BLUE FELT HANGING HEART W FLOWER,Monitor Stock
90177E,DROP DIAMANTE EARRINGS GREEN,Monitor Stock
90197D,AMBER GLASS BRACELET HEART CHARMS,Reorder Immediately
72796B,S/3 FRENCH VANILLA SQU CANDLE,Monitor Stock
20820,SILVER LOOKING MIRROR,Monitor Stock
84586L,"PINK ROSES/GINGHAM PATCH RABBIT 8""",Monitor Stock
35085E,IVORY ROSE LAMPSHADE ,Monitor Stock
35607B,BLACK FEATHER CHRISTMAS DECORATION,Monitor Stock
35815B,"ACRYLIC JEWEL SNOWFLAKE,BLUE",Reorder Immediately
90108,BLUE BLOSSOM HAIR CLIP,Monitor Stock
90027D,GLASS BEAD HOOP EARRINGS AMETHYST,Monitor Stock
17014C,ORIGAMI LAVENDER INCENSE CONES,Reorder Immediately
90214D,"LETTER ""D"" BLING KEY RING",Monitor Stock
90042B,FRESHWATER PEARL BRACELET PINK,Reorder Immediately
35822P,"ACRYLIC BEAD CHAIN, PINK",Reorder Immediately
72798C,SET/4 GARDEN ROSE DINNER CANDLE,Monitor Stock
84548,CROCHET BEAR RED/BLUE  KEYRING,Monitor Stock
84551,CROCHET DOG KEYRING,Reorder Immediately
21596,Hypochondriac Pill Stress Ball,Monitor Stock
21815, STAR  T-LIGHT HOLDER ,Monitor Stock
90026B,GLASS BEAD HOOP NECKLACE MONTANA,Reorder Immediately
90024A,NEW BAROQUE B'FLY NECKLACE BLACK,Reorder Immediately
85035b,CHOCOLATE 3 WICK MORRIS BOX CANDLE,Reorder Immediately
22346,PARTY PIZZA DISH GREEN WHITE SPOT ,Monitor Stock
84803B,WHITE ALLIUM  ARTIFICIAL FLOWER,Monitor Stock
90214T,"LETTER ""T"" BLING KEY RING",Monitor Stock
72771C,BLACK FLOCK GOLD CANDLE,Reorder Immediately
90030A,SPOTTED WHITE NATURAL SEED NECKLACE,Reorder Immediately
90177C,DROP DIAMANTE EARRINGS CRYSTAL,Monitor Stock
84611B,BLACK NEW BAROQUE FLOCK BOX,Reorder Immediately
90060C,FIRE POLISHED GLASS NECKL SILVER,Reorder Immediately
90039B,FIRE POLISHED GLASS BRACELET MONTAN,Reorder Immediately
90183A,AMBER DROP EARRINGS W LONG BEADS,Monitor Stock
90067B,BROWN VINTAGE VICTORIAN EARRINGS,Reorder Immediately
85184B,SET 4 EASTER DECOUPAGE OVAL BOXES,Monitor Stock
90128A,PINK LEAVES AND BEADS PHONE CHARM,Monitor Stock
85024B,EAU DE NILE JEWELLED PHOTOFRAME,Monitor Stock
90212C,PURPLE LAS VEGAS BRACELET ROUND,Reorder Immediately
37477B,"FLOWER FAIRY MUG+COASTER,LAVENDER",Monitor Stock
18096c,WHITE ROUND PORCELAIN TLIGHT HOLDER,Reorder Immediately
21119,Glow In The Dark Shot Glasses ,Reorder Immediately
35644,PAIR PINK/BLACK COATHANGERS,Monitor Stock
22740,POLKADOT PENS,Reorder Immediately
84798C,WHITE FOXGLOVE ARTIIFCIAL FLOWER,Reorder Immediately
72709,IVORY SCULPTED RND CANDLE ,Monitor Stock
90012B,BLACK DROP CRYSTAL NECKLACE,Reorder Immediately
90034,WHITE SILVER NECKLACE SHELL GLASS,Reorder Immediately
90064A,WHITE VINTAGE CRYSTAL EARRINGS,Reorder Immediately
22532,MAGIC SLATE LEAP FROG ,Reorder Immediately
22529,MAGIC SLATE GO TO THE FAIR ,Reorder Immediately
22681,FRENCH BLUE METAL DOOR SIGN 6,Monitor Stock
20994,JAZZ HEARTS SPIRAL NOTEPAD,Monitor Stock
20860,GOLD COSMETICS BAG WITH BUTTERFLY,Monitor Stock
79065A,TEATIME ROUND CAKE TINS ,Reorder Immediately
47518F,ICON PLACEMAT POP ART ELVIS,Reorder Immediately
35933,PINK STOCKING CHRISTMAS DECORATION,Monitor Stock
22853,"CAT BOWL, ENAMEL , CREAM COLOUR",Reorder Immediately
82545A,COGNAC AUX OEUFS METAL 1 HOOK,Monitor Stock
47567b,TEA TIME KITCHEN APRON,Reorder Immediately
90188,DROP EARRINGS W FLOWER & LEAF,Monitor Stock
35963,FOLKART ZINC CLIP ON ANGEL WINGS,Monitor Stock
84968B,SET OF 16 VINTAGE IVORY CUTLERY,Reorder Immediately
90103,PURPLE FRANGIPANI NECKLACE,Monitor Stock
90003E,GREEN PAIR HEART HAIR SLIDES,Monitor Stock
90119,METALIC LEAVES BAG CHARMS,Reorder Immediately
90181C,BLACK GLASS/SHELL/PEARL NECKLACE,Reorder Immediately
90038C,GLASS AND BEADS BRACELET IVORY,Reorder Immediately
72801d,S/4 SKY BLUE DINNER CANDLES,Monitor Stock
22954,HEN PARTY CORDON BARRIER TAPE,Monitor Stock
37112,YELLOW BIRDS FELT DES FOODCOVER,Reorder Immediately
79413,GLASS WINE GLASS DECORATIONS,Monitor Stock
35233,PASTA ENAMEL/BRASS CONTAINER,Monitor Stock
71406C,BLACK ORANGE SQUEEZER,Monitor Stock
84705F,RED PEONY PHOTO FRAME ,Reorder Immediately
84251J,"GREETING CARD, THE BLACK CAT",Monitor Stock
72715,SPHERICAL IVORY CANDLE ,Monitor Stock
47013A,WINE BOTTLE DRESSING LT.BLUE,Monitor Stock
90074,BLACK DIAMOND CLUSTER NECKLACE,Reorder Immediately
17014E,ORIGAMI OPIUM INCENSE CONES,Reorder Immediately
37462E,"PET MUG, GOLDFISH",Monitor Stock
22984,CARD GINGHAM ROSE ,Monitor Stock
90037D,TINY CRYSTALS BRACELET BLACK,Monitor Stock
35910B,PINK FLOWERS RABBIT EASTER,Reorder Immediately
90202C,GREEN ENAMEL FLOWER HAIR TIE,Monitor Stock
90152C,BLUE/NAT SHELL NECKLACE W PENDANT,Reorder Immediately
37348,SET OF 4 PASTEL STACKING MUGS,Monitor Stock
90179A,AMBER FINE BEAD NECKLACE W TASSEL,Reorder Immediately
90130C,GREEN STONE/CRYSTAL EARRINGS,Monitor Stock
90101,WHITE FRANGIPANI NECKLACE,Monitor Stock
90126C,AMBER BERTIE MOBILE PHONE CHARM,Reorder Immediately
90052,CRACKED GLAZE NECKLACE BROWN,Reorder Immediately
47351B,BLUE  VOILE LAMPSHADE,Reorder Immediately
22933,BAKING MOULD EASTER EGG MILK CHOC,Reorder Immediately
35909A,RABBIT EASTER DECORATION,Reorder Immediately
21395,BLUE POLKADOT BEAKER ,Reorder Immediately
DCGS0058,MISO PRETTY  GUM,Monitor Stock
90131,PINK/AMETHYST/GOLD NECKLACE,Reorder Immediately
84868B,BLUE BABY BOY'S MEMORY BOX,Reorder Immediately
37482p,CUBIC MUG PINK POLKA DOT,Reorder Immediately
84546,CROCHET POODLE KEYRING,Reorder Immediately
35955,SMALL FOLKART CHRISTMAS TREE DEC,Reorder Immediately
37489A,YELLOW/PINK FLOWER DESIGN BIG MUG,Monitor Stock
90026C,GLASS BEAD HOOP NECKLACE GREEN,Reorder Immediately
22852,"DOG BOWL, ENAMEL , CREAM COLOUR",Reorder Immediately
22200,FRYING PAN PINK RETROSPOT,Reorder Immediately
90001B,ANTIQUE MID BLUE FLOWER EARRINGS,Monitor Stock
90187B,GREEN DROP EARRINGS W BEAD CLUSTER,Monitor Stock
90126A,PINK BERTIE MOBILE PHONE CHARM,Reorder Immediately
84746,PINK EASTER HENS+FLOWER,Monitor Stock
90066A,PINK VINTAGE VICTORIAN CHOKER,Reorder Immediately
90064B,BLACK VINTAGE  CRYSTAL EARRINGS,Reorder Immediately
75011,BLUE DAISY MOBILE,Reorder Immediately
84228,HEN HOUSE W CHICK STANDING,Monitor Stock
90033,IVORY SHELL HEART EARRINGS,Monitor Stock
90174,BUTTERFLY HAIR BAND,Monitor Stock
18097A,PINK TALL PORCELAIN T-LIGHT HOLDER ,Monitor Stock
84456,SET OF 3 RABBIT EGG EASTER,Monitor Stock
90214I,"LETTER ""I"" BLING KEY RING",Monitor Stock
84249A,"GREETING CARD,SQUARE, DOUGHNUTS",Monitor Stock
90118,PINK DAISY BAG CHARM,Monitor Stock
84510e,SET OF 4 GREEN CAROUSEL COASTERS,Reorder Immediately
72801d,4 SKY BLUE DINNER CANDLES,Monitor Stock
85079,EMBROIDERED REINDEER DECORATION,Monitor Stock
20835,FRENCH LATTICE CUSHION COVER ,Reorder Immediately
15030,FAN BLACK FRAME ,Monitor Stock
17136A,BLUE STONES ON WIRE FOR CANDLE,Monitor Stock
37491A,YELLOW/PINK CERAMIC CANDLE HOLDER,Monitor Stock
21391,FRENCH LAVENDER SCENT HEART,Reorder Immediately
90125B,AQUA BERTIE GLASS BEAD BAG CHARM,Reorder Immediately
90125C,TURQUOISE BERTIE GLASS BEAD CHARM,Reorder Immediately
79406,FROSTED WHITE BASE ,Monitor Stock
90141C,TURQ PENDANT TRIPLE SHELL NECKLACE,Reorder Immediately
85131D,BEADED CRYSTAL HEART PINK\ON STICK,Monitor Stock
47420,ASSORTED COLOUR SUCTION CUP HOOK,Monitor Stock
72024U,LILAC VOTIVE CANDLE,Monitor Stock
44091C,MULTICOLOUR CRUSOE CHECK LAMPSHADE,Monitor Stock
22577,WOODEN HEART CHRISTMAS SCANDISPOT,Reorder Immediately
22937,BAKING MOULD CHOCOLATE CUP CAKES,Reorder Immediately
22641,SET OF 4 NAPKIN CHARMS INSTUMENT   ,Reorder Immediately
21919,Electronic Talking Breath-A-Loser,Reorder Immediately
90038B,GLASS AND PAINTED BEADS BRACELET OL,Reorder Immediately
90176D,DIAMANTE NECKLACE PURPLE,Reorder Immediately
18010,ASSORTED FRAGRANCE BATH CONFETTI,Monitor Stock
20652,BLUE POLKADOT LUGGAGE TAG ,Monitor Stock
22771,DRAWER KNOB ACRYLIC EDWARDIAN CLEAR,Reorder Immediately
22953,BIRTHDAY BANNER TAPE,Reorder Immediately
47563B,WAVELINE SURF IRONING BOARD COVER,Reorder Immediately
22405,TIN CAN POCKET MONEY DESIGN,Reorder Immediately
22410,TIN CAN HOUSEKEEPING DESIGN,Reorder Immediately
BANK CHARGES, Bank Charges,Reorder Immediately
22772,DRAWER KNOB ACRYLIC EDWARDIAN PINK,Reorder Immediately
22775,DRAWERKNOB ACRYLIC EDWARDIAN PURPLE,Reorder Immediately
22773,DRAWER KNOB ACRYLIC EDWARDIAN GREEN,Reorder Immediately
21767,FRENCH STYLE WIRE DOOR CABINET ,Reorder Immediately
78056,CAMOUFLAGE BACKPACK ON WHEELS,Reorder Immediately
90001C,ANTIQUE OPAL WHITE FLOWER EARRINGS,Reorder Immediately
84985a,SET OF 72 GREEN PAPER DOILIES,Monitor Stock
90060B,FIRE POLISHED GLASS NECKL GOLD,Reorder Immediately
90152B,BLUE/GREEN SHELL NECKLACE W PENDANT,Reorder Immediately
22474,"TRAY FOR TV DINNER ,SPACEBOY",Reorder Immediately
90043,COPPER AND BRASS BAG CHARM,Reorder Immediately
22472,"TRAY FOR TV DINNER , DOLLY GIRL",Reorder Immediately
90081B,LILY BROOCH WHITE/SILVER COLOUR,Reorder Immediately
90130D,RED STONE/CRYSTAL EARRINGS,Reorder Immediately
90011C,GREEN CRYSTAL DROP EARRINGS,Reorder Immediately
90027B,GLASS BEAD HOOP EARRINGS MONTANA,Monitor Stock
47591b,SCOTTIES CHILDRENS APRON,Reorder Immediately
22936,BAKING MOULD ROSE WHITE CHOCOLATE,Reorder Immediately
84510C,SET OF 4 POLKADOT COASTERS,Monitor Stock
22882,NUMBER TILE VINTAGE FONT 3,Monitor Stock
35265,COLOURFUL FLOWER FRUIT BOWL,Reorder Immediately
17091F,SANDALWOOD INCENSE IN TIN,Monitor Stock
47013C,WINE BOTTLE DRESSING DARK BLUE,Monitor Stock
16161G,WRAP BAD HAIR DAY,Monitor Stock
22878,NUMBER TILE COTTAGE GARDEN No,Monitor Stock
21097,SET/6 GREEN SPRING  PAPER PLATE,Monitor Stock
84867b,BLUE BABY BOY'S PHOTO ALBUM,Reorder Immediately
90011A,MIDNIGHT BLUE CRYSTAL DROP EARRINGS,Monitor Stock
17013F,ORIGAMI SANDLEWOOD INCENSE IN TUBE,Reorder Immediately
90027C,GLASS BEAD HOOP EARRINGS GREEN,Monitor Stock
90202A,PURPLE ENAMEL FLOWER HAIR TIE,Monitor Stock
22232,3 PIECE JIGSAW TOADSTOOLS,Reorder Immediately
84876C,SILVER HEART COMPACT MIRROR,Reorder Immediately
85164b,BLACK BAROQUE CUCKOO CLOCK,Reorder Immediately
90001A,ANTIQUE RASPBERRY FLOWER EARRINGS,Reorder Immediately
90132,LIGHT TOPAZ TEAL/AQUA COL NECKLACE,Reorder Immediately
90054,CRACKED GLAZE EARRINGS RED,Monitor Stock
22168,"ORGANISER WOOD, ANTIQUE WHITE ",Reorder Immediately
84617,NEW BAROQUE BLACK BOXES,Reorder Immediately
44265,M/COLOUR POM-POM CURTAIN,Reorder Immediately
84968a,S/16 VINTAGE ROSE CUTLERY,Reorder Immediately
84968a,SET OF 16 VINTAGE ROSE CUTLERY,Reorder Immediately
84968b,SET OF 16 VINTAGE IVORY CUTLERY,Reorder Immediately
84968d,S/16 VINTAGE RED CUTLERY,Reorder Immediately
84968b,S/16 VINTAGE IVORY CUTLERY,Reorder Immediately
84968f,SET OF 16 VINTAGE SKY BLUE CUTLERY,Reorder Immediately
90024F,NEW BAROQUE B'FLY NECKLACE CRYSTAL,Reorder Immediately
90214O,"LETTER ""O"" BLING KEY RING",Monitor Stock
84997c,BLUE 3 PIECE MINI DOTS CUTLERY SET,Reorder Immediately
90141E,ORANGE PENDANT TRIPLE SHELL NECKLAC,Reorder Immediately
16162M,THE KING GIFT BAG 25x24x12cm,Reorder Immediately
90141B,IVORY PENDANT TRIPLE SHELL NECKLACE,Reorder Immediately
82613b,"METAL SIGN,CUPCAKE SINGLE HOOK",Monitor Stock
84510c,SET OF 4 POLKADOTS COASTERS,Monitor Stock
90059B,DIAMANTE HAIR GRIP PACK/2 BLACK DIA,Monitor Stock
22719,"GUMBALL COATHOOK., BLACK & WHITE ",Reorder Immediately
35633B,BLUE TINSEL GARLAND ,Monitor Stock
35596,WOOD XMAS TREE 9 FIG SHELVES,Reorder Immediately
22872,NUMBER TILE COTTAGE GARDEN 4,Monitor Stock
90083,CRYSTAL CZECH CROSS PHONE CHARM,Reorder Immediately
22885,NUMBER TILE VINTAGE FONT 6 ,Monitor Stock
84450A,PINK RABBIT SITTING EASTER,Reorder Immediately
37494a,FAIRY CAKE CERAMIC BUTTER DISH,Reorder Immediately
85114a,BLACK ENCHANTED FOREST PLACEMAT,Reorder Immediately
72801E,4 FESTIVE GREEN DINNER CANDLES,Reorder Immediately
90183B,AMETHYST DROP EARRINGS W LONG BEADS,Monitor Stock
84575B,BROWN DOG CANNISTER W BONE,Reorder Immediately
90011B,BLACK CRYSTAL DROP EARRINGS,Monitor Stock
85184c,S/4 VALENTINE DECOUPAGE HEART BOX,Reorder Immediately
79302m,"ART LIGHTS,FUNK MONKEY",Reorder Immediately
90128B,BLUE LEAVES AND BEADS PHONE CHARM,Reorder Immediately
90187A,BLUE DROP EARRINGS W BEAD CLUSTER,Reorder Immediately
22722,SET OF 6 SPICE TINS PANTRY DESIGN,Reorder Immediately
17014F,ORIGAMI SANDLEWOOD INCENSE CONES,Reorder Immediately
47556b,TEA TIME TEA TOWELS ,Reorder Immediately
35909B,PINK FLOWERS RABBIT EASTER,Reorder Immediately
84086B,YELLOW/BLUE RETRO RADIO,Reorder Immediately
85040b,SET/4 BLUE FLOWER CANDLES IN BOWL,Reorder Immediately
37491B,BLUE/YELLOW CERAMIC CANDLE HOLDER,Monitor Stock
47552A,DOTS IRONING BOARD COVER,Monitor Stock
90125E,AMBER BERTIE GLASS BEAD BAG CHARM,Monitor Stock
84550,CROCHET LILAC/RED BEAR KEYRING,Reorder Immediately
84509E,CAROUSEL PLACEMATS ,Reorder Immediately
37479P,CUBIC MUG FLOCK PINK ON BROWN,Reorder Immediately
90095,NECKLACE+BRACELET SET PINK BLOSSOM,Reorder Immediately
82001s,VINYL RECORD FRAME SILVER,Reorder Immediately
84660a,WHITE STITCHED WALL CLOCK,Reorder Immediately
84251C,"GREETING CARD, TWO SISTERS.",Monitor Stock
90025E,BAROQUE BUTTERFLY EARRINGS MONTANA,Reorder Immediately
DCGS0003,BOXED GLASS ASHTRAY,Monitor Stock
84450B,YELLOW RABBIT SAT EASTER,Reorder Immediately
84510c,SET OF 4 POLKADOT COASTERS,Reorder Immediately
90128C,GREEN LEAVES AND BEADS PHONE CHARM,Reorder Immediately
90025C,BAROQUE BUTTERFLY EARRINGS GREEN,Reorder Immediately
90214F,"LETTER ""F"" BLING KEY RING",Monitor Stock
37477C,"FLOWER FAIRY MUG+COASTER,ROSE",Reorder Immediately
90189B,GOLD 2 STRAND NECKLACE-LEAF CHARMS,Reorder Immediately
84226,HEN HOUSE W FAMILY IN BARN & NEST,Monitor Stock
35652,VINTAGE BEAD CHAISE LONG JEWEL BOX,Reorder Immediately
84745B,BLUE HANGING GINGHAM EASTER HEN,Monitor Stock
90050,CRACKED GLAZE NECKLACE IVORY,Reorder Immediately
84899E,YELLOW BROWN BEAR FELT PURSE KIT,Reorder Immediately
21387,IVORY HANGING DECORATION  RABBIT,Reorder Immediately
85132b,CHARLIE AND LOLA TABLE TINS,Reorder Immediately
85132c,CHARLIE AND LOLA FIGURES TINS,Reorder Immediately
22201,FRYING PAN BLUE RETROSPOT,Reorder Immediately
35603B,S/16 BLACK SHINY/MAT BAUBLES,Reorder Immediately
90202B,WHITE ENAMEL FLOWER HAIR TIE,Reorder Immediately
DCGS0072,CAT CAMOUFLAGUE COLLAR,Reorder Immediately
90012A,MIDNIGHT BLUE DROP CRYSTAL NECKLACE,Reorder Immediately
10002R,ROBOT PENCIL SHARPNER,Reorder Immediately
22880,NUMBER TILE VINTAGE FONT 1,Reorder Immediately
22418,"PEN, 10 COLOURS - SPACEBOY",Reorder Immediately
22345,PARTY PIZZA DISH BLUE+WHITE SPOT ,Reorder Immediately
22344,PARTY PIZZA DISH PINK+WHITE SPOT ,Reorder Immediately
79172D,PURPLE TINT ACRYLIC FLOWER VASE,Reorder Immediately
90142A,GREEN PENDANT SHELL NECKLACE,Reorder Immediately
85232a,SET/3 POLKA DOT STACKING TINS,Reorder Immediately
22533,MAGIC SLATE BAKE A CAKE ,Reorder Immediately
72801g,4 BURGUNDY WINE DINNER CANDLES,Reorder Immediately
82613c,"METAL SIGN,CUPCAKE SINGLE HOOK",Monitor Stock
90082C,DIAMANTE BOW BROOCH WHITE COLOUR,Reorder Immediately
90206A,GOLD DIAMANTE STAR BROOCH,Reorder Immediately
84570B,WHITE SATIN DRESS JEWEL STAND,Reorder Immediately
20680,PINK FLOWERS CHILDS UMBRELLA,Reorder Immediately
10124A,SPOTS ON RED BOOKCOVER TAPE,Monitor Stock
21185,HOME SWEET HOME  BLACKBOARD,Reorder Immediately
90128D,PURPLE LEAVES AND BEADS PHONE CHAR,Reorder Immediately
84030B,KNITTED POM POM HOT WATER BOTTLE,Reorder Immediately
90205A,LARGE MINT DIAMANTE HAIRSLIDE,Monitor Stock
40005B,BLUE ORGANDY ROUND LAMPSHADE W BEA,Monitor Stock
22884,NUMBER TILE VINTAGE FONT 5,Reorder Immediately
44089C,LILAC GAUZE BUTTERFLY LAMPSHADE,Monitor Stock
22870,NUMBER TILE COTTAGE GARDEN 2,Reorder Immediately
16054,POPART RECT PENCIL SHARPENER ASST,Reorder Immediately
84311,CAMOFLAGE CUSHION COVER,Reorder Immediately
72796A,S/3 ENGLISH LAVENDER SQU CANDLE,Reorder Immediately
90154,LAZER CUT NECKLACE W PASTEL BEADS,Reorder Immediately
84986b,SET OF 36 SILVER PAPER DOILIES,Reorder Immediately
84614C,BLUE BAROQUE FLOCK CANDLE HOLDER,Reorder Immediately
18097B,BLUE TALL PORCELAIN T-LIGHT HOLDER,Reorder Immediately
90053,CRACKED GLAZE EARRINGS IVORY,Monitor Stock
21249,WOOD ANIMALS HEIGHT CHART STICKERS ,Reorder Immediately
85095,THREE CANVAS LUGGAGE TAGS,Reorder Immediately
35591T,TURQUOISE CHRISTMAS TREE ,Reorder Immediately
22885,"NUMBER TILE VINTAGE FONT, 6 ",Reorder Immediately
22883,"NUMBER TILE VINTAGE FONT, 4",Reorder Immediately
22884,"NUMBER TILE VINTAGE FONT, 5",Reorder Immediately
22879,"NUMBER TILE VINTAGE FONT, 0",Reorder Immediately
22886,"NUMBER TILE VINTAGE FONT, 7",Reorder Immediately
22880,"NUMBER TILE VINTAGE FONT, 1",Reorder Immediately
22882,"NUMBER TILE VINTAGE FONT, 3",Reorder Immediately
22881,"NUMBER TILE VINTAGE FONT, 2",Reorder Immediately
22887,"NUMBER TILE VINTAGE FONT, 8",Reorder Immediately
37482b,CUBIC MUG BLUE POLKA DOT,Reorder Immediately
DCGS0066N,NAVY CUDDLES DOG HOODIE,Reorder Immediately
DCGS0068,DOGS NIGHT COLLAR,Reorder Immediately
84796b,BLUE SAVANNAH PICNIC HAMPER FOR 2,Reorder Immediately
47518f,ICON PLACEMAT POP ART ELVIS,Reorder Immediately
22777,GLASS BELL JAR LARGE,Reorder Immediately
84993b,75 BLACK PETIT FOUR CASES,Monitor Stock
21120,*Boombox Ipod Classic,Reorder Immediately
85036b,CHOCOLATE 1 WICK MORRIS BOX CANDLE,Reorder Immediately
85035c,ROSE 3 WICK MORRIS BOX CANDLE,Reorder Immediately
85035a,GARDENIA 3 WICK MORRIS BOXED CANDLE,Reorder Immediately
15060b,FAIRY CAKE DESIGN UMBRELLA,Reorder Immediately
72802a,ROSE SCENT CANDLE IN JEWELLED BOX,Reorder Immediately
21594,Dr. Jam's Arouzer Stress Ball,Reorder Immediately
84559b,3D SHEET OF CAT STICKERS,Reorder Immediately
72805,VANILLA CANDLE IN EMBOSSED ZINC POT,Reorder Immediately
22871,NUMBER TILE COTTAGE GARDEN 3 ,Reorder Immediately
47591c,BLUE FAIRY CAKE CHILD'S APRON,Reorder Immediately
22889,NUMBER TILE VINTAGE FONT No ,Reorder Immediately
72785A,S/4 CONTEMPORY PINK ROSEBUD CANDLES,Reorder Immediately
21750, LARGE SKULL WINDMILL,Reorder Immediately
21511,VINTAGE COLLAGE  GREETING  CARD ,Reorder Immediately
84745A,PINK HANGING GINGHAM EASTER HEN,Monitor Stock
79066k,RETRO MOD TRAY,Monitor Stock
22858,EASTER TIN KEEPSAKE,Reorder Immediately
22384,LUNCH BAG PINK POLKADOTS,Reorder Immediately
85225,BLING KEY RING STAND,Monitor Stock
22887,NUMBER TILE VINTAGE FONT 8,Reorder Immediately
22877,NUMBER TILE COTTAGE GARDEN 9,Reorder Immediately
84993a,75 GREEN PETIT FOUR CASES,Monitor Stock
47503J ,SET/3 FLORAL GARDEN TOOLS IN BAG,Reorder Immediately
85160b,BLACK BIRD GARDEN DESIGN MUG,Reorder Immediately
90141D,ROSE PENDANT TRIPLE SHELL NECKLACE,Reorder Immediately
84630,FLOWERS AND BIRDS WALL PLAQUE,Reorder Immediately
84250M,"GREETING CARD, BLACKPOOL ROCK",Monitor Stock
22778,GLASS BELL JAR SMALL,Reorder Immediately
84251B,"GREETING CARD, STICKY GORDON",Monitor Stock
35932,PINK CHRISTMAS TREE DECORATION,Monitor Stock
78034B,BLUE NETTING STORAGE HANGER,Reorder Immediately
37489B,BLUE/YELLOW FLOWER DESIGN BIG MUG,Reorder Immediately
84509a,ENGLISH ROSE PLACEMATS,Reorder Immediately
84912a,PINK ROSE WASHBAG,Reorder Immediately
21560,TOADSTOOL  LUNCHBOX WITH CUTLERY,Reorder Immediately
21853,GUMBALL CUSTOM CARS TOP TRUMPS GAME,Reorder Immediately
37481,CUBIC MUG TEATIME CAKES,Reorder Immediately
90025F,BAROQUE BUTTERFLY EARRINGS CRYSTAL,Reorder Immediately
84509e,SET OF 4 CAROUSEL PLACEMATS ,Reorder Immediately
85124c,GREEN JUICY FRUIT PHOTO FRAME,Reorder Immediately
90214V,"LETTER ""V"" BLING KEY RING",Monitor Stock
84596b,SMALL DOLLY MIX DESIGN ORANGE BOWL,Reorder Immediately
22288,HANGING METAL RABBIT DECORATION,Reorder Immediately
75172,PAINTED SEA SHELL METAL WINDCHIME,Reorder Immediately
22408,TIN CAN CONFECTIONERY DESIGN,Reorder Immediately
22954,HEN PARTY BANNER TAPE,Reorder Immediately
90127A,PINK BEADS+HAND PHONE CHARM,Reorder Immediately
21475,SWEETHEART CREAM STEEL FOLDIN CHAIR,Reorder Immediately
84567,FROSTED GLASS WITH SILVER SURROUND,Reorder Immediately
22139,11 PC CERAMIC TEA SET POLKADOT,Reorder Immediately
90011E,AMBER CRYSTAL DROP EARRINGS,Reorder Immediately
90177A,CLASSIC DIAMANTE EARRINGS JET,Reorder Immediately
90182C,BLACK 3 BEAD DROP EARRINGS,Reorder Immediately
SP1002,KID'S CHALKBOARD/EASEL,Reorder Immediately
22292,HANGING CHICK  YELLOW DECORATION,Reorder Immediately
22876,NUMBER TILE COTTAGE GARDEN 8,Reorder Immediately
22879,NUMBER TILE VINTAGE FONT 0,Reorder Immediately
48195,DOORMAT GREEN PAISLEY ,Reorder Immediately
37489C,GREEN/BLUE FLOWER DESIGN BIG MUG,Reorder Immediately
21852,EMPIRE TEDDY,Reorder Immediately
84868A,PINK BABY GIRL'S MEMORY BOX,Reorder Immediately
84406b,CREAM CUPID HEARTS COAT HANGER,Reorder Immediately
16245A,PINK MINI STATIONERY SET W CASE,Monitor Stock
35936,CERISE+GOLD CHRISTMAS TREE DEC,Monitor Stock
37489D,PINK/GREEN FLOWER DESIGN BIG MUG,Reorder Immediately
84814B,RHOMBUS CRYSTAL PERFUME BOTTLE,Reorder Immediately
47348A,FUSCHIA VOILE POINTY SHOE DEC,Reorder Immediately
79342b,BROWN FLOWER LIGHTS,Reorder Immediately
84867a,PINK BABY GIRLS PHOTO ALBUM,Reorder Immediately
21525,BEWARE OF THE CAT DOORMAT,Reorder Immediately
85039b,S/4 IVORY MINI ROSE CANDLE IN BOWL,Reorder Immediately
22293,HANGING CHICK GREEN DECORATION,Reorder Immediately
85159b,"WHITE TEA,COFFEE,SUGAR JARS",Reorder Immediately
35004s,SET OF 3 SILVER FLYING DUCKS,Reorder Immediately
16192,PINK BALLET OPENING CUBE BOX ,Reorder Immediately
84989b,75 BLACK FAIRY CAKE CASES,Reorder Immediately
84247J,PACK/12 RUSSIAN DOLL CARDS,Monitor Stock
20812,EMBOSSED FLOWER TRELLIS PHOTO FRAME,Reorder Immediately
85115B,S/4 BLACK DISCO PARTITION PANEL,Reorder Immediately
90055,CRACKED GLAZE EARRINGS BROWN,Reorder Immediately
21772,VINTAGE METAL CAKE STAND CREAM ,Reorder Immediately
84648,NEW BAROQUE WALL MIRROR,Reorder Immediately
72752B,"F.FAIRY,CANDLE IN GLASS,LAVENDER",Reorder Immediately
85083,KISS REINDEER SCANDINAVIAN STOCKING,Reorder Immediately
DCGS0037,KEY-RING CORKSCREW,Reorder Immediately
DCGS0075,CAMOUFLAGUE DOG LEAD,Reorder Immediately
85157,SET OF 2 CHESTS CHOCOLAT AU LAIT,Reorder Immediately
35004p,SET OF 3 PINK FLYING DUCKS,Reorder Immediately
DCGS0070,CAMOUFLAGE DOG COLLAR,Reorder Immediately
35751C,PURPLE CURRENT CANDLE RING,Reorder Immediately
35815P,"ACRYLIC JEWEL SNOWFLAKE, PINK",Reorder Immediately
72801e,S/4 FESTIVE GREEN DINNER CANDLES,Reorder Immediately
m,Manual,Reorder Immediately
51012L,"FEATHER DUSTER, LIGHT PINK",Reorder Immediately
47344B,BLUE FLOWER DES PURSE,Reorder Immediately
35597A,DUSTY PINK CHRISTMAS TREE 30CM,Reorder Immediately
35918B,BLUE FLORIBUNDA EGG WARMER,Reorder Immediately
90000C,OPAL WHITE/SILVER FLOWER NECKLACE,Reorder Immediately
22868,NUMBER TILE COTTAGE GARDEN 0 ,Reorder Immediately
90031,BILI NUT AND WOOD NECKLACE,Reorder Immediately
22874,NUMBER TILE COTTAGE GARDEN 6,Reorder Immediately
90183C,BLACK DROP EARRINGS W LONG BEADS,Reorder Immediately
90027A,GLASS BEAD HOOP EARRINGS BLACK,Reorder Immediately
85185E,DUCK SOCK PUPPET,Reorder Immediately
90152A,SILVER/NAT SHELL NECKLACE W PENDANT,Reorder Immediately
17174,ASSTD RASTA KEY-CHAINS,Reorder Immediately
79070b,ENGLISH ROSE SQUARE CAKE TINS,Reorder Immediately
47341B,BLUE TABLE RUN FLOWER,Reorder Immediately
84366,VENDETTA CANVAS PICTURE,Reorder Immediately
16151A,FLOWER DES BLUE HANDBAG/ORANG HANDL,Reorder Immediately
17011B,ORIGAMI JASMINE INCENSE+FLOWER ,Reorder Immediately
47590b,PINK HAPPY BIRTHDAY BUNTING,Reorder Immediately
47590a,BLUE HAPPY BIRTHDAY BUNTING,Reorder Immediately
72785B,S/4 CONTEMPORY RED ROSEBUD CANDLES,Reorder Immediately
90136,PALE PINK/AMETHYST STONE NECKLACE,Reorder Immediately
22959,"WRAPPING PAPER, XMAS VILLAGE",Reorder Immediately
44089A,PINK GAUZE BUTTERFLY LAMPSHADE,Monitor Stock
90214Z,"LETTER ""Z"" BLING KEY RING",Monitor Stock
17084G,MOON INCENSE,Reorder Immediately
21496,WOODLAND CREATURES  WRAP,Reorder Immediately
16169G,WRAP ROMANTIC DECOUPAGE,Reorder Immediately
16169A,WRAP CHRISTMAS DECOUPAGE,Reorder Immediately
84206A,3 BLACK CATS W HEARTS BLANK CARD,Reorder Immediately
22886,NUMBER TILE VINTAGE FONT 7,Reorder Immediately
85124b,BLUE JUICY FRUIT PHOTO FRAME,Reorder Immediately
21857,STAR WARS TOP TRUMPS GAME,Reorder Immediately
21858,HIGH SCHOOL MUSICAL 3 TOP TRUMPS ,Reorder Immediately
22343,PARTY PIZZA DISH RED+WHITE SPOT ,Reorder Immediately
81950V,FLOWER PURPLE CLOCK W/SUCKER,Reorder Immediately
20939,ORANGE CANDLE,Reorder Immediately
10080,GROOVY CACTUS INFLATABLE,Reorder Immediately
22196,HEART MEASURING SPOONS SMALL,Reorder Immediately
22346,PARTY PIZZA DISH GREEN+WHITE SPOT ,Reorder Immediately
44228,CANNABIS LEAF BEAD CURTAIN,Reorder Immediately
85232d,SET/3 DECOUPAGE STACKING TINS,Reorder Immediately
84661c,PINK SQUARE TABLE CLOCK,Reorder Immediately
22875,NUMBER TILE COTTAGE GARDEN 7,Reorder Immediately
22873,NUMBER TILE COTTAGE GARDEN 5,Reorder Immediately
84743C,ORANGE FELT VASE + FLOWERS,Reorder Immediately
84971s,SMALL HEART FLOWERS HOOK ,Reorder Immediately
22829,BROCANTE SHELF WITH HOOKS,Reorder Immediately
35650,VINTAGE BEAD PINK JEWEL STAND,Reorder Immediately
84732B,CUTE BIRD CEATURE SCREEN,Reorder Immediately
85179a,GREEN BITTY LIGHT CHAIN,Reorder Immediately
20822,SILVER WINE GOBLET,Reorder Immediately
72708,SCULPTED ROUND IVORY CANDLE ,Reorder Immediately
10124G,ARMY CAMO BOOKCOVER TAPE,Monitor Stock
62074B,ELEPHANT CLIP W SUCTION CUP,Monitor Stock
84536a,ENGLISH ROSE NOTEBOOK A7 SIZE,Monitor Stock
90076,MONTANA DIAMOND CLUSTER EARRINGS,Reorder Immediately
62097A,PINK STRIPES SHOULDER BAG,Reorder Immediately
20882,MODERN CHRISTMAS TREE CANDLE,Reorder Immediately
37488A,YELLOW PINK FLOWER DESIGN BIG BOWL,Reorder Immediately
18098B,BLUE PORCELAIN B'FLY OIL BURNER,Reorder Immediately
20739,*USB Office Glitter Lamp,Reorder Immediately
20954,*USB Office Mirror Ball,Reorder Immediately
21406,SPOTTY CAT DOORSTOP ,Reorder Immediately
90013E,AMBER VINTAGE EARRINGS ,Reorder Immediately
90077,BLACK DIAMOND CLUSTER EARRINGS,Reorder Immediately
84572,6 HOOK JEWEL STAND LILAC DRESS,Reorder Immediately
90126B,BLUE BERTIE MOBILE PHONE CHARM,Reorder Immediately
72807a,SET/3 ROSE CANDLE IN JEWELLED BOX,Reorder Immediately
72803b,OCEAN SCENT CANDLE JEWELLED DRAWER,Reorder Immediately
84030b,KNITTED POM POM HOT WATER BOTTLE,Reorder Immediately
35809a,ENAMEL PINK TEA CONTAINER,Reorder Immediately
22883,NUMBER TILE VINTAGE FONT 4,Reorder Immediately
35597D,PINK/WHITE CHRISTMAS TREE 30CM,Reorder Immediately
47591C,BLUE FAIRY CAKE CHILDRENS APRON,Reorder Immediately
22869,NUMBER TILE COTTAGE GARDEN 1,Reorder Immediately
84029c,BROWN FURRY HOT WATER BOTTLE,Reorder Immediately
37468,HARDMAN MUG 3 ASSORTED,Reorder Immediately
84509c,DOTTY PLACEMATS ,Reorder Immediately
22206,"MUG , DOTCOMGIFTSHOP.COM ",Reorder Immediately
90039A,FIRE POLISHED GLASS BRACELET RED,Reorder Immediately
84997d,PINK 3 PIECE MINI DOTS CUTLERY SET,Reorder Immediately
90208,PAIR OF PINK FLOWER CLUSTER SLIDE,Reorder Immediately
90102,WHITE FRANGIPANI HAIR CLIP,Reorder Immediately
90025B,BAROQUE BUTTERFLY EARRINGS RED,Reorder Immediately
72801c,4 ROSE PINK DINNER CANDLES,Reorder Immediately
84596f,SMALL MARSHMALLOWS PINK BOWL,Reorder Immediately
90025D,BAROQUE BUTTERFLY EARRINGS PINK,Reorder Immediately
90176B,DIAMANTE NECKLACE BLACK ,Reorder Immediately
47341A,FUSCHIA TABLE RUN FLOWER ,Reorder Immediately
46037A,PINK CANVAS DES CUSHION COVER ,Reorder Immediately
90068,"RUBY GLASS NECKLACE 42""",Reorder Immediately
20942,SET/6 GINGERBREAD TREE T-LIGHTS,Reorder Immediately
82011E,"BATHROOM SCALES, FAG BREAK",Reorder Immediately
90041,PEARL AND CHERRY QUARTZ BRACLET,Reorder Immediately
90111,BLUE HIBISCUS  HAIR CLIP,Reorder Immediately
22291,HANGING CHICK CREAM DECORATION,Reorder Immediately
35001P,HAND OPEN SHAPE PINK,Reorder Immediately
85230C,ROSE SCENTED VOTIVE CANDLE,Reorder Immediately
85230D,VANILLA SCENTED VOTIVE CANDLE,Reorder Immediately
84705b,FAIRY CAKES PHOTO FRAME,Reorder Immediately
35443,RASTA IN BATH W SPLIFF ASHTRAY,Reorder Immediately
37484,ENGLISH ROSE TEA FOR ONE GIFT BOX,Reorder Immediately
22843,"BISCUIT TIN, MINT,IVORY, VINTAGE",Reorder Immediately
48173A,DOOR MAT BLUE FLOCK,Reorder Immediately
22351,DOTCOMGIFTSHOP TEA TOWEL,Reorder Immediately
84534b,FAIRY CAKE NOTEBOOK A5 SIZE,Reorder Immediately
20858,SILVER PURSE GOLD PINK BUTTERFLY,Reorder Immediately
84732D,CUTE RABBIT CEATURE SCREEN ,Reorder Immediately
84536b,FAIRY CAKES NOTEBOOK A7 SIZE,Reorder Immediately
47592B,SCOTTIE DOGS CHILDRENS OVERALL,Reorder Immediately
20884,MODERN CHRISTMAS TREE CANDLE ,Reorder Immediately
79140,ASS WINDPROOF MARIJUANA LIGHTERS,Reorder Immediately
71050,SMALL SINGLE FLAME CANDLE HOLDER,Reorder Immediately
82072,WHITE WOOD SINGLE P/FRAME,Reorder Immediately
20673,STRAWBERRIES PRINT BOWL,Reorder Immediately
37408,ASSORTED DESIGN GEISHA GIRL MUGS,Reorder Immediately
85123b,ZINC HANGING HEART T-LITE HLDR,Reorder Immediately
79051a,SMOKEY GREY COLOUR D.O.F. GLASS,Reorder Immediately
90011D,PURPLE CRYSTAL DROP EARRINGS,Reorder Immediately
35638A,PINK AND BLACK STRING CURTAIN,Reorder Immediately
85077,KISSING REINDEER TABLE RUNNER,Reorder Immediately
72751B,"F.FAIRY S/3 SML CANDLE, LAVENDER",Reorder Immediately
72751C,"F.FAIRY S/3 SML CANDLE, ROSE",Reorder Immediately
72751A,"F.FAIRY S/3 SML CANDLE,LILY/VALLEY",Reorder Immediately
37409,ASSORTED DESIGN FLOWER MUGS,Reorder Immediately
85184d,S/4 BLUE ROUND DECOUPAGE BOXES,Reorder Immediately
22360,"GLASS JAR, ENGLISH CONFECTIONERY",Reorder Immediately
35823P,"ACRYLIC BEAD GARLAND,PINK",Reorder Immediately
35821P,"JEWELLED DECORATION,PINK",Reorder Immediately
62097B,BLUE STRIPES SHOULDER BAG,Reorder Immediately
79303A,WHITE ROHMBIC BLOCK TABLE LAMP,Reorder Immediately
18098A,PINK PORCELAIN B'FLY OIL BURNER,Reorder Immediately
85186B,BUNNY BUNCH OF FLOWERS,Reorder Immediately
35051B,PINK BEADED CONE CHRISTMAS,Reorder Immediately
22888,NUMBER TILE VINTAGE FONT 9 ,Reorder Immediately
35537,CANDLE RING W/CLEAR BEADS,Reorder Immediately
21838,DADDY MOUSE RED GINGHAM BOW TIE,Reorder Immediately
35751D,PINK CURRENT CANDLE RING,Reorder Immediately
16215,FUNKY GIRLZ MAGNETIC TO DO LIST ,Reorder Immediately
21860,DR WHO TOP TRUMPS GAME,Reorder Immediately
21854,EURO FOOTBALL STARS TOP TRUMPS GAME,Reorder Immediately
71101A,ANGEL ON KNEES METAL POLE 100CM H,Reorder Immediately
71434B,"BLACK RND BULLET""KEEP CLEAN"" BIN",Reorder Immediately
90142C,ROSE PINK PENDANT SHELL NECKLACE,Reorder Immediately
90135,ORANGE/WHT/FUSCHIA STONES NECKLACE,Reorder Immediately
90142B,IVORY PENDANT SHELL NECKLACE,Reorder Immediately
84942,KASHMIR FOLKART HEART DISHES,Reorder Immediately
84661a,WHITE SQUARE TABLE CLOCK,Reorder Immediately
DCGS0041,HAYNES MINI-COOPER PLAYING CARDS,Reorder Immediately
84951b,SET OF 4 BLACK LOVEBIRD COASTERS,Reorder Immediately
72740B,LARGE WHITE CHOCOLATE CANDLE,Reorder Immediately
20877,MODERN CHRISTMAS BAUBLE CANDLE ,Reorder Immediately
79149B,SILICON STAR BULB  BLUE,Reorder Immediately
85049g,CHOCOLATE BOX RIBBONS ,Reorder Immediately
72801g,S/4 BURGUNDY WINE DINNER CANDLES,Reorder Immediately
72801e,4 FESTIVE GREEN DINNER CANDLES,Reorder Immediately
85049b,LUSH GREENS RIBBONS,Reorder Immediately
84596j,MIXED NUTS LIGHT GREEN BOWL,Reorder Immediately
82613a,"METAL SIGN,CUPCAKE SINGLE HOOK",Reorder Immediately
84596g,SMALL CHOCOLATES PINK BOWL,Reorder Immediately
85043,RED HEART CANDY POP LIGHTS,Reorder Immediately
85232C,RUSSIAN FOLKART STACKING TINS,Reorder Immediately
37451,CERAMIC CAKE TEAPOT WITH CHERRY,Reorder Immediately
90142D,MOP PENDANT SHELL NECKLACE,Reorder Immediately
84201B,HAPPY BIRTHDAY CARD STRIPEY TEDDY,Reorder Immediately
45014,FOLDING SHIRT TIDY,Reorder Immediately
37326,FAIRY DESIGN MUGS,Reorder Immediately
72529w,WHITE ADVENT CANDLE,Reorder Immediately
81953P,ROUND ARTICULATED PINK CLOCK W/SUCK,Reorder Immediately
72752A,"F.FAIRY,CANDLE IN GLASS,LILY/VALLEY",Reorder Immediately
21409,SPOTTY COCKEREL DOORSTOP,Reorder Immediately
47594a,CAROUSEL DESIGN WASHBAG,Reorder Immediately
84255A,PINK GLASS COCKTAIL LAMP,Reorder Immediately
22881,NUMBER TILE VINTAGE FONT 2,Reorder Immediately
72084B,CHOCOLATE ICE CREAM CANDLE,Reorder Immediately
37432,MUG PINK AND PURPLE ARABIC DESIGN,Reorder Immediately
44091A,BLUE CRUSOE CHECK LAMPSHADE,Reorder Immediately
35995,SET/6 BLACK GLITTER REINDEER CANDLE,Reorder Immediately
40046C,PINK BUTTERFLY PAPER LAMPSHADE,Reorder Immediately
37438,FUNKY FLOWER COFFEE POT,Reorder Immediately
90004A,JADE GREEN PAIR ENAMEL HAIR SLIDES,Reorder Immediately
35974,S/6 CHRISTMAS TREE PLACE SETTING,Reorder Immediately
35818C,"ACRYLIC JEWEL ICICLE, CLEAR ",Reorder Immediately
21081,SET/20 POSIES PAPER NAPKINS,Reorder Immediately
84559d,3D SHEET OF SEA WORLD STICKERS,Reorder Immediately
90214Y,"LETTER ""Y"" BLING KEY RING",Reorder Immediately
90214W,"LETTER ""W"" BLING KEY RING",Reorder Immediately
20683,RAIN GIRL CHILDS UMBRELLA,Reorder Immediately
90182B,AMETHYST 3 BEAD DROP EARRINGS,Reorder Immediately
84985b,SET OF 72 BLACK PAPER DOILIES ,Reorder Immediately
90182A,AMBER 3 BEAD DROP EARRINGS,Reorder Immediately
20885,BOX OF 3 PEBBLE CANDLES,Reorder Immediately
35598A,DUSTY PINK CHRISTMAS TREE 60CM,Reorder Immediately
84402B,PURPLE DRESS JEWELLERY STAND,Reorder Immediately
79301,FEATHER HEART LIGHTS,Reorder Immediately
35598C,WHITE CHRISTMAS TREE 60CM,Reorder Immediately
DCGS0044,HANDZ-OFF CAR FRESHENER,Reorder Immediately
47554,S/3 COLOURS FLOCK TEA TOWELS,Reorder Immediately
47556,SET/2 SPOTTY + ROSE TEA TOWELS ,Reorder Immediately
21493,VINTAGE DESIGN GIFT TAGS,Reorder Immediately
81953B,ROUND ARTICULATED BLUE CLOCK W/SUCK,Reorder Immediately
47569,ENGLISH ROSE DESIGN SHOPPING BAG,Reorder Immediately
20881,MODERN CHRISTMAS TREE CANDLE,Reorder Immediately
21036,SET/2 TEA TOWELS MODERN VINTAGE,Reorder Immediately
85171,S/2 HYACINTH BULB CANDLES,Reorder Immediately
44092C,PURPLE/COPPER HANGING LAMPSHADE,Reorder Immediately
35999,S/6 SCANDINAVIAN HEART T-LIGHT,Reorder Immediately
90091,CRYSTAL DRAGONFLY PHONE CHARM,Reorder Immediately
47593a,CAROUSEL DESIGN BABY BIB,Reorder Immediately
21008,ETCHED GLASS HEART TREE DECORATION,Reorder Immediately
DCGS0062,ROAD-RAGE CAR FRESHENER,Reorder Immediately
44242A,LILAC FEATHERS CURTAIN,Reorder Immediately
90127B,BLUE BEADS+HAND PHONE CHARM,Reorder Immediately
21225,POCKET MIRROR BUTTERFLY ,Reorder Immediately
21290,LARGE SPOTTY CHOCOLATE GIFT BAG,Reorder Immediately
84510b,SET OF 4 FAIRY CAKES COASTERS ,Reorder Immediately
17061,ASSORTED SHAPED STENCIL FOR HENNA,Reorder Immediately
85192S,HANGING SPRING FLOWER HEART SMALL,Reorder Immediately
22659,LUNCHBOX I LOVE LONDON,Reorder Immediately
35945,GOLD CHRISTMAS STOCKING DECORATION,Reorder Immediately
46138D,GREEN CHENILLE SHAGGY C/COVER,Reorder Immediately
84814A,HEXAGONAL CRYSTAL PERFUME BOTTLE,Reorder Immediately
22631,CIRCUS PARADE LUNCHBOX ,Reorder Immediately
35837,SET OF SIX SILVER+RED FLOCK BAUBLES,Reorder Immediately
20737,RED MINI TAPE MEASURE ,Reorder Immediately
22963,JAM JAR WITH BLUE LID,Reorder Immediately
30086C,ASSORTED FRUIT STRAWS,Reorder Immediately
72754D,F FAIRY POTPOURRI CUSHIONS SUMMER,Reorder Immediately
10109,BENDY COLOUR PENCILS,Reorder Immediately
16010,FOLDING CAMPING SCISSOR W/KNIF & S,Reorder Immediately
85231b,CINAMMON SET OF 9 T-LIGHTS,Reorder Immediately
85231e,STRAWBERRY SCENTED SET/9 T-LIGHTS,Reorder Immediately
85024A,CRYSTAL SMALL JEWELLED PHOTOFRAME,Reorder Immediately
72796C,S/3 ROSE GARDEN SCENT SQU CANDLE,Reorder Immediately
21585,SWALLOW SMALL TUBE MATCHES,Reorder Immediately
84731,3 BIRDS CANVAS SCREEN,Reorder Immediately
35980B,RED TOP SCANDINAVIAN HEART ,Reorder Immediately
71496B,A4 WALL TIDY RED FLOWERS,Reorder Immediately
90214U,"LETTER ""U"" BLING KEY RING",Reorder Immediately
35950,FOLKART HEART CHRISTMAS DECORATIONS,Reorder Immediately
84845A,HOLLYHOCK SQUARE HANDY TIN,Reorder Immediately
35976B,WHITE SCANDINAVIAN HEART CHRISTMAS,Reorder Immediately
TEST002,This is a test product.,Reorder Immediately
84201C,HAPPY BIRTHDAY CARD TEDDY/CAKE,Reorder Immediately
44092B,BLUE WHITE PLASTIC RINGS LAMPSHADE,Reorder Immediately
20721,OWLS CHARLOTTE BAG,Reorder Immediately
79157B,UBO-LIGHT TRIOBASE BLUE,Reorder Immediately
84206B,CAT W SUNGLASSES BLANK CARD,Reorder Immediately
79151B,"SILICON CUBE 25W, BLUE",Reorder Immediately
84205C,HAPPY BIRTHDAY GINGER CAT CARD,Reorder Immediately
84206C,CHAMPAGNE TRAY BLANK CARD,Reorder Immediately
35930,PINK HEART CHRISTMAS DECORATION,Reorder Immediately
PADS,PADS TO MATCH ALL CUSHIONS,Monitor Stock
