Customer_ID,Recency,Frequency,Monetary,Total_Quantity,Total_Revenue,Invoice_Count,Unique_Products,Average_Order_Value,Cluster,Customer_Segment
12346.0,165,11,372.86,70,372.86,11,26,33.89636363636364,4,Loyal Customers
12347.0,3,2,1323.32,828,1323.32,2,70,661.66,1,VIP Customers
12348.0,74,1,222.16,373,222.16,1,20,222.16,1,VIP Customers
12349.0,43,3,2671.14,993,2671.14,3,90,890.38,1,VIP Customers
12351.0,11,1,300.93,261,300.93,1,21,300.93,1,VIP Customers
12352.0,11,2,343.8,188,343.8,2,18,171.9,1,VIP Customers
12353.0,44,1,317.76,192,317.76,1,20,317.76,1,VIP Customers
12355.0,203,1,488.21,303,488.21,1,22,488.21,4,Loyal Customers
12356.0,16,3,3560.3,1825,3560.3,3,68,1186.7666666666669,1,VIP Customers
12357.0,24,2,12079.99,3879,12079.99,2,165,6039.995,0,Lost Customers
12358.0,11,3,2719.01,831,2719.01,3,52,906.3366666666668,1,VIP Customers
12359.0,61,6,2563.36,1130,2563.36,6,110,427.2266666666667,1,VIP Customers
12360.0,15,5,1590.83,1294,1590.83,5,74,318.166,1,VIP Customers
12361.0,98,3,321.35,144,321.35,3,14,107.11666666666667,1,VIP Customers
12362.0,374,1,130.0,1,130.0,1,1,130.0,4,Loyal Customers
12366.0,269,1,500.24,296,500.24,1,3,500.24,4,Loyal Customers
12368.0,264,1,917.7,330,917.7,1,18,917.7,4,Loyal Customers
12369.0,49,3,1791.15,1241,1791.15,3,90,597.0500000000001,1,VIP Customers
12370.0,260,3,774.62,252,774.62,3,33,258.20666666666665,4,Loyal Customers
12371.0,45,3,2179.42,845,2179.42,3,91,726.4733333333334,1,VIP Customers
12373.0,260,2,763.0500000000001,319,763.0500000000001,2,31,381.525,4,Loyal Customers
12374.0,57,3,2246.29,1020,2246.29,3,47,748.7633333333333,1,VIP Customers
12376.0,25,2,503.15,240,503.15,2,11,251.575,1,VIP Customers
12377.0,17,2,1798.2,1161,1798.2,2,75,899.1,1,VIP Customers
12378.0,198,1,1407.7,787,1407.7,1,82,1407.7,4,Loyal Customers
12379.0,58,2,767.98,408,767.98,2,37,383.99,1,VIP Customers
12380.0,101,7,6951.49,2228,6951.49,7,119,993.07,0,Lost Customers
12385.0,15,1,1938.4,612,1938.4,1,65,1938.4,1,VIP Customers
12386.0,2,1,258.90000000000003,214,258.90000000000003,1,8,258.90000000000003,1,VIP Customers
12387.0,51,1,143.94,134,143.94,1,9,143.94,1,VIP Customers
12388.0,81,2,1120.45,539,1120.45,2,36,560.225,1,VIP Customers
12389.0,38,3,1433.33,614,1433.33,3,41,477.7766666666666,1,VIP Customers
12391.0,100,5,2285.18,911,2285.18,5,159,457.036,0,Lost Customers
12392.0,227,1,234.75000000000003,73,234.75000000000003,1,7,234.75000000000003,4,Loyal Customers
12393.0,18,2,816.85,495,816.85,2,38,408.425,1,VIP Customers
12395.0,7,4,2048.64,1615,2048.64,4,83,512.16,1,VIP Customers
12396.0,310,1,931.43,591,931.43,1,65,931.43,4,Loyal Customers
12399.0,21,3,853.65,1020,853.65,3,40,284.55,1,VIP Customers
12400.0,50,1,205.25,91,205.25,1,11,205.25,1,VIP Customers
12402.0,28,5,1031.3,490,1031.3,5,40,206.26,1,VIP Customers
12403.0,157,1,591.6600000000001,164,591.6600000000001,1,4,591.6600000000001,4,Loyal Customers
12404.0,318,1,63.24,1,63.24,1,1,63.24,4,Loyal Customers
12406.0,35,3,2975.06,1598,2975.06,3,44,991.6866666666666,1,VIP Customers
12408.0,21,3,1452.22,820,1452.22,3,41,484.0733333333333,1,VIP Customers
12409.0,56,4,12346.62,7592,12346.62,4,125,3086.655,0,Lost Customers
12410.0,138,1,320.38,130,320.38,1,14,320.38,1,VIP Customers
12411.0,45,1,346.9,138,346.9,1,22,346.9,1,VIP Customers
12412.0,38,3,1370.05,1168,1370.05,3,50,456.6833333333333,1,VIP Customers
12413.0,38,1,241.35,33,241.35,1,13,241.35,1,VIP Customers
12414.0,99,3,390.0,195,390.0,3,9,130.0,1,VIP Customers
12415.0,11,7,19543.84,14073,19543.84,7,169,2791.977142857143,0,Lost Customers
12416.0,292,1,202.56,132,202.56,1,11,202.56,4,Loyal Customers
12417.0,46,11,3148.31,1332,3148.31,11,144,286.21,0,Lost Customers
12418.0,49,3,1352.62,681,1352.62,3,61,450.8733333333333,1,VIP Customers
12419.0,21,2,503.01,231,503.01,2,23,251.505,1,VIP Customers
12421.0,51,2,291.56,168,291.56,2,18,145.78,1,VIP Customers
12422.0,30,14,4428.24,2226,4428.24,14,109,316.30285714285714,0,Lost Customers
12423.0,23,2,763.08,454,763.08,2,38,381.54,1,VIP Customers
12424.0,58,2,1579.07,1285,1579.07,2,59,789.535,1,VIP Customers
12425.0,84,1,964.21,651,964.21,1,55,964.21,1,VIP Customers
12426.0,298,1,762.48,326,762.48,1,47,762.48,4,Loyal Customers
12427.0,7,1,303.5,79,303.5,1,10,303.5,1,VIP Customers
12429.0,1,5,3735.51,1787,3735.51,5,70,747.1020000000001,1,VIP Customers
12431.0,9,13,4370.52,1811,4370.52,13,131,336.1938461538462,0,Lost Customers
12433.0,2,5,7205.39,6045,7205.39,5,163,1441.078,0,Lost Customers
12434.0,17,1,297.29,138,297.29,1,20,297.29,1,VIP Customers
12435.0,32,4,6096.04,2903,6096.04,4,68,1524.01,1,VIP Customers
12437.0,31,21,7731.99,5078,7731.99,21,216,368.19,0,Lost Customers
12439.0,318,2,1142.88,478,1142.88,2,69,571.44,4,Loyal Customers
12440.0,98,2,859.2,331,859.2,2,21,429.6,1,VIP Customers
12441.0,2,1,173.55,121,173.55,1,11,173.55,1,VIP Customers
12443.0,368,1,485.31,182,485.31,1,21,485.31,4,Loyal Customers
12445.0,56,1,301.58000000000004,144,301.58000000000004,1,20,301.58000000000004,1,VIP Customers
12449.0,46,2,768.6,729,768.6,2,10,384.3,1,VIP Customers
12450.0,35,3,490.32,314,490.32,3,25,163.44,1,VIP Customers
12451.0,99,3,3634.36,2784,3634.36,3,147,1211.4533333333334,0,Lost Customers
12454.0,31,4,13151.44,6697,13151.44,4,9,3287.86,0,Lost Customers
12455.0,81,4,3413.09,1213,3413.09,4,121,853.2725,1,VIP Customers
12457.0,71,1,632.6800000000001,251,632.6800000000001,1,22,632.6800000000001,1,VIP Customers
12458.0,63,2,830.09,480,830.09,2,44,415.045,1,VIP Customers
12459.0,241,1,454.36,258,454.36,1,23,454.36,4,Loyal Customers
12460.0,92,1,326.65,170,326.65,1,18,326.65,1,VIP Customers
12466.0,318,1,56.73,1,56.73,1,1,56.73,4,Loyal Customers
12467.0,59,1,132.8,129,132.8,1,9,132.8,1,VIP Customers
12468.0,162,3,2941.2,1835,2941.2,3,102,980.4,1,VIP Customers
12469.0,158,2,3070.54,2552,3070.54,2,76,1535.27,1,VIP Customers
12470.0,325,1,211.95,95,211.95,1,23,211.95,4,Loyal Customers
12471.0,10,49,20129.54,8658,20129.54,49,159,410.8069387755102,3,Regular Customers
12472.0,5,13,11308.48,7202,11308.48,13,312,869.8830769230769,0,Lost Customers
12474.0,14,13,5048.66,3107,5048.66,13,197,388.3584615384616,0,Lost Customers
12475.0,45,1,426.26,236,426.26,1,25,426.26,1,VIP Customers
12476.0,32,12,7267.49,3223,7267.49,12,225,605.6241666666666,0,Lost Customers
12477.0,35,3,7056.63,2466,7056.63,3,209,2352.21,0,Lost Customers
12480.0,35,3,2183.2200000000003,1245,2183.2200000000003,3,79,727.7400000000001,1,VIP Customers
12481.0,1,6,6765.07,3949,6765.07,6,139,1127.5116666666663,0,Lost Customers
12482.0,212,29,23691.4,27042,23691.4,29,42,816.944827586207,3,Regular Customers
12483.0,14,11,2612.2000000000003,1050,2612.2000000000003,11,35,237.4727272727273,1,VIP Customers
12484.0,119,6,1826.78,1079,1826.78,6,110,304.4633333333333,1,VIP Customers
12485.0,165,1,708.1,414,708.1,1,34,708.1,4,Loyal Customers
12486.0,67,1,1037.28,523,1037.28,1,49,1037.28,1,VIP Customers
12487.0,366,1,285.3,174,285.3,1,2,285.3,4,Loyal Customers
12490.0,14,11,4405.71,2842,4405.71,11,117,400.5190909090909,0,Lost Customers
12492.0,39,1,452.0,252,452.0,1,22,452.0,1,VIP Customers
12494.0,1,3,626.77,281,626.77,3,28,208.9233333333333,1,VIP Customers
12495.0,276,1,357.4,130,357.4,1,17,357.4,4,Loyal Customers
12496.0,256,2,45.34,30,45.34,2,10,22.67,4,Loyal Customers
12497.0,36,2,5205.400000000001,4449,5205.400000000001,2,30,2602.7000000000003,1,VIP Customers
12499.0,196,1,393.72,302,393.72,1,27,393.72,4,Loyal Customers
12500.0,71,8,1697.39,699,1697.39,8,61,212.17375,1,VIP Customers
12503.0,220,1,1126.0,561,1126.0,1,2,1126.0,4,Loyal Customers
12504.0,53,2,297.0,368,297.0,2,8,148.5,1,VIP Customers
12505.0,44,1,955.2,324,955.2,1,42,955.2,1,VIP Customers
12507.0,220,1,539.25,362,539.25,1,28,539.25,4,Loyal Customers
12510.0,95,7,4195.45,1696,4195.45,7,85,599.35,1,VIP Customers
12511.0,64,1,3084.02,1753,3084.02,1,190,3084.02,0,Lost Customers
12514.0,277,1,580.08,400,580.08,1,33,580.08,4,Loyal Customers
12516.0,66,2,1336.56,1077,1336.56,2,38,668.28,1,VIP Customers
12519.0,112,1,385.7000000000001,212,385.7000000000001,1,22,385.7000000000001,1,VIP Customers
12523.0,10,12,2562.58,1398,2562.58,12,105,213.5483333333333,0,Lost Customers
12524.0,24,9,6640.39,3479,6640.39,9,65,737.8211111111111,0,Lost Customers
12525.0,134,3,973.73,509,973.73,3,56,324.57666666666665,1,VIP Customers
12527.0,130,2,386.8,292,386.8,2,13,193.4,1,VIP Customers
12529.0,164,1,316.48,192,316.48,1,21,316.48,4,Loyal Customers
12530.0,51,5,2096.98,1800,2096.98,5,66,419.396,1,VIP Customers
12531.0,322,1,1807.98,1074,1807.98,1,110,1807.98,4,Loyal Customers
12533.0,263,2,1367.89,704,1367.89,2,63,683.945,4,Loyal Customers
12537.0,44,1,732.94,449,732.94,1,43,732.94,1,VIP Customers
12538.0,14,1,276.5,145,276.5,1,13,276.5,1,VIP Customers
12539.0,86,3,5646.400000000001,2468,5646.400000000001,3,127,1882.1333333333332,0,Lost Customers
12540.0,14,16,8854.25,4334,8854.25,16,171,553.390625,0,Lost Customers
12542.0,120,2,481.88,522,481.88,2,39,240.94,1,VIP Customers
12543.0,84,1,980.25,688,980.25,1,43,980.25,1,VIP Customers
12547.0,136,1,175.78,175,175.78,1,13,175.78,1,VIP Customers
12549.0,211,6,1575.68,1366,1575.68,6,38,262.61333333333334,4,Loyal Customers
12553.0,21,2,916.47,360,916.47,2,39,458.235,1,VIP Customers
12554.0,84,1,468.5,240,468.5,1,26,468.5,1,VIP Customers
12555.0,318,1,129.23,1,129.23,1,1,129.23,4,Loyal Customers
12557.0,7,4,6725.18,2398,6725.18,4,15,1681.295,1,VIP Customers
12562.0,21,2,1185.18,548,1185.18,2,33,592.59,1,VIP Customers
12563.0,44,1,249.24,113,249.24,1,13,249.24,1,VIP Customers
12567.0,3,7,4308.58,1781,4308.58,7,146,615.5114285714286,0,Lost Customers
12568.0,280,1,70.0,48,70.0,1,5,70.0,4,Loyal Customers
12570.0,318,1,77.52,1,77.52,1,1,77.52,4,Loyal Customers
12573.0,17,4,556.87,395,556.87,4,83,139.2175,1,VIP Customers
12575.0,93,2,622.82,315,622.82,2,34,311.41,1,VIP Customers
12576.0,28,3,826.89,527,826.89,3,51,275.63,1,VIP Customers
12577.0,17,5,990.5,722,990.5,5,144,198.1,1,VIP Customers
12578.0,21,2,1847.94,1184,1847.94,2,53,923.97,1,VIP Customers
12580.0,212,1,637.2,331,637.2,1,34,637.2,4,Loyal Customers
12582.0,58,2,1469.04,685,1469.04,2,79,734.52,1,VIP Customers
12583.0,9,13,7166.06,3924,7166.06,13,87,551.2353846153846,0,Lost Customers
12586.0,10,3,1865.73,608,1865.73,3,76,621.91,1,VIP Customers
12588.0,35,3,743.88,385,743.88,3,27,247.96,1,VIP Customers
12589.0,57,6,4048.98,1458,4048.98,6,100,674.83,1,VIP Customers
12591.0,26,2,886.1,425,886.1,2,38,443.05,1,VIP Customers
12592.0,155,3,2145.06,1585,2145.06,3,32,715.02,4,Loyal Customers
12594.0,14,5,1751.89,991,1751.89,5,60,350.37800000000004,1,VIP Customers
12595.0,140,1,299.02,271,299.02,1,19,299.02,1,VIP Customers
12598.0,99,3,1511.01,942,1511.01,3,69,503.67,1,VIP Customers
12599.0,17,6,1264.14,1233,1264.14,6,37,210.69000000000003,1,VIP Customers
12600.0,7,12,2444.88,640,2444.88,12,32,203.74,1,VIP Customers
12601.0,40,1,104.2,45,104.2,1,6,104.2,1,VIP Customers
12605.0,12,4,1232.95,929,1232.95,4,63,308.2375,1,VIP Customers
12606.0,318,1,21.0,1,21.0,1,1,21.0,4,Loyal Customers
12608.0,40,1,415.79,323,415.79,1,16,415.79,1,VIP Customers
12609.0,10,6,2309.01,905,2309.01,6,84,384.835,1,VIP Customers
12613.0,24,5,3472.99,2513,3472.99,5,132,694.5980000000001,0,Lost Customers
12615.0,49,4,3449.79,1941,3449.79,4,147,862.4475,0,Lost Customers
12616.0,24,1,417.8,214,417.8,1,22,417.8,1,VIP Customers
12619.0,196,1,140.14,140,140.14,1,10,140.14,4,Loyal Customers
12621.0,1,16,11086.14,6493,11086.14,16,163,692.88375,0,Lost Customers
12623.0,52,6,3442.74,1780,3442.74,6,109,573.7900000000001,1,VIP Customers
12625.0,145,2,2481.06,1697,2481.06,2,85,1240.53,1,VIP Customers
12629.0,21,2,1558.22,722,1558.22,2,40,779.11,1,VIP Customers
12631.0,92,5,2841.07,1371,2841.07,5,105,568.214,1,VIP Customers
12632.0,156,2,804.88,694,804.88,2,32,402.44,4,Loyal Customers
12633.0,18,3,3514.18,2076,3514.18,3,182,1171.3933333333332,0,Lost Customers
12634.0,171,2,490.0,337,490.0,2,20,245.0,4,Loyal Customers
12635.0,28,2,1241.23,777,1241.23,2,77,620.615,1,VIP Customers
12636.0,374,1,141.0,1,141.0,1,1,141.0,4,Loyal Customers
12637.0,14,4,2280.91,1263,2280.91,4,162,570.2275,0,Lost Customers
12638.0,275,1,249.8,86,249.8,1,9,249.8,4,Loyal Customers
12639.0,70,2,826.27,430,826.27,2,39,413.135,1,VIP Customers
12643.0,21,6,4960.18,2857,4960.18,6,14,826.6966666666667,1,VIP Customers
12644.0,66,3,1440.58,707,1440.58,3,76,480.1933333333333,1,VIP Customers
12645.0,45,4,1764.12,1041,1764.12,4,72,441.03,1,VIP Customers
12647.0,3,27,14201.53,5447,14201.53,27,218,525.9825925925926,0,Lost Customers
12648.0,73,3,793.95,358,793.95,3,32,264.65000000000003,1,VIP Customers
12649.0,18,5,1671.14,1373,1671.14,5,75,334.228,1,VIP Customers
12651.0,14,3,263.75,187,263.75,3,21,87.91666666666667,1,VIP Customers
12652.0,70,1,97.05,31,97.05,1,3,97.05,1,VIP Customers
12653.0,162,1,1950.98,762,1950.98,1,43,1950.98,4,Loyal Customers
12655.0,59,1,261.35,80,261.35,1,16,261.35,1,VIP Customers
12656.0,61,3,2356.66,1137,2356.66,3,108,785.5533333333333,1,VIP Customers
12661.0,72,1,162.0,216,162.0,1,11,162.0,1,VIP Customers
12662.0,9,10,3138.24,1523,3138.24,10,94,313.824,0,Lost Customers
12663.0,260,2,239.4,181,239.4,2,9,119.7,4,Loyal Customers
12664.0,150,2,1188.16,292,1188.16,2,4,594.08,4,Loyal Customers
12665.0,53,2,250.6,128,250.6,2,13,125.3,1,VIP Customers
12666.0,30,1,1248.42,370,1248.42,1,31,1248.42,1,VIP Customers
12668.0,14,6,7575.88,3415,7575.88,6,233,1262.6466666666668,0,Lost Customers
12670.0,21,2,764.24,230,764.24,2,21,382.12,1,VIP Customers
12671.0,242,1,2622.481,1460,2622.481,1,45,2622.481,4,Loyal Customers
12672.0,231,1,211.15,60,211.15,1,12,211.15,4,Loyal Customers
12673.0,37,1,619.5,349,619.5,1,32,619.5,1,VIP Customers
12675.0,189,2,957.25,336,957.25,2,111,478.625,4,Loyal Customers
12676.0,44,5,1511.7,1197,1511.7,5,47,302.34000000000003,1,VIP Customers
12677.0,191,2,395.1,176,395.1,2,13,197.55,4,Loyal Customers
12678.0,11,9,16652.72,11449,16652.72,9,140,1850.3022222222223,0,Lost Customers
12681.0,3,24,17080.74,10060,17080.74,24,341,711.6975000000001,0,Lost Customers
12682.0,1,23,11745.69,5443,11745.69,23,210,510.6821739130435,0,Lost Customers
12683.0,1,8,4220.21,2696,4220.21,8,143,527.52625,0,Lost Customers
12686.0,7,1,89.14,107,89.14,1,7,89.14,1,VIP Customers
12687.0,116,2,2138.91,1403,2138.91,2,126,1069.455,1,VIP Customers
12691.0,56,1,134.6,51,134.6,1,7,134.6,1,VIP Customers
12692.0,273,1,110.95,36,110.95,1,13,110.95,4,Loyal Customers
12693.0,32,3,847.11,281,847.11,3,35,282.37,1,VIP Customers
12694.0,57,1,973.68,846,973.68,1,46,973.68,1,VIP Customers
12695.0,164,3,825.02,234,825.02,3,28,275.00666666666666,4,Loyal Customers
12696.0,70,2,851.91,564,851.91,2,43,425.955,1,VIP Customers
12698.0,226,1,339.75,111,339.75,1,16,339.75,4,Loyal Customers
12699.0,53,1,638.11,373,638.11,1,41,638.11,1,VIP Customers
12701.0,165,4,1648.7,1049,1648.7,4,80,412.175,4,Loyal Customers
12703.0,269,3,722.98,431,722.98,3,44,240.9933333333333,4,Loyal Customers
12705.0,19,5,4893.81,3191,4893.81,5,196,978.762,0,Lost Customers
12708.0,4,9,2601.19,1214,2601.19,9,80,289.0211111111111,1,VIP Customers
12709.0,2,20,21107.94,9999,21107.94,20,152,1055.397,0,Lost Customers
12711.0,247,2,1339.05,770,1339.05,2,56,669.525,4,Loyal Customers
12712.0,1,10,2797.53,1287,2797.53,10,99,279.75300000000004,0,Lost Customers
12714.0,24,7,9384.85,5705,9384.85,7,324,1340.6928571428573,0,Lost Customers
12717.0,226,1,277.93,94,277.93,1,16,277.93,4,Loyal Customers
12720.0,5,6,2478.94,1645,2478.94,6,129,413.1566666666667,0,Lost Customers
12721.0,21,2,1356.95,696,1356.95,2,73,678.475,1,VIP Customers
12724.0,19,3,1286.11,934,1286.11,3,66,428.7033333333333,1,VIP Customers
12725.0,7,4,2266.76,1142,2266.76,4,92,566.69,1,VIP Customers
12726.0,23,4,1405.5,1475,1405.5,4,30,351.375,1,VIP Customers
12727.0,78,3,1698.8300000000002,734,1698.8300000000002,3,44,566.2766666666668,1,VIP Customers
12728.0,19,1,233.84,124,233.84,1,15,233.84,1,VIP Customers
12730.0,157,1,829.25,234,829.25,1,47,829.25,4,Loyal Customers
12731.0,78,5,6879.8,3204,6879.8,5,72,1375.96,1,VIP Customers
12733.0,25,3,2040.92,759,2040.92,3,106,680.3066666666667,1,VIP Customers
12734.0,10,2,529.25,177,529.25,2,13,264.625,1,VIP Customers
12737.0,134,2,3710.5,2,3710.5,2,2,1855.25,1,VIP Customers
12738.0,8,1,155.35,148,155.35,1,11,155.35,1,VIP Customers
12739.0,21,2,1713.69,465,1713.69,2,51,856.845,1,VIP Customers
12741.0,165,2,406.07,214,406.07,2,16,203.035,4,Loyal Customers
12742.0,261,1,1201.52,1359,1201.52,1,67,1201.52,4,Loyal Customers
12744.0,95,4,4037.77,1753,4037.77,4,110,1009.4425,1,VIP Customers
12745.0,122,3,925.41,468,925.41,3,21,308.47,1,VIP Customers
12746.0,176,1,254.55,97,254.55,1,17,254.55,4,Loyal Customers
12747.0,5,16,5061.03,1473,5061.03,16,67,316.314375,0,Lost Customers
12748.0,1,144,22457.9,13109,22457.9,144,1342,155.9576388888889,3,Regular Customers
12749.0,35,4,2806.48,889,2806.48,4,121,701.62,1,VIP Customers
12751.0,80,1,268.27,189,268.27,1,61,268.27,1,VIP Customers
12755.0,1,10,5218.71,2290,5218.71,10,31,521.871,1,VIP Customers
12758.0,95,5,7111.650000000001,4020,7111.650000000001,5,146,1422.3300000000002,0,Lost Customers
12759.0,22,5,3489.3,2300,3489.3,5,151,697.86,0,Lost Customers
12760.0,91,1,347.8,198,347.8,1,21,347.8,1,VIP Customers
12761.0,93,2,782.95,281,782.95,2,27,391.475,1,VIP Customers
12763.0,5,1,320.08,196,320.08,1,16,320.08,1,VIP Customers
12765.0,108,6,1404.58,1009,1404.58,6,49,234.09666666666664,1,VIP Customers
12766.0,2,3,3078.65,1800,3078.65,3,132,1026.2166666666667,1,VIP Customers
12767.0,11,1,949.82,598,949.82,1,43,949.82,1,VIP Customers
12768.0,86,1,168.69,102,168.69,1,10,168.69,1,VIP Customers
12770.0,92,1,1895.0,1100,1895.0,1,16,1895.0,1,VIP Customers
12771.0,121,1,282.3,104,282.3,1,15,282.3,1,VIP Customers
12773.0,200,1,124.25,109,124.25,1,6,124.25,4,Loyal Customers
12774.0,171,1,98.7,53,98.7,1,6,98.7,4,Loyal Customers
12775.0,24,2,300.08000000000004,206,300.08000000000004,2,13,150.04000000000002,1,VIP Customers
12776.0,303,1,55.5,46,55.5,1,4,55.5,4,Loyal Customers
12777.0,93,1,519.45,458,519.45,1,26,519.45,1,VIP Customers
12778.0,32,3,953.45,910,953.45,3,55,317.81666666666666,1,VIP Customers
12779.0,7,7,2740.91,1617,2740.91,7,84,391.5585714285714,1,VIP Customers
12780.0,234,1,337.4,285,337.4,1,20,337.4,4,Loyal Customers
12782.0,10,6,2287.32,931,2287.32,6,94,381.22,1,VIP Customers
12784.0,165,1,1230.33,582,1230.33,1,72,1230.33,4,Loyal Customers
12785.0,171,2,788.45,322,788.45,2,36,394.225,4,Loyal Customers
12786.0,245,1,728.5000000000001,324,728.5000000000001,1,18,728.5000000000001,4,Loyal Customers
12787.0,49,1,398.52,249,398.52,1,24,398.52,1,VIP Customers
12788.0,99,4,444.9,194,444.9,4,20,111.225,1,VIP Customers
12789.0,148,2,181.5,32,181.5,2,2,90.75,4,Loyal Customers
12790.0,46,1,266.93,140,266.93,1,16,266.93,1,VIP Customers
12791.0,9,6,863.51,353,863.51,6,17,143.91833333333332,1,VIP Customers
12792.0,170,1,426.47,177,426.47,1,22,426.47,4,Loyal Customers
12793.0,7,2,471.85,231,471.85,2,23,235.925,1,VIP Customers
12796.0,264,1,381.0,182,381.0,1,7,381.0,4,Loyal Customers
12797.0,1,2,552.08,215,552.08,2,27,276.04,1,VIP Customers
12798.0,57,1,1533.89,3199,1533.89,1,25,1533.89,1,VIP Customers
12799.0,165,1,219.35,137,219.35,1,15,219.35,4,Loyal Customers
12800.0,106,3,584.25,284,584.25,3,31,194.75,1,VIP Customers
12801.0,136,1,1071.82,505,1071.82,1,50,1071.82,1,VIP Customers
12802.0,78,6,1988.84,1658,1988.84,6,89,331.4733333333333,1,VIP Customers
12803.0,29,1,1092.81,872,1092.81,1,55,1092.81,1,VIP Customers
12804.0,101,2,325.37,270,325.37,2,60,162.685,1,VIP Customers
12805.0,17,4,1434.95,593,1434.95,4,44,358.7375,1,VIP Customers
12806.0,71,4,2878.96,2087,2878.96,4,58,719.74,1,VIP Customers
12807.0,19,1,330.35,145,330.35,1,16,330.35,1,VIP Customers
12808.0,4,3,422.45,187,422.45,3,26,140.81666666666666,1,VIP Customers
12809.0,201,2,1266.63,298,1266.63,2,52,633.315,4,Loyal Customers
12810.0,170,2,534.99,389,534.99,2,32,267.495,4,Loyal Customers
12811.0,14,2,519.0500000000001,205,519.0500000000001,2,23,259.52500000000003,1,VIP Customers
12813.0,137,3,1687.8,1141,1687.8,3,37,562.6,1,VIP Customers
12817.0,35,2,524.94,166,524.94,2,16,262.47,1,VIP Customers
12819.0,94,1,540.52,344,540.52,1,19,540.52,1,VIP Customers
12820.0,33,7,1747.18,1242,1747.18,7,87,249.59714285714287,1,VIP Customers
12821.0,247,1,128.08,92,128.08,1,7,128.08,4,Loyal Customers
12823.0,30,13,4742.0,700,4742.0,13,1,364.7692307692308,1,VIP Customers
12825.0,157,2,518.63,139,518.63,2,20,259.315,4,Loyal Customers
12826.0,1,6,1481.03,937,1481.03,6,53,246.8383333333333,1,VIP Customers
12829.0,186,1,92.3,174,92.3,1,8,92.3,4,Loyal Customers
12831.0,99,2,236.06,168,236.06,2,13,118.03,1,VIP Customers
12835.0,63,41,5996.83,2349,5996.83,41,138,146.2641463414634,0,Lost Customers
12836.0,25,11,3949.37,1169,3949.37,11,173,359.03363636363633,0,Lost Customers
12837.0,205,1,528.5600000000001,170,528.5600000000001,1,73,528.5600000000001,4,Loyal Customers
12838.0,9,9,2694.75,1479,2694.75,9,177,299.4166666666667,0,Lost Customers
12839.0,3,13,4480.31,3042,4480.31,13,112,344.6392307692308,0,Lost Customers
12840.0,73,3,1315.2,747,1315.2,3,57,438.4,1,VIP Customers
12841.0,5,17,3472.61,2609,3472.61,17,154,204.27117647058824,0,Lost Customers
12842.0,40,2,799.0,340,799.0,2,13,399.5,1,VIP Customers
12843.0,18,22,4881.1,2247,4881.1,22,77,221.86818181818185,0,Lost Customers
12844.0,78,2,322.64,98,322.64,2,43,161.32,1,VIP Customers
12846.0,318,1,15.58,1,15.58,1,1,15.58,4,Loyal Customers
12847.0,23,1,765.36,624,765.36,1,34,765.36,1,VIP Customers
12848.0,311,1,208.0,58,208.0,1,16,208.0,4,Loyal Customers
12849.0,17,4,2032.18,1258,2032.18,4,80,508.045,1,VIP Customers
12850.0,81,1,330.0,200,330.0,1,2,330.0,1,VIP Customers
12851.0,113,1,148.95,51,148.95,1,30,148.95,1,VIP Customers
12853.0,63,5,1950.4,868,1950.4,5,58,390.08,1,VIP Customers
12854.0,197,4,1654.72,1004,1654.72,4,120,413.68,4,Loyal Customers
12855.0,8,4,612.84,240,612.84,4,65,153.21,1,VIP Customers
12857.0,72,4,2581.6,1077,2581.6,4,46,645.4,1,VIP Customers
12858.0,19,1,147.27,51,147.27,1,36,147.27,1,VIP Customers
12859.0,94,1,575.1,292,575.1,1,21,575.1,1,VIP Customers
12860.0,329,1,54.22,26,54.22,1,16,54.22,4,Loyal Customers
12861.0,255,1,68.25,27,68.25,1,4,68.25,4,Loyal Customers
12862.0,61,2,984.62,611,984.62,2,119,492.31,1,VIP Customers
12863.0,15,5,2271.35,707,2271.35,5,23,454.27,1,VIP Customers
12864.0,144,1,152.45,231,152.45,1,4,152.45,4,Loyal Customers
12865.0,14,2,1755.24,1048,1755.24,2,93,877.62,1,VIP Customers
12866.0,110,2,668.23,382,668.23,2,34,334.115,1,VIP Customers
12867.0,33,6,3819.92,3592,3819.92,6,260,636.6533333333333,0,Lost Customers
12868.0,9,3,640.0,354,640.0,3,30,213.33333333333331,1,VIP Customers
12869.0,317,1,337.67,144,337.67,1,35,337.67,4,Loyal Customers
12870.0,11,3,1676.95,906,1676.95,3,85,558.9833333333333,1,VIP Customers
12871.0,75,1,363.38,284,363.38,1,7,363.38,1,VIP Customers
12872.0,1,11,3062.52,1526,3062.52,11,204,278.4109090909091,0,Lost Customers
12873.0,33,2,1653.3,658,1653.3,2,30,826.65,1,VIP Customers
12874.0,21,2,948.42,623,948.42,2,44,474.21,1,VIP Customers
12875.0,107,3,1013.76,3168,1013.76,3,2,337.92,1,VIP Customers
12876.0,30,2,1863.77,1106,1863.77,2,70,931.885,1,VIP Customers
12877.0,37,8,1406.37,1059,1406.37,8,76,175.79625,1,VIP Customers
12880.0,17,2,640.13,279,640.13,2,32,320.065,1,VIP Customers
12887.0,19,1,222.4,100,222.4,1,13,222.4,1,VIP Customers
12889.0,17,4,385.46,124,385.46,4,25,96.365,1,VIP Customers
12890.0,23,1,329.3,201,329.3,1,56,329.3,1,VIP Customers
12891.0,94,8,509.5,1375,509.5,8,2,63.6875,1,VIP Customers
12892.0,32,1,263.38,140,263.38,1,18,263.38,1,VIP Customers
12894.0,211,1,157.35,33,157.35,1,21,157.35,4,Loyal Customers
12897.0,17,2,297.75,139,297.75,2,9,148.875,1,VIP Customers
12898.0,99,2,296.21,235,296.21,2,27,148.105,1,VIP Customers
12899.0,49,1,366.4,108,366.4,1,17,366.4,1,VIP Customers
12900.0,58,1,340.33000000000004,139,340.33000000000004,1,13,340.33000000000004,1,VIP Customers
12903.0,64,1,833.5300000000001,493,833.5300000000001,1,41,833.5300000000001,1,VIP Customers
12905.0,212,2,1018.42,532,1018.42,2,52,509.21,4,Loyal Customers
12907.0,31,2,508.91,177,508.91,2,23,254.455,1,VIP Customers
12908.0,16,3,1026.0,1800,1026.0,3,1,342.0,1,VIP Customers
12909.0,60,3,924.52,668,924.52,3,49,308.17333333333335,1,VIP Customers
12910.0,15,5,2721.48,1940,2721.48,5,38,544.296,1,VIP Customers
12911.0,187,1,1651.72,807,1651.72,1,220,1651.72,0,Lost Customers
12913.0,4,9,4217.23,1813,4217.23,9,26,468.5811111111111,1,VIP Customers
12914.0,36,1,223.98,336,223.98,1,9,223.98,1,VIP Customers
12915.0,8,3,811.1,359,811.1,3,40,270.3666666666667,1,VIP Customers
12916.0,78,3,1534.78,598,1534.78,3,51,511.5933333333333,1,VIP Customers
12917.0,36,5,3765.2,984,3765.2,5,44,753.04,1,VIP Customers
12918.0,262,1,10953.5,1,10953.5,1,1,10953.5,3,Regular Customers
12920.0,207,3,323.86,292,323.86,3,32,107.95333333333332,4,Loyal Customers
12921.0,2,39,19333.95,12182,19333.95,39,200,495.7423076923077,0,Lost Customers
12923.0,26,2,597.6,162,597.6,2,28,298.8,1,VIP Customers
12924.0,29,8,1535.7,942,1535.7,8,37,191.9625,1,VIP Customers
12925.0,228,1,35.28,108,35.28,1,5,35.28,4,Loyal Customers
12926.0,47,4,1523.97,754,1523.97,4,202,380.9925,0,Lost Customers
12927.0,30,1,197.31,145,197.31,1,11,197.31,1,VIP Customers
12928.0,14,7,2242.19,1427,2242.19,7,62,320.3128571428571,1,VIP Customers
12931.0,16,42,50291.38,34902,50291.38,42,21,1197.4138095238095,3,Regular Customers
12932.0,175,8,1698.56,1609,1698.56,8,69,212.32,4,Loyal Customers
12933.0,16,5,1029.1,450,1029.1,5,152,205.82,1,VIP Customers
12934.0,372,1,181.65,31,181.65,1,2,181.65,4,Loyal Customers
12935.0,11,8,2083.16,1348,2083.16,8,61,260.395,1,VIP Customers
12937.0,99,5,1593.34,976,1593.34,5,71,318.668,1,VIP Customers
12939.0,15,12,13683.0,5452,13683.0,12,12,1140.25,0,Lost Customers
12941.0,360,1,377.49,381,377.49,1,27,377.49,4,Loyal Customers
12942.0,1,1,258.75,69,258.75,1,16,258.75,1,VIP Customers
12943.0,194,2,496.5,222,496.5,2,22,248.25,4,Loyal Customers
12945.0,292,1,437.16,281,437.16,1,28,437.16,4,Loyal Customers
12946.0,72,1,324.45,149,324.45,1,20,324.45,1,VIP Customers
12947.0,9,1,304.04,184,304.04,1,17,304.04,1,VIP Customers
12948.0,366,2,252.48,224,252.48,2,7,126.24,4,Loyal Customers
12949.0,18,14,11359.48,5852,11359.48,14,262,811.3914285714285,0,Lost Customers
12951.0,22,9,2149.65,1159,2149.65,9,83,238.85,1,VIP Customers
12953.0,158,1,498.96,280,498.96,1,31,498.96,4,Loyal Customers
12954.0,274,1,162.45,83,162.45,1,10,162.45,4,Loyal Customers
12956.0,320,3,413.82,306,413.82,3,23,137.94,4,Loyal Customers
12957.0,177,5,4689.43,2137,4689.43,5,221,937.886,0,Lost Customers
12958.0,36,2,467.34,118,467.34,2,45,233.67,1,VIP Customers
12959.0,120,1,150.95,109,150.95,1,8,150.95,1,VIP Customers
12960.0,49,4,1322.0700000000002,1379,1322.0700000000002,4,49,330.51750000000004,1,VIP Customers
12961.0,15,1,211.99,180,211.99,1,37,211.99,1,VIP Customers
12963.0,1,5,1744.96,928,1744.96,5,74,348.992,1,VIP Customers
12964.0,73,1,132.24,56,132.24,1,26,132.24,1,VIP Customers
12967.0,7,2,2646.02,834,2646.02,2,47,1323.01,1,VIP Customers
12969.0,238,1,122.45,55,122.45,1,5,122.45,4,Loyal Customers
12970.0,16,6,1048.13,686,1048.13,6,174,174.68833333333336,0,Lost Customers
12971.0,2,33,4782.88,5298,4782.88,33,46,144.93575757575758,0,Lost Customers
12972.0,49,4,1161.2,844,1161.2,4,69,290.3,1,VIP Customers
12973.0,49,1,385.55,31,385.55,1,6,385.55,1,VIP Customers
12974.0,201,1,264.15,80,264.15,1,24,264.15,4,Loyal Customers
12975.0,72,6,2100.09,911,2100.09,6,92,350.01500000000004,1,VIP Customers
12976.0,14,7,2417.78,2123,2417.78,7,94,345.3971428571429,1,VIP Customers
12977.0,137,3,474.64,116,474.64,3,45,158.21333333333334,1,VIP Customers
12978.0,21,5,2502.82,1394,2502.82,5,126,500.564,1,VIP Customers
12979.0,365,1,517.7,520,517.7,1,56,517.7,4,Loyal Customers
12980.0,22,12,8870.880000000001,1024,8870.880000000001,12,7,739.2400000000001,0,Lost Customers
12982.0,30,7,2354.27,1441,2354.27,7,117,336.32428571428574,1,VIP Customers
12983.0,234,1,490.08,638,490.08,1,30,490.08,4,Loyal Customers
12986.0,64,10,2729.84,1164,2729.84,10,61,272.98400000000004,1,VIP Customers
12987.0,56,3,753.51,366,753.51,3,35,251.17,1,VIP Customers
12989.0,60,18,6627.64,3992,6627.64,18,11,368.2022222222223,0,Lost Customers
12990.0,53,4,546.0,280,546.0,4,6,136.5,1,VIP Customers
12991.0,25,1,261.06,78,261.06,1,14,261.06,1,VIP Customers
12992.0,361,1,93.35,21,93.35,1,6,93.35,4,Loyal Customers
12993.0,81,4,844.87,511,844.87,4,44,211.2175,1,VIP Customers
12996.0,11,1,355.5,122,355.5,1,22,355.5,1,VIP Customers
12997.0,30,4,884.02,522,884.02,4,32,221.005,1,VIP Customers
12998.0,128,3,920.08,1124,920.08,3,58,306.6933333333333,1,VIP Customers
13000.0,361,1,497.65,169,497.65,1,31,497.65,4,Loyal Customers
13001.0,40,20,14256.68,7958,14256.68,20,261,712.8340000000001,0,Lost Customers
13002.0,52,2,293.18,128,293.18,2,14,146.59,1,VIP Customers
13004.0,22,18,5994.94,3946,5994.94,18,230,333.0522222222222,0,Lost Customers
13005.0,67,2,485.98,290,485.98,2,27,242.99,1,VIP Customers
13007.0,215,1,175.25,59,175.25,1,11,175.25,4,Loyal Customers
13008.0,33,2,382.66,204,382.66,2,20,191.33,1,VIP Customers
13009.0,308,1,234.0,120,234.0,1,4,234.0,4,Loyal Customers
13010.0,10,2,330.12,323,330.12,2,10,165.06,1,VIP Customers
13011.0,8,1,50.55,13,50.55,1,3,50.55,1,VIP Customers
13012.0,65,3,1310.99,739,1310.99,3,54,436.9966666666666,1,VIP Customers
13013.0,7,18,7814.83,4239,7814.83,18,224,434.15722222222223,0,Lost Customers
13014.0,68,1,1914.8,1074,1914.8,1,115,1914.8,1,VIP Customers
13015.0,74,6,3240.14,1918,3240.14,6,156,540.0233333333333,0,Lost Customers
13018.0,49,7,2485.46,1311,2485.46,7,117,355.0657142857143,1,VIP Customers
13019.0,15,6,1229.95,397,1229.95,6,46,204.99166666666667,1,VIP Customers
13020.0,198,2,618.96,278,618.96,2,38,309.48,4,Loyal Customers
13021.0,10,8,2270.86,1194,2270.86,8,87,283.8575,1,VIP Customers
13022.0,65,1,65.3,35,65.3,1,5,65.3,1,VIP Customers
13023.0,164,1,759.13,299,759.13,1,36,759.13,4,Loyal Customers
13024.0,106,2,555.87,181,555.87,2,26,277.935,1,VIP Customers
13025.0,367,1,323.39,241,323.39,1,13,323.39,4,Loyal Customers
13026.0,124,4,757.72,846,757.72,4,24,189.43,1,VIP Customers
13027.0,21,13,10327.2,25560,10327.2,13,7,794.4000000000001,0,Lost Customers
13029.0,10,2,679.8,60,679.8,2,6,339.9,1,VIP Customers
13030.0,4,1,402.36,174,402.36,1,50,402.36,1,VIP Customers
13031.0,43,5,3292.84,2309,3292.84,5,275,658.568,0,Lost Customers
13032.0,28,7,1805.78,899,1805.78,7,110,257.9685714285714,1,VIP Customers
13033.0,65,1,30.0,15,30.0,1,2,30.0,1,VIP Customers
13034.0,5,2,279.91,153,279.91,2,16,139.955,1,VIP Customers
13035.0,67,1,442.32,282,442.32,1,15,442.32,1,VIP Customers
13036.0,320,1,307.1,38,307.1,1,6,307.1,4,Loyal Customers
13037.0,35,9,3033.88,1699,3033.88,9,155,337.09777777777776,0,Lost Customers
13039.0,220,4,1010.73,290,1010.73,4,37,252.6825,4,Loyal Customers
13041.0,86,4,799.13,335,799.13,4,23,199.7825,1,VIP Customers
13042.0,234,3,1488.59,812,1488.59,3,164,496.19666666666666,4,Loyal Customers
13044.0,128,10,4287.58,2119,4287.58,10,327,428.758,0,Lost Customers
13045.0,37,2,503.64,184,503.64,2,25,251.82,1,VIP Customers
13046.0,92,1,319.94,241,319.94,1,21,319.94,1,VIP Customers
13047.0,9,17,5557.62,2038,5557.62,17,119,326.9188235294118,0,Lost Customers
13048.0,72,5,2229.7200000000003,1433,2229.7200000000003,5,85,445.9440000000001,1,VIP Customers
13049.0,25,2,751.5600000000001,352,751.5600000000001,2,10,375.78,1,VIP Customers
13050.0,2,19,6477.67,3449,6477.67,19,408,340.93,0,Lost Customers
13051.0,214,2,155.8,72,155.8,2,4,77.9,4,Loyal Customers
13052.0,56,6,2771.18,1202,2771.18,6,150,461.8633333333333,0,Lost Customers
13053.0,257,1,127.65,47,127.65,1,17,127.65,4,Loyal Customers
13055.0,65,1,1106.7,927,1106.7,1,78,1106.7,1,VIP Customers
13056.0,187,1,209.48,158,209.48,1,18,209.48,4,Loyal Customers
13057.0,166,3,709.59,456,709.59,3,34,236.53,4,Loyal Customers
13059.0,49,9,2108.37,825,2108.37,9,152,234.2633333333333,0,Lost Customers
13063.0,116,1,188.4,116,188.4,1,12,188.4,1,VIP Customers
13064.0,186,2,561.25,154,561.25,2,19,280.625,4,Loyal Customers
13065.0,9,5,1055.05,381,1055.05,5,49,211.01,1,VIP Customers
13067.0,45,2,393.05,99,393.05,2,13,196.525,1,VIP Customers
13069.0,5,16,5185.51,9481,5185.51,16,421,324.094375,0,Lost Customers
13070.0,95,3,522.9,262,522.9,3,11,174.29999999999998,1,VIP Customers
13071.0,248,1,129.22,30,129.22,1,12,129.22,4,Loyal Customers
13073.0,47,2,418.08,261,418.08,2,25,209.04,1,VIP Customers
13074.0,147,4,1378.74,826,1378.74,4,26,344.685,1,VIP Customers
13076.0,93,1,135.4,44,135.4,1,9,135.4,1,VIP Customers
13077.0,2,8,2326.35,1909,2326.35,8,144,290.79375,0,Lost Customers
13078.0,2,32,16904.51,6553,16904.51,32,108,528.2659375,0,Lost Customers
13079.0,53,1,199.08,96,199.08,1,11,199.08,1,VIP Customers
13080.0,37,3,222.65,73,222.65,3,11,74.21666666666667,1,VIP Customers
13081.0,7,19,30867.77,22355,30867.77,19,506,1624.6194736842106,3,Regular Customers
13082.0,60,12,3722.12,4142,3722.12,12,48,310.1766666666667,0,Lost Customers
13083.0,61,1,91.68,120,91.68,1,4,91.68,1,VIP Customers
13084.0,127,1,122.4,144,122.4,1,2,122.4,1,VIP Customers
13085.0,315,6,2017.2,728,2017.2,6,33,336.2,4,Loyal Customers
13086.0,18,1,439.33,155,439.33,1,47,439.33,1,VIP Customers
13087.0,362,1,313.64,86,313.64,1,15,313.64,4,Loyal Customers
13088.0,53,1,236.11,76,236.11,1,19,236.11,1,VIP Customers
13089.0,4,109,57885.45,29125,57885.45,109,474,531.0591743119265,3,Regular Customers
13090.0,1,13,5189.32,1181,5189.32,13,92,399.17846153846153,0,Lost Customers
13091.0,365,2,1976.0,873,1976.0,2,24,988.0,4,Loyal Customers
13092.0,50,7,1662.45,385,1662.45,7,43,237.4928571428572,1,VIP Customers
13093.0,9,48,47111.18,22266,47111.18,48,172,981.4829166666668,3,Regular Customers
13094.0,4,2,505.80000000000007,372,505.80000000000007,2,5,252.90000000000003,1,VIP Customers
13096.0,30,1,419.7000000000001,6,419.7000000000001,1,1,419.7000000000001,1,VIP Customers
13097.0,24,18,7320.88,2985,7320.88,18,278,406.7155555555556,0,Lost Customers
13101.0,134,3,594.21,365,594.21,3,41,198.07,1,VIP Customers
13102.0,1,14,5272.83,2372,5272.83,14,114,376.6307142857143,0,Lost Customers
13103.0,73,2,465.7000000000001,344,465.7000000000001,2,21,232.85,1,VIP Customers
13104.0,51,3,610.62,330,610.62,3,5,203.54,1,VIP Customers
13105.0,72,1,72.0,100,72.0,1,1,72.0,1,VIP Customers
13106.0,49,1,526.96,213,526.96,1,15,526.96,1,VIP Customers
13107.0,49,5,3721.45,3023,3721.45,5,102,744.29,1,VIP Customers
13108.0,8,2,748.46,745,748.46,2,27,374.23,1,VIP Customers
13109.0,187,1,347.49,237,347.49,1,23,347.49,4,Loyal Customers
13110.0,73,5,1468.8,375,1468.8,5,77,293.76,1,VIP Customers
13111.0,354,1,321.88000000000005,180,321.88000000000005,1,12,321.88000000000005,4,Loyal Customers
13112.0,177,1,20.6,11,20.6,1,2,20.6,4,Loyal Customers
13113.0,2,14,6357.08,1495,6357.08,14,107,454.07714285714286,0,Lost Customers
13114.0,366,1,234.38,74,234.38,1,16,234.38,4,Loyal Customers
13115.0,15,6,3199.92,2367,3199.92,6,136,533.32,0,Lost Customers
13117.0,1,12,1658.9,1122,1658.9,12,90,138.24166666666667,0,Lost Customers
13118.0,12,4,1217.6,424,1217.6,4,57,304.4,1,VIP Customers
13119.0,304,1,134.9,110,134.9,1,11,134.9,4,Loyal Customers
13123.0,108,2,506.75,268,506.75,2,36,253.375,1,VIP Customers
13124.0,21,1,885.33,619,885.33,1,56,885.33,1,VIP Customers
13125.0,159,1,148.62,53,148.62,1,20,148.62,4,Loyal Customers
13126.0,2,7,1898.61,1266,1898.61,7,79,271.23,1,VIP Customers
13128.0,267,1,263.5,31,263.5,1,1,263.5,4,Loyal Customers
13129.0,88,2,233.25,296,233.25,2,10,116.625,1,VIP Customers
13131.0,54,4,2240.4700000000003,1076,2240.4700000000003,4,94,560.1175000000001,1,VIP Customers
13133.0,95,1,90.65,23,90.65,1,5,90.65,1,VIP Customers
13134.0,38,2,681.65,305,681.65,2,21,340.825,1,VIP Customers
13135.0,127,1,275.45,123,275.45,1,17,275.45,1,VIP Customers
13136.0,11,8,3666.95,1781,3666.95,8,140,458.36875,0,Lost Customers
13137.0,22,8,3983.65,2034,3983.65,8,406,497.95625,0,Lost Customers
13138.0,8,2,504.85,245,504.85,2,29,252.425,1,VIP Customers
13139.0,73,1,3138.04,2189,3138.04,1,95,3138.04,0,Lost Customers
13140.0,2,3,790.71,461,790.71,3,68,263.57,1,VIP Customers
13141.0,21,12,5267.33,3611,5267.33,12,231,438.94416666666666,0,Lost Customers
13143.0,220,1,405.1,198,405.1,1,23,405.1,4,Loyal Customers
13144.0,67,1,24.4,8,24.4,1,3,24.4,1,VIP Customers
13145.0,8,4,805.0,121,805.0,4,2,201.25,1,VIP Customers
13148.0,25,14,4814.56,2522,4814.56,14,297,343.8971428571429,0,Lost Customers
13150.0,120,3,449.97,171,449.97,3,7,149.98999999999998,1,VIP Customers
13151.0,261,2,1207.34,450,1207.34,2,71,603.6700000000001,4,Loyal Customers
13152.0,53,7,2146.38,977,2146.38,7,114,306.6257142857143,1,VIP Customers
13154.0,35,3,1624.84,976,1624.84,3,78,541.6133333333333,1,VIP Customers
13155.0,4,3,778.4200000000001,412,778.4200000000001,3,68,259.47333333333336,1,VIP Customers
13156.0,21,3,1586.54,914,1586.54,3,94,528.8466666666667,1,VIP Customers
13157.0,45,5,3946.14,3323,3946.14,5,121,789.228,0,Lost Customers
13158.0,24,1,307.12,208,307.12,1,21,307.12,1,VIP Customers
13161.0,136,1,359.38,76,359.38,1,25,359.38,1,VIP Customers
13162.0,16,12,7587.2,4042,7587.2,12,124,632.2666666666667,0,Lost Customers
13163.0,246,1,17.65,3,17.65,1,2,17.65,4,Loyal Customers
13164.0,205,2,372.2,120,372.2,2,7,186.1,4,Loyal Customers
13165.0,49,1,429.68,360,429.68,1,7,429.68,1,VIP Customers
13166.0,50,1,458.73,306,458.73,1,27,458.73,1,VIP Customers
13167.0,26,1,333.82,222,333.82,1,16,333.82,1,VIP Customers
13168.0,178,1,541.14,228,541.14,1,45,541.14,4,Loyal Customers
13169.0,198,1,127.2,24,127.2,1,5,127.2,4,Loyal Customers
13172.0,36,1,69.6,48,69.6,1,1,69.6,1,VIP Customers
13173.0,3,10,2212.11,1318,2212.11,10,147,221.211,0,Lost Customers
13174.0,5,10,6621.6,3116,6621.6,10,538,662.1600000000001,0,Lost Customers
13175.0,218,2,831.45,423,831.45,2,40,415.725,4,Loyal Customers
13177.0,66,1,229.75,89,229.75,1,13,229.75,1,VIP Customers
13178.0,33,10,8333.72,5208,8333.72,10,160,833.372,0,Lost Customers
13179.0,254,1,572.3100000000001,368,572.3100000000001,1,34,572.3100000000001,4,Loyal Customers
13180.0,243,1,86.10000000000001,42,86.10000000000001,1,4,86.10000000000001,4,Loyal Customers
13181.0,17,1,359.69,171,359.69,1,19,359.69,1,VIP Customers
13183.0,30,6,3078.4,1819,3078.4,6,31,513.0666666666667,1,VIP Customers
13187.0,260,3,105.34,201,105.34,3,14,35.11333333333334,4,Loyal Customers
13190.0,180,3,570.66,308,570.66,3,16,190.22,4,Loyal Customers
13191.0,294,1,164.69,115,164.69,1,58,164.69,4,Loyal Customers
13192.0,171,4,1646.64,1034,1646.64,4,92,411.66,4,Loyal Customers
13194.0,57,1,412.08,300,412.08,1,7,412.08,1,VIP Customers
13195.0,50,1,136.73,70,136.73,1,43,136.73,1,VIP Customers
13196.0,79,3,1271.06,782,1271.06,3,74,423.68666666666667,1,VIP Customers
13197.0,245,1,373.0100000000001,204,373.0100000000001,1,19,373.0100000000001,4,Loyal Customers
13198.0,23,2,1572.99,801,1572.99,2,81,786.495,1,VIP Customers
13199.0,2,30,6615.77,5843,6615.77,30,26,220.5256666666667,0,Lost Customers
13201.0,138,4,1233.06,1036,1233.06,4,65,308.265,1,VIP Customers
13202.0,30,7,1580.3,572,1580.3,7,55,225.75714285714284,1,VIP Customers
13203.0,22,6,1778.79,1613,1778.79,6,106,296.465,1,VIP Customers
13204.0,367,1,966.66,428,966.66,1,57,966.66,4,Loyal Customers
13205.0,79,1,2803.2,256,2803.2,1,1,2803.2,1,VIP Customers
13206.0,36,13,8308.19,7086,8308.19,13,393,639.0915384615384,0,Lost Customers
13207.0,87,2,285.6,48,285.6,2,4,142.8,1,VIP Customers
13208.0,85,3,758.65,540,758.65,3,92,252.88333333333333,1,VIP Customers
13209.0,150,5,2617.9,1528,2617.9,5,42,523.58,1,VIP Customers
13211.0,17,7,1523.35,1011,1523.35,7,75,217.62142857142857,1,VIP Customers
13213.0,19,6,2330.94,1602,2330.94,6,109,388.49,1,VIP Customers
13214.0,53,7,3264.23,2966,3264.23,7,207,466.3185714285714,0,Lost Customers
13215.0,38,1,81.6,96,81.6,1,1,81.6,1,VIP Customers
13217.0,291,1,132.5,250,132.5,1,1,132.5,4,Loyal Customers
13219.0,254,1,76.23,11,76.23,1,11,76.23,4,Loyal Customers
13220.0,211,1,516.8,200,516.8,1,32,516.8,4,Loyal Customers
13222.0,213,1,88.5,30,88.5,1,1,88.5,4,Loyal Customers
13223.0,59,4,805.92,480,805.92,4,4,201.48,1,VIP Customers
13225.0,57,9,9796.23,3985,9796.23,9,50,1088.47,0,Lost Customers
13226.0,29,1,204.25,99,204.25,1,12,204.25,1,VIP Customers
13230.0,1,17,3457.83,1915,3457.83,17,406,203.4017647058824,0,Lost Customers
13233.0,56,2,571.34,600,571.34,2,33,285.67,1,VIP Customers
13234.0,308,2,346.5,159,346.5,2,56,173.25,4,Loyal Customers
13237.0,23,1,643.0,128,643.0,1,24,643.0,1,VIP Customers
13238.0,66,2,305.9,144,305.9,2,11,152.95,1,VIP Customers
13239.0,73,4,1265.13,824,1265.13,4,69,316.2825,1,VIP Customers
13240.0,1,5,1036.21,542,1036.21,5,133,207.242,1,VIP Customers
13241.0,47,1,112.53,46,112.53,1,40,112.53,1,VIP Customers
13242.0,87,4,429.0,220,429.0,4,12,107.25,1,VIP Customers
13243.0,85,4,635.26,322,635.26,4,121,158.815,1,VIP Customers
13245.0,68,1,558.72,246,558.72,1,29,558.72,1,VIP Customers
13246.0,29,5,1390.23,1209,1390.23,5,166,278.046,0,Lost Customers
13249.0,37,6,897.52,700,897.52,6,2,149.58666666666667,1,VIP Customers
13250.0,96,2,253.09,107,253.09,2,17,126.545,1,VIP Customers
13251.0,38,1,252.68,215,252.68,1,25,252.68,1,VIP Customers
13252.0,30,2,399.3,134,399.3,2,19,199.65,1,VIP Customers
13253.0,66,2,1920.71,1443,1920.71,2,39,960.355,1,VIP Customers
13254.0,12,1,51.41,43,51.41,1,4,51.41,1,VIP Customers
13255.0,9,2,504.95,340,504.95,2,19,252.475,1,VIP Customers
13257.0,72,1,149.75,33,149.75,1,7,149.75,1,VIP Customers
13258.0,15,2,336.6,164,336.6,2,5,168.29999999999998,1,VIP Customers
13259.0,33,8,1119.36,377,1119.36,8,181,139.92,0,Lost Customers
13262.0,25,2,373.16,122,373.16,2,38,186.58,1,VIP Customers
13263.0,29,4,1239.27,604,1239.27,4,137,309.8175,1,VIP Customers
13264.0,78,1,722.5600000000001,375,722.5600000000001,1,38,722.5600000000001,1,VIP Customers
13266.0,49,7,2300.78,2409,2300.78,7,83,328.6828571428572,1,VIP Customers
13267.0,2,18,5236.77,2135,5236.77,18,106,290.9316666666667,0,Lost Customers
13269.0,5,14,3545.47,3050,3545.47,14,107,253.24785714285716,0,Lost Customers
13270.0,2,1,590.0,200,590.0,1,1,590.0,1,VIP Customers
13274.0,45,1,360.85,199,360.85,1,19,360.85,1,VIP Customers
13275.0,19,2,238.86,138,238.86,2,48,119.43,1,VIP Customers
13276.0,33,3,1300.98,679,1300.98,3,184,433.66,0,Lost Customers
13277.0,16,3,264.9,206,264.9,3,7,88.3,1,VIP Customers
13278.0,35,3,893.12,821,893.12,3,48,297.70666666666665,1,VIP Customers
13280.0,15,4,1494.87,971,1494.87,4,113,373.7175,1,VIP Customers
13281.0,75,1,350.85,201,350.85,1,22,350.85,1,VIP Customers
13282.0,42,1,181.05,103,181.05,1,14,181.05,1,VIP Customers
13283.0,203,2,279.7,114,279.7,2,13,139.85,4,Loyal Customers
13285.0,236,2,655.47,406,655.47,2,42,327.735,4,Loyal Customers
13286.0,236,1,734.91,274,734.91,1,46,734.91,4,Loyal Customers
13287.0,239,3,781.59,429,781.59,3,46,260.53000000000003,4,Loyal Customers
13288.0,79,5,927.61,379,927.61,5,7,185.522,1,VIP Customers
13289.0,359,1,307.95,119,307.95,1,16,307.95,4,Loyal Customers
13290.0,74,1,208.63,1,208.63,1,1,208.63,1,VIP Customers
13291.0,50,10,2909.68,1367,2909.68,10,134,290.968,0,Lost Customers
13292.0,51,3,415.57,183,415.57,3,28,138.52333333333334,1,VIP Customers
13293.0,28,6,1192.94,555,1192.94,6,51,198.82333333333332,1,VIP Customers
13294.0,282,1,815.79,543,815.79,1,48,815.79,4,Loyal Customers
13295.0,12,3,900.77,651,900.77,3,49,300.25666666666666,1,VIP Customers
13296.0,59,5,705.11,575,705.11,5,46,141.022,1,VIP Customers
13297.0,21,3,2278.77,1731,2278.77,3,58,759.59,1,VIP Customers
13299.0,59,2,1076.2,386,1076.2,2,56,538.1,1,VIP Customers
13300.0,24,2,913.62,252,913.62,2,29,456.81,1,VIP Customers
13302.0,162,1,95.45,7,95.45,1,2,95.45,4,Loyal Customers
13303.0,36,1,61.72,26,61.72,1,4,61.72,1,VIP Customers
13304.0,91,3,917.57,478,917.57,3,48,305.8566666666667,1,VIP Customers
13305.0,8,7,1751.75,1128,1751.75,7,110,250.25,1,VIP Customers
13306.0,66,1,53.65,74,53.65,1,4,53.65,1,VIP Customers
13307.0,123,2,258.34,136,258.34,2,14,129.17,1,VIP Customers
13308.0,232,1,284.86,230,284.86,1,17,284.86,4,Loyal Customers
13309.0,28,1,249.58,370,249.58,1,23,249.58,1,VIP Customers
13310.0,16,2,409.17,229,409.17,2,23,204.585,1,VIP Customers
13312.0,87,1,124.75,41,124.75,1,5,124.75,1,VIP Customers
13313.0,115,7,1890.0,1457,1890.0,7,78,270.0,1,VIP Customers
13315.0,325,1,310.26000000000005,232,310.26000000000005,1,22,310.26000000000005,4,Loyal Customers
13316.0,28,6,7207.89,14423,7207.89,6,69,1201.315,0,Lost Customers
13317.0,21,13,4212.411,2114,4212.411,13,151,324.0316153846154,0,Lost Customers
13319.0,1,34,11236.95,4546,11236.95,34,221,330.4985294117647,0,Lost Customers
13320.0,70,2,679.4,423,679.4,2,37,339.7,1,VIP Customers
13324.0,64,8,3391.52,3243,3391.52,8,23,423.94,1,VIP Customers
13326.0,68,1,281.76,140,281.76,1,13,281.76,1,VIP Customers
13327.0,1,14,6251.71,2879,6251.71,14,132,446.5507142857143,0,Lost Customers
13329.0,2,7,4323.97,3023,4323.97,7,60,617.71,1,VIP Customers
13330.0,91,3,1655.17,1200,1655.17,3,53,551.7233333333334,1,VIP Customers
13331.0,37,1,262.4,54,262.4,1,12,262.4,1,VIP Customers
13333.0,47,3,1015.74,685,1015.74,3,54,338.58,1,VIP Customers
13334.0,172,2,2699.48,1434,2699.48,2,177,1349.74,0,Lost Customers
13337.0,182,1,1575.26,980,1575.26,1,87,1575.26,4,Loyal Customers
13338.0,177,3,1958.6,895,1958.6,3,101,652.8666666666667,4,Loyal Customers
13340.0,53,5,11364.08,3866,11364.08,5,77,2272.816,0,Lost Customers
13346.0,98,6,299.4,180,299.4,6,4,49.9,1,VIP Customers
13357.0,130,4,3196.11,1791,3196.11,4,240,799.0275,0,Lost Customers
13359.0,39,1,603.75,220,603.75,1,33,603.75,1,VIP Customers
13360.0,67,4,1553.65,942,1553.65,4,58,388.4125,1,VIP Customers
13361.0,108,2,1450.5,324,1450.5,2,29,725.25,1,VIP Customers
13362.0,14,3,2303.33,1099,2303.33,3,106,767.7766666666666,1,VIP Customers
13363.0,45,1,731.36,436,731.36,1,42,731.36,1,VIP Customers
13367.0,67,1,510.2,253,510.2,1,20,510.2,1,VIP Customers
13368.0,50,2,498.1,279,498.1,2,22,249.05,1,VIP Customers
13369.0,1,1,308.28000000000003,149,308.28000000000003,1,14,308.28000000000003,1,VIP Customers
13370.0,7,1,754.87,343,754.87,1,39,754.87,1,VIP Customers
13371.0,141,2,2297.66,1019,2297.66,2,75,1148.83,1,VIP Customers
13373.0,51,3,4274.94,2612,4274.94,3,184,1424.9799999999998,0,Lost Customers
13374.0,50,2,422.8,135,422.8,2,17,211.4,1,VIP Customers
13375.0,80,1,1013.58,682,1013.58,1,34,1013.58,1,VIP Customers
13377.0,32,2,1552.88,748,1552.88,2,71,776.44,1,VIP Customers
13380.0,68,1,62.4,48,62.4,1,3,62.4,1,VIP Customers
13381.0,15,6,4585.06,3096,4585.06,6,112,764.1766666666667,0,Lost Customers
13382.0,64,4,1164.59,732,1164.59,4,61,291.14750000000004,1,VIP Customers
13383.0,179,1,305.28000000000003,288,305.28000000000003,1,1,305.28000000000003,4,Loyal Customers
13384.0,26,4,2528.9,1720,2528.9,4,81,632.225,1,VIP Customers
13386.0,50,2,835.46,514,835.46,2,24,417.73,1,VIP Customers
13387.0,53,1,186.94,123,186.94,1,71,186.94,1,VIP Customers
13388.0,239,1,508.55,419,508.55,1,34,508.55,4,Loyal Customers
13392.0,313,1,91.14,82,91.14,1,8,91.14,4,Loyal Customers
13393.0,219,4,1131.45,662,1131.45,4,53,282.8625,4,Loyal Customers
13394.0,15,11,4101.68,2962,4101.68,11,167,372.88000000000005,0,Lost Customers
13395.0,36,2,872.51,1324,872.51,2,56,436.255,1,VIP Customers
13397.0,73,5,1647.74,906,1647.74,5,47,329.548,1,VIP Customers
13398.0,84,1,213.0,60,213.0,1,13,213.0,1,VIP Customers
13399.0,100,3,275.4,120,275.4,3,10,91.8,1,VIP Customers
13400.0,218,1,310.83,284,310.83,1,23,310.83,4,Loyal Customers
13402.0,8,3,913.9,628,913.9,3,43,304.6333333333333,1,VIP Customers
13403.0,23,2,154.5,70,154.5,2,6,77.25,1,VIP Customers
13405.0,117,3,641.36,690,641.36,3,14,213.78666666666663,1,VIP Customers
13406.0,63,2,568.92,292,568.92,2,7,284.46,1,VIP Customers
13407.0,214,3,2244.7,1690,2244.7,3,85,748.2333333333332,4,Loyal Customers
13408.0,7,46,23616.422,13267,23616.422,46,172,513.4004782608696,3,Regular Customers
13410.0,29,4,1198.9,726,1198.9,4,18,299.725,1,VIP Customers
13412.0,256,1,487.35,176,487.35,1,33,487.35,4,Loyal Customers
13413.0,275,6,429.44,455,429.44,6,38,71.57333333333334,4,Loyal Customers
13414.0,99,3,1103.64,1128,1103.64,3,27,367.88000000000005,1,VIP Customers
13415.0,108,4,784.17,496,784.17,4,85,196.0425,1,VIP Customers
13416.0,372,1,228.3,66,228.3,1,7,228.3,4,Loyal Customers
13417.0,183,4,1028.66,370,1028.66,4,35,257.165,4,Loyal Customers
13418.0,8,15,6055.47,3670,6055.47,15,167,403.698,0,Lost Customers
13421.0,42,6,2225.04,1223,2225.04,6,124,370.84,1,VIP Customers
13423.0,64,1,217.03,141,217.03,1,12,217.03,1,VIP Customers
13424.0,85,1,572.77,529,572.77,1,40,572.77,1,VIP Customers
13425.0,144,2,1766.22,1235,1766.22,2,86,883.11,1,VIP Customers
13426.0,18,12,4526.06,2623,4526.06,12,106,377.1716666666667,0,Lost Customers
13427.0,113,3,423.93,335,423.93,3,18,141.31,1,VIP Customers
13428.0,150,2,276.76,205,276.76,2,66,138.38,4,Loyal Customers
13431.0,42,6,2047.14,898,2047.14,6,74,341.19,1,VIP Customers
13432.0,207,2,439.1,217,439.1,2,98,219.55,4,Loyal Customers
13433.0,137,4,658.32,190,658.32,4,22,164.58,1,VIP Customers
13434.0,21,3,1132.62,564,1132.62,3,14,377.54,1,VIP Customers
13435.0,12,2,637.44,625,637.44,2,40,318.72,1,VIP Customers
13438.0,183,1,46.5,10,46.5,1,1,46.5,4,Loyal Customers
13439.0,24,2,702.9,710,702.9,2,101,351.45,1,VIP Customers
13440.0,59,7,1295.25,573,1295.25,7,49,185.03571428571428,1,VIP Customers
13441.0,67,1,424.26,316,424.26,1,25,424.26,1,VIP Customers
13442.0,303,3,419.87,115,419.87,3,33,139.95666666666668,4,Loyal Customers
13443.0,84,6,1273.16,805,1273.16,6,176,212.19333333333336,0,Lost Customers
13444.0,10,2,619.08,331,619.08,2,51,309.54,1,VIP Customers
13445.0,262,1,241.9,198,241.9,1,7,241.9,4,Loyal Customers
13446.0,66,11,3881.89,2403,3881.89,11,113,352.8990909090909,0,Lost Customers
13448.0,9,9,5655.2,2709,5655.2,9,249,628.3555555555555,0,Lost Customers
13450.0,10,7,2076.32,2336,2076.32,7,39,296.6171428571429,1,VIP Customers
13451.0,17,6,4191.8,3101,4191.8,6,363,698.6333333333333,0,Lost Customers
13452.0,108,1,139.8,4,139.8,1,1,139.8,1,VIP Customers
13453.0,38,1,424.71,207,424.71,1,23,424.71,1,VIP Customers
13454.0,277,1,219.87,198,219.87,1,23,219.87,4,Loyal Customers
13455.0,2,5,1847.59,631,1847.59,5,70,369.518,1,VIP Customers
13457.0,324,2,148.22,96,148.22,2,9,74.11,4,Loyal Customers
13458.0,15,2,2312.7000000000003,1252,2312.7000000000003,2,94,1156.35,1,VIP Customers
13459.0,260,2,1160.41,986,1160.41,2,57,580.205,4,Loyal Customers
13461.0,43,3,2715.0,1962,2715.0,3,25,905.0,1,VIP Customers
13462.0,46,4,1002.35,635,1002.35,4,55,250.5875,1,VIP Customers
13464.0,30,5,2422.96,1037,2422.96,5,95,484.592,1,VIP Customers
13465.0,82,2,931.12,584,931.12,2,34,465.56,1,VIP Customers
13466.0,44,4,705.45,401,705.45,4,34,176.3625,1,VIP Customers
13468.0,4,38,7670.54,3223,7670.54,38,208,201.85631578947368,0,Lost Customers
13469.0,289,1,82.4,52,82.4,1,6,82.4,4,Loyal Customers
13472.0,99,2,592.24,310,592.24,2,24,296.12,1,VIP Customers
13473.0,210,6,2235.12,734,2235.12,6,44,372.52,4,Loyal Customers
13474.0,79,2,419.75,189,419.75,2,62,209.875,1,VIP Customers
13476.0,42,3,823.0,296,823.0,3,38,274.3333333333333,1,VIP Customers
13477.0,91,5,1364.59,1070,1364.59,5,65,272.918,1,VIP Customers
13478.0,105,5,2215.78,1189,2215.78,5,114,443.15600000000006,1,VIP Customers
13479.0,88,2,550.42,582,550.42,2,34,275.21,1,VIP Customers
13480.0,52,2,627.82,362,627.82,2,40,313.91,1,VIP Customers
13481.0,10,6,2026.28,913,2026.28,6,87,337.7133333333333,1,VIP Customers
13482.0,263,1,151.45,71,151.45,1,9,151.45,4,Loyal Customers
13484.0,19,2,476.92,180,476.92,2,31,238.46,1,VIP Customers
13485.0,12,10,2564.98,1521,2564.98,10,118,256.498,0,Lost Customers
13487.0,141,2,271.47,97,271.47,2,11,135.735,1,VIP Customers
13488.0,3,11,6619.57,3373,6619.57,11,186,601.7790909090909,0,Lost Customers
13490.0,290,1,154.25,25,154.25,1,8,154.25,4,Loyal Customers
13491.0,8,18,3350.74,1482,3350.74,18,102,186.15222222222224,0,Lost Customers
13495.0,4,6,3329.39,1845,3329.39,6,49,554.8983333333333,1,VIP Customers
13497.0,4,5,972.28,416,972.28,5,45,194.456,1,VIP Customers
13498.0,366,1,327.38,362,327.38,1,17,327.38,4,Loyal Customers
13500.0,37,1,299.53,229,299.53,1,20,299.53,1,VIP Customers
13501.0,122,2,1544.79,693,1544.79,2,52,772.395,1,VIP Customers
13502.0,51,2,488.5,226,488.5,2,14,244.25,1,VIP Customers
13503.0,115,5,1642.39,857,1642.39,5,148,328.478,1,VIP Customers
13506.0,5,4,1180.68,850,1180.68,4,48,295.17,1,VIP Customers
13508.0,278,1,176.07999999999998,156,176.07999999999998,1,16,176.07999999999998,4,Loyal Customers
13509.0,143,1,135.0,108,135.0,1,5,135.0,4,Loyal Customers
13510.0,11,7,2766.73,1658,2766.73,7,126,395.2471428571429,0,Lost Customers
13511.0,312,1,282.76,60,282.76,1,5,282.76,4,Loyal Customers
13512.0,23,3,462.18,276,462.18,3,20,154.06,1,VIP Customers
13513.0,77,2,619.49,255,619.49,2,24,309.745,1,VIP Customers
13514.0,64,3,663.7,248,663.7,3,13,221.23333333333332,1,VIP Customers
13515.0,85,2,374.7,138,374.7,2,17,187.35,1,VIP Customers
13516.0,53,1,295.85,129,295.85,1,17,295.85,1,VIP Customers
13519.0,78,1,220.46,110,220.46,1,11,220.46,1,VIP Customers
13520.0,7,6,3285.05,1640,3285.05,6,62,547.5083333333333,1,VIP Customers
13523.0,2,2,1136.64,602,1136.64,2,57,568.32,1,VIP Customers
13526.0,374,2,1182.0,1911,1182.0,2,29,591.0,4,Loyal Customers
13527.0,54,5,2298.93,1053,2298.93,5,152,459.786,0,Lost Customers
13530.0,270,1,402.98,272,402.98,1,18,402.98,4,Loyal Customers
13531.0,2,5,1254.72,426,1254.72,5,42,250.944,1,VIP Customers
13534.0,15,10,1850.82,908,1850.82,10,59,185.082,1,VIP Customers
13535.0,38,1,89.5,10,89.5,1,1,89.5,1,VIP Customers
13537.0,61,2,717.85,337,717.85,2,38,358.925,1,VIP Customers
13538.0,32,5,1822.28,784,1822.28,5,102,364.456,1,VIP Customers
13539.0,56,4,938.02,390,938.02,4,45,234.505,1,VIP Customers
13540.0,103,3,632.39,189,632.39,3,26,210.79666666666665,1,VIP Customers
13541.0,63,2,785.25,279,785.25,2,10,392.625,1,VIP Customers
13542.0,12,17,3959.49,804,3959.49,17,98,232.91117647058823,0,Lost Customers
13543.0,270,2,1439.61,329,1439.61,2,37,719.805,4,Loyal Customers
13544.0,47,4,514.14,219,514.14,4,152,128.535,1,VIP Customers
13545.0,26,2,364.93,252,364.93,2,54,182.465,1,VIP Customers
13546.0,18,2,465.15,230,465.15,2,47,232.575,1,VIP Customers
13547.0,44,1,167.08,79,167.08,1,44,167.08,1,VIP Customers
13548.0,107,1,223.28,122,223.28,1,61,223.28,1,VIP Customers
13549.0,23,1,87.6,96,87.6,1,8,87.6,1,VIP Customers
13550.0,19,1,342.55,430,342.55,1,40,342.55,1,VIP Customers
13551.0,302,1,152.39999999999998,24,152.39999999999998,1,1,152.39999999999998,4,Loyal Customers
13552.0,64,10,3208.85,1213,3208.85,10,87,320.885,0,Lost Customers
13553.0,310,1,499.6,201,499.6,1,85,499.6,4,Loyal Customers
13554.0,16,7,1629.35,578,1629.35,7,156,232.7642857142857,0,Lost Customers
13555.0,14,9,4792.96,2126,4792.96,9,175,532.5511111111111,0,Lost Customers
13556.0,65,2,200.82,134,200.82,2,8,100.41,1,VIP Customers
13557.0,51,11,2448.2,1852,2448.2,11,107,222.56363636363636,0,Lost Customers
13559.0,148,2,990.0,360,990.0,2,1,495.0,4,Loyal Customers
13561.0,33,10,1661.54,1042,1661.54,10,120,166.154,0,Lost Customers
13562.0,37,5,3038.85,846,3038.85,5,65,607.77,1,VIP Customers
13564.0,4,35,15310.35,8497,15310.35,35,479,437.4385714285714,0,Lost Customers
13565.0,47,1,174.57999999999998,88,174.57999999999998,1,22,174.57999999999998,1,VIP Customers
13566.0,70,3,831.76,690,831.76,3,159,277.25333333333333,1,VIP Customers
13567.0,64,4,1079.29,643,1079.29,4,180,269.8225,1,VIP Customers
13569.0,3,3,497.74,232,497.74,3,103,165.91333333333333,1,VIP Customers
13571.0,18,14,2448.32,1434,2448.32,14,158,174.88000000000002,0,Lost Customers
13573.0,15,4,614.27,345,614.27,4,52,153.5675,1,VIP Customers
13574.0,47,1,404.45,304,404.45,1,84,404.45,1,VIP Customers
13576.0,9,11,4834.4,1968,4834.4,11,98,439.490909090909,0,Lost Customers
13577.0,18,7,1801.68,870,1801.68,7,58,257.3828571428572,1,VIP Customers
13578.0,45,1,147.66,127,147.66,1,9,147.66,1,VIP Customers
13579.0,5,4,1072.0,588,1072.0,4,62,268.0,1,VIP Customers
13580.0,42,1,107.75,45,107.75,1,5,107.75,1,VIP Customers
13581.0,50,1,162.53,89,162.53,1,23,162.53,1,VIP Customers
13582.0,25,2,241.68,106,241.68,2,10,120.84,1,VIP Customers
13583.0,315,1,664.001,372,664.001,1,43,664.001,4,Loyal Customers
13584.0,134,2,243.3,323,243.3,2,55,121.65,1,VIP Customers
13585.0,166,3,684.54,1386,684.54,3,29,228.18,4,Loyal Customers
13586.0,177,1,127.28,38,127.28,1,20,127.28,4,Loyal Customers
13587.0,85,3,961.1,484,961.1,3,20,320.3666666666667,1,VIP Customers
13589.0,85,4,741.09,179,741.09,4,29,185.2725,1,VIP Customers
13590.0,11,12,4354.12,3423,4354.12,12,225,362.8433333333333,0,Lost Customers
13591.0,71,4,976.81,365,976.81,4,42,244.2025,1,VIP Customers
13593.0,23,9,3481.4100000000003,1451,3481.4100000000003,9,174,386.8233333333334,0,Lost Customers
13594.0,121,1,136.35000000000002,37,136.35000000000002,1,7,136.35000000000002,1,VIP Customers
13595.0,152,3,784.48,341,784.48,3,114,261.49333333333334,1,VIP Customers
13597.0,36,2,396.71,231,396.71,2,17,198.355,1,VIP Customers
13598.0,131,4,601.92,341,601.92,4,46,150.48,1,VIP Customers
13599.0,2,14,5013.96,3200,5013.96,14,108,358.14,0,Lost Customers
13600.0,270,1,298.9,275,298.9,1,22,298.9,4,Loyal Customers
13601.0,28,2,466.67,409,466.67,2,77,233.335,1,VIP Customers
13602.0,17,3,596.28,271,596.28,3,29,198.76,1,VIP Customers
13604.0,294,1,717.62,242,717.62,1,21,717.62,4,Loyal Customers
13605.0,23,2,522.67,425,522.67,2,50,261.335,1,VIP Customers
13607.0,38,1,400.3,178,400.3,1,24,400.3,1,VIP Customers
13608.0,176,1,232.05,110,232.05,1,31,232.05,4,Loyal Customers
13609.0,229,1,167.35,19,167.35,1,7,167.35,4,Loyal Customers
13610.0,23,7,1021.38,381,1021.38,7,157,145.91142857142856,0,Lost Customers
13611.0,10,7,2143.53,1234,2143.53,7,122,306.21857142857147,1,VIP Customers
13612.0,268,1,818.29,444,818.29,1,50,818.29,4,Loyal Customers
13613.0,88,5,1039.85,445,1039.85,5,50,207.97000000000003,1,VIP Customers
13614.0,29,2,747.28,257,747.28,2,67,373.64,1,VIP Customers
13615.0,35,7,5854.84,2721,5854.84,7,244,836.4057142857143,0,Lost Customers
13616.0,204,2,283.85,172,283.85,2,31,141.925,4,Loyal Customers
13617.0,44,5,734.57,293,734.57,5,31,146.91400000000002,1,VIP Customers
13619.0,180,2,224.94,79,224.94,2,39,112.47,4,Loyal Customers
13620.0,164,1,112.34,74,112.34,1,5,112.34,4,Loyal Customers
13622.0,332,1,658.95,379,658.95,1,32,658.95,4,Loyal Customers
13623.0,16,5,1805.32,724,1805.32,5,152,361.064,1,VIP Customers
13624.0,24,1,462.08,820,462.08,1,22,462.08,1,VIP Customers
13625.0,232,1,301.26,144,301.26,1,21,301.26,4,Loyal Customers
13626.0,15,1,449.81,189,449.81,1,25,449.81,1,VIP Customers
13627.0,124,2,607.43,363,607.43,2,37,303.715,1,VIP Customers
13628.0,312,1,310.14,106,310.14,1,16,310.14,4,Loyal Customers
13629.0,49,8,5578.5,3350,5578.5,8,7,697.3125,1,VIP Customers
13632.0,30,3,1526.88,602,1526.88,3,63,508.96,1,VIP Customers
13634.0,10,11,3486.41,1390,3486.41,11,153,316.9463636363636,0,Lost Customers
13635.0,78,3,1928.13,1207,1928.13,3,89,642.71,1,VIP Customers
13639.0,72,1,312.93,197,312.93,1,19,312.93,1,VIP Customers
13640.0,247,1,405.0,108,405.0,1,4,405.0,4,Loyal Customers
13641.0,276,5,1016.47,1098,1016.47,5,41,203.294,4,Loyal Customers
13642.0,68,3,159.92,80,159.92,3,41,53.306666666666665,1,VIP Customers
13643.0,18,7,1637.33,629,1637.33,7,57,233.9042857142857,1,VIP Customers
13646.0,35,2,326.25,79,326.25,2,58,163.125,1,VIP Customers
13647.0,130,4,1393.56,908,1393.56,4,50,348.39,1,VIP Customers
13648.0,36,8,1764.02,960,1764.02,8,95,220.5025,1,VIP Customers
13649.0,2,5,1304.88,710,1304.88,5,90,260.976,1,VIP Customers
13650.0,10,4,1451.66,824,1451.66,4,62,362.915,1,VIP Customers
13651.0,17,1,132.65,29,132.65,1,8,132.65,1,VIP Customers
13652.0,4,3,1475.77,992,1475.77,3,91,491.92333333333335,1,VIP Customers
13653.0,123,1,152.2,72,152.2,1,9,152.2,1,VIP Customers
13654.0,16,5,3600.67,2580,3600.67,5,133,720.134,0,Lost Customers
13655.0,10,4,1347.54,620,1347.54,4,55,336.885,1,VIP Customers
13656.0,135,2,699.2,372,699.2,2,38,349.6,1,VIP Customers
13658.0,19,4,3386.33,1152,3386.33,4,92,846.5825,1,VIP Customers
13659.0,52,10,3321.68,1645,3321.68,10,137,332.168,0,Lost Customers
13660.0,36,1,306.64,136,306.64,1,39,306.64,1,VIP Customers
13661.0,239,1,325.24,118,325.24,1,17,325.24,4,Loyal Customers
13662.0,21,8,1352.35,636,1352.35,8,77,169.04375,1,VIP Customers
13663.0,16,4,1858.04,802,1858.04,4,75,464.51,1,VIP Customers
13665.0,22,3,1711.66,1652,1711.66,3,97,570.5533333333334,1,VIP Customers
13666.0,56,2,43.25,13,43.25,2,7,21.625,1,VIP Customers
13668.0,19,14,6638.650000000001,2374,6638.650000000001,14,192,474.18928571428575,0,Lost Customers
13669.0,43,1,195.0,156,195.0,1,5,195.0,1,VIP Customers
13671.0,30,1,172.6,95,172.6,1,61,172.6,1,VIP Customers
13672.0,366,1,233.53,81,233.53,1,12,233.53,4,Loyal Customers
13674.0,68,1,240.68,102,240.68,1,14,240.68,1,VIP Customers
13676.0,175,2,243.9,104,243.9,2,13,121.95,4,Loyal Customers
13677.0,40,2,551.24,217,551.24,2,98,275.62,1,VIP Customers
13679.0,129,3,281.26,102,281.26,3,44,93.75333333333332,1,VIP Customers
13680.0,107,8,7700.55,3310,7700.55,8,244,962.56875,0,Lost Customers
13683.0,93,1,258.6,180,258.6,1,10,258.6,1,VIP Customers
13684.0,26,3,529.75,196,529.75,3,58,176.58333333333334,1,VIP Customers
13686.0,16,2,337.04,308,337.04,2,23,168.52,1,VIP Customers
13687.0,74,1,11880.84,87167,11880.84,1,45,11880.84,3,Regular Customers
13688.0,271,1,375.5,130,375.5,1,5,375.5,4,Loyal Customers
13689.0,80,1,349.5,210,349.5,1,3,349.5,1,VIP Customers
13691.0,32,1,212.78,145,212.78,1,54,212.78,1,VIP Customers
13692.0,44,2,1626.08,875,1626.08,2,43,813.04,1,VIP Customers
13693.0,10,9,2011.82,880,2011.82,9,78,223.5355555555556,1,VIP Customers
13694.0,9,94,131443.19,125893,131443.19,94,654,1398.3318085106382,2,High Value Customers
13695.0,213,1,266.6,188,266.6,1,6,266.6,4,Loyal Customers
13696.0,57,3,2020.4,552,2020.4,3,24,673.4666666666667,1,VIP Customers
13698.0,232,2,451.73,227,451.73,2,31,225.865,4,Loyal Customers
13699.0,186,1,455.57,153,455.57,1,23,455.57,4,Loyal Customers
13700.0,53,3,348.34,505,348.34,3,41,116.11333333333332,1,VIP Customers
13701.0,82,1,161.0,80,161.0,1,9,161.0,1,VIP Customers
13702.0,81,1,135.18,74,135.18,1,5,135.18,1,VIP Customers
13703.0,51,1,326.06,118,326.06,1,35,326.06,1,VIP Customers
13705.0,9,5,1323.47,646,1323.47,5,43,264.694,1,VIP Customers
13706.0,262,1,300.38,112,300.38,1,18,300.38,4,Loyal Customers
13707.0,65,3,2559.45,1859,2559.45,3,102,853.15,1,VIP Customers
13709.0,82,5,1263.7,614,1263.7,5,64,252.74,1,VIP Customers
13710.0,59,2,329.04,160,329.04,2,7,164.52,1,VIP Customers
13711.0,42,7,1540.2,679,1540.2,7,71,220.02857142857144,1,VIP Customers
13712.0,246,1,537.58,776,537.58,1,23,537.58,4,Loyal Customers
13713.0,44,3,740.76,284,740.76,3,70,246.92,1,VIP Customers
13714.0,101,1,161.35,50,161.35,1,30,161.35,1,VIP Customers
13715.0,8,13,7348.3,4345,7348.3,13,233,565.2538461538462,0,Lost Customers
13717.0,93,2,318.29,185,318.29,2,21,159.145,1,VIP Customers
13719.0,29,6,1741.4,979,1741.4,6,149,290.2333333333333,0,Lost Customers
13721.0,31,1,217.4,196,217.4,1,14,217.4,1,VIP Customers
13722.0,56,7,3260.0,1658,3260.0,7,84,465.7142857142857,1,VIP Customers
13723.0,28,5,994.23,550,994.23,5,46,198.846,1,VIP Customers
13724.0,273,1,213.01,130,213.01,1,39,213.01,4,Loyal Customers
13727.0,247,6,740.6700000000001,206,740.6700000000001,6,55,123.445,4,Loyal Customers
13728.0,23,10,1839.03,811,1839.03,10,56,183.903,1,VIP Customers
13729.0,71,3,724.73,419,724.73,3,36,241.57666666666668,1,VIP Customers
13733.0,46,2,487.03,335,487.03,2,28,243.515,1,VIP Customers
13734.0,144,4,6695.6900000000005,302,6695.6900000000005,4,24,1673.9225,1,VIP Customers
13735.0,12,9,6879.2300000000005,3007,6879.2300000000005,9,272,764.3588888888889,0,Lost Customers
13736.0,61,5,2022.67,1053,2022.67,5,225,404.534,0,Lost Customers
13738.0,32,1,434.78,237,434.78,1,88,434.78,1,VIP Customers
13739.0,163,1,75.3,22,75.3,1,3,75.3,4,Loyal Customers
13740.0,51,4,1232.02,562,1232.02,4,62,308.005,1,VIP Customers
13745.0,182,1,477.32,650,477.32,1,31,477.32,4,Loyal Customers
13746.0,49,1,176.69,83,176.69,1,9,176.69,1,VIP Customers
13747.0,9,2,169.8,60,169.8,2,4,84.9,1,VIP Customers
13748.0,9,5,1320.1,669,1320.1,5,22,264.02,1,VIP Customers
13750.0,16,6,1954.92,854,1954.92,6,34,325.82,1,VIP Customers
13752.0,163,1,404.4500000000001,131,404.4500000000001,1,19,404.4500000000001,4,Loyal Customers
13753.0,234,3,1353.31,938,1353.31,3,37,451.1033333333333,4,Loyal Customers
13754.0,73,1,164.45,101,164.45,1,9,164.45,1,VIP Customers
13756.0,3,10,3999.230000000001,2238,3999.230000000001,10,103,399.92300000000006,0,Lost Customers
13757.0,310,1,195.55,54,195.55,1,8,195.55,4,Loyal Customers
13758.0,2,10,6226.43,3224,6226.43,10,147,622.643,0,Lost Customers
13760.0,40,3,1076.85,426,1076.85,3,53,358.95,1,VIP Customers
13761.0,138,4,881.52,437,881.52,4,50,220.38,1,VIP Customers
13762.0,229,4,2165.76,2336,2165.76,4,21,541.44,4,Loyal Customers
13763.0,53,2,3502.48,2496,3502.48,2,35,1751.24,1,VIP Customers
13764.0,205,3,1400.2,1158,1400.2,3,141,466.73333333333335,4,Loyal Customers
13765.0,289,1,352.821,297,352.821,1,17,352.821,4,Loyal Customers
13766.0,131,1,190.35,137,190.35,1,16,190.35,1,VIP Customers
13767.0,5,39,18320.17,7913,18320.17,39,101,469.7479487179488,0,Lost Customers
13768.0,362,2,875.97,373,875.97,2,30,437.985,4,Loyal Customers
13769.0,3,11,3003.9100000000003,1411,3003.9100000000003,11,81,273.0827272727273,0,Lost Customers
13770.0,58,4,785.37,468,785.37,4,48,196.3425,1,VIP Customers
13771.0,169,5,3094.37,1663,3094.37,5,85,618.874,4,Loyal Customers
13772.0,36,5,1977.39,906,1977.39,5,290,395.478,0,Lost Customers
13773.0,32,2,301.54,174,301.54,2,19,150.77,1,VIP Customers
13775.0,226,1,1049.66,455,1049.66,1,63,1049.66,4,Loyal Customers
13776.0,64,2,623.98,2,623.98,2,1,311.99,1,VIP Customers
13777.0,2,37,30501.26,13845,30501.26,37,36,824.3583783783785,3,Regular Customers
13778.0,127,3,945.79,441,945.79,3,27,315.2633333333333,1,VIP Customers
13779.0,151,1,161.13,53,161.13,1,27,161.13,4,Loyal Customers
13780.0,43,1,372.06,161,372.06,1,35,372.06,1,VIP Customers
13781.0,228,2,650.99,270,650.99,2,39,325.495,4,Loyal Customers
13782.0,89,7,877.22,274,877.22,7,106,125.31714285714284,1,VIP Customers
13783.0,123,4,1542.09,3437,1542.09,4,4,385.5225,1,VIP Customers
13784.0,70,3,447.44,334,447.44,3,9,149.14666666666668,1,VIP Customers
13785.0,64,4,542.49,151,542.49,4,26,135.6225,1,VIP Customers
13786.0,3,6,3127.99,1515,3127.99,6,80,521.3316666666667,1,VIP Customers
13787.0,94,4,913.46,661,913.46,4,50,228.365,1,VIP Customers
13788.0,141,1,3.75,1,3.75,1,1,3.75,4,Loyal Customers
13789.0,24,1,239.46,258,239.46,1,18,239.46,1,VIP Customers
13792.0,58,1,188.4,64,188.4,1,10,188.4,1,VIP Customers
13793.0,282,1,96.0,52,96.0,1,7,96.0,4,Loyal Customers
13794.0,182,1,126.03,63,126.03,1,9,126.03,4,Loyal Customers
13795.0,24,4,836.3,1250,836.3,4,23,209.075,1,VIP Customers
13796.0,135,1,289.7,218,289.7,1,22,289.7,1,VIP Customers
13797.0,72,3,1179.45,573,1179.45,3,71,393.15,1,VIP Customers
13798.0,8,54,38683.02,24399,38683.02,54,121,716.3522222222222,3,Regular Customers
13799.0,80,7,2114.71,1137,2114.71,7,44,302.1014285714286,1,VIP Customers
13800.0,66,2,1121.24,560,1121.24,2,40,560.62,1,VIP Customers
13802.0,10,16,21659.69,11557,21659.69,16,197,1353.730625,0,Lost Customers
13803.0,67,2,1061.84,710,1061.84,2,58,530.92,1,VIP Customers
13804.0,71,2,572.73,335,572.73,2,32,286.365,1,VIP Customers
13807.0,3,3,422.2,116,422.2,3,24,140.73333333333332,1,VIP Customers
13809.0,30,2,524.65,252,524.65,2,13,262.325,1,VIP Customers
13813.0,163,4,1398.61,740,1398.61,4,50,349.65250000000003,4,Loyal Customers
13814.0,163,1,678.2,350,678.2,1,22,678.2,4,Loyal Customers
13815.0,42,4,3448.38,2821,3448.38,4,124,862.095,1,VIP Customers
13818.0,65,1,61.28,60,61.28,1,5,61.28,1,VIP Customers
13819.0,305,3,1502.0,1200,1502.0,3,34,500.6666666666667,4,Loyal Customers
13820.0,54,3,652.75,285,652.75,3,68,217.58333333333331,1,VIP Customers
13821.0,29,4,993.44,324,993.44,4,132,248.36,1,VIP Customers
13823.0,16,5,2445.79,1125,2445.79,5,91,489.158,1,VIP Customers
13824.0,15,7,1615.82,674,1615.82,7,34,230.83142857142855,1,VIP Customers
13825.0,257,2,255.59,182,255.59,2,38,127.795,4,Loyal Customers
13829.0,57,1,102.0,12,102.0,1,1,102.0,1,VIP Customers
13830.0,217,1,156.85000000000002,47,156.85000000000002,1,11,156.85000000000002,4,Loyal Customers
13831.0,5,13,4795.09,1810,4795.09,13,78,368.8530769230769,0,Lost Customers
13832.0,58,1,557.69,392,557.69,1,51,557.69,1,VIP Customers
13833.0,40,1,316.56,126,316.56,1,16,316.56,1,VIP Customers
13834.0,212,2,324.19,221,324.19,2,15,162.095,4,Loyal Customers
13835.0,155,3,260.7,78,260.7,3,15,86.89999999999999,4,Loyal Customers
13836.0,35,2,620.37,273,620.37,2,29,310.185,1,VIP Customers
13838.0,5,7,1245.91,520,1245.91,7,242,177.98714285714286,0,Lost Customers
13839.0,122,1,139.95000000000002,25,139.95000000000002,1,7,139.95000000000002,1,VIP Customers
13840.0,52,1,651.4,358,651.4,1,40,651.4,1,VIP Customers
13842.0,2,10,2244.29,1111,2244.29,10,113,224.429,0,Lost Customers
13843.0,17,1,319.75,145,319.75,1,18,319.75,1,VIP Customers
13846.0,35,1,442.73,317,442.73,1,26,442.73,1,VIP Customers
13847.0,355,1,310.72,96,310.72,1,19,310.72,4,Loyal Customers
13848.0,2,6,2080.0,6500,2080.0,6,1,346.6666666666667,1,VIP Customers
13849.0,33,3,1931.35,867,1931.35,3,108,643.7833333333333,1,VIP Customers
13851.0,15,5,1955.0,820,1955.0,5,45,391.0,1,VIP Customers
13852.0,246,1,187.35,85,187.35,1,11,187.35,4,Loyal Customers
13854.0,1,15,4144.44,1414,4144.44,15,35,276.296,0,Lost Customers
13855.0,136,4,1310.34,575,1310.34,4,64,327.58500000000004,1,VIP Customers
13856.0,99,8,753.53,611,753.53,8,27,94.19125,1,VIP Customers
13857.0,29,6,1001.01,782,1001.01,6,99,166.835,1,VIP Customers
13859.0,165,1,314.7,38,314.7,1,8,314.7,4,Loyal Customers
13861.0,65,2,273.26,225,273.26,2,21,136.63,1,VIP Customers
13862.0,25,1,346.73,239,346.73,1,21,346.73,1,VIP Customers
13863.0,101,3,933.77,329,933.77,3,43,311.25666666666666,1,VIP Customers
13864.0,22,1,662.4000000000001,192,662.4000000000001,1,1,662.4000000000001,1,VIP Customers
13869.0,17,6,4913.22,2593,4913.22,6,359,818.87,0,Lost Customers
13870.0,23,7,2941.14,2124,2941.14,7,86,420.1628571428572,1,VIP Customers
13871.0,64,4,1482.6,696,1482.6,4,48,370.65,1,VIP Customers
13872.0,163,3,919.57,339,919.57,3,51,306.52333333333337,4,Loyal Customers
13873.0,19,5,649.32,332,649.32,5,36,129.864,1,VIP Customers
13874.0,140,6,1508.7,684,1508.7,6,33,251.45,1,VIP Customers
13875.0,23,9,3027.58,1756,3027.58,9,114,336.3977777777778,0,Lost Customers
13877.0,106,2,332.44,370,332.44,2,20,166.22,1,VIP Customers
13878.0,183,3,1145.33,464,1145.33,3,59,381.7766666666666,4,Loyal Customers
13879.0,281,1,395.5,204,395.5,1,25,395.5,4,Loyal Customers
13880.0,3,5,1171.89,747,1171.89,5,50,234.378,1,VIP Customers
13881.0,11,23,28019.58,19642,28019.58,23,148,1218.2426086956525,0,Lost Customers
13883.0,39,10,3885.54,2148,3885.54,10,136,388.554,0,Lost Customers
13884.0,12,5,1037.43,452,1037.43,5,87,207.486,1,VIP Customers
13888.0,40,5,1405.92,541,1405.92,5,96,281.184,1,VIP Customers
13889.0,18,5,1574.3300000000002,833,1574.3300000000002,5,50,314.86600000000004,1,VIP Customers
13890.0,10,4,1043.57,561,1043.57,4,48,260.8925,1,VIP Customers
13891.0,14,3,859.21,476,859.21,3,97,286.40333333333336,1,VIP Customers
13892.0,113,2,634.68,2142,634.68,2,8,317.34,1,VIP Customers
13895.0,151,2,1415.45,695,1415.45,2,67,707.725,1,VIP Customers
13896.0,261,1,388.55,149,388.55,1,21,388.55,4,Loyal Customers
13897.0,74,2,849.5600000000001,620,849.5600000000001,2,42,424.78,1,VIP Customers
13898.0,47,1,530.47,411,530.47,1,34,530.47,1,VIP Customers
13900.0,25,3,869.64,508,869.64,3,46,289.88,1,VIP Customers
13901.0,10,10,2809.14,1605,2809.14,10,148,280.914,0,Lost Customers
13902.0,268,5,34095.26,220600,34095.26,5,58,6819.052000000001,3,Regular Customers
13903.0,36,1,165.45000000000002,103,165.45000000000002,1,10,165.45000000000002,1,VIP Customers
13905.0,368,1,312.65,135,312.65,1,12,312.65,4,Loyal Customers
13906.0,45,1,42.0,100,42.0,1,1,42.0,1,VIP Customers
13907.0,327,1,136.8,68,136.8,1,4,136.8,4,Loyal Customers
13909.0,59,2,282.85,301,282.85,2,35,141.425,1,VIP Customers
13911.0,15,11,1654.08,1756,1654.08,11,67,150.3709090909091,1,VIP Customers
13912.0,59,1,124.95,29,124.95,1,7,124.95,1,VIP Customers
13913.0,142,1,42.22,10,42.22,1,3,42.22,4,Loyal Customers
13915.0,30,1,70.80000000000001,24,70.80000000000001,1,2,70.80000000000001,1,VIP Customers
13916.0,99,4,1275.81,673,1275.81,4,72,318.9525,1,VIP Customers
13919.0,60,2,975.87,659,975.87,2,45,487.935,1,VIP Customers
13920.0,67,4,1774.68,1772,1774.68,4,81,443.67,1,VIP Customers
13921.0,38,4,730.7,210,730.7,4,36,182.675,1,VIP Customers
13922.0,73,2,692.95,374,692.95,2,23,346.475,1,VIP Customers
13927.0,73,1,359.27,249,359.27,1,20,359.27,1,VIP Customers
13929.0,52,9,2651.45,1423,2651.45,9,37,294.60555555555555,1,VIP Customers
13931.0,28,9,4019.85,2763,4019.85,9,170,446.65,0,Lost Customers
13935.0,232,3,6116.92,2252,6116.92,3,67,2038.9733333333331,4,Loyal Customers
13936.0,18,2,563.08,331,563.08,2,31,281.54,1,VIP Customers
13937.0,38,1,721.28,464,721.28,1,45,721.28,1,VIP Customers
13939.0,67,4,992.41,761,992.41,4,52,248.1025,1,VIP Customers
13941.0,8,11,6009.34,3062,6009.34,11,33,546.3036363636364,0,Lost Customers
13942.0,170,1,320.0,1000,320.0,1,1,320.0,4,Loyal Customers
13943.0,213,1,246.54,94,246.54,1,15,246.54,4,Loyal Customers
13944.0,289,1,200.43,153,200.43,1,35,200.43,4,Loyal Customers
13945.0,30,2,854.1500000000001,413,854.1500000000001,2,49,427.0750000000001,1,VIP Customers
13946.0,12,3,1314.66,2404,1314.66,3,41,438.22,1,VIP Customers
13948.0,47,3,446.76,208,446.76,3,20,148.92,1,VIP Customers
13952.0,16,12,9572.45,4516,9572.45,12,183,797.7041666666668,0,Lost Customers
13953.0,45,5,3125.0,2500,3125.0,5,1,625.0,1,VIP Customers
13955.0,11,1,221.11,118,221.11,1,52,221.11,1,VIP Customers
13957.0,53,3,458.25,157,458.25,3,21,152.75,1,VIP Customers
13958.0,15,8,4709.2300000000005,2264,4709.2300000000005,8,172,588.6537500000001,0,Lost Customers
13959.0,35,3,470.73,339,470.73,3,56,156.91,1,VIP Customers
13961.0,28,1,538.4,226,538.4,1,19,538.4,1,VIP Customers
13962.0,71,1,193.25,73,193.25,1,12,193.25,1,VIP Customers
13963.0,3,14,2347.33,1601,2347.33,14,107,167.66642857142855,0,Lost Customers
13964.0,23,2,438.9,228,438.9,2,22,219.45,1,VIP Customers
13965.0,112,3,996.61,425,996.61,3,23,332.2033333333333,1,VIP Customers
13966.0,71,1,384.26,760,384.26,1,21,384.26,1,VIP Customers
13967.0,32,1,85.6,24,85.6,1,4,85.6,1,VIP Customers
13968.0,59,1,123.66,174,123.66,1,8,123.66,1,VIP Customers
13969.0,1,18,4266.88,2245,4266.88,18,240,237.04888888888888,0,Lost Customers
13970.0,22,2,846.55,469,846.55,2,10,423.275,1,VIP Customers
13971.0,59,6,1909.31,1240,1909.31,6,87,318.2183333333333,1,VIP Customers
13974.0,218,1,264.13,107,264.13,1,15,264.13,4,Loyal Customers
13975.0,29,6,2795.16,2187,2795.16,6,290,465.86,0,Lost Customers
13976.0,142,3,834.38,298,834.38,3,43,278.12666666666667,1,VIP Customers
13977.0,47,1,519.8100000000001,303,519.8100000000001,1,13,519.8100000000001,1,VIP Customers
13979.0,29,6,2510.06,1631,2510.06,6,309,418.3433333333333,0,Lost Customers
13980.0,75,4,568.68,291,568.68,4,47,142.17,1,VIP Customers
13981.0,51,1,331.14,234,331.14,1,22,331.14,1,VIP Customers
13982.0,1,6,2511.08,1550,2511.08,6,87,418.5133333333333,1,VIP Customers
13983.0,2,10,4479.82,2962,4479.82,10,186,447.982,0,Lost Customers
13984.0,2,8,1128.09,742,1128.09,8,47,141.01125,1,VIP Customers
13985.0,10,7,2960.73,1491,2960.73,7,81,422.9614285714286,1,VIP Customers
13987.0,15,2,682.54,492,682.54,2,46,341.27,1,VIP Customers
13988.0,19,2,609.84,341,609.84,2,54,304.92,1,VIP Customers
13989.0,100,3,759.98,894,759.98,3,34,253.32666666666668,1,VIP Customers
13992.0,16,2,142.7,90,142.7,2,5,71.35,1,VIP Customers
13993.0,15,10,3309.35,1235,3309.35,10,80,330.935,0,Lost Customers
13995.0,15,9,2508.32,1480,2508.32,9,106,278.70222222222225,0,Lost Customers
13996.0,22,2,895.76,613,895.76,2,29,447.88,1,VIP Customers
13997.0,155,3,376.46,143,376.46,3,36,125.48666666666666,4,Loyal Customers
13998.0,82,3,566.7,204,566.7,3,30,188.9,1,VIP Customers
13999.0,10,17,5600.45,2800,5600.45,17,132,329.43823529411765,0,Lost Customers
14000.0,50,4,1410.68,1128,1410.68,4,23,352.67,1,VIP Customers
14001.0,9,7,2487.01,911,2487.01,7,42,355.2871428571429,1,VIP Customers
14003.0,368,1,209.41,149,209.41,1,16,209.41,4,Loyal Customers
14004.0,29,4,1675.81,757,1675.81,4,61,418.9525,1,VIP Customers
14006.0,164,4,1234.48,1540,1234.48,4,40,308.62,4,Loyal Customers
14007.0,148,1,79.48,16,79.48,1,5,79.48,4,Loyal Customers
14008.0,68,1,509.04,326,509.04,1,32,509.04,1,VIP Customers
14009.0,98,1,404.3,586,404.3,1,32,404.3,1,VIP Customers
14010.0,201,2,445.15,177,445.15,2,20,222.575,4,Loyal Customers
14011.0,116,2,457.82,644,457.82,2,32,228.91,1,VIP Customers
14013.0,16,2,611.55,313,611.55,2,30,305.775,1,VIP Customers
14014.0,12,2,1443.03,928,1443.03,2,37,721.515,1,VIP Customers
14016.0,32,7,7062.2,3597,7062.2,7,246,1008.8857142857142,0,Lost Customers
14017.0,207,1,229.75,73,229.75,1,14,229.75,4,Loyal Customers
14018.0,281,1,367.15,224,367.15,1,13,367.15,4,Loyal Customers
14020.0,112,2,606.21,207,606.21,2,29,303.105,1,VIP Customers
14021.0,10,4,1084.68,686,1084.68,4,64,271.17,1,VIP Customers
14022.0,122,1,352.15000000000003,194,352.15000000000003,1,19,352.15000000000003,1,VIP Customers
14024.0,26,1,318.04,88,318.04,1,18,318.04,1,VIP Customers
14025.0,100,8,4057.9,1914,4057.9,8,60,507.2375,1,VIP Customers
14026.0,106,2,713.11,427,713.11,2,43,356.555,1,VIP Customers
14028.0,186,3,10396.5,7170,10396.5,3,3,3465.5,0,Lost Customers
14030.0,2,14,5839.46,2834,5839.46,14,462,417.1042857142857,0,Lost Customers
14031.0,1,27,23632.72,8680,23632.72,27,204,875.285925925926,0,Lost Customers
14032.0,2,6,1874.68,1884,1874.68,6,53,312.44666666666666,1,VIP Customers
14033.0,191,1,109.44,576,109.44,1,1,109.44,4,Loyal Customers
14035.0,42,4,1366.73,666,1366.73,4,42,341.6825,1,VIP Customers
14037.0,114,4,689.75,544,689.75,4,76,172.4375,1,VIP Customers
14038.0,33,2,1509.5,743,1509.5,2,54,754.75,1,VIP Customers
14039.0,211,1,115.08,100,115.08,1,4,115.08,4,Loyal Customers
14040.0,22,23,8963.49,3428,8963.49,23,265,389.7169565217391,0,Lost Customers
14042.0,361,1,431.98,180,431.98,1,21,431.98,4,Loyal Customers
14043.0,127,2,302.6,152,302.6,2,37,151.29999999999998,1,VIP Customers
14044.0,54,6,2431.28,1796,2431.28,6,446,405.21333333333337,0,Lost Customers
14045.0,9,13,9653.28,4052,9653.28,13,16,742.5600000000001,0,Lost Customers
14047.0,8,10,2946.42,1268,2946.42,10,87,294.642,0,Lost Customers
14048.0,18,2,338.76,179,338.76,2,55,169.38,1,VIP Customers
14049.0,23,9,7444.68,4672,7444.68,9,364,827.1866666666667,0,Lost Customers
14051.0,2,15,6784.01,2167,6784.01,15,56,452.2673333333333,0,Lost Customers
14052.0,26,1,241.3,85,241.3,1,65,241.3,1,VIP Customers
14053.0,33,2,312.05,275,312.05,2,3,156.025,1,VIP Customers
14055.0,213,2,795.3199999999999,504,795.3199999999999,2,23,397.66,4,Loyal Customers
14057.0,17,5,2135.0,1565,2135.0,5,124,427.0,1,VIP Customers
14058.0,98,2,469.19,211,469.19,2,23,234.595,1,VIP Customers
14060.0,2,13,3378.66,2733,3378.66,13,43,259.8969230769231,0,Lost Customers
14061.0,143,3,917.43,133,917.43,3,17,305.81,1,VIP Customers
14062.0,10,12,15120.8,7201,15120.8,12,113,1260.0666666666668,0,Lost Customers
14063.0,74,9,22710.2,3850,22710.2,9,30,2523.355555555556,0,Lost Customers
14064.0,66,10,1925.9,2139,1925.9,10,89,192.59,1,VIP Customers
14065.0,25,3,891.02,582,891.02,3,42,297.00666666666666,1,VIP Customers
14068.0,239,3,1250.87,437,1250.87,3,73,416.9566666666667,4,Loyal Customers
14069.0,150,2,225.81,58,225.81,2,37,112.905,4,Loyal Customers
14070.0,320,1,321.6,85,321.6,1,40,321.6,4,Loyal Customers
14072.0,302,1,390.85,65,390.85,1,19,390.85,4,Loyal Customers
14074.0,259,1,219.4,228,219.4,1,6,219.4,4,Loyal Customers
14075.0,39,3,792.61,740,792.61,3,36,264.2033333333333,1,VIP Customers
14077.0,31,1,115.66,108,115.66,1,14,115.66,1,VIP Customers
14078.0,9,4,640.34,305,640.34,4,80,160.085,1,VIP Customers
14079.0,318,1,243.63,1,243.63,1,1,243.63,4,Loyal Customers
14080.0,49,4,1070.08,220,1070.08,4,70,267.52,1,VIP Customers
14081.0,5,9,4369.47,3041,4369.47,9,439,485.4966666666666,0,Lost Customers
14082.0,28,1,231.11,136,231.11,1,36,231.11,1,VIP Customers
14083.0,7,3,373.3,207,373.3,3,70,124.43333333333334,1,VIP Customers
14084.0,148,1,150.5,306,150.5,1,7,150.5,4,Loyal Customers
14085.0,4,16,5607.43,3363,5607.43,16,336,350.464375,0,Lost Customers
14086.0,98,1,39.95,1,39.95,1,1,39.95,1,VIP Customers
14087.0,40,2,638.0,468,638.0,2,126,319.0,1,VIP Customers
14088.0,42,3,13544.99,2611,13544.99,3,93,4514.996666666667,0,Lost Customers
14091.0,290,2,9530.08,3316,9530.08,2,13,4765.04,4,Loyal Customers
14092.0,10,10,3152.54,1540,3152.54,10,92,315.254,0,Lost Customers
14094.0,75,1,311.77,158,311.77,1,41,311.77,1,VIP Customers
14095.0,358,1,2.95,1,2.95,1,1,2.95,4,Loyal Customers
14097.0,117,2,422.86,352,422.86,2,39,211.43,1,VIP Customers
14099.0,11,9,2646.74,1487,2646.74,9,165,294.08222222222224,0,Lost Customers
14101.0,24,7,3985.14,3600,3985.14,7,15,569.3057142857143,1,VIP Customers
14104.0,25,3,527.3199999999999,424,527.3199999999999,3,100,175.7733333333333,1,VIP Customers
14105.0,44,4,4722.6,2734,4722.6,4,172,1180.65,0,Lost Customers
14106.0,373,1,214.8,24,214.8,1,1,214.8,4,Loyal Customers
14107.0,84,4,2174.07,1696,2174.07,4,71,543.5175,1,VIP Customers
14108.0,367,2,447.05,279,447.05,2,18,223.525,4,Loyal Customers
14110.0,71,21,7304.8,3380,7304.8,21,126,347.84761904761905,0,Lost Customers
14112.0,87,6,2919.44,1888,2919.44,6,122,486.5733333333333,1,VIP Customers
14113.0,11,12,5252.1900000000005,2694,5252.1900000000005,12,57,437.68250000000006,0,Lost Customers
14114.0,31,5,977.56,549,977.56,5,58,195.512,1,VIP Customers
14115.0,137,2,622.67,509,622.67,2,22,311.335,1,VIP Customers
14118.0,64,1,458.45,97,458.45,1,15,458.45,1,VIP Customers
14119.0,11,2,183.37,177,183.37,2,11,91.685,1,VIP Customers
14122.0,42,3,362.42,114,362.42,3,12,120.80666666666669,1,VIP Customers
14123.0,369,1,436.18,234,436.18,1,24,436.18,4,Loyal Customers
14126.0,80,1,466.33,379,466.33,1,28,466.33,1,VIP Customers
14127.0,16,3,1190.37,507,1190.37,3,64,396.79,1,VIP Customers
14128.0,187,1,286.71,250,286.71,1,19,286.71,4,Loyal Customers
14129.0,35,4,1467.48,822,1467.48,4,22,366.87,1,VIP Customers
14130.0,11,3,1377.86,958,1377.86,3,131,459.2866666666666,1,VIP Customers
14131.0,284,1,168.22,105,168.22,1,45,168.22,4,Loyal Customers
14133.0,369,1,305.5,50,305.5,1,8,305.5,4,Loyal Customers
14134.0,18,15,11123.35,5814,11123.35,15,130,741.5566666666667,0,Lost Customers
14135.0,3,11,4953.61,5505,4953.61,11,90,450.3281818181818,0,Lost Customers
14136.0,36,5,1570.81,1148,1570.81,5,86,314.162,1,VIP Customers
14137.0,331,1,332.7,462,332.7,1,11,332.7,4,Loyal Customers
14139.0,126,3,670.98,539,670.98,3,29,223.66,1,VIP Customers
14142.0,9,2,671.34,518,671.34,2,42,335.67,1,VIP Customers
14144.0,122,1,30.6,12,30.6,1,1,30.6,1,VIP Customers
14145.0,95,3,3857.85,899,3857.85,3,10,1285.95,1,VIP Customers
14146.0,19,7,5259.3,3343,5259.3,7,204,751.3285714285714,0,Lost Customers
14147.0,24,7,2106.8,887,2106.8,7,21,300.9714285714286,1,VIP Customers
14148.0,50,1,309.09000000000003,207,309.09000000000003,1,14,309.09000000000003,1,VIP Customers
14151.0,309,2,679.45,405,679.45,2,44,339.725,4,Loyal Customers
14152.0,23,5,1376.05,1133,1376.05,5,75,275.21,1,VIP Customers
14153.0,119,1,233.4,312,233.4,1,17,233.4,1,VIP Customers
14154.0,17,6,5115.08,2757,5115.08,6,204,852.5133333333333,0,Lost Customers
14156.0,7,102,196549.74,108105,196549.74,102,1094,1926.9582352941172,2,High Value Customers
14157.0,25,3,553.8000000000001,250,553.8000000000001,3,33,184.6,1,VIP Customers
14159.0,15,9,3230.45,2172,3230.45,9,367,358.93888888888887,0,Lost Customers
14160.0,246,7,8421.47,4661,8421.47,7,80,1203.0671428571427,4,Loyal Customers
14161.0,5,5,2182.46,1158,2182.46,5,153,436.492,0,Lost Customers
14163.0,98,1,148.71,57,148.71,1,6,148.71,1,VIP Customers
14166.0,141,2,251.15,82,251.15,2,39,125.575,1,VIP Customers
14167.0,100,4,711.7,193,711.7,4,32,177.925,1,VIP Customers
14168.0,56,2,370.45,147,370.45,2,11,185.225,1,VIP Customers
14169.0,66,2,621.51,205,621.51,2,50,310.755,1,VIP Customers
14170.0,11,3,570.18,270,570.18,3,123,190.06,1,VIP Customers
14171.0,366,1,135.0,44,135.0,1,6,135.0,4,Loyal Customers
14172.0,241,3,369.02,78,369.02,3,38,123.00666666666666,4,Loyal Customers
14173.0,277,2,135.16,44,135.16,2,3,67.58,4,Loyal Customers
14175.0,54,5,4456.58,1494,4456.58,5,125,891.316,0,Lost Customers
14176.0,3,2,339.11,117,339.11,2,14,169.555,1,VIP Customers
14177.0,17,9,1660.23,839,1660.23,9,118,184.47,0,Lost Customers
14180.0,8,9,1570.73,159,1570.73,9,44,174.52555555555557,1,VIP Customers
14181.0,46,2,308.35,120,308.35,2,48,154.175,1,VIP Customers
14182.0,79,4,678.77,174,678.77,4,42,169.6925,1,VIP Customers
14183.0,47,2,278.34000000000003,60,278.34000000000003,2,27,139.17000000000002,1,VIP Customers
14186.0,63,5,1550.63,1550,1550.63,5,75,310.12600000000003,1,VIP Customers
14187.0,109,1,123.5,50,123.5,1,8,123.5,1,VIP Customers
14189.0,4,2,1160.31,709,1160.31,2,46,580.155,1,VIP Customers
14190.0,302,1,79.9,2,79.9,1,1,79.9,4,Loyal Customers
14191.0,30,2,132.9,62,132.9,2,6,66.45,1,VIP Customers
14192.0,24,1,293.74,218,293.74,1,14,293.74,1,VIP Customers
14193.0,32,1,356.8,208,356.8,1,22,356.8,1,VIP Customers
14194.0,28,15,7321.070000000001,4197,7321.070000000001,15,246,488.07133333333337,0,Lost Customers
14195.0,75,4,1603.6,1384,1603.6,4,5,400.9,1,VIP Customers
14197.0,46,1,390.05,143,390.05,1,20,390.05,1,VIP Customers
14198.0,36,5,868.33,333,868.33,5,33,173.666,1,VIP Customers
14199.0,59,3,906.3,226,906.3,3,15,302.1,1,VIP Customers
14200.0,253,1,379.2,140,379.2,1,21,379.2,4,Loyal Customers
14201.0,45,3,446.1,216,446.1,3,17,148.70000000000002,1,VIP Customers
14202.0,17,3,847.76,166,847.76,3,27,282.58666666666664,1,VIP Customers
14203.0,33,1,339.34,80,339.34,1,16,339.34,1,VIP Customers
14204.0,58,3,874.22,397,874.22,3,158,291.4066666666667,1,VIP Customers
14205.0,30,7,1947.5,1138,1947.5,7,65,278.2142857142857,1,VIP Customers
14206.0,24,2,856.85,654,856.85,2,43,428.425,1,VIP Customers
14207.0,323,1,157.8,36,157.8,1,2,157.8,4,Loyal Customers
14208.0,187,1,415.31,415,415.31,1,25,415.31,4,Loyal Customers
14209.0,21,9,2919.84,1048,2919.84,9,97,324.4266666666667,0,Lost Customers
14210.0,7,11,3955.68,1844,3955.68,11,128,359.60727272727274,0,Lost Customers
14211.0,47,9,2161.19,1333,2161.19,9,96,240.13222222222225,1,VIP Customers
14212.0,81,1,1119.66,894,1119.66,1,12,1119.66,1,VIP Customers
14213.0,40,1,1192.2,244,1192.2,1,5,1192.2,1,VIP Customers
14215.0,4,4,1626.61,927,1626.61,4,81,406.6525,1,VIP Customers
14216.0,50,1,310.74,118,310.74,1,18,310.74,1,VIP Customers
14217.0,2,7,1411.91,567,1411.91,7,68,201.70142857142855,1,VIP Customers
14219.0,45,2,543.89,285,543.89,2,32,271.945,1,VIP Customers
14220.0,203,2,882.5999999999999,196,882.5999999999999,2,12,441.3,4,Loyal Customers
14221.0,85,8,3084.69,1617,3084.69,8,67,385.58625,1,VIP Customers
14224.0,26,5,831.98,343,831.98,5,101,166.39600000000002,1,VIP Customers
14225.0,70,4,2031.07,1167,2031.07,4,70,507.7675,1,VIP Customers
14226.0,77,1,770.34,418,770.34,1,31,770.34,1,VIP Customers
14227.0,50,5,3017.75,2228,3017.75,5,164,603.55,0,Lost Customers
14228.0,73,3,745.5,260,745.5,3,38,248.5,1,VIP Customers
14229.0,39,4,1046.84,324,1046.84,4,21,261.71,1,VIP Customers
14230.0,71,3,979.8,246,979.8,3,27,326.6,1,VIP Customers
14231.0,86,1,309.91,201,309.91,1,19,309.91,1,VIP Customers
14233.0,101,3,1441.55,581,1441.55,3,30,480.51666666666665,1,VIP Customers
14235.0,134,4,1573.13,1055,1573.13,4,53,393.2825,1,VIP Customers
14236.0,8,4,1253.78,502,1253.78,4,29,313.445,1,VIP Customers
14237.0,9,2,471.14,238,471.14,2,26,235.57,1,VIP Customers
14238.0,298,2,287.38,78,287.38,2,5,143.69,4,Loyal Customers
14239.0,67,10,1882.32,736,1882.32,10,41,188.23200000000003,1,VIP Customers
14240.0,59,1,357.15000000000003,237,357.15000000000003,1,19,357.15000000000003,1,VIP Customers
14241.0,332,1,120.0,96,120.0,1,2,120.0,4,Loyal Customers
14243.0,1,8,4842.28,2466,4842.28,8,180,605.285,0,Lost Customers
14244.0,296,1,366.42,814,366.42,1,16,366.42,4,Loyal Customers
14247.0,40,4,616.79,331,616.79,4,72,154.1975,1,VIP Customers
14248.0,95,2,730.37,590,730.37,2,33,365.185,1,VIP Customers
14249.0,46,12,5400.461,2383,5400.461,12,178,450.0384166666667,0,Lost Customers
14252.0,17,1,350.99,111,350.99,1,10,350.99,1,VIP Customers
14253.0,129,2,363.4,88,363.4,2,11,181.7,1,VIP Customers
14254.0,68,1,601.03,263,601.03,1,23,601.03,1,VIP Customers
14255.0,182,1,1000.63,1,1000.63,1,1,1000.63,4,Loyal Customers
14256.0,127,3,1491.73,733,1491.73,3,70,497.2433333333333,1,VIP Customers
14257.0,16,4,2854.73,1650,2854.73,4,97,713.6825,1,VIP Customers
14258.0,31,16,19381.36,10388,19381.36,16,85,1211.335,0,Lost Customers
14260.0,107,3,824.28,544,824.28,3,50,274.76,1,VIP Customers
14263.0,59,1,322.93,171,322.93,1,16,322.93,1,VIP Customers
14264.0,15,4,1183.39,483,1183.39,4,49,295.8475,1,VIP Customers
14265.0,100,2,843.1700000000001,385,843.1700000000001,2,47,421.585,1,VIP Customers
14266.0,64,1,40.56,24,40.56,1,1,40.56,1,VIP Customers
14268.0,106,1,354.85,147,354.85,1,19,354.85,1,VIP Customers
14269.0,75,1,295.73,123,295.73,1,16,295.73,1,VIP Customers
14271.0,45,1,101.86,60,101.86,1,28,101.86,1,VIP Customers
14272.0,198,2,482.85,498,482.85,2,31,241.425,4,Loyal Customers
14274.0,322,1,256.6,178,256.6,1,15,256.6,4,Loyal Customers
14275.0,31,6,1189.38,538,1189.38,6,14,198.23,1,VIP Customers
14276.0,43,4,982.94,662,982.94,4,38,245.735,1,VIP Customers
14277.0,47,6,13009.61,87830,13009.61,6,147,2168.268333333333,3,Regular Customers
14278.0,45,1,205.83,131,205.83,1,13,205.83,1,VIP Customers
14279.0,156,2,191.86,46,191.86,2,3,95.93,4,Loyal Customers
14281.0,44,1,245.15,45,245.15,1,7,245.15,1,VIP Customers
14282.0,3,11,4120.32,2810,4120.32,11,59,374.57454545454544,0,Lost Customers
14283.0,99,4,628.44,550,628.44,4,36,157.11,1,VIP Customers
14284.0,289,1,704.4,349,704.4,1,35,704.4,4,Loyal Customers
14285.0,149,4,1374.41,413,1374.41,4,33,343.6025,1,VIP Customers
14286.0,40,4,3851.01,4457,3851.01,4,167,962.7525,0,Lost Customers
14290.0,49,3,2201.91,685,2201.91,3,43,733.9699999999999,1,VIP Customers
14291.0,16,12,4020.85,3397,4020.85,12,158,335.0708333333333,0,Lost Customers
14292.0,46,7,4354.32,1766,4354.32,7,66,622.0457142857142,1,VIP Customers
14293.0,4,6,2221.37,1021,2221.37,6,62,370.2283333333333,1,VIP Customers
14294.0,43,1,375.34,190,375.34,1,23,375.34,1,VIP Customers
14295.0,74,4,2196.71,945,2196.71,4,61,549.1775,1,VIP Customers
14296.0,57,2,456.4,314,456.4,2,27,228.2,1,VIP Customers
14298.0,11,38,39667.19,41929,39667.19,38,712,1043.8734210526316,3,Regular Customers
14299.0,1,19,10533.87,6079,10533.87,19,90,554.4142105263159,0,Lost Customers
14301.0,52,3,1352.04,1080,1352.04,3,29,450.68,1,VIP Customers
14302.0,66,3,742.9000000000001,298,742.9000000000001,3,25,247.63333333333333,1,VIP Customers
14303.0,43,2,277.94,218,277.94,2,21,138.97,1,VIP Customers
14304.0,15,2,1341.56,636,1341.56,2,63,670.78,1,VIP Customers
14306.0,14,4,1058.0800000000002,990,1058.0800000000002,4,12,264.52000000000004,1,VIP Customers
14307.0,9,5,2075.31,1316,2075.31,5,112,415.062,1,VIP Customers
14308.0,185,2,1147.02,2,1147.02,2,1,573.51,4,Loyal Customers
14309.0,49,2,1428.28,950,1428.28,2,69,714.14,1,VIP Customers
14310.0,68,1,492.1,230,492.1,1,22,492.1,1,VIP Customers
14311.0,203,1,206.19,89,206.19,1,11,206.19,4,Loyal Customers
14312.0,14,5,1478.7,892,1478.7,5,88,295.74,1,VIP Customers
14314.0,66,1,109.8,36,109.8,1,2,109.8,1,VIP Customers
14315.0,200,2,716.69,323,716.69,2,26,358.345,4,Loyal Customers
14316.0,58,5,1370.34,4494,1370.34,5,21,274.068,1,VIP Customers
14318.0,96,1,158.02,152,158.02,1,9,158.02,1,VIP Customers
14319.0,60,1,494.85,329,494.85,1,26,494.85,1,VIP Customers
14320.0,182,3,868.96,388,868.96,3,46,289.65333333333336,4,Loyal Customers
14321.0,67,2,687.3100000000001,869,687.3100000000001,2,56,343.65500000000003,1,VIP Customers
14322.0,65,4,474.1,158,474.1,4,10,118.525,1,VIP Customers
14324.0,45,2,701.61,402,701.61,2,41,350.805,1,VIP Customers
14325.0,205,1,245.48,320,245.48,1,18,245.48,4,Loyal Customers
14326.0,99,2,757.13,469,757.13,2,48,378.565,1,VIP Customers
14327.0,18,5,1583.28,1157,1583.28,5,89,316.656,1,VIP Customers
14328.0,74,1,445.05,1,445.05,1,1,445.05,1,VIP Customers
14329.0,11,8,4912.38,2826,4912.38,8,206,614.0475,0,Lost Customers
14330.0,259,1,200.63,103,200.63,1,13,200.63,4,Loyal Customers
14332.0,17,2,1077.2,412,1077.2,2,31,538.6,1,VIP Customers
14334.0,61,4,1766.27,1255,1766.27,4,77,441.5675,1,VIP Customers
14338.0,172,1,339.88,287,339.88,1,19,339.88,4,Loyal Customers
14339.0,64,1,310.75,288,310.75,1,9,310.75,1,VIP Customers
14341.0,56,10,2285.04,1416,2285.04,10,100,228.504,0,Lost Customers
14342.0,68,2,249.88,174,249.88,2,12,124.94,1,VIP Customers
14343.0,57,4,1079.66,626,1079.66,4,193,269.915,0,Lost Customers
14344.0,3,14,2443.77,1192,2443.77,14,102,174.555,0,Lost Customers
14346.0,61,3,1294.17,1273,1294.17,3,78,431.39,1,VIP Customers
14347.0,372,1,82.60000000000001,48,82.60000000000001,1,6,82.60000000000001,4,Loyal Customers
14350.0,16,2,689.1,360,689.1,2,38,344.55,1,VIP Customers
14353.0,46,2,285.9,280,285.9,2,14,142.95,1,VIP Customers
14355.0,1,3,840.0500000000001,617,840.0500000000001,3,57,280.0166666666667,1,VIP Customers
14358.0,25,2,400.06,338,400.06,2,21,200.03,1,VIP Customers
14361.0,214,1,214.71,251,214.71,1,14,214.71,4,Loyal Customers
14363.0,38,2,227.47000000000003,105,227.47000000000003,2,8,113.735,1,VIP Customers
14365.0,30,2,634.68,557,634.68,2,50,317.34,1,VIP Customers
14366.0,161,1,136.0,16,136.0,1,1,136.0,4,Loyal Customers
14369.0,278,2,469.13,255,469.13,2,24,234.565,4,Loyal Customers
14370.0,86,6,1175.78,266,1175.78,6,37,195.9633333333333,1,VIP Customers
14372.0,79,2,860.08,378,860.08,2,36,430.04,1,VIP Customers
14374.0,177,1,108.0,20,108.0,1,7,108.0,4,Loyal Customers
14375.0,86,2,871.26,463,871.26,2,128,435.63,1,VIP Customers
14376.0,319,1,215.46,50,215.46,1,17,215.46,4,Loyal Customers
14378.0,257,1,131.25,57,131.25,1,9,131.25,4,Loyal Customers
14379.0,29,2,917.06,420,917.06,2,68,458.53,1,VIP Customers
14380.0,318,1,48.96,1,48.96,1,1,48.96,4,Loyal Customers
14381.0,87,1,423.26,303,423.26,1,56,423.26,1,VIP Customers
14382.0,26,1,578.14,436,578.14,1,137,578.14,1,VIP Customers
14384.0,136,1,58.5,30,58.5,1,3,58.5,1,VIP Customers
14388.0,8,9,3488.16,2419,3488.16,9,109,387.5733333333333,0,Lost Customers
14389.0,60,3,854.55,659,854.55,3,29,284.85,1,VIP Customers
14390.0,8,5,1731.16,771,1731.16,5,112,346.232,1,VIP Customers
14391.0,212,1,135.6,168,135.6,1,14,135.6,4,Loyal Customers
14392.0,68,1,266.4,114,266.4,1,14,266.4,1,VIP Customers
14394.0,200,1,93.8,58,93.8,1,6,93.8,4,Loyal Customers
14395.0,8,12,4630.7,2357,4630.7,12,227,385.89166666666665,0,Lost Customers
14396.0,7,6,1591.74,773,1591.74,6,167,265.29,0,Lost Customers
14398.0,37,2,707.79,267,707.79,2,50,353.895,1,VIP Customers
14399.0,30,8,2108.21,965,2108.21,8,119,263.52625,0,Lost Customers
14400.0,44,2,1157.77,1252,1157.77,2,47,578.885,1,VIP Customers
14401.0,60,9,2744.42,1894,2744.42,9,63,304.93555555555554,1,VIP Customers
14402.0,288,1,285.6,240,285.6,1,8,285.6,4,Loyal Customers
14403.0,225,2,404.7,218,404.7,2,4,202.35,4,Loyal Customers
14404.0,5,8,1404.04,806,1404.04,8,86,175.505,1,VIP Customers
14405.0,22,1,195.0,100,195.0,1,2,195.0,1,VIP Customers
14408.0,107,4,1503.24,828,1503.24,4,11,375.81,1,VIP Customers
14409.0,4,5,1696.64,1171,1696.64,5,45,339.32800000000003,1,VIP Customers
14410.0,12,2,1531.63,802,1531.63,2,179,765.815,0,Lost Customers
14412.0,60,1,656.16,642,656.16,1,41,656.16,1,VIP Customers
14413.0,46,3,643.47,210,643.47,3,74,214.49,1,VIP Customers
14414.0,10,1,902.35,365,902.35,1,21,902.35,1,VIP Customers
14415.0,15,10,6124.52,3267,6124.52,10,299,612.452,0,Lost Customers
14417.0,23,1,524.65,543,524.65,1,106,524.65,1,VIP Customers
14419.0,18,1,202.85,69,202.85,1,23,202.85,1,VIP Customers
14420.0,32,3,1251.65,786,1251.65,3,58,417.2166666666667,1,VIP Customers
14421.0,148,4,1656.26,977,1656.26,4,57,414.065,1,VIP Customers
14422.0,10,13,6007.88,3161,6007.88,13,193,462.1446153846154,0,Lost Customers
14423.0,73,2,651.4100000000001,299,651.4100000000001,2,11,325.70500000000004,1,VIP Customers
14425.0,70,3,661.39,325,661.39,3,35,220.4633333333333,1,VIP Customers
14426.0,39,7,7246.27,4324,7246.27,7,314,1035.1814285714286,0,Lost Customers
14427.0,130,2,900.1800000000001,310,900.1800000000001,2,27,450.09,1,VIP Customers
14429.0,39,1,516.28,286,516.28,1,22,516.28,1,VIP Customers
14430.0,147,3,1220.9,446,1220.9,3,29,406.9666666666667,1,VIP Customers
14431.0,15,3,2143.84,1072,2143.84,3,61,714.6133333333333,1,VIP Customers
14433.0,101,1,280.7,131,280.7,1,72,280.7,1,VIP Customers
14435.0,137,1,90.42,282,90.42,1,3,90.42,1,VIP Customers
14436.0,189,1,182.64,168,182.64,1,2,182.64,4,Loyal Customers
14437.0,1,5,873.34,420,873.34,5,34,174.668,1,VIP Customers
14439.0,79,4,6781.8,1718,6781.8,4,83,1695.45,0,Lost Customers
14440.0,1,9,4281.05,1167,4281.05,9,49,475.6722222222222,1,VIP Customers
14441.0,10,7,2898.8,814,2898.8,7,71,414.11428571428576,1,VIP Customers
14442.0,50,5,3777.2,949,3777.2,5,97,755.4399999999999,1,VIP Customers
14443.0,4,2,966.27,582,966.27,2,57,483.135,1,VIP Customers
14444.0,92,1,120.44,172,120.44,1,11,120.44,1,VIP Customers
14445.0,91,1,221.65,83,221.65,1,32,221.65,1,VIP Customers
14446.0,22,1,189.93,175,189.93,1,42,189.93,1,VIP Customers
14447.0,36,1,548.5,342,548.5,1,36,548.5,1,VIP Customers
14449.0,8,5,1555.4,1005,1555.4,5,173,311.08000000000004,0,Lost Customers
14450.0,15,4,645.19,281,645.19,4,24,161.2975,1,VIP Customers
14451.0,25,10,2614.78,1359,2614.78,10,194,261.478,0,Lost Customers
14452.0,31,2,399.9,169,399.9,2,62,199.95,1,VIP Customers
14454.0,12,5,977.3,400,977.3,5,93,195.46,1,VIP Customers
14455.0,68,4,617.72,706,617.72,4,65,154.43,1,VIP Customers
14458.0,16,1,228.07,317,228.07,1,46,228.07,1,VIP Customers
14459.0,287,1,3537.821,1543,3537.821,1,76,3537.821,4,Loyal Customers
14460.0,32,6,659.16,998,659.16,6,23,109.86,1,VIP Customers
14461.0,18,10,4573.85,2239,4573.85,10,368,457.3850000000001,0,Lost Customers
14462.0,68,1,262.24,107,262.24,1,48,262.24,1,VIP Customers
14463.0,135,1,256.95,31,256.95,1,2,256.95,1,VIP Customers
14464.0,204,2,111.0,62,111.0,2,4,55.5,4,Loyal Customers
14465.0,64,8,2887.41,2141,2887.41,8,31,360.92625,1,VIP Customers
14466.0,8,7,2374.5,1638,2374.5,7,71,339.2142857142857,1,VIP Customers
14467.0,25,8,1606.98,911,1606.98,8,113,200.8725,1,VIP Customers
14468.0,369,1,204.24,164,204.24,1,12,204.24,4,Loyal Customers
14469.0,52,4,2093.46,973,2093.46,4,120,523.365,1,VIP Customers
14470.0,66,1,250.85,89,250.85,1,17,250.85,1,VIP Customers
14471.0,227,2,400.95,187,400.95,2,38,200.475,4,Loyal Customers
14472.0,325,1,266.05,136,266.05,1,41,266.05,4,Loyal Customers
14474.0,215,1,711.23,308,711.23,1,97,711.23,4,Loyal Customers
14475.0,44,1,225.3,94,225.3,1,6,225.3,1,VIP Customers
14477.0,72,3,660.0,400,660.0,3,3,220.0,1,VIP Customers
14478.0,18,4,1276.66,1226,1276.66,4,59,319.165,1,VIP Customers
14479.0,1,3,982.86,503,982.86,3,121,327.62,1,VIP Customers
14480.0,38,3,1020.47,527,1020.47,3,43,340.1566666666667,1,VIP Customers
14481.0,43,3,1648.18,1079,1648.18,3,103,549.3933333333333,1,VIP Customers
14482.0,15,6,2283.91,1242,2283.91,6,91,380.6516666666666,1,VIP Customers
14483.0,372,1,120.0,96,120.0,1,4,120.0,4,Loyal Customers
14484.0,37,3,749.0600000000001,534,749.0600000000001,3,37,249.6866666666667,1,VIP Customers
14486.0,147,2,175.5,90,175.5,2,4,87.75,4,Loyal Customers
14487.0,4,2,225.89,86,225.89,2,32,112.945,1,VIP Customers
14489.0,73,3,1111.55,712,1111.55,3,54,370.51666666666665,1,VIP Customers
14490.0,42,2,1273.47,933,1273.47,2,72,636.735,1,VIP Customers
14491.0,8,1,127.2,40,127.2,1,4,127.2,1,VIP Customers
14492.0,66,7,1921.91,751,1921.91,7,70,274.55857142857144,1,VIP Customers
14493.0,26,5,2704.62,1863,2704.62,5,204,540.924,0,Lost Customers
14494.0,37,2,261.9,118,261.9,2,10,130.95,1,VIP Customers
14495.0,295,1,51.0,6,51.0,1,1,51.0,4,Loyal Customers
14496.0,9,6,2129.42,832,2129.42,6,58,354.90333333333336,1,VIP Customers
14497.0,309,1,221.69,97,221.69,1,11,221.69,4,Loyal Customers
14498.0,37,5,1943.51,1022,1943.51,5,145,388.702,1,VIP Customers
14499.0,10,4,1293.35,735,1293.35,4,86,323.33750000000003,1,VIP Customers
14505.0,40,11,6019.65,2586,6019.65,11,540,547.2409090909091,0,Lost Customers
14506.0,5,3,1256.6,338,1256.6,3,111,418.86666666666673,1,VIP Customers
14507.0,14,5,1848.86,897,1848.86,5,127,369.7720000000001,1,VIP Customers
14508.0,12,3,554.87,218,554.87,3,100,184.95666666666668,1,VIP Customers
14509.0,170,1,110.95,38,110.95,1,25,110.95,4,Loyal Customers
14510.0,11,3,979.85,793,979.85,3,67,326.6166666666667,1,VIP Customers
14512.0,19,5,940.69,614,940.69,5,41,188.138,1,VIP Customers
14513.0,72,3,332.42,232,332.42,3,5,110.80666666666669,1,VIP Customers
14514.0,72,6,3389.84,1798,3389.84,6,178,564.9733333333334,0,Lost Customers
14515.0,23,6,1647.17,783,1647.17,6,55,274.52833333333336,1,VIP Customers
14516.0,152,1,151.17,63,151.17,1,35,151.17,4,Loyal Customers
14519.0,319,2,203.14,81,203.14,2,38,101.57,4,Loyal Customers
14521.0,127,1,199.45,211,199.45,1,17,199.45,1,VIP Customers
14522.0,231,4,773.88,431,773.88,4,23,193.47,4,Loyal Customers
14524.0,45,4,1066.03,500,1066.03,4,114,266.5075,1,VIP Customers
14525.0,64,8,3810.64,2469,3810.64,8,163,476.33,0,Lost Customers
14526.0,25,1,258.65,178,258.65,1,41,258.65,1,VIP Customers
14527.0,1,69,19257.08,4667,19257.08,69,465,279.088115942029,3,Regular Customers
14530.0,32,10,3226.76,1594,3226.76,10,180,322.67600000000004,0,Lost Customers
14531.0,115,1,376.34,260,376.34,1,29,376.34,1,VIP Customers
14532.0,47,7,2912.93,827,2912.93,7,188,416.1328571428571,0,Lost Customers
14533.0,43,4,1516.65,2019,1516.65,4,25,379.1625,1,VIP Customers
14534.0,33,8,1790.36,795,1790.36,8,164,223.795,0,Lost Customers
14535.0,31,6,3118.39,1390,3118.39,6,381,519.7316666666667,0,Lost Customers
14537.0,259,1,285.84,108,285.84,1,13,285.84,4,Loyal Customers
14538.0,166,3,982.59,129,982.59,3,28,327.53000000000003,4,Loyal Customers
14540.0,15,8,2756.98,1184,2756.98,8,140,344.6225,0,Lost Customers
14541.0,52,6,1038.03,482,1038.03,6,49,173.005,1,VIP Customers
14543.0,16,23,10988.14,1964,10988.14,23,80,477.7452173913043,0,Lost Customers
14544.0,106,1,934.23,876,934.23,1,68,934.23,1,VIP Customers
14545.0,310,1,349.25,236,349.25,1,23,349.25,4,Loyal Customers
14546.0,12,6,2610.91,1375,2610.91,6,258,435.1516666666666,0,Lost Customers
14548.0,120,7,1888.49,730,1888.49,7,66,269.7842857142857,1,VIP Customers
14549.0,56,3,624.36,258,624.36,3,70,208.12,1,VIP Customers
14550.0,24,2,587.69,382,587.69,2,46,293.845,1,VIP Customers
14551.0,47,5,691.86,380,691.86,5,62,138.372,1,VIP Customers
14552.0,16,2,343.71,168,343.71,2,80,171.855,1,VIP Customers
14553.0,47,4,959.33,625,959.33,4,141,239.8325,1,VIP Customers
14555.0,17,4,1991.49,720,1991.49,4,83,497.8725,1,VIP Customers
14556.0,232,3,815.69,323,815.69,3,158,271.8966666666667,4,Loyal Customers
14558.0,290,3,655.5,162,655.5,3,13,218.5,4,Loyal Customers
14559.0,26,1,75.6,72,75.6,1,2,75.6,1,VIP Customers
14560.0,15,22,3876.26,3320,3876.26,22,38,176.19363636363636,0,Lost Customers
14562.0,26,8,1631.38,759,1631.38,8,116,203.9225,1,VIP Customers
14563.0,145,2,640.54,279,640.54,2,95,320.27,1,VIP Customers
14564.0,70,2,2605.62,1295,2605.62,2,107,1302.81,1,VIP Customers
14565.0,109,1,760.1,400,760.1,1,33,760.1,1,VIP Customers
14566.0,53,3,2660.0,1600,2660.0,3,8,886.6666666666666,1,VIP Customers
14568.0,71,1,919.7,645,919.7,1,47,919.7,1,VIP Customers
14569.0,88,3,369.94,178,369.94,3,21,123.31333333333332,1,VIP Customers
14570.0,79,1,395.69,336,395.69,1,37,395.69,1,VIP Customers
14571.0,61,1,160.0,56,160.0,1,30,160.0,1,VIP Customers
14572.0,53,4,2722.34,1458,2722.34,4,188,680.585,0,Lost Customers
14573.0,8,5,925.3,275,925.3,5,130,185.06,1,VIP Customers
14574.0,368,1,143.70000000000002,63,143.70000000000002,1,11,143.70000000000002,4,Loyal Customers
14575.0,124,1,420.22,163,420.22,1,71,420.22,1,VIP Customers
14576.0,8,1,35.400000000000006,12,35.400000000000006,1,1,35.400000000000006,1,VIP Customers
14577.0,30,3,504.44,216,504.44,3,48,168.14666666666668,1,VIP Customers
14579.0,68,1,105.56,56,105.56,1,24,105.56,1,VIP Customers
14580.0,154,1,14.85,3,14.85,1,1,14.85,4,Loyal Customers
14581.0,180,1,271.05,87,271.05,1,43,271.05,4,Loyal Customers
14583.0,19,3,673.33,320,673.33,3,149,224.44333333333336,1,VIP Customers
14584.0,57,4,705.1,579,705.1,4,79,176.275,1,VIP Customers
14585.0,18,4,986.22,539,986.22,4,64,246.555,1,VIP Customers
14588.0,214,1,135.39,62,135.39,1,16,135.39,4,Loyal Customers
14589.0,7,1,39.75,5,39.75,1,3,39.75,1,VIP Customers
14590.0,60,20,2993.37,901,2993.37,20,124,149.6685,0,Lost Customers
14593.0,33,9,3048.38,1518,3048.38,9,324,338.7088888888889,0,Lost Customers
14594.0,9,1,255.0,146,255.0,1,31,255.0,1,VIP Customers
14595.0,89,2,423.85,250,423.85,2,28,211.925,1,VIP Customers
14596.0,262,1,222.22,75,222.22,1,50,222.22,4,Loyal Customers
14597.0,15,4,1318.39,870,1318.39,4,41,329.5975,1,VIP Customers
14598.0,205,1,162.07,165,162.07,1,40,162.07,4,Loyal Customers
14599.0,26,2,457.89,292,457.89,2,77,228.945,1,VIP Customers
14600.0,29,1,471.84,362,471.84,1,29,471.84,1,VIP Customers
14602.0,292,1,205.36,80,205.36,1,31,205.36,4,Loyal Customers
14604.0,269,1,143.86,88,143.86,1,20,143.86,4,Loyal Customers
14605.0,10,4,921.56,416,921.56,4,88,230.39,1,VIP Customers
14606.0,2,102,18482.1,9287,18482.1,102,1086,181.1970588235294,3,Regular Customers
14607.0,103,8,7553.63,3809,7553.63,8,76,944.20375,0,Lost Customers
14608.0,15,7,1567.79,490,1567.79,7,10,223.97,1,VIP Customers
14609.0,26,6,884.64,5694,884.64,6,6,147.44,1,VIP Customers
14610.0,31,2,24.35,15,24.35,2,10,12.175,1,VIP Customers
14611.0,79,2,604.33,582,604.33,2,37,302.165,1,VIP Customers
14612.0,51,1,877.7,134,877.7,1,14,877.7,1,VIP Customers
14613.0,316,1,76.32000000000001,72,76.32000000000001,1,1,76.32000000000001,4,Loyal Customers
14614.0,22,1,295.13,189,295.13,1,19,295.13,1,VIP Customers
14615.0,30,5,951.76,495,951.76,5,40,190.352,1,VIP Customers
14616.0,21,2,121.7,66,121.7,2,2,60.85,1,VIP Customers
14617.0,38,2,190.47,81,190.47,2,7,95.235,1,VIP Customers
14618.0,12,4,788.88,440,788.88,4,33,197.22,1,VIP Customers
14619.0,177,1,896.8,442,896.8,1,40,896.8,4,Loyal Customers
14621.0,147,4,1212.21,713,1212.21,4,63,303.0525,1,VIP Customers
14623.0,16,5,1130.28,607,1130.28,5,110,226.056,1,VIP Customers
14624.0,51,4,588.22,483,588.22,4,30,147.055,1,VIP Customers
14625.0,10,9,3598.25,1820,3598.25,9,141,399.80555555555554,0,Lost Customers
14626.0,31,7,2619.65,1732,2619.65,7,89,374.2357142857143,1,VIP Customers
14627.0,15,1,462.75,284,462.75,1,29,462.75,1,VIP Customers
14628.0,78,3,1326.04,875,1326.04,3,52,442.0133333333333,1,VIP Customers
14630.0,120,1,338.65,111,338.65,1,21,338.65,1,VIP Customers
14631.0,22,3,1018.71,785,1018.71,3,39,339.57,1,VIP Customers
14634.0,73,4,2124.46,1906,2124.46,4,105,531.115,1,VIP Customers
14635.0,89,1,215.22,118,215.22,1,15,215.22,1,VIP Customers
14637.0,313,1,106.68,100,106.68,1,7,106.68,4,Loyal Customers
14639.0,44,3,1994.47,979,1994.47,3,97,664.8233333333334,1,VIP Customers
14640.0,45,4,1541.98,765,1541.98,4,91,385.495,1,VIP Customers
14643.0,253,3,986.08,562,986.08,3,28,328.6933333333333,4,Loyal Customers
14644.0,50,5,1416.96,512,1416.96,5,29,283.392,1,VIP Customers
14645.0,270,1,279.8,206,279.8,1,18,279.8,4,Loyal Customers
14646.0,10,78,248396.5,170278,248396.5,78,606,3184.5705128205127,2,High Value Customers
14647.0,159,1,270.0,84,270.0,1,18,270.0,4,Loyal Customers
14648.0,52,15,4466.65,3265,4466.65,15,286,297.77666666666664,0,Lost Customers
14649.0,18,5,2248.6,1411,2248.6,5,270,449.72,0,Lost Customers
14650.0,224,1,62.5,22,62.5,1,4,62.5,4,Loyal Customers
14651.0,30,7,1371.77,537,1371.77,7,146,195.96714285714285,0,Lost Customers
14653.0,149,5,1666.41,1024,1666.41,5,132,333.28200000000004,1,VIP Customers
14654.0,374,1,246.86,273,246.86,1,27,246.86,4,Loyal Customers
14655.0,24,3,1946.28,1252,1946.28,3,48,648.76,1,VIP Customers
14656.0,51,3,498.95,189,498.95,3,95,166.31666666666666,1,VIP Customers
14657.0,65,2,601.97,413,601.97,2,66,300.985,1,VIP Customers
14662.0,63,3,635.06,329,635.06,3,70,211.68666666666664,1,VIP Customers
14663.0,66,2,490.6,397,490.6,2,60,245.3,1,VIP Customers
14665.0,63,2,913.95,404,913.95,2,40,456.975,1,VIP Customers
14667.0,1,31,12418.01,7386,12418.01,31,392,400.58096774193547,0,Lost Customers
14668.0,81,1,111.63,49,111.63,1,10,111.63,1,VIP Customers
14669.0,269,4,1957.54,1273,1957.54,4,203,489.385,4,Loyal Customers
14670.0,368,1,190.47,97,190.47,1,56,190.47,4,Loyal Customers
14671.0,185,2,1127.45,571,1127.45,2,48,563.725,4,Loyal Customers
14672.0,151,2,347.59,192,347.59,2,38,173.795,4,Loyal Customers
14673.0,3,3,1674.41,1031,1674.41,3,65,558.1366666666667,1,VIP Customers
14674.0,145,1,173.66,103,173.66,1,14,173.66,4,Loyal Customers
14675.0,24,1,419.22,324,419.22,1,114,419.22,1,VIP Customers
14676.0,30,6,5808.55,6292,5808.55,6,63,968.0916666666668,1,VIP Customers
14677.0,228,1,184.91,139,184.91,1,14,184.91,4,Loyal Customers
14678.0,215,1,403.39,179,403.39,1,24,403.39,4,Loyal Customers
14679.0,17,3,1289.44,794,1289.44,3,49,429.8133333333333,1,VIP Customers
14680.0,7,43,28615.27,13882,28615.27,43,205,665.4713953488372,3,Regular Customers
14681.0,23,3,376.2000000000001,96,376.2000000000001,3,13,125.40000000000002,1,VIP Customers
14682.0,64,4,1462.81,869,1462.81,4,78,365.7025,1,VIP Customers
14683.0,224,1,146.56,386,146.56,1,21,146.56,4,Loyal Customers
14684.0,26,1,228.52,184,228.52,1,94,228.52,1,VIP Customers
14685.0,212,8,4536.64,1969,4536.64,8,109,567.08,4,Loyal Customers
14686.0,50,5,852.53,457,852.53,5,185,170.506,0,Lost Customers
14687.0,36,2,773.6800000000001,380,773.6800000000001,2,23,386.84,1,VIP Customers
14688.0,9,8,2056.3,1911,2056.3,8,94,257.0375,1,VIP Customers
14690.0,28,2,422.63,174,422.63,2,43,211.315,1,VIP Customers
14692.0,16,8,1123.59,625,1123.59,8,60,140.44875,1,VIP Customers
14693.0,61,6,992.46,354,992.46,6,39,165.41,1,VIP Customers
14694.0,253,1,244.31,193,244.31,1,15,244.31,4,Loyal Customers
14695.0,155,3,1534.22,661,1534.22,3,76,511.4066666666667,1,VIP Customers
14696.0,9,2,688.95,521,688.95,2,41,344.475,1,VIP Customers
14699.0,71,3,593.47,407,593.47,3,40,197.82333333333332,1,VIP Customers
14700.0,51,2,880.96,292,880.96,2,45,440.48,1,VIP Customers
14701.0,78,6,1961.02,823,1961.02,6,230,326.83666666666664,0,Lost Customers
14702.0,1,13,3427.44,1601,3427.44,13,204,263.6492307692308,0,Lost Customers
14704.0,60,2,258.96,121,258.96,2,53,129.48,1,VIP Customers
14706.0,254,1,367.54,246,367.54,1,25,367.54,4,Loyal Customers
14707.0,71,2,139.2,96,139.2,2,1,69.6,1,VIP Customers
14708.0,4,3,1085.91,888,1085.91,3,14,361.97,1,VIP Customers
14709.0,15,12,3965.29,1657,3965.29,12,60,330.44083333333333,0,Lost Customers
14710.0,15,9,1300.31,760,1300.31,9,203,144.4788888888889,0,Lost Customers
14712.0,54,1,411.0,96,411.0,1,7,411.0,1,VIP Customers
14713.0,1,11,2752.51,1841,2752.51,11,147,250.22818181818184,0,Lost Customers
14714.0,43,3,746.05,413,746.05,3,59,248.6833333333333,1,VIP Customers
14715.0,78,4,958.07,509,958.07,4,57,239.5175,1,VIP Customers
14716.0,80,1,235.77,148,235.77,1,44,235.77,1,VIP Customers
14717.0,369,1,81.3,32,81.3,1,11,81.3,4,Loyal Customers
14718.0,46,1,226.42,202,226.42,1,11,226.42,1,VIP Customers
14721.0,15,1,109.07,57,109.07,1,24,109.07,1,VIP Customers
14722.0,113,2,309.1,96,309.1,2,53,154.55,1,VIP Customers
14723.0,7,7,927.89,609,927.89,7,152,132.5557142857143,0,Lost Customers
14724.0,226,1,341.9,184,341.9,1,40,341.9,4,Loyal Customers
14725.0,30,3,597.16,747,597.16,3,41,199.0533333333333,1,VIP Customers
14726.0,290,1,116.5,82,116.5,1,15,116.5,4,Loyal Customers
14727.0,182,2,195.15,396,195.15,2,33,97.575,4,Loyal Customers
14728.0,49,1,190.58,68,190.58,1,14,190.58,1,VIP Customers
14729.0,9,3,586.24,372,586.24,3,126,195.41333333333333,1,VIP Customers
14732.0,28,11,2814.58,868,2814.58,11,82,255.8709090909091,0,Lost Customers
14733.0,3,4,6579.26,2715,6579.26,4,90,1644.815,0,Lost Customers
14734.0,61,4,1056.42,378,1056.42,4,48,264.105,1,VIP Customers
14735.0,24,24,6174.47,2249,6174.47,24,122,257.26958333333334,0,Lost Customers
14736.0,121,2,374.05,148,374.05,2,70,187.025,1,VIP Customers
14737.0,36,1,2389.62,726,2389.62,1,28,2389.62,1,VIP Customers
14738.0,196,2,507.45,156,507.45,2,23,253.725,4,Loyal Customers
14739.0,3,19,8385.22,6352,8385.22,19,112,441.3273684210526,0,Lost Customers
14740.0,45,8,2712.85,1346,2712.85,8,116,339.10625,0,Lost Customers
14741.0,8,2,497.25,279,497.25,2,23,248.625,1,VIP Customers
14742.0,71,1,579.85,374,579.85,1,34,579.85,1,VIP Customers
14743.0,228,1,50.48,40,50.48,1,3,50.48,4,Loyal Customers
14744.0,2,8,2785.1,1920,2785.1,8,45,348.1375,1,VIP Customers
14745.0,137,7,1331.15,931,1331.15,7,39,190.1642857142857,1,VIP Customers
14746.0,42,4,593.5,398,593.5,4,7,148.375,1,VIP Customers
14748.0,4,7,1736.57,1529,1736.57,7,77,248.08142857142855,1,VIP Customers
14749.0,115,1,310.15,403,310.15,1,18,310.15,1,VIP Customers
14750.0,372,1,112.03,65,112.03,1,32,112.03,4,Loyal Customers
14751.0,320,2,126.45,65,126.45,2,7,63.225,4,Loyal Customers
14753.0,96,1,306.36,201,306.36,1,18,306.36,1,VIP Customers
14754.0,61,4,909.88,524,909.88,4,82,227.47,1,VIP Customers
14755.0,17,14,4962.27,2182,4962.27,14,144,354.4478571428572,0,Lost Customers
14756.0,18,2,1914.8,1007,1914.8,2,68,957.4,1,VIP Customers
14758.0,32,3,1380.91,421,1380.91,3,52,460.3033333333333,1,VIP Customers
14761.0,80,1,192.02,88,192.02,1,13,192.02,1,VIP Customers
14762.0,262,1,117.05,87,117.05,1,9,117.05,4,Loyal Customers
14766.0,2,6,4082.76,2714,4082.76,6,164,680.46,0,Lost Customers
14767.0,110,1,382.81,117,382.81,1,18,382.81,1,VIP Customers
14769.0,26,9,5097.13,3819,5097.13,9,252,566.3477777777778,0,Lost Customers
14770.0,103,6,2761.2200000000003,1108,2761.2200000000003,6,119,460.2033333333334,1,VIP Customers
14771.0,257,2,594.62,622,594.62,2,46,297.31,4,Loyal Customers
14773.0,228,1,140.55,53,140.55,1,10,140.55,4,Loyal Customers
14774.0,164,1,241.45,99,241.45,1,13,241.45,4,Loyal Customers
14775.0,8,1,406.56,384,406.56,1,20,406.56,1,VIP Customers
14776.0,23,4,1170.0,1524,1170.0,4,45,292.5,1,VIP Customers
14777.0,39,1,307.56,212,307.56,1,16,307.56,1,VIP Customers
14783.0,295,1,307.3,262,307.3,1,17,307.3,4,Loyal Customers
14784.0,25,1,159.94,126,159.94,1,12,159.94,1,VIP Customers
14786.0,186,1,90.96,112,90.96,1,7,90.96,4,Loyal Customers
14787.0,107,1,110.65,59,110.65,1,14,110.65,1,VIP Customers
14788.0,232,1,476.88,298,476.88,1,28,476.88,4,Loyal Customers
14790.0,10,6,1781.56,1943,1781.56,6,52,296.9266666666667,1,VIP Customers
14791.0,242,1,303.63,127,303.63,1,19,303.63,4,Loyal Customers
14793.0,171,1,396.91,270,396.91,1,25,396.91,4,Loyal Customers
14794.0,38,3,633.99,110,633.99,3,23,211.33,1,VIP Customers
14796.0,2,11,2865.05,1627,2865.05,11,195,260.45909090909095,0,Lost Customers
14797.0,143,1,300.31,99,300.31,1,16,300.31,4,Loyal Customers
14798.0,17,5,550.5699999999999,451,550.5699999999999,5,22,110.114,1,VIP Customers
14799.0,373,1,180.45,349,180.45,1,10,180.45,4,Loyal Customers
14800.0,5,6,3415.38,3294,3415.38,6,175,569.23,0,Lost Customers
14802.0,74,2,1502.98,2,1502.98,2,1,751.49,1,VIP Customers
14805.0,40,3,536.15,302,536.15,3,72,178.71666666666667,1,VIP Customers
14806.0,75,1,110.04,93,110.04,1,9,110.04,1,VIP Customers
14807.0,26,2,504.14,234,504.14,2,37,252.07,1,VIP Customers
14809.0,257,2,686.76,232,686.76,2,18,343.38,4,Loyal Customers
14810.0,5,3,446.59,230,446.59,3,51,148.86333333333332,1,VIP Customers
14811.0,23,1,170.5,74,170.5,1,28,170.5,1,VIP Customers
14812.0,234,1,178.85,135,178.85,1,36,178.85,4,Loyal Customers
14813.0,5,4,888.91,392,888.91,4,110,222.2275,1,VIP Customers
14814.0,217,1,154.21,93,154.21,1,28,154.21,4,Loyal Customers
14817.0,31,5,2849.52,1807,2849.52,5,107,569.904,1,VIP Customers
14818.0,94,3,495.76,219,495.76,3,52,165.25333333333333,1,VIP Customers
14819.0,130,2,184.34,61,184.34,2,40,92.17,1,VIP Customers
14820.0,16,5,767.47,471,767.47,5,31,153.494,1,VIP Customers
14821.0,2,7,1230.15,459,1230.15,7,65,175.7357142857143,1,VIP Customers
14822.0,121,1,157.7,94,157.7,1,9,157.7,1,VIP Customers
14824.0,15,6,2895.2000000000003,1429,2895.2000000000003,6,76,482.53333333333336,1,VIP Customers
14825.0,4,13,2698.17,1857,2698.17,13,129,207.55153846153848,0,Lost Customers
14826.0,217,2,385.2,152,385.2,2,10,192.6,4,Loyal Customers
14828.0,24,10,7699.7,7546,7699.7,10,65,769.97,0,Lost Customers
14829.0,8,4,995.29,695,995.29,4,61,248.8225,1,VIP Customers
14831.0,316,3,1676.57,885,1676.57,3,67,558.8566666666667,4,Loyal Customers
14832.0,266,1,322.69,1,322.69,1,1,322.69,4,Loyal Customers
14833.0,134,1,94.8,58,94.8,1,7,94.8,1,VIP Customers
14834.0,43,1,485.86,138,485.86,1,20,485.86,1,VIP Customers
14835.0,164,2,297.0,180,297.0,2,1,148.5,4,Loyal Customers
14837.0,78,5,1810.82,1594,1810.82,5,91,362.164,1,VIP Customers
14838.0,59,2,769.9200000000001,361,769.9200000000001,2,69,384.96,1,VIP Customers
14839.0,54,3,915.28,927,915.28,3,61,305.0933333333333,1,VIP Customers
14840.0,175,1,299.86,148,299.86,1,18,299.86,4,Loyal Customers
14841.0,10,8,3867.24,2386,3867.24,8,129,483.405,0,Lost Customers
14843.0,72,1,211.8,132,211.8,1,9,211.8,1,VIP Customers
14844.0,66,6,3512.62,2536,3512.62,6,98,585.4366666666666,1,VIP Customers
14845.0,235,1,150.0,600,150.0,1,1,150.0,4,Loyal Customers
14846.0,63,1,437.4,193,437.4,1,12,437.4,1,VIP Customers
14847.0,43,2,1039.55,413,1039.55,2,47,519.775,1,VIP Customers
14848.0,40,1,310.56,260,310.56,1,11,310.56,1,VIP Customers
14849.0,9,21,7832.91,6332,7832.91,21,182,372.9957142857143,0,Lost Customers
14850.0,53,6,1445.21,1100,1445.21,6,120,240.8683333333333,1,VIP Customers
14851.0,266,1,318.06,306,318.06,1,14,318.06,4,Loyal Customers
14852.0,60,12,3295.74,2619,3295.74,12,73,274.64500000000004,0,Lost Customers
14853.0,59,3,901.07,263,901.07,3,19,300.3566666666666,1,VIP Customers
14854.0,26,4,1563.03,1167,1563.03,4,75,390.7575,1,VIP Customers
14855.0,110,5,5874.65,3243,5874.65,5,156,1174.9299999999998,0,Lost Customers
14857.0,78,5,2478.731,1617,2478.731,5,125,495.7462,1,VIP Customers
14858.0,141,1,180.75,105,180.75,1,11,180.75,4,Loyal Customers
14859.0,190,1,351.9,217,351.9,1,8,351.9,4,Loyal Customers
14861.0,16,9,1254.94,959,1254.94,9,58,139.4377777777778,1,VIP Customers
14865.0,8,3,77.52,192,77.52,3,3,25.84,1,VIP Customers
14866.0,2,8,6460.32,2481,6460.32,8,13,807.54,1,VIP Customers
14867.0,31,13,2241.78,668,2241.78,13,53,172.4446153846154,0,Lost Customers
14868.0,16,4,1230.42,825,1230.42,4,56,307.605,1,VIP Customers
14869.0,24,4,2056.69,1581,2056.69,4,136,514.1725,1,VIP Customers
14870.0,49,5,1511.7,364,1511.7,5,34,302.34000000000003,1,VIP Customers
14871.0,129,5,726.89,267,726.89,5,73,145.378,1,VIP Customers
14872.0,119,3,816.6,662,816.6,3,34,272.2,1,VIP Customers
14873.0,269,1,334.45,143,334.45,1,21,334.45,4,Loyal Customers
14874.0,171,1,116.18,148,116.18,1,6,116.18,4,Loyal Customers
14875.0,77,1,1397.08,774,1397.08,1,42,1397.08,1,VIP Customers
14876.0,157,2,256.7,162,256.7,2,12,128.35,4,Loyal Customers
14877.0,54,2,425.85,168,425.85,2,57,212.925,1,VIP Customers
14878.0,12,16,2600.41,1617,2600.41,16,122,162.525625,0,Lost Customers
14879.0,320,1,185.06,104,185.06,1,27,185.06,4,Loyal Customers
14882.0,26,12,2956.95,1456,2956.95,12,31,246.4125,1,VIP Customers
14884.0,305,1,120.6,72,120.6,1,8,120.6,4,Loyal Customers
14885.0,63,2,832.8,584,832.8,2,16,416.4,1,VIP Customers
14890.0,254,2,691.6,585,691.6,2,49,345.8,4,Loyal Customers
14891.0,52,2,552.35,283,552.35,2,29,276.175,1,VIP Customers
14892.0,326,1,202.35,79,202.35,1,13,202.35,4,Loyal Customers
14893.0,253,1,571.76,248,571.76,1,33,571.76,4,Loyal Customers
14894.0,79,2,837.0600000000001,338,837.0600000000001,2,23,418.53,1,VIP Customers
14895.0,19,18,13980.83,5863,13980.83,18,265,776.7127777777778,0,Lost Customers
14896.0,1,7,1614.45,836,1614.45,7,140,230.6357142857143,0,Lost Customers
14897.0,45,4,1774.16,694,1774.16,4,61,443.54,1,VIP Customers
14898.0,7,9,2195.14,1224,2195.14,9,124,243.90444444444444,0,Lost Customers
14899.0,31,1,1331.38,570,1331.38,1,126,1331.38,1,VIP Customers
14900.0,158,1,13.919999999999998,48,13.919999999999998,1,1,13.919999999999998,4,Loyal Customers
14901.0,2,5,860.11,387,860.11,5,60,172.022,1,VIP Customers
14902.0,31,2,702.96,498,702.96,2,34,351.48,1,VIP Customers
14904.0,44,2,605.05,537,605.05,2,62,302.525,1,VIP Customers
14905.0,10,6,1355.24,722,1355.24,6,39,225.8733333333333,1,VIP Customers
14906.0,81,1,68.44,1,68.44,1,1,68.44,1,VIP Customers
14907.0,3,10,2664.69,1126,2664.69,10,79,266.469,1,VIP Customers
14908.0,99,1,104.1,50,104.1,1,5,104.1,1,VIP Customers
14909.0,73,3,1404.68,888,1404.68,3,61,468.2266666666667,1,VIP Customers
14911.0,1,205,152121.22,69709,152121.22,205,1741,742.054731707317,2,High Value Customers
14912.0,37,4,1021.4,848,1021.4,4,28,255.35,1,VIP Customers
14913.0,24,4,2845.7000000000003,2212,2845.7000000000003,4,124,711.4250000000001,1,VIP Customers
14915.0,11,9,1503.77,595,1503.77,9,56,167.08555555555554,1,VIP Customers
14916.0,67,4,1773.97,1279,1773.97,4,52,443.4925,1,VIP Customers
14917.0,232,2,1123.75,891,1123.75,2,29,561.875,4,Loyal Customers
14918.0,40,7,4345.66,1876,4345.66,7,64,620.8085714285714,1,VIP Customers
14919.0,175,1,359.35,129,359.35,1,13,359.35,4,Loyal Customers
14920.0,201,1,629.4,377,629.4,1,40,629.4,4,Loyal Customers
14922.0,29,2,843.74,376,843.74,2,49,421.87,1,VIP Customers
14924.0,246,2,620.96,248,620.96,2,20,310.48,4,Loyal Customers
14926.0,17,2,359.4,204,359.4,2,2,179.7,1,VIP Customers
14927.0,32,1,308.2,196,308.2,1,20,308.2,1,VIP Customers
14928.0,263,1,223.91000000000005,268,223.91000000000005,1,21,223.91000000000005,4,Loyal Customers
14929.0,57,1,612.8100000000001,351,612.8100000000001,1,23,612.8100000000001,1,VIP Customers
14930.0,106,3,2873.77,1033,2873.77,3,129,957.9233333333332,1,VIP Customers
14932.0,1,2,666.13,257,666.13,2,29,333.065,1,VIP Customers
14933.0,79,4,1770.0,600,1770.0,4,1,442.5,1,VIP Customers
14934.0,14,3,1612.56,1058,1612.56,3,66,537.52,1,VIP Customers
14935.0,255,1,1065.12,996,1065.12,1,16,1065.12,4,Loyal Customers
14936.0,26,4,4273.79,2189,4273.79,4,129,1068.4475,0,Lost Customers
14938.0,198,2,2322.43,1369,2322.43,2,71,1161.215,4,Loyal Customers
14940.0,53,2,531.49,384,531.49,2,32,265.745,1,VIP Customers
14941.0,214,1,182.1,80,182.1,1,7,182.1,4,Loyal Customers
14942.0,37,4,746.56,354,746.56,4,12,186.64,1,VIP Customers
14943.0,299,1,107.62,46,107.62,1,5,107.62,4,Loyal Customers
14944.0,25,7,3884.42,2049,3884.42,7,110,554.9171428571428,0,Lost Customers
14945.0,49,1,179.4,156,179.4,1,11,179.4,1,VIP Customers
14947.0,24,4,758.97,237,758.97,4,37,189.7425,1,VIP Customers
14949.0,105,4,515.0,250,515.0,4,16,128.75,1,VIP Customers
14952.0,32,21,9529.86,3622,9529.86,21,141,453.8028571428572,0,Lost Customers
14953.0,54,3,685.65,790,685.65,3,153,228.55,1,VIP Customers
14954.0,339,1,167.27,92,167.27,1,41,167.27,4,Loyal Customers
14955.0,368,1,163.77,74,163.77,1,30,163.77,4,Loyal Customers
14956.0,57,1,1325.0,2500,1325.0,1,4,1325.0,1,VIP Customers
14957.0,280,1,203.2,63,203.2,1,15,203.2,4,Loyal Customers
14958.0,231,3,458.26,120,458.26,3,26,152.75333333333333,4,Loyal Customers
14961.0,15,13,9365.47,4664,9365.47,13,212,720.4207692307692,0,Lost Customers
14962.0,175,3,240.21000000000004,79,240.21000000000004,3,9,80.07000000000001,4,Loyal Customers
14963.0,15,7,1651.23,1128,1651.23,7,193,235.89,0,Lost Customers
14966.0,23,5,881.24,881,881.24,5,93,176.248,1,VIP Customers
14967.0,77,5,1518.81,512,1518.81,5,19,303.762,1,VIP Customers
14968.0,94,1,353.65,130,353.65,1,47,353.65,1,VIP Customers
14969.0,339,1,906.23,665,906.23,1,13,906.23,4,Loyal Customers
14970.0,45,8,3327.29,732,3327.29,8,54,415.91125,1,VIP Customers
14972.0,17,1,30.300000000000004,12,30.300000000000004,1,2,30.300000000000004,1,VIP Customers
14975.0,57,1,192.45,127,192.45,1,15,192.45,1,VIP Customers
14977.0,361,1,31.93,17,31.93,1,4,31.93,4,Loyal Customers
14978.0,66,5,1190.82,213,1190.82,5,56,238.164,1,VIP Customers
14979.0,371,1,429.66,209,429.66,1,42,429.66,4,Loyal Customers
14980.0,373,1,150.68,79,150.68,1,24,150.68,4,Loyal Customers
14981.0,59,1,270.8,144,270.8,1,14,270.8,1,VIP Customers
14982.0,208,1,237.78,125,237.78,1,39,237.78,4,Loyal Customers
14983.0,325,1,183.2,90,183.2,1,30,183.2,4,Loyal Customers
14984.0,24,4,1058.14,290,1058.14,4,11,264.535,1,VIP Customers
14986.0,12,2,563.1,338,563.1,2,87,281.55,1,VIP Customers
14987.0,1,7,1387.4499999999998,543,1387.4499999999998,7,4,198.20714285714283,1,VIP Customers
14988.0,16,6,1704.11,1119,1704.11,6,140,284.0183333333334,1,VIP Customers
14989.0,297,1,342.4,200,342.4,1,18,342.4,4,Loyal Customers
14990.0,248,2,304.17,129,304.17,2,41,152.085,4,Loyal Customers
14991.0,66,1,314.67,191,314.67,1,21,314.67,1,VIP Customers
14992.0,78,1,210.5,145,210.5,1,27,210.5,1,VIP Customers
14993.0,199,1,36.13,21,36.13,1,9,36.13,4,Loyal Customers
14994.0,18,5,946.72,568,946.72,5,233,189.344,0,Lost Customers
14996.0,117,2,442.29,404,442.29,2,37,221.145,1,VIP Customers
14997.0,291,1,230.4,288,230.4,1,12,230.4,4,Loyal Customers
14998.0,64,2,338.31,94,338.31,2,49,169.155,1,VIP Customers
14999.0,228,1,129.48000000000002,88,129.48000000000002,1,9,129.48000000000002,4,Loyal Customers
15001.0,30,2,199.11,70,199.11,2,44,99.555,1,VIP Customers
15002.0,3,6,3127.9700000000003,1631,3127.9700000000003,6,172,521.3283333333334,0,Lost Customers
15003.0,109,6,1027.03,525,1027.03,6,253,171.17166666666665,0,Lost Customers
15005.0,2,29,7681.71,4554,7681.71,29,409,264.8865517241379,0,Lost Customers
15006.0,89,1,277.4,101,277.4,1,47,277.4,1,VIP Customers
15008.0,116,2,360.0,1500,360.0,2,6,180.0,1,VIP Customers
15011.0,31,2,416.6,289,416.6,2,17,208.3,1,VIP Customers
15012.0,9,2,429.78,242,429.78,2,107,214.89,1,VIP Customers
15013.0,123,10,1610.82,1715,1610.82,10,177,161.082,0,Lost Customers
15015.0,137,13,2354.97,1584,2354.97,13,158,181.15153846153845,0,Lost Customers
15016.0,29,4,450.85,167,450.85,4,77,112.7125,1,VIP Customers
15018.0,3,1,111.25,21,111.25,1,5,111.25,1,VIP Customers
15020.0,15,1,198.47,111,198.47,1,27,198.47,1,VIP Customers
15021.0,2,4,826.91,350,826.91,4,154,206.7275,1,VIP Customers
15022.0,313,1,281.05,113,281.05,1,19,281.05,4,Loyal Customers
15023.0,5,10,5287.64,2157,5287.64,10,264,528.764,0,Lost Customers
15024.0,3,8,2414.18,1281,2414.18,8,120,301.7725,0,Lost Customers
15025.0,204,1,617.83,319,617.83,1,72,617.83,4,Loyal Customers
15026.0,11,2,579.89,370,579.89,2,65,289.945,1,VIP Customers
15027.0,31,6,2129.45,2217,2129.45,6,46,354.9083333333333,1,VIP Customers
15028.0,4,3,521.78,333,521.78,3,45,173.92666666666665,1,VIP Customers
15029.0,255,1,365.1,234,365.1,1,10,365.1,4,Loyal Customers
15030.0,16,6,1461.63,853,1461.63,6,19,243.605,1,VIP Customers
15031.0,30,10,2449.75,1176,2449.75,10,187,244.975,0,Lost Customers
15032.0,2,7,8821.55,5291,8821.55,7,39,1260.2214285714283,0,Lost Customers
15034.0,22,6,3957.04,2335,3957.04,6,231,659.5066666666667,0,Lost Customers
15037.0,12,2,397.76,298,397.76,2,40,198.88,1,VIP Customers
15038.0,5,4,579.67,212,579.67,4,119,144.9175,1,VIP Customers
15039.0,4,47,19960.3,8905,19960.3,47,389,424.6872340425532,3,Regular Customers
15040.0,177,1,7.49,1,7.49,1,1,7.49,4,Loyal Customers
15041.0,80,1,109.47,91,109.47,1,35,109.47,1,VIP Customers
15042.0,231,1,179.52,208,179.52,1,4,179.52,4,Loyal Customers
15043.0,99,5,2333.32,719,2333.32,5,39,466.66399999999993,1,VIP Customers
15044.0,15,18,8389.42,2456,8389.42,18,202,466.0788888888889,0,Lost Customers
15046.0,61,10,2533.37,1213,2533.37,10,139,253.337,0,Lost Customers
15048.0,4,1,98.7,32,98.7,1,23,98.7,1,VIP Customers
15050.0,57,2,2349.5,1384,2349.5,2,58,1174.75,1,VIP Customers
15051.0,15,6,2543.55,2042,2543.55,6,113,423.925,1,VIP Customers
15055.0,110,3,549.12,225,549.12,3,77,183.04,1,VIP Customers
15056.0,156,1,113.65,69,113.65,1,6,113.65,4,Loyal Customers
15057.0,79,3,1766.46,726,1766.46,3,38,588.82,1,VIP Customers
15058.0,12,5,1285.04,591,1285.04,5,52,257.008,1,VIP Customers
15059.0,12,10,2153.48,995,2153.48,10,210,215.348,0,Lost Customers
15061.0,3,86,83284.38,51791,83284.38,86,116,968.423023255814,3,Regular Customers
15062.0,59,4,1597.76,1109,1597.76,4,75,399.44,1,VIP Customers
15064.0,46,4,1254.41,810,1254.41,4,75,313.6025,1,VIP Customers
15065.0,46,1,168.73,63,168.73,1,11,168.73,1,VIP Customers
15067.0,49,2,2118.12,1197,2118.12,2,94,1059.06,1,VIP Customers
15068.0,54,2,621.54,468,621.54,2,104,310.77,1,VIP Customers
15070.0,8,3,737.0500000000001,339,737.0500000000001,3,26,245.68333333333337,1,VIP Customers
15071.0,22,2,473.49,147,473.49,2,27,236.745,1,VIP Customers
15072.0,115,1,187.52,164,187.52,1,13,187.52,1,VIP Customers
15073.0,36,5,1744.61,919,1744.61,5,89,348.922,1,VIP Customers
15074.0,65,2,817.46,608,817.46,2,31,408.73,1,VIP Customers
15076.0,128,2,566.89,295,566.89,2,30,283.445,1,VIP Customers
15077.0,130,2,2428.08,528,2428.08,2,28,1214.04,1,VIP Customers
15078.0,4,23,8018.77,3885,8018.77,23,58,348.6421739130435,0,Lost Customers
15079.0,1,8,2871.74,1115,2871.74,8,83,358.96750000000003,1,VIP Customers
15080.0,63,2,546.25,287,546.25,2,31,273.125,1,VIP Customers
15081.0,3,8,1460.92,616,1460.92,8,58,182.615,1,VIP Customers
15082.0,304,1,93.35,43,93.35,1,6,93.35,4,Loyal Customers
15084.0,15,2,965.2,600,965.2,2,31,482.6,1,VIP Customers
15085.0,365,1,347.54,169,347.54,1,9,347.54,4,Loyal Customers
15086.0,200,2,218.53,95,218.53,2,10,109.265,4,Loyal Customers
15091.0,310,2,565.9,236,565.9,2,27,282.95,4,Loyal Customers
15092.0,98,1,318.65,95,318.65,1,19,318.65,1,VIP Customers
15093.0,8,18,9729.09,7897,9729.09,18,86,540.505,0,Lost Customers
15094.0,99,2,83.0,28,83.0,2,4,41.5,1,VIP Customers
15095.0,56,6,1771.04,1154,1771.04,6,60,295.17333333333335,1,VIP Customers
15097.0,219,2,660.27,254,660.27,2,39,330.135,4,Loyal Customers
15100.0,2,6,2018.7,254,2018.7,6,11,336.45,1,VIP Customers
15101.0,151,4,1160.41,435,1160.41,4,48,290.1025,1,VIP Customers
15102.0,166,2,554.67,339,554.67,2,26,277.335,4,Loyal Customers
15105.0,66,2,795.98,536,795.98,2,50,397.99,1,VIP Customers
15107.0,8,4,620.85,187,620.85,4,28,155.2125,1,VIP Customers
15109.0,215,2,498.15,127,498.15,2,18,249.075,4,Loyal Customers
15110.0,39,2,509.75,91,509.75,2,14,254.875,1,VIP Customers
15111.0,8,3,1163.39,454,1163.39,3,60,387.7966666666667,1,VIP Customers
15112.0,247,1,209.4,72,209.4,1,7,209.4,4,Loyal Customers
15114.0,19,2,639.56,436,639.56,2,33,319.78,1,VIP Customers
15115.0,368,1,191.74,88,191.74,1,14,191.74,4,Loyal Customers
15117.0,84,3,934.19,1145,934.19,3,46,311.3966666666667,1,VIP Customers
15122.0,58,8,2853.49,1233,2853.49,8,107,356.68625000000003,1,VIP Customers
15123.0,57,3,2456.86,1329,2456.86,3,66,818.9533333333334,1,VIP Customers
15124.0,112,2,266.63,229,266.63,2,16,133.315,1,VIP Customers
15125.0,115,9,5496.39,2240,5496.39,9,72,610.71,0,Lost Customers
15126.0,172,2,449.49,273,449.49,2,25,224.745,4,Loyal Customers
15127.0,155,1,304.97,213,304.97,1,12,304.97,4,Loyal Customers
15128.0,66,1,312.68,240,312.68,1,21,312.68,1,VIP Customers
15129.0,21,12,3412.78,2208,3412.78,12,56,284.39833333333337,0,Lost Customers
15131.0,30,1,80.28,88,80.28,1,7,80.28,1,VIP Customers
15133.0,18,2,824.48,280,824.48,2,20,412.24,1,VIP Customers
15134.0,17,2,208.3,170,208.3,2,12,104.15,1,VIP Customers
15135.0,192,1,166.63,41,166.63,1,11,166.63,4,Loyal Customers
15137.0,156,2,823.4,596,823.4,2,34,411.7,4,Loyal Customers
15138.0,29,1,502.52,300,502.52,1,31,502.52,1,VIP Customers
15140.0,78,1,889.44,438,889.44,1,32,889.44,1,VIP Customers
15141.0,93,7,1388.47,1197,1388.47,7,44,198.35285714285715,1,VIP Customers
15142.0,46,5,2121.18,1790,2121.18,5,97,424.236,1,VIP Customers
15143.0,68,1,304.18,170,304.18,1,17,304.18,1,VIP Customers
15144.0,15,12,5579.87,2201,5579.87,12,98,464.9891666666667,0,Lost Customers
15149.0,212,4,1033.81,252,1033.81,4,44,258.4525,4,Loyal Customers
15150.0,92,3,3686.61,2525,3686.61,3,231,1228.87,0,Lost Customers
15151.0,59,2,2085.61,795,2085.61,2,56,1042.805,1,VIP Customers
15152.0,337,1,518.14,290,518.14,1,29,518.14,4,Loyal Customers
15154.0,114,2,1089.44,244,1089.44,2,101,544.72,1,VIP Customers
15155.0,19,1,383.97,192,383.97,1,24,383.97,1,VIP Customers
15157.0,205,2,718.04,1074,718.04,2,27,359.02,4,Loyal Customers
15158.0,37,1,204.62,21,204.62,1,4,204.62,1,VIP Customers
15159.0,31,4,3475.7200000000003,2071,3475.7200000000003,4,91,868.9300000000001,1,VIP Customers
15160.0,10,3,431.11,223,431.11,3,16,143.70333333333335,1,VIP Customers
15161.0,24,1,119.92,144,119.92,1,33,119.92,1,VIP Customers
15162.0,367,1,312.9,74,312.9,1,12,312.9,4,Loyal Customers
15164.0,25,6,1203.53,561,1203.53,6,193,200.5883333333333,0,Lost Customers
15165.0,9,1,487.75,160,487.75,1,27,487.75,1,VIP Customers
15166.0,103,1,167.16,140,167.16,1,12,167.16,1,VIP Customers
15167.0,43,4,1468.82,798,1468.82,4,233,367.205,0,Lost Customers
15169.0,18,2,569.22,356,569.22,2,58,284.61,1,VIP Customers
15170.0,42,1,81.15,33,81.15,1,4,81.15,1,VIP Customers
15173.0,16,7,1494.6,840,1494.6,7,68,213.5142857142857,1,VIP Customers
15174.0,46,1,345.71,237,345.71,1,23,345.71,1,VIP Customers
15176.0,303,1,988.04,448,988.04,1,52,988.04,4,Loyal Customers
15177.0,61,1,948.93,485,948.93,1,26,948.93,1,VIP Customers
15179.0,28,8,5284.97,3478,5284.97,8,154,660.62125,0,Lost Customers
15180.0,3,3,816.9300000000001,654,816.9300000000001,3,46,272.31,1,VIP Customers
15181.0,56,2,510.72,144,510.72,2,4,255.36,1,VIP Customers
15182.0,21,9,2376.102,933,2376.102,9,68,264.0113333333333,1,VIP Customers
15183.0,183,3,639.93,297,639.93,3,33,213.31,4,Loyal Customers
15184.0,23,2,283.19,263,283.19,2,19,141.595,1,VIP Customers
15186.0,110,3,991.79,501,991.79,3,22,330.5966666666667,1,VIP Customers
15188.0,361,1,310.43,233,310.43,1,23,310.43,4,Loyal Customers
15189.0,17,5,1298.99,753,1298.99,5,20,259.798,1,VIP Customers
15190.0,70,1,834.4399999999999,790,834.4399999999999,1,40,834.4399999999999,1,VIP Customers
15191.0,99,3,588.05,287,588.05,3,33,196.01666666666665,1,VIP Customers
15192.0,1,3,937.07,726,937.07,3,40,312.3566666666667,1,VIP Customers
15194.0,4,14,4811.16,3466,4811.16,14,105,343.6542857142857,0,Lost Customers
15196.0,68,2,313.7,130,313.7,2,34,156.85,1,VIP Customers
15197.0,30,3,797.9,589,797.9,3,23,265.96666666666664,1,VIP Customers
15198.0,44,3,377.71,207,377.71,3,20,125.90333333333332,1,VIP Customers
15199.0,10,6,1853.7,498,1853.7,6,17,308.95,1,VIP Customers
15200.0,130,1,549.0500000000001,195,549.0500000000001,1,30,549.0500000000001,1,VIP Customers
15201.0,75,2,606.4100000000001,450,606.4100000000001,2,23,303.20500000000004,1,VIP Customers
15202.0,56,3,6001.49,3,6001.49,3,1,2000.496666666667,1,VIP Customers
15203.0,26,9,2572.38,2429,2572.38,9,108,285.82,0,Lost Customers
15207.0,52,3,683.92,428,683.92,3,19,227.97333333333333,1,VIP Customers
15208.0,59,1,100.4,40,100.4,1,6,100.4,1,VIP Customers
15209.0,366,1,178.98000000000002,94,178.98000000000002,1,13,178.98000000000002,4,Loyal Customers
15210.0,14,2,845.01,613,845.01,2,46,422.505,1,VIP Customers
15211.0,1,1,383.07,117,383.07,1,23,383.07,1,VIP Customers
15212.0,12,1,106.48,48,106.48,1,5,106.48,1,VIP Customers
15215.0,29,4,1687.49,551,1687.49,4,59,421.8725,1,VIP Customers
15216.0,254,1,389.49,189,389.49,1,22,389.49,4,Loyal Customers
15217.0,199,1,426.24,190,426.24,1,28,426.24,4,Loyal Customers
15218.0,25,11,5711.9400000000005,3201,5711.9400000000005,11,95,519.2672727272728,0,Lost Customers
15219.0,284,1,379.7,226,379.7,1,17,379.7,4,Loyal Customers
15221.0,2,4,2062.2,244,2062.2,4,21,515.55,1,VIP Customers
15222.0,108,10,2965.91,4018,2965.91,10,97,296.591,0,Lost Customers
15223.0,245,3,662.2,172,662.2,3,12,220.73333333333332,4,Loyal Customers
15224.0,148,3,549.28,291,549.28,3,19,183.09333333333333,4,Loyal Customers
15227.0,32,4,1269.09,467,1269.09,4,54,317.27250000000004,1,VIP Customers
15228.0,64,2,2193.56,1120,2193.56,2,94,1096.78,1,VIP Customers
15229.0,222,1,160.5,114,160.5,1,9,160.5,4,Loyal Customers
15231.0,257,1,250.26,190,250.26,1,14,250.26,4,Loyal Customers
15233.0,37,1,59.400000000000006,12,59.400000000000006,1,1,59.400000000000006,1,VIP Customers
15235.0,5,6,690.3000000000001,411,690.3000000000001,6,43,115.05,1,VIP Customers
15240.0,10,7,2753.41,1845,2753.41,7,97,393.3442857142857,1,VIP Customers
15241.0,66,3,1293.72,1510,1293.72,3,56,431.24,1,VIP Customers
15242.0,58,1,302.04,196,302.04,1,4,302.04,1,VIP Customers
15243.0,71,1,610.6,358,610.6,1,39,610.6,1,VIP Customers
15244.0,302,1,280.51,67,280.51,1,14,280.51,4,Loyal Customers
15245.0,38,5,2095.0,1237,2095.0,5,36,419.0,1,VIP Customers
15246.0,191,1,266.25,112,266.25,1,18,266.25,4,Loyal Customers
15247.0,113,2,620.06,354,620.06,2,10,310.03,1,VIP Customers
15248.0,47,3,1893.93,1065,1893.93,3,103,631.3100000000001,1,VIP Customers
15249.0,66,5,2577.54,1403,2577.54,5,122,515.508,1,VIP Customers
15250.0,276,1,60.0,48,60.0,1,3,60.0,4,Loyal Customers
15251.0,50,10,9839.55,5937,9839.55,10,99,983.955,0,Lost Customers
15252.0,57,3,1362.63,908,1362.63,3,73,454.21,1,VIP Customers
15253.0,39,3,1136.89,722,1136.89,3,58,378.96333333333337,1,VIP Customers
15254.0,182,2,787.99,436,787.99,2,46,393.995,4,Loyal Customers
15255.0,32,8,2815.17,1725,2815.17,8,101,351.89625,1,VIP Customers
15256.0,197,1,71.95,37,71.95,1,4,71.95,4,Loyal Customers
15257.0,50,1,368.75,25,368.75,1,5,368.75,1,VIP Customers
15259.0,148,4,1182.38,631,1182.38,4,50,295.595,1,VIP Customers
15260.0,8,20,7377.46,3837,7377.46,20,161,368.873,0,Lost Customers
15261.0,17,3,1253.18,536,1253.18,3,70,417.7266666666667,1,VIP Customers
15262.0,16,2,239.87,145,239.87,2,14,119.935,1,VIP Customers
15264.0,166,1,454.66,178,454.66,1,32,454.66,4,Loyal Customers
15265.0,240,2,1839.52,958,1839.52,2,109,919.76,4,Loyal Customers
15266.0,15,4,732.91,218,732.91,4,36,183.2275,1,VIP Customers
15268.0,114,3,961.9,428,961.9,3,21,320.6333333333334,1,VIP Customers
15269.0,16,2,816.5600000000001,346,816.5600000000001,2,32,408.28,1,VIP Customers
15270.0,36,14,6145.37,2489,6145.37,14,55,438.955,0,Lost Customers
15271.0,1,10,2146.95,1239,2146.95,10,248,214.695,0,Lost Customers
15272.0,86,4,1309.01,355,1309.01,4,209,327.2525,0,Lost Customers
15273.0,235,1,228.96,216,228.96,1,1,228.96,4,Loyal Customers
15276.0,30,3,491.17,256,491.17,3,115,163.72333333333333,1,VIP Customers
15277.0,61,1,220.44,168,220.44,1,14,220.44,1,VIP Customers
15278.0,197,4,496.16,458,496.16,4,29,124.04,4,Loyal Customers
15279.0,16,4,1290.03,613,1290.03,4,58,322.5075,1,VIP Customers
15280.0,124,2,284.4,353,284.4,2,39,142.2,1,VIP Customers
15281.0,14,7,6211.42,4022,6211.42,7,337,887.3457142857143,0,Lost Customers
15282.0,206,1,348.59,395,348.59,1,27,348.59,4,Loyal Customers
15283.0,26,3,148.32999999999998,27,148.32999999999998,3,9,49.44333333333333,1,VIP Customers
15284.0,136,1,24.75,5,24.75,1,1,24.75,1,VIP Customers
15285.0,43,1,94.92,120,94.92,1,6,94.92,1,VIP Customers
15287.0,15,3,369.34,577,369.34,3,13,123.11333333333334,1,VIP Customers
15288.0,1,6,1574.51,627,1574.51,6,78,262.4183333333333,1,VIP Customers
15289.0,94,2,653.3100000000001,619,653.3100000000001,2,33,326.65500000000003,1,VIP Customers
15290.0,29,8,2553.06,2066,2553.06,8,34,319.1325,1,VIP Customers
15291.0,9,26,9178.26,2914,9178.26,26,80,353.01,0,Lost Customers
15293.0,301,1,247.5,178,247.5,1,19,247.5,4,Loyal Customers
15294.0,46,1,233.35,97,233.35,1,15,233.35,1,VIP Customers
15295.0,290,1,207.04,139,207.04,1,50,207.04,4,Loyal Customers
15296.0,56,6,6650.17,3686,6650.17,6,253,1108.361666666667,0,Lost Customers
15298.0,2,12,4659.47,3170,4659.47,12,145,388.2891666666667,0,Lost Customers
15299.0,8,6,3484.53,2505,3484.53,6,5,580.755,1,VIP Customers
15301.0,4,6,2533.09,1515,2533.09,6,106,422.1816666666667,1,VIP Customers
15302.0,366,1,308.0,102,308.0,1,15,308.0,4,Loyal Customers
15303.0,201,2,650.16,266,650.16,2,36,325.08,4,Loyal Customers
15304.0,4,2,225.15,29,225.15,2,5,112.575,1,VIP Customers
15305.0,191,1,93.6,40,93.6,1,5,93.6,4,Loyal Customers
15306.0,136,6,2310.38,2264,2310.38,6,80,385.0633333333333,1,VIP Customers
15309.0,246,4,797.96,440,797.96,4,49,199.49,4,Loyal Customers
15310.0,114,1,1634.64,1476,1634.64,1,45,1634.64,1,VIP Customers
15311.0,1,121,55942.74,32784,55942.74,121,594,462.336694214876,3,Regular Customers
15312.0,19,8,2005.34,1177,2005.34,8,90,250.6675,1,VIP Customers
15314.0,49,2,492.48,437,492.48,2,25,246.24,1,VIP Customers
15317.0,313,1,129.75,45,129.75,1,5,129.75,4,Loyal Customers
15321.0,73,9,3961.42,2472,3961.42,9,186,440.15777777777777,0,Lost Customers
15322.0,112,1,711.18,555,711.18,1,41,711.18,1,VIP Customers
15323.0,198,3,434.6,188,434.6,3,29,144.86666666666667,4,Loyal Customers
15324.0,337,1,140.22000000000003,74,140.22000000000003,1,8,140.22000000000003,4,Loyal Customers
15325.0,31,7,1439.72,1151,1439.72,7,141,205.67428571428573,0,Lost Customers
15326.0,245,4,1388.81,965,1388.81,4,78,347.2025,4,Loyal Customers
15328.0,43,1,107.24,88,107.24,1,8,107.24,1,VIP Customers
15329.0,10,8,1909.13,731,1909.13,8,60,238.64125,1,VIP Customers
15331.0,135,3,767.91,701,767.91,3,41,255.97,1,VIP Customers
15332.0,2,6,4892.68,2306,4892.68,6,113,815.4466666666667,0,Lost Customers
15336.0,37,1,240.5,84,240.5,1,15,240.5,1,VIP Customers
15337.0,47,1,373.02,200,373.02,1,21,373.02,1,VIP Customers
15338.0,313,1,277.93,148,277.93,1,56,277.93,4,Loyal Customers
15339.0,57,5,1246.95,722,1246.95,5,108,249.39,1,VIP Customers
15340.0,197,1,105.5,76,105.5,1,7,105.5,4,Loyal Customers
15341.0,85,1,382.2,196,382.2,1,7,382.2,1,VIP Customers
15346.0,61,2,343.7,116,343.7,2,20,171.85,1,VIP Customers
15347.0,2,4,1162.0,542,1162.0,4,29,290.5,1,VIP Customers
15350.0,9,2,547.6,272,547.6,2,26,273.8,1,VIP Customers
15351.0,5,4,1770.23,737,1770.23,4,103,442.5575,1,VIP Customers
15352.0,184,1,111.15,40,111.15,1,34,111.15,4,Loyal Customers
15353.0,3,6,2336.0,1181,2336.0,6,247,389.3333333333333,0,Lost Customers
15354.0,239,3,284.4,3,284.4,3,1,94.8,4,Loyal Customers
15356.0,4,4,664.66,324,664.66,4,153,166.165,1,VIP Customers
15358.0,1,22,8703.21,8328,8703.21,22,264,395.6004545454545,0,Lost Customers
15359.0,298,8,181.35,145,181.35,8,10,22.66875,4,Loyal Customers
15361.0,162,3,270.15,37,270.15,3,3,90.05,4,Loyal Customers
15362.0,84,2,613.08,368,613.08,2,38,306.54,1,VIP Customers
15363.0,8,2,678.11,383,678.11,2,32,339.055,1,VIP Customers
15365.0,39,6,2242.81,1047,2242.81,6,82,373.8016666666667,1,VIP Customers
15366.0,45,5,1786.57,1826,1786.57,5,67,357.314,1,VIP Customers
15367.0,54,7,3203.74,1887,3203.74,7,148,457.6771428571429,0,Lost Customers
15368.0,30,1,275.8,176,275.8,1,4,275.8,1,VIP Customers
15369.0,128,11,6251.26,3288,6251.26,11,44,568.2963636363637,0,Lost Customers
15370.0,46,1,1352.96,567,1352.96,1,50,1352.96,1,VIP Customers
15371.0,298,1,59.400000000000006,12,59.400000000000006,1,1,59.400000000000006,4,Loyal Customers
15372.0,86,7,4009.66,3486,4009.66,7,19,572.8085714285714,1,VIP Customers
15373.0,7,6,1002.93,268,1002.93,6,49,167.155,1,VIP Customers
15374.0,260,1,139.32,164,139.32,1,6,139.32,4,Loyal Customers
15375.0,326,1,60.96,84,60.96,1,6,60.96,4,Loyal Customers
15377.0,18,4,1211.75,253,1211.75,4,15,302.9375,1,VIP Customers
15378.0,98,2,246.5,130,246.5,2,8,123.25,1,VIP Customers
15379.0,36,1,1174.55,695,1174.55,1,69,1174.55,1,VIP Customers
15380.0,1,7,1788.8,656,1788.8,7,6,255.54285714285717,1,VIP Customers
15381.0,59,3,1293.72,631,1293.72,3,16,431.24,1,VIP Customers
15382.0,10,6,7777.84,5166,7777.84,6,196,1296.3066666666666,0,Lost Customers
15384.0,17,2,1385.38,1171,1385.38,2,70,692.69,1,VIP Customers
15385.0,28,2,625.2,267,625.2,2,8,312.6,1,VIP Customers
15387.0,128,1,468.65,335,468.65,1,20,468.65,1,VIP Customers
15389.0,36,4,2233.8,3540,2233.8,4,2,558.45,1,VIP Customers
15390.0,32,2,1216.66,894,1216.66,2,77,608.33,1,VIP Customers
15391.0,220,1,289.87,109,289.87,1,12,289.87,4,Loyal Customers
15392.0,10,3,1376.09,867,1376.09,3,48,458.69666666666666,1,VIP Customers
15393.0,203,3,659.48,228,659.48,3,29,219.82666666666668,4,Loyal Customers
15394.0,31,7,3103.26,1462,3103.26,7,101,443.3228571428572,1,VIP Customers
15396.0,219,1,508.2000000000001,156,508.2000000000001,1,2,508.2000000000001,4,Loyal Customers
15400.0,56,3,586.1,272,586.1,3,11,195.36666666666667,1,VIP Customers
15401.0,88,2,216.95,93,216.95,2,14,108.475,1,VIP Customers
15402.0,23,4,1203.77,1340,1203.77,4,58,300.9425,1,VIP Customers
15403.0,127,2,170.88,492,170.88,2,6,85.44,1,VIP Customers
15404.0,11,1,257.06,334,257.06,1,16,257.06,1,VIP Customers
15405.0,212,1,310.74,155,310.74,1,22,310.74,4,Loyal Customers
15406.0,89,2,465.16,293,465.16,2,66,232.58,1,VIP Customers
15409.0,357,1,131.25,59,131.25,1,9,131.25,4,Loyal Customers
15410.0,204,2,1234.88,702,1234.88,2,32,617.44,4,Loyal Customers
15413.0,327,5,6798.72,2694,6798.72,5,20,1359.744,4,Loyal Customers
15416.0,114,3,588.5,330,588.5,3,36,196.16666666666663,1,VIP Customers
15418.0,61,2,449.42,264,449.42,2,64,224.71,1,VIP Customers
15420.0,70,6,743.0,844,743.0,6,52,123.83333333333331,1,VIP Customers
15421.0,21,6,2854.98,1427,2854.98,6,160,475.83,0,Lost Customers
15422.0,15,5,1522.27,672,1522.27,5,79,304.454,1,VIP Customers
15423.0,217,2,223.39,97,223.39,2,12,111.695,4,Loyal Customers
15424.0,99,1,214.44,319,214.44,1,16,214.44,1,VIP Customers
15425.0,36,4,1941.12,1041,1941.12,4,114,485.28,1,VIP Customers
15426.0,5,5,1134.85,534,1134.85,5,199,226.97,0,Lost Customers
15428.0,23,3,668.97,245,668.97,3,35,222.99,1,VIP Customers
15430.0,103,2,954.75,309,954.75,2,36,477.375,1,VIP Customers
15431.0,138,1,153.24,84,153.24,1,2,153.24,1,VIP Customers
15432.0,177,1,149.57,27,149.57,1,6,149.57,4,Loyal Customers
15434.0,10,6,1525.5800000000002,776,1525.5800000000002,6,60,254.26333333333332,1,VIP Customers
15437.0,276,1,193.29,98,193.29,1,12,193.29,4,Loyal Customers
15439.0,40,4,1269.05,572,1269.05,4,49,317.2625,1,VIP Customers
15441.0,32,3,1254.21,587,1254.21,3,45,418.07,1,VIP Customers
15443.0,110,7,1900.64,1060,1900.64,7,212,271.52000000000004,0,Lost Customers
15445.0,226,1,171.0,60,171.0,1,9,171.0,4,Loyal Customers
15446.0,12,3,399.75,265,399.75,3,90,133.25,1,VIP Customers
15447.0,163,4,337.71000000000004,143,337.71000000000004,4,20,84.42750000000001,4,Loyal Customers
15448.0,310,1,294.17,255,294.17,1,21,294.17,4,Loyal Customers
15451.0,70,2,226.86,76,226.86,2,56,113.43,1,VIP Customers
15452.0,26,3,1256.63,807,1256.63,3,126,418.8766666666667,1,VIP Customers
15454.0,254,1,126.89,60,126.89,1,15,126.89,4,Loyal Customers
15455.0,233,1,38.25,3,38.25,1,2,38.25,4,Loyal Customers
15456.0,39,7,1656.93,2094,1656.93,7,105,236.70428571428573,1,VIP Customers
15458.0,38,1,208.8,144,208.8,1,6,208.8,1,VIP Customers
15459.0,53,2,202.83,121,202.83,2,6,101.415,1,VIP Customers
15461.0,96,2,429.7,230,429.7,2,1,214.85,1,VIP Customers
15462.0,81,1,502.45,323,502.45,1,30,502.45,1,VIP Customers
15465.0,5,15,5281.53,1506,5281.53,15,77,352.102,0,Lost Customers
15466.0,25,3,1225.93,695,1225.93,3,172,408.6433333333334,1,VIP Customers
15468.0,28,1,962.97,1245,962.97,1,56,962.97,1,VIP Customers
15469.0,74,1,335.70000000000005,134,335.70000000000005,1,19,335.70000000000005,1,VIP Customers
15470.0,211,1,63.42,232,63.42,1,4,63.42,4,Loyal Customers
15471.0,16,2,837.53,414,837.53,2,67,418.765,1,VIP Customers
15473.0,80,1,274.8,104,274.8,1,3,274.8,1,VIP Customers
15474.0,231,1,150.35,55,150.35,1,19,150.35,4,Loyal Customers
15476.0,16,4,2209.98,1174,2209.98,4,67,552.495,1,VIP Customers
15477.0,285,1,368.4,216,368.4,1,2,368.4,4,Loyal Customers
15478.0,211,1,583.5600000000001,319,583.5600000000001,1,24,583.5600000000001,4,Loyal Customers
15479.0,369,1,147.4,38,147.4,1,9,147.4,4,Loyal Customers
15480.0,101,4,5373.5,1549,5373.5,4,162,1343.375,0,Lost Customers
15481.0,37,1,1993.34,1450,1993.34,1,38,1993.34,1,VIP Customers
15482.0,22,7,3537.6,1512,3537.6,7,41,505.37142857142857,1,VIP Customers
15483.0,21,6,592.56,614,592.56,6,149,98.76,1,VIP Customers
15484.0,176,2,1061.69,924,1061.69,2,53,530.845,4,Loyal Customers
15485.0,9,5,3186.01,1263,3186.01,5,45,637.202,1,VIP Customers
15486.0,163,1,102.0,40,102.0,1,1,102.0,4,Loyal Customers
15487.0,315,1,231.32,144,231.32,1,14,231.32,4,Loyal Customers
15488.0,92,4,340.6,178,340.6,4,8,85.15,1,VIP Customers
15489.0,36,5,1285.3300000000002,656,1285.3300000000002,5,43,257.06600000000003,1,VIP Customers
15490.0,66,1,210.85,82,210.85,1,22,210.85,1,VIP Customers
15493.0,25,4,2168.27,655,2168.27,4,201,542.0675,0,Lost Customers
15494.0,114,3,2422.02,1913,2422.02,3,219,807.34,0,Lost Customers
15495.0,15,1,246.5,194,246.5,1,20,246.5,1,VIP Customers
15496.0,267,1,146.14,98,146.14,1,22,146.14,4,Loyal Customers
15497.0,18,7,7395.19,2313,7395.19,7,61,1056.4557142857143,0,Lost Customers
15498.0,2,19,12633.18,6493,12633.18,19,340,664.9042105263158,0,Lost Customers
15499.0,359,1,158.65,59,158.65,1,40,158.65,4,Loyal Customers
15501.0,40,2,399.95,205,399.95,2,64,199.975,1,VIP Customers
15502.0,4,5,3548.34,1613,3548.34,5,114,709.668,1,VIP Customers
15503.0,362,1,116.26,60,116.26,1,50,116.26,4,Loyal Customers
15504.0,156,3,349.87,108,349.87,3,33,116.62333333333332,4,Loyal Customers
15506.0,17,3,1058.25,795,1058.25,3,82,352.75,1,VIP Customers
15509.0,16,1,152.41,58,152.41,1,26,152.41,1,VIP Customers
15512.0,26,2,210.58,167,210.58,2,22,105.29,1,VIP Customers
15513.0,1,18,12992.33,5122,12992.33,18,154,721.7961111111111,0,Lost Customers
15514.0,15,7,2368.34,1989,2368.34,7,97,338.3342857142857,1,VIP Customers
15515.0,23,1,171.81,131,171.81,1,7,171.81,1,VIP Customers
15518.0,15,7,2268.44,1547,2268.44,7,166,324.0628571428571,0,Lost Customers
15519.0,19,2,344.61,116,344.61,2,34,172.305,1,VIP Customers
15521.0,36,8,4098.04,2671,4098.04,8,121,512.255,0,Lost Customers
15523.0,24,15,16847.18,15501,16847.18,15,63,1123.1453333333334,0,Lost Customers
15524.0,242,1,151.4,24,151.4,1,8,151.4,4,Loyal Customers
15525.0,9,2,430.78,253,430.78,2,66,215.39,1,VIP Customers
15527.0,30,15,3126.36,1220,3126.36,15,119,208.424,0,Lost Customers
15529.0,2,2,1116.72,992,1116.72,2,133,558.36,1,VIP Customers
15530.0,148,1,311.37,390,311.37,1,31,311.37,4,Loyal Customers
15532.0,12,6,2174.12,822,2174.12,6,281,362.3533333333333,0,Lost Customers
15534.0,361,1,162.25,63,162.25,1,8,162.25,4,Loyal Customers
15535.0,40,2,541.47,179,541.47,2,50,270.735,1,VIP Customers
15536.0,45,1,259.09,242,259.09,1,16,259.09,1,VIP Customers
15538.0,173,6,3358.4,1016,3358.4,6,3,559.7333333333333,4,Loyal Customers
15540.0,11,1,247.38,244,247.38,1,16,247.38,1,VIP Customers
15542.0,148,3,855.71,418,855.71,3,212,285.2366666666667,0,Lost Customers
15543.0,95,1,114.4,81,114.4,1,28,114.4,1,VIP Customers
15544.0,8,12,4615.72,3910,4615.72,12,125,384.6433333333334,0,Lost Customers
15545.0,7,1,135.32999999999998,75,135.32999999999998,1,31,135.32999999999998,1,VIP Customers
15546.0,242,2,1079.1,198,1079.1,2,6,539.5500000000001,4,Loyal Customers
15547.0,12,12,5146.45,3279,5146.45,12,365,428.8708333333333,0,Lost Customers
15548.0,231,1,158.09,64,158.09,1,23,158.09,4,Loyal Customers
15549.0,57,5,652.7,242,652.7,5,43,130.54000000000002,1,VIP Customers
15550.0,14,8,1635.42,844,1635.42,8,138,204.4275,0,Lost Customers
15551.0,30,6,1243.75,578,1243.75,6,95,207.29166666666663,1,VIP Customers
15552.0,259,1,162.4,106,162.4,1,13,162.4,4,Loyal Customers
15555.0,1,22,7267.83,4579,7267.83,22,437,330.3559090909091,0,Lost Customers
15558.0,275,1,202.68,73,202.68,1,23,202.68,4,Loyal Customers
15559.0,204,1,1109.4,526,1109.4,1,62,1109.4,4,Loyal Customers
15560.0,33,2,153.52,72,153.52,2,10,76.76,1,VIP Customers
15561.0,19,4,1133.8,1067,1133.8,4,44,283.45,1,VIP Customers
15562.0,60,2,536.88,521,536.88,2,31,268.44,1,VIP Customers
15563.0,150,3,1459.02,1504,1459.02,3,111,486.34,1,VIP Customers
15564.0,99,2,70.74000000000001,42,70.74000000000001,2,4,35.370000000000005,1,VIP Customers
15566.0,28,2,227.87,153,227.87,2,9,113.935,1,VIP Customers
15569.0,26,5,2207.74,1068,2207.74,5,102,441.548,1,VIP Customers
15570.0,5,14,5105.32,2181,5105.32,14,302,364.6657142857143,0,Lost Customers
15571.0,22,10,3241.92,2147,3241.92,10,410,324.192,0,Lost Customers
15572.0,16,3,1431.78,876,1431.78,3,113,477.26,1,VIP Customers
15573.0,254,3,597.23,415,597.23,3,104,199.07666666666668,4,Loyal Customers
15574.0,8,3,774.84,577,774.84,3,159,258.28000000000003,1,VIP Customers
15575.0,255,1,30.1,6,30.1,1,3,30.1,4,Loyal Customers
15577.0,359,2,137.15,31,137.15,2,20,68.575,4,Loyal Customers
15579.0,19,3,923.03,596,923.03,3,106,307.6766666666667,1,VIP Customers
15580.0,12,8,1375.39,955,1375.39,8,150,171.92375,0,Lost Customers
15581.0,2,26,4076.97,2849,4076.97,26,456,156.80653846153848,0,Lost Customers
15583.0,12,1,95.96,56,95.96,1,37,95.96,1,VIP Customers
15584.0,35,2,547.34,170,547.34,2,93,273.67,1,VIP Customers
15586.0,228,3,1139.1,1338,1139.1,3,30,379.7000000000001,4,Loyal Customers
15587.0,28,3,608.4,216,608.4,3,3,202.8,1,VIP Customers
15588.0,313,1,579.6,96,579.6,1,4,579.6,4,Loyal Customers
15590.0,18,5,1496.6,832,1496.6,5,75,299.32,1,VIP Customers
15591.0,218,3,217.9,58,217.9,3,6,72.63333333333334,4,Loyal Customers
15595.0,123,1,357.6,144,357.6,1,4,357.6,1,VIP Customers
15596.0,1,5,1723.45,815,1723.45,5,65,344.69,1,VIP Customers
15597.0,211,1,238.8,114,238.8,1,15,238.8,4,Loyal Customers
15598.0,63,1,307.34,244,307.34,1,22,307.34,1,VIP Customers
15599.0,81,1,488.32,380,488.32,1,31,488.32,1,VIP Customers
15600.0,64,4,1199.31,657,1199.31,4,55,299.8275,1,VIP Customers
15601.0,8,17,8183.56,6078,8183.56,17,161,481.3858823529412,0,Lost Customers
15602.0,4,8,1932.64,1212,1932.64,8,47,241.58,1,VIP Customers
15603.0,284,1,40.0,32,40.0,1,2,40.0,4,Loyal Customers
15605.0,9,5,738.57,271,738.57,5,37,147.714,1,VIP Customers
15606.0,26,8,2310.83,723,2310.83,8,47,288.85375,1,VIP Customers
15607.0,179,8,1604.21,1268,1604.21,8,83,200.52625,4,Loyal Customers
15608.0,51,1,692.3,548,692.3,1,45,692.3,1,VIP Customers
15611.0,19,13,1405.83,243,1405.83,13,24,108.14076923076922,1,VIP Customers
15613.0,246,1,433.72,700,433.72,1,27,433.72,4,Loyal Customers
15614.0,73,4,3147.36,1632,3147.36,4,73,786.84,1,VIP Customers
15615.0,26,24,10974.23,6582,10974.23,24,193,457.2595833333333,0,Lost Customers
15616.0,74,1,317.11,137,317.11,1,13,317.11,1,VIP Customers
15617.0,32,3,828.5500000000001,485,828.5500000000001,3,41,276.18333333333334,1,VIP Customers
15620.0,45,1,389.18,334,389.18,1,29,389.18,1,VIP Customers
15622.0,63,8,4143.05,2417,4143.05,8,197,517.88125,0,Lost Customers
15623.0,29,7,2136.02,962,2136.02,7,77,305.1457142857143,1,VIP Customers
15625.0,12,5,1702.14,1832,1702.14,5,78,340.428,1,VIP Customers
15626.0,57,1,391.72,372,391.72,1,31,391.72,1,VIP Customers
15627.0,93,2,566.9,344,566.9,2,23,283.45,1,VIP Customers
15628.0,2,9,2782.02,1925,2782.02,9,86,309.11333333333334,1,VIP Customers
15629.0,86,4,2240.9,1518,2240.9,4,39,560.225,1,VIP Customers
15630.0,280,1,295.05,187,295.05,1,20,295.05,4,Loyal Customers
15631.0,278,1,596.67,525,596.67,1,39,596.67,4,Loyal Customers
15633.0,145,13,4335.96,2048,4335.96,13,77,333.5353846153846,0,Lost Customers
15634.0,19,1,311.1,128,311.1,1,19,311.1,1,VIP Customers
15635.0,31,1,100.35,5,100.35,1,2,100.35,1,VIP Customers
15636.0,73,2,719.82,276,719.82,2,27,359.91,1,VIP Customers
15637.0,49,4,574.23,523,574.23,4,23,143.5575,1,VIP Customers
15638.0,14,6,2265.2,1134,2265.2,6,20,377.5333333333333,1,VIP Customers
15639.0,87,2,639.76,526,639.76,2,40,319.88,1,VIP Customers
15640.0,8,15,11411.92,5748,11411.92,15,139,760.7946666666667,0,Lost Customers
15641.0,32,8,3458.35,2860,3458.35,8,168,432.29375,0,Lost Customers
15642.0,365,1,105.78,270,105.78,1,6,105.78,4,Loyal Customers
15645.0,50,2,443.16,140,443.16,2,16,221.58,1,VIP Customers
15646.0,8,3,526.97,657,526.97,3,50,175.65666666666667,1,VIP Customers
15647.0,51,1,169.0,124,169.0,1,11,169.0,1,VIP Customers
15649.0,3,3,1354.35,293,1354.35,3,8,451.45,1,VIP Customers
15650.0,157,2,553.88,210,553.88,2,33,276.94,4,Loyal Customers
15651.0,56,2,612.76,392,612.76,2,28,306.38,1,VIP Customers
15652.0,23,4,1068.2,449,1068.2,4,76,267.05,1,VIP Customers
15658.0,8,4,1399.37,449,1399.37,4,58,349.84250000000003,1,VIP Customers
15659.0,22,2,226.04,50,226.04,2,8,113.02,1,VIP Customers
15660.0,1,7,1212.13,843,1212.13,7,44,173.1614285714286,1,VIP Customers
15661.0,15,6,906.15,543,906.15,6,26,151.025,1,VIP Customers
15662.0,297,2,283.73,145,283.73,2,12,141.865,4,Loyal Customers
15664.0,85,3,867.6,373,867.6,3,46,289.2,1,VIP Customers
15665.0,47,3,1764.86,1123,1764.86,3,122,588.2866666666666,1,VIP Customers
15666.0,108,2,632.94,469,632.94,2,62,316.47,1,VIP Customers
15670.0,192,1,152.15,41,152.15,1,7,152.15,4,Loyal Customers
15672.0,361,1,45.3,10,45.3,1,3,45.3,4,Loyal Customers
15673.0,87,5,3478.09,1823,3478.09,5,95,695.618,1,VIP Customers
15674.0,53,8,4501.63,2373,4501.63,8,199,562.70375,0,Lost Customers
15675.0,40,1,218.35,97,218.35,1,14,218.35,1,VIP Customers
15677.0,57,2,648.4,356,648.4,2,32,324.2,1,VIP Customers
15678.0,31,2,1473.24,838,1473.24,2,67,736.62,1,VIP Customers
15680.0,2,8,3173.9,2122,3173.9,8,128,396.7375,0,Lost Customers
15681.0,15,9,1563.54,576,1563.54,9,23,173.72666666666666,1,VIP Customers
15682.0,235,2,318.24,222,318.24,2,25,159.12,4,Loyal Customers
15683.0,109,1,330.79,201,330.79,1,16,330.79,1,VIP Customers
15684.0,183,3,173.95,77,173.95,3,9,57.98333333333333,4,Loyal Customers
15685.0,86,1,55.98,36,55.98,1,17,55.98,1,VIP Customers
15686.0,56,1,90.0,72,90.0,1,1,90.0,1,VIP Customers
15688.0,54,1,190.57,95,190.57,1,26,190.57,1,VIP Customers
15689.0,253,1,266.93,123,266.93,1,15,266.93,4,Loyal Customers
15691.0,30,3,434.5,140,434.5,3,10,144.83333333333334,1,VIP Customers
15693.0,295,1,37.5,30,37.5,1,1,37.5,4,Loyal Customers
15694.0,1,12,4331.41,981,4331.41,12,43,360.9508333333333,0,Lost Customers
15695.0,233,2,721.0600000000001,272,721.0600000000001,2,35,360.53,4,Loyal Customers
15696.0,59,5,1170.11,371,1170.11,5,36,234.022,1,VIP Customers
15697.0,325,1,246.75,127,246.75,1,14,246.75,4,Loyal Customers
15698.0,260,1,46.2,60,46.2,1,2,46.2,4,Loyal Customers
15702.0,112,2,140.39,103,140.39,2,30,70.195,1,VIP Customers
15704.0,138,2,1441.04,681,1441.04,2,75,720.52,1,VIP Customers
15708.0,5,3,969.19,369,969.19,3,57,323.06333333333333,1,VIP Customers
15709.0,225,1,194.6,48,194.6,1,20,194.6,4,Loyal Customers
15710.0,53,1,898.87,641,898.87,1,110,898.87,1,VIP Customers
15711.0,192,2,420.25,199,420.25,2,25,210.125,4,Loyal Customers
15712.0,15,7,2400.05,791,2400.05,7,69,342.86428571428576,1,VIP Customers
15713.0,2,3,654.09,360,654.09,3,39,218.03,1,VIP Customers
15714.0,89,3,453.93,175,453.93,3,14,151.31,1,VIP Customers
15715.0,191,5,658.02,246,658.02,5,33,131.60399999999998,4,Loyal Customers
15716.0,5,8,1913.55,1070,1913.55,8,141,239.19375,0,Lost Customers
15717.0,57,4,456.7000000000001,154,456.7000000000001,4,13,114.175,1,VIP Customers
15718.0,176,1,293.79,95,293.79,1,18,293.79,4,Loyal Customers
15719.0,17,18,5165.9,2638,5165.9,18,283,286.9944444444444,0,Lost Customers
15720.0,186,1,140.49,46,140.49,1,25,140.49,4,Loyal Customers
15722.0,81,6,3022.79,1256,3022.79,6,74,503.79833333333335,1,VIP Customers
15723.0,47,3,740.0,354,740.0,3,77,246.66666666666663,1,VIP Customers
15724.0,36,1,92.6,44,92.6,1,6,92.6,1,VIP Customers
15726.0,26,1,321.91,123,321.91,1,23,321.91,1,VIP Customers
15727.0,23,8,4212.65,2845,4212.65,8,278,526.58125,0,Lost Customers
15728.0,15,2,544.6,132,544.6,2,10,272.3,1,VIP Customers
15729.0,36,2,107.55,19,107.55,2,5,53.775000000000006,1,VIP Customers
15730.0,17,2,605.7,372,605.7,2,40,302.85,1,VIP Customers
15731.0,189,1,125.3,122,125.3,1,8,125.3,4,Loyal Customers
15732.0,8,9,1387.95,1146,1387.95,9,53,154.21666666666667,1,VIP Customers
15734.0,72,2,923.85,170,923.85,2,14,461.925,1,VIP Customers
15735.0,57,1,327.68,206,327.68,1,19,327.68,1,VIP Customers
15736.0,71,2,1767.12,1208,1767.12,2,95,883.5600000000001,1,VIP Customers
15738.0,8,26,8560.55,6303,8560.55,26,64,329.25192307692305,0,Lost Customers
15741.0,94,2,208.62,70,208.62,2,11,104.31,1,VIP Customers
15742.0,255,1,156.87,51,156.87,1,41,156.87,4,Loyal Customers
15747.0,11,6,1553.17,878,1553.17,6,78,258.8616666666667,1,VIP Customers
15748.0,85,2,465.45,211,465.45,2,16,232.725,1,VIP Customers
15750.0,2,12,4330.461,2806,4330.461,12,250,360.87175,0,Lost Customers
15751.0,96,11,1380.44,443,1380.44,11,90,125.49454545454546,1,VIP Customers
15752.0,8,3,1557.96,985,1557.96,3,174,519.32,0,Lost Customers
15754.0,129,6,2579.04,1563,2579.04,6,90,429.84,1,VIP Customers
15755.0,15,11,3628.87,2607,3628.87,11,181,329.8972727272727,0,Lost Customers
15757.0,22,4,2225.94,1266,2225.94,4,127,556.485,1,VIP Customers
15759.0,147,4,577.89,463,577.89,4,7,144.4725,4,Loyal Customers
15760.0,266,2,13916.34,2,13916.34,2,1,6958.17,0,Lost Customers
15761.0,78,1,143.05,31,143.05,1,5,143.05,1,VIP Customers
15764.0,70,2,1223.11,895,1223.11,2,69,611.5550000000001,1,VIP Customers
15765.0,302,1,370.63,335,370.63,1,25,370.63,4,Loyal Customers
15766.0,92,2,516.0,164,516.0,2,15,258.0,1,VIP Customers
15768.0,112,31,14687.06,3971,14687.06,31,416,473.7761290322581,0,Lost Customers
15769.0,7,21,32451.6,19432,32451.6,21,11,1545.3142857142857,0,Lost Customers
15770.0,248,1,321.45,67,321.45,1,18,321.45,4,Loyal Customers
15771.0,240,3,1006.54,512,1006.54,3,26,335.5133333333333,4,Loyal Customers
15772.0,54,1,280.88,110,280.88,1,16,280.88,1,VIP Customers
15773.0,45,1,138.84,99,138.84,1,37,138.84,1,VIP Customers
15774.0,54,5,1017.54,378,1017.54,5,69,203.508,1,VIP Customers
15775.0,267,1,45.6,192,45.6,1,2,45.6,4,Loyal Customers
15777.0,32,3,715.5,221,715.5,3,15,238.5,1,VIP Customers
15778.0,67,1,307.95000000000005,101,307.95000000000005,1,17,307.95000000000005,1,VIP Customers
15779.0,99,2,124.08,20,124.08,2,8,62.040000000000006,1,VIP Customers
15782.0,66,1,1399.36,980,1399.36,1,18,1399.36,1,VIP Customers
15784.0,103,2,848.33,381,848.33,2,33,424.165,1,VIP Customers
15785.0,15,11,3640.96,2867,3640.96,11,78,330.99636363636364,0,Lost Customers
15786.0,53,2,3582.62,2617,3582.62,2,166,1791.31,0,Lost Customers
15788.0,144,1,221.83,115,221.83,1,14,221.83,4,Loyal Customers
15789.0,67,5,1610.71,2061,1610.71,5,90,322.142,1,VIP Customers
15791.0,165,3,1995.65,1239,1995.65,3,73,665.2166666666667,4,Loyal Customers
15792.0,35,2,933.84,606,933.84,2,57,466.92,1,VIP Customers
15793.0,14,5,1433.96,1132,1433.96,5,9,286.79200000000003,1,VIP Customers
15794.0,372,2,777.0,288,777.0,2,15,388.5,4,Loyal Customers
15795.0,66,7,1369.86,830,1369.86,7,74,195.6942857142857,1,VIP Customers
15796.0,10,9,2463.02,873,2463.02,9,107,273.6688888888889,0,Lost Customers
15797.0,217,2,613.6800000000001,408,613.6800000000001,2,4,306.84000000000003,4,Loyal Customers
15798.0,128,3,1535.37,915,1535.37,3,73,511.79,1,VIP Customers
15799.0,54,1,537.2,386,537.2,1,54,537.2,1,VIP Customers
15800.0,89,5,530.18,243,530.18,5,97,106.036,1,VIP Customers
15803.0,81,3,1513.84,740,1513.84,3,42,504.6133333333333,1,VIP Customers
15805.0,21,13,4660.75,2838,4660.75,13,176,358.5192307692308,0,Lost Customers
15807.0,44,2,913.62,1102,913.62,2,40,456.81,1,VIP Customers
15808.0,5,18,14482.03,5775,14482.03,18,314,804.5572222222222,0,Lost Customers
15809.0,95,2,758.6700000000001,399,758.6700000000001,2,22,379.335,1,VIP Customers
15810.0,22,4,1607.06,792,1607.06,4,48,401.765,1,VIP Customers
15811.0,1,2,1557.38,805,1557.38,2,120,778.69,1,VIP Customers
15812.0,71,7,3400.33,2528,3400.33,7,57,485.76142857142855,1,VIP Customers
15814.0,29,2,689.11,457,689.11,2,23,344.555,1,VIP Customers
15816.0,178,2,144.15,54,144.15,2,11,72.075,4,Loyal Customers
15817.0,56,3,2766.4,1596,2766.4,3,133,922.1333333333332,1,VIP Customers
15818.0,224,1,340.5,284,340.5,1,11,340.5,4,Loyal Customers
15819.0,67,6,2029.34,1571,2029.34,6,110,338.22333333333336,1,VIP Customers
15822.0,129,4,954.59,575,954.59,4,25,238.6475,1,VIP Customers
15823.0,8,3,3882.17,1774,3882.17,3,155,1294.0566666666666,0,Lost Customers
15824.0,89,2,890.94,478,890.94,2,24,445.47,1,VIP Customers
15826.0,204,1,943.97,861,943.97,1,51,943.97,4,Loyal Customers
15827.0,8,16,1957.98,942,1957.98,16,73,122.37375,0,Lost Customers
15828.0,11,1,1108.82,367,1108.82,1,74,1108.82,1,VIP Customers
15833.0,373,1,80.4,24,80.4,1,5,80.4,4,Loyal Customers
15834.0,12,3,1539.24,854,1539.24,3,105,513.08,1,VIP Customers
15837.0,121,1,385.03,216,385.03,1,28,385.03,1,VIP Customers
15838.0,3,16,40519.92,46296,40519.92,16,11,2532.495,3,Regular Customers
15841.0,22,5,1518.35,1449,1518.35,5,41,303.67,1,VIP Customers
15842.0,29,2,548.8000000000001,296,548.8000000000001,2,24,274.40000000000003,1,VIP Customers
15845.0,172,3,714.51,202,714.51,3,36,238.17,4,Loyal Customers
15846.0,21,1,107.01,79,107.01,1,27,107.01,1,VIP Customers
15847.0,64,3,433.3,194,433.3,3,22,144.43333333333334,1,VIP Customers
15848.0,257,1,137.99,45,137.99,1,34,137.99,4,Loyal Customers
15850.0,12,4,771.87,1036,771.87,4,197,192.9675,0,Lost Customers
15851.0,162,1,109.73,67,109.73,1,8,109.73,4,Loyal Customers
15852.0,162,1,96.55,12,96.55,1,11,96.55,4,Loyal Customers
15854.0,12,9,2609.16,765,2609.16,9,83,289.90666666666664,1,VIP Customers
15855.0,112,1,340.48,242,340.48,1,15,340.48,1,VIP Customers
15856.0,1,26,17703.63,9359,17703.63,26,182,680.9088461538462,0,Lost Customers
15857.0,66,1,273.48,276,273.48,1,10,273.48,1,VIP Customers
15858.0,3,9,2508.77,1751,2508.77,9,203,278.7522222222222,0,Lost Customers
15859.0,68,1,438.46,174,438.46,1,22,438.46,1,VIP Customers
15860.0,4,10,1498.8,894,1498.8,10,169,149.88,0,Lost Customers
15861.0,92,4,1222.28,1309,1222.28,4,191,305.57,0,Lost Customers
15862.0,9,10,2033.64,1059,2033.64,10,351,203.364,0,Lost Customers
15863.0,253,3,286.26,143,286.26,3,56,95.42,4,Loyal Customers
15864.0,17,1,244.44,294,244.44,1,3,244.44,1,VIP Customers
15865.0,49,2,1346.29,773,1346.29,2,86,673.145,1,VIP Customers
15867.0,5,17,5224.81,3061,5224.81,17,371,307.3417647058824,0,Lost Customers
15868.0,219,1,94.53,57,94.53,1,4,94.53,4,Loyal Customers
15869.0,262,1,171.47,98,171.47,1,18,171.47,4,Loyal Customers
15870.0,32,3,506.02,171,506.02,3,61,168.67333333333335,1,VIP Customers
15871.0,73,1,33.099999999999994,5,33.099999999999994,1,5,33.099999999999994,1,VIP Customers
15872.0,14,2,413.0,280,413.0,2,70,206.5,1,VIP Customers
15873.0,135,4,313.92,1152,313.92,4,3,78.47999999999999,1,VIP Customers
15874.0,23,14,6878.88,2568,6878.88,14,168,491.34857142857146,0,Lost Customers
15875.0,282,1,108.52,74,108.52,1,18,108.52,4,Loyal Customers
15876.0,45,2,1449.14,886,1449.14,2,11,724.57,1,VIP Customers
15878.0,197,2,330.77,243,330.77,2,47,165.385,4,Loyal Customers
15879.0,40,4,1137.8,639,1137.8,4,171,284.45,1,VIP Customers
15880.0,5,1,329.03,202,329.03,1,95,329.03,1,VIP Customers
15882.0,4,6,979.62,538,979.62,6,45,163.27,1,VIP Customers
15884.0,68,2,244.6,152,244.6,2,14,122.3,1,VIP Customers
15885.0,19,12,1572.47,511,1572.47,12,68,131.03916666666666,1,VIP Customers
15886.0,52,3,871.78,520,871.78,3,47,290.5933333333333,1,VIP Customers
15887.0,42,3,1027.15,605,1027.15,3,27,342.3833333333334,1,VIP Customers
15888.0,36,2,260.85,63,260.85,2,24,130.425,1,VIP Customers
15889.0,5,7,1279.6,735,1279.6,7,237,182.8,0,Lost Customers
15890.0,30,5,535.65,119,535.65,5,10,107.13,1,VIP Customers
15892.0,305,1,128.2,46,128.2,1,38,128.2,4,Loyal Customers
15893.0,117,1,305.28000000000003,288,305.28000000000003,1,1,305.28000000000003,1,VIP Customers
15894.0,5,1,151.44,111,151.44,1,32,151.44,1,VIP Customers
15898.0,3,22,4129.26,1820,4129.26,22,277,187.6936363636364,0,Lost Customers
15899.0,4,1,56.25,39,56.25,1,4,56.25,1,VIP Customers
15900.0,49,3,549.29,440,549.29,3,68,183.09666666666664,1,VIP Customers
15901.0,87,4,335.99,316,335.99,4,49,83.9975,1,VIP Customers
15902.0,16,1,145.01,124,145.01,1,18,145.01,1,VIP Customers
15903.0,14,5,3813.08,1516,3813.08,5,20,762.616,1,VIP Customers
15905.0,179,1,114.69,82,114.69,1,22,114.69,4,Loyal Customers
15906.0,10,3,962.5,205,962.5,3,41,320.8333333333333,1,VIP Customers
15908.0,126,2,758.62,173,758.62,2,37,379.31,1,VIP Customers
15910.0,36,7,1432.29,1145,1432.29,7,244,204.61285714285717,0,Lost Customers
15911.0,259,8,1700.24,810,1700.24,8,162,212.53,4,Loyal Customers
15912.0,72,7,810.08,574,810.08,7,66,115.72571428571428,1,VIP Customers
15913.0,170,1,6.300000000000001,3,6.300000000000001,1,1,6.300000000000001,4,Loyal Customers
15914.0,14,2,205.99,149,205.99,2,13,102.995,1,VIP Customers
15915.0,37,1,364.45,414,364.45,1,105,364.45,1,VIP Customers
15916.0,2,7,1874.83,931,1874.83,7,139,267.8328571428571,0,Lost Customers
15917.0,242,4,407.07,206,407.07,4,115,101.7675,4,Loyal Customers
15918.0,267,1,248.65,87,248.65,1,21,248.65,4,Loyal Customers
15919.0,4,1,214.08,175,214.08,1,38,214.08,1,VIP Customers
15920.0,60,5,401.64,139,401.64,5,42,80.328,1,VIP Customers
15921.0,32,3,452.23,173,452.23,3,52,150.74333333333334,1,VIP Customers
15922.0,9,1,369.5,138,369.5,1,11,369.5,1,VIP Customers
15923.0,8,1,127.08,122,127.08,1,21,127.08,1,VIP Customers
15924.0,367,1,102.82,103,102.82,1,14,102.82,4,Loyal Customers
15926.0,178,1,134.44,155,134.44,1,7,134.44,4,Loyal Customers
15927.0,283,1,106.54,66,106.54,1,13,106.54,4,Loyal Customers
15928.0,292,1,293.53,164,293.53,1,11,293.53,4,Loyal Customers
15929.0,280,1,594.0,120,594.0,1,1,594.0,4,Loyal Customers
15931.0,64,1,239.9,118,239.9,1,14,239.9,1,VIP Customers
15934.0,53,2,2190.66,2166,2190.66,2,29,1095.33,1,VIP Customers
15936.0,15,2,282.79,211,282.79,2,16,141.395,1,VIP Customers
15938.0,92,4,330.23,209,330.23,4,19,82.5575,1,VIP Customers
15939.0,10,1,2945.38,1532,2945.38,1,41,2945.38,1,VIP Customers
15941.0,273,1,405.0,60,405.0,1,6,405.0,4,Loyal Customers
15943.0,285,2,271.29,183,271.29,2,12,135.64499999999998,4,Loyal Customers
15944.0,29,3,1839.14,809,1839.14,3,25,613.0466666666667,1,VIP Customers
15945.0,1,4,646.27,345,646.27,4,24,161.5675,1,VIP Customers
15946.0,138,3,2304.18,1614,2304.18,3,25,768.06,1,VIP Customers
15948.0,60,1,553.85,285,553.85,1,35,553.85,1,VIP Customers
15950.0,11,6,5376.2,2635,5376.2,6,182,896.0333333333333,0,Lost Customers
15951.0,17,1,304.95,107,304.95,1,18,304.95,1,VIP Customers
15953.0,5,11,1990.8,950,1990.8,11,61,180.98181818181817,1,VIP Customers
15954.0,225,1,190.75,119,190.75,1,20,190.75,4,Loyal Customers
15955.0,8,9,4242.1,2078,4242.1,9,115,471.3444444444445,0,Lost Customers
15956.0,187,2,617.6,278,617.6,2,18,308.8,4,Loyal Customers
15957.0,56,2,492.36,242,492.36,2,88,246.18,1,VIP Customers
15958.0,39,3,357.77,121,357.77,3,45,119.25666666666666,1,VIP Customers
15959.0,318,3,542.89,269,542.89,3,58,180.9633333333333,4,Loyal Customers
15960.0,10,4,410.95,258,410.95,4,24,102.7375,1,VIP Customers
15961.0,15,1,451.29,154,451.29,1,42,451.29,1,VIP Customers
15962.0,85,1,289.48,228,289.48,1,43,289.48,1,VIP Customers
15964.0,299,1,269.21000000000004,93,269.21000000000004,1,20,269.21000000000004,4,Loyal Customers
15965.0,3,10,2119.26,953,2119.26,10,144,211.926,0,Lost Customers
15966.0,86,1,426.53,275,426.53,1,27,426.53,1,VIP Customers
15967.0,15,10,2568.32,978,2568.32,10,270,256.832,0,Lost Customers
15968.0,24,1,404.55,247,404.55,1,70,404.55,1,VIP Customers
15969.0,61,2,460.95,99,460.95,2,15,230.475,1,VIP Customers
15970.0,234,1,703.22,382,703.22,1,13,703.22,4,Loyal Customers
15971.0,21,6,1702.98,534,1702.98,6,3,283.83,1,VIP Customers
15972.0,92,5,1769.33,468,1769.33,5,104,353.866,1,VIP Customers
15973.0,2,3,680.62,195,680.62,3,8,226.8733333333333,1,VIP Customers
15976.0,46,4,1266.77,778,1266.77,4,203,316.6925,0,Lost Customers
15978.0,68,2,2180.64,1556,2180.64,2,72,1090.32,1,VIP Customers
15979.0,238,1,329.22,450,329.22,1,22,329.22,4,Loyal Customers
15980.0,126,4,4144.82,3262,4144.82,4,65,1036.205,1,VIP Customers
15981.0,37,13,5954.29,2961,5954.29,13,106,458.02230769230766,0,Lost Customers
15982.0,241,1,324.51,131,324.51,1,45,324.51,4,Loyal Customers
15983.0,1,6,2458.9,1540,2458.9,6,111,409.81666666666666,1,VIP Customers
15984.0,4,21,5735.09,3971,5735.09,21,290,273.0995238095238,0,Lost Customers
15985.0,72,5,1572.86,1664,1572.86,5,34,314.572,1,VIP Customers
15986.0,17,1,186.3,100,186.3,1,11,186.3,1,VIP Customers
15987.0,4,2,216.7,152,216.7,2,47,108.35,1,VIP Customers
15988.0,187,2,582.11,296,582.11,2,93,291.055,4,Loyal Customers
15989.0,11,2,368.31,169,368.31,2,81,184.155,1,VIP Customers
15990.0,130,5,1205.64,643,1205.64,5,86,241.128,1,VIP Customers
15991.0,170,1,150.55,41,150.55,1,6,150.55,4,Loyal Customers
15992.0,32,2,854.61,497,854.61,2,51,427.305,1,VIP Customers
15994.0,47,2,761.41,289,761.41,2,69,380.705,1,VIP Customers
15995.0,50,1,694.54,352,694.54,1,108,694.54,1,VIP Customers
15996.0,2,2,617.07,358,617.07,2,68,308.535,1,VIP Customers
15998.0,29,11,5193.92,3318,5193.92,11,502,472.1745454545455,0,Lost Customers
15999.0,371,1,20.4,24,20.4,1,1,20.4,4,Loyal Customers
16001.0,17,1,583.39,337,583.39,1,29,583.39,1,VIP Customers
16002.0,261,1,169.21,70,169.21,1,42,169.21,4,Loyal Customers
16003.0,17,5,2878.46,1025,2878.46,5,89,575.692,1,VIP Customers
16004.0,110,5,2146.39,1076,2146.39,5,63,429.278,1,VIP Customers
16005.0,11,6,1786.78,989,1786.78,6,170,297.7966666666667,0,Lost Customers
16006.0,23,1,231.42,121,231.42,1,67,231.42,1,VIP Customers
16007.0,19,3,1359.25,1243,1359.25,3,206,453.0833333333333,0,Lost Customers
16008.0,18,12,4860.35,2914,4860.35,12,58,405.0291666666667,0,Lost Customers
16010.0,12,8,1302.46,717,1302.46,8,69,162.8075,1,VIP Customers
16011.0,2,14,2486.0,1413,2486.0,14,142,177.57142857142858,0,Lost Customers
16012.0,37,2,1563.3,961,1563.3,2,138,781.65,1,VIP Customers
16013.0,7,39,20009.84,10344,20009.84,39,30,513.0728205128205,0,Lost Customers
16014.0,44,2,453.45,204,453.45,2,127,226.725,1,VIP Customers
16016.0,2,4,980.91,417,980.91,4,87,245.2275,1,VIP Customers
16017.0,53,4,1333.7,533,1333.7,4,81,333.425,1,VIP Customers
16018.0,32,2,289.23,313,289.23,2,26,144.615,1,VIP Customers
16019.0,17,18,13542.92,5226,13542.92,18,156,752.3844444444444,0,Lost Customers
16021.0,31,2,487.03,276,487.03,2,117,243.515,1,VIP Customers
16024.0,47,2,232.96,107,232.96,2,21,116.48,1,VIP Customers
16027.0,93,9,1113.74,952,1113.74,9,11,123.74888888888889,1,VIP Customers
16028.0,231,1,82.2,18,82.2,1,5,82.2,4,Loyal Customers
16029.0,8,47,41184.3,16278,41184.3,47,26,876.2617021276596,3,Regular Customers
16032.0,92,6,1965.72,1467,1965.72,6,130,327.62,1,VIP Customers
16033.0,5,8,1985.63,723,1985.63,8,173,248.20375,0,Lost Customers
16034.0,30,3,473.62,343,473.62,3,28,157.8733333333333,1,VIP Customers
16035.0,196,1,217.73,33,217.73,1,21,217.73,4,Loyal Customers
16036.0,60,2,1797.92,653,1797.92,2,79,898.96,1,VIP Customers
16037.0,180,2,654.32,338,654.32,2,32,327.16,4,Loyal Customers
16039.0,59,2,456.4,409,456.4,2,27,228.2,1,VIP Customers
16040.0,66,4,1103.35,501,1103.35,4,50,275.83750000000003,1,VIP Customers
16042.0,15,3,1067.85,687,1067.85,3,50,355.95,1,VIP Customers
16043.0,15,4,1082.6,508,1082.6,4,29,270.65,1,VIP Customers
16044.0,71,1,340.84000000000003,170,340.84000000000003,1,19,340.84000000000003,1,VIP Customers
16045.0,52,4,2094.23,1211,2094.23,4,59,523.5575,1,VIP Customers
16046.0,198,1,235.78,248,235.78,1,22,235.78,4,Loyal Customers
16047.0,318,1,107.14,1,107.14,1,1,107.14,4,Loyal Customers
16048.0,9,4,818.7900000000001,425,818.7900000000001,4,30,204.6975,1,VIP Customers
16049.0,11,3,777.34,369,777.34,3,175,259.11333333333334,1,VIP Customers
16050.0,19,2,162.8,110,162.8,2,9,81.4,1,VIP Customers
16051.0,317,1,188.44,80,188.44,1,12,188.44,4,Loyal Customers
16053.0,49,4,2122.89,1274,2122.89,4,101,530.7225,1,VIP Customers
16054.0,54,3,1327.98,411,1327.98,3,49,442.66,1,VIP Customers
16057.0,155,3,1591.73,828,1591.73,3,91,530.5766666666667,1,VIP Customers
16058.0,42,1,62.7,18,62.7,1,2,62.7,1,VIP Customers
16059.0,3,7,1718.66,841,1718.66,7,145,245.5228571428572,0,Lost Customers
16060.0,36,3,541.95,243,541.95,3,22,180.65,1,VIP Customers
16061.0,67,1,89.65,19,89.65,1,3,89.65,1,VIP Customers
16062.0,15,4,1709.83,1235,1709.83,4,100,427.4575,1,VIP Customers
16064.0,361,1,109.31,55,109.31,1,17,109.31,4,Loyal Customers
16065.0,1,8,1992.13,1207,1992.13,8,214,249.01625,0,Lost Customers
16067.0,198,3,3269.11,1236,3269.11,3,60,1089.7033333333334,4,Loyal Customers
16068.0,229,1,115.73,48,115.73,1,34,115.73,4,Loyal Customers
16069.0,53,1,457.7,138,457.7,1,25,457.7,1,VIP Customers
16071.0,163,3,750.5600000000001,517,750.5600000000001,3,47,250.1866666666667,4,Loyal Customers
16072.0,64,3,3595.77,1440,3595.77,3,399,1198.59,0,Lost Customers
16074.0,26,1,252.5,38,252.5,1,23,252.5,1,VIP Customers
16075.0,138,2,736.9300000000001,271,736.9300000000001,2,41,368.465,1,VIP Customers
16077.0,261,1,2300.4,840,2300.4,1,8,2300.4,4,Loyal Customers
16078.0,305,1,283.79,184,283.79,1,38,283.79,4,Loyal Customers
16080.0,21,2,385.4,170,385.4,2,20,192.7,1,VIP Customers
16081.0,2,4,1637.14,757,1637.14,4,144,409.285,1,VIP Customers
16082.0,306,1,106.75,39,106.75,1,16,106.75,4,Loyal Customers
16083.0,18,2,1033.8,606,1033.8,2,38,516.9,1,VIP Customers
16085.0,16,7,1359.52,746,1359.52,7,168,194.21714285714285,0,Lost Customers
16086.0,3,6,1743.6,1015,1743.6,6,59,290.6,1,VIP Customers
16087.0,25,5,1739.92,664,1739.92,5,6,347.98400000000004,1,VIP Customers
16088.0,211,2,1437.43,373,1437.43,2,3,718.715,4,Loyal Customers
16089.0,22,2,263.49,119,263.49,2,42,131.745,1,VIP Customers
16090.0,260,1,180.56,58,180.56,1,18,180.56,4,Loyal Customers
16092.0,140,3,770.08,560,770.08,3,28,256.6933333333333,1,VIP Customers
16094.0,11,7,2617.33,1373,2617.33,7,74,373.9042857142857,1,VIP Customers
16095.0,92,1,447.05,265,447.05,1,30,447.05,1,VIP Customers
16096.0,52,3,1264.35,545,1264.35,3,49,421.4500000000001,1,VIP Customers
16098.0,9,8,2435.67,1529,2435.67,8,70,304.45875,1,VIP Customers
16099.0,53,4,841.3,526,841.3,4,21,210.325,1,VIP Customers
16100.0,98,1,582.64,438,582.64,1,37,582.64,1,VIP Customers
16101.0,70,3,1938.46,1087,1938.46,3,94,646.1533333333333,1,VIP Customers
16103.0,25,16,4762.07,2081,4762.07,16,92,297.629375,0,Lost Customers
16104.0,54,8,2476.25,925,2476.25,8,162,309.53125,0,Lost Customers
16105.0,74,4,2049.23,1795,2049.23,4,80,512.3075,1,VIP Customers
16108.0,70,3,1393.42,858,1393.42,3,79,464.47333333333336,1,VIP Customers
16109.0,334,1,327.6,480,327.6,1,13,327.6,4,Loyal Customers
16110.0,158,1,460.64,160,460.64,1,84,460.64,4,Loyal Customers
16111.0,64,1,549.33,233,549.33,1,72,549.33,1,VIP Customers
16115.0,33,4,892.92,595,892.92,4,99,223.23,1,VIP Customers
16117.0,38,2,422.19,191,422.19,2,46,211.095,1,VIP Customers
16118.0,288,1,4376.25,2851,4376.25,1,41,4376.25,4,Loyal Customers
16119.0,30,6,1297.45,571,1297.45,6,31,216.24166666666667,1,VIP Customers
16120.0,58,2,1658.37,1283,1658.37,2,60,829.1850000000001,1,VIP Customers
16121.0,26,3,595.38,303,595.38,3,112,198.46,1,VIP Customers
16122.0,2,3,316.92,270,316.92,3,15,105.64,1,VIP Customers
16124.0,54,3,1523.49,749,1523.49,3,57,507.83,1,VIP Customers
16125.0,3,14,4292.35,1819,4292.35,14,168,306.5964285714286,0,Lost Customers
16126.0,15,11,8356.83,4015,8356.83,11,122,759.7118181818182,0,Lost Customers
16127.0,362,1,145.06,68,145.06,1,35,145.06,4,Loyal Customers
16128.0,16,6,1920.83,1457,1920.83,6,82,320.1383333333334,1,VIP Customers
16129.0,43,3,1396.05,1261,1396.05,3,91,465.35,1,VIP Customers
16130.0,58,4,987.48,296,987.48,4,53,246.87,1,VIP Customers
16131.0,11,6,6450.88,2966,6450.88,6,105,1075.1466666666668,0,Lost Customers
16132.0,180,2,664.1999999999999,280,664.1999999999999,2,14,332.1,4,Loyal Customers
16133.0,12,23,8403.22,4766,8403.22,23,129,365.3573913043478,0,Lost Customers
16134.0,59,3,1527.25,1266,1527.25,3,69,509.0833333333333,1,VIP Customers
16135.0,219,1,301.9,186,301.9,1,18,301.9,4,Loyal Customers
16136.0,299,1,237.42,234,237.42,1,9,237.42,4,Loyal Customers
16137.0,316,1,422.7,210,422.7,1,28,422.7,4,Loyal Customers
16138.0,14,3,910.35,774,910.35,3,35,303.45,1,VIP Customers
16139.0,358,2,475.74,272,475.74,2,23,237.87,4,Loyal Customers
16140.0,7,2,832.4200000000001,646,832.4200000000001,2,33,416.21,1,VIP Customers
16141.0,53,1,335.54,172,335.54,1,20,335.54,1,VIP Customers
16143.0,5,7,2485.89,1092,2485.89,7,71,355.1271428571428,1,VIP Customers
16145.0,24,8,3005.9500000000003,2147,3005.9500000000003,8,110,375.74375,0,Lost Customers
16146.0,84,1,212.25,117,212.25,1,12,212.25,1,VIP Customers
16147.0,36,4,2023.91,1149,2023.91,4,101,505.9775,1,VIP Customers
16148.0,72,1,310.3,178,310.3,1,8,310.3,1,VIP Customers
16149.0,65,1,141.7,290,141.7,1,12,141.7,1,VIP Customers
16150.0,8,6,2342.57,1117,2342.57,6,90,390.4283333333333,1,VIP Customers
16153.0,56,6,3309.26,2620,3309.26,6,106,551.5433333333334,1,VIP Customers
16155.0,17,5,796.9,495,796.9,5,45,159.38,1,VIP Customers
16156.0,18,11,3096.14,1932,3096.14,11,101,281.4672727272727,0,Lost Customers
16158.0,158,9,628.32,182,628.32,9,29,69.81333333333333,1,VIP Customers
16159.0,106,3,884.59,399,884.59,3,25,294.86333333333334,1,VIP Customers
16161.0,4,25,7210.59,3760,7210.59,25,282,288.4236,0,Lost Customers
16163.0,1,5,1992.98,576,1992.98,5,59,398.596,1,VIP Customers
16165.0,141,1,79.9,2,79.9,1,1,79.9,4,Loyal Customers
16166.0,64,2,435.83,173,435.83,2,18,217.915,1,VIP Customers
16167.0,50,5,1386.12,1494,1386.12,5,51,277.224,1,VIP Customers
16168.0,5,40,6848.87,3207,6848.87,40,104,171.22175,0,Lost Customers
16170.0,31,14,4983.95,4286,4983.95,14,187,355.99642857142857,0,Lost Customers
16172.0,109,3,744.34,632,744.34,3,41,248.11333333333332,1,VIP Customers
16174.0,127,4,1237.2,780,1237.2,4,15,309.3,1,VIP Customers
16175.0,107,3,798.85,399,798.85,3,32,266.28333333333336,1,VIP Customers
16176.0,57,4,2052.69,952,2052.69,4,53,513.1725,1,VIP Customers
16177.0,72,7,1915.36,926,1915.36,7,66,273.6228571428572,1,VIP Customers
16178.0,37,1,414.7,210,414.7,1,17,414.7,1,VIP Customers
16180.0,114,5,5995.69,3946,5995.69,5,106,1199.138,0,Lost Customers
16182.0,74,5,3354.0,2096,3354.0,5,8,670.8,1,VIP Customers
16183.0,30,3,739.1,238,739.1,3,17,246.36666666666667,1,VIP Customers
16185.0,200,1,115.31,61,115.31,1,9,115.31,4,Loyal Customers
16186.0,8,15,5019.17,3805,5019.17,15,121,334.61133333333333,0,Lost Customers
16188.0,44,1,105.8,56,105.8,1,7,105.8,1,VIP Customers
16190.0,30,7,2508.4700000000003,1143,2508.4700000000003,7,88,358.3528571428572,1,VIP Customers
16191.0,11,11,10497.3,5997,10497.3,11,54,954.3,0,Lost Customers
16192.0,371,1,351.3,208,351.3,1,11,351.3,4,Loyal Customers
16193.0,46,1,315.98,160,315.98,1,19,315.98,1,VIP Customers
16194.0,11,1,308.6,140,308.6,1,8,308.6,1,VIP Customers
16195.0,359,1,323.25,123,323.25,1,16,323.25,4,Loyal Customers
16196.0,124,1,93.3,26,93.3,1,4,93.3,1,VIP Customers
16197.0,105,9,2016.71,1420,2016.71,9,52,224.07888888888888,1,VIP Customers
16198.0,73,1,629.36,255,629.36,1,18,629.36,1,VIP Customers
16199.0,28,7,942.75,321,942.75,7,2,134.67857142857142,1,VIP Customers
16200.0,18,10,4539.23,2552,4539.23,10,241,453.923,0,Lost Customers
16201.0,51,1,248.65,135,248.65,1,13,248.65,1,VIP Customers
16202.0,53,8,2136.72,1116,2136.72,8,92,267.09,1,VIP Customers
16203.0,8,3,521.64,345,521.64,3,41,173.88,1,VIP Customers
16204.0,16,2,534.53,453,534.53,2,47,267.265,1,VIP Customers
16205.0,32,3,1062.48,936,1062.48,3,89,354.16,1,VIP Customers
16206.0,23,9,2052.81,1107,2052.81,9,139,228.09,0,Lost Customers
16208.0,30,8,2776.19,1208,2776.19,8,141,347.02375,0,Lost Customers
16209.0,18,4,1884.16,716,1884.16,4,17,471.04,1,VIP Customers
16210.0,4,19,17403.21,6704,17403.21,19,103,915.9584210526316,0,Lost Customers
16211.0,57,2,543.5699999999999,365,543.5699999999999,2,12,271.785,1,VIP Customers
16212.0,254,2,603.37,327,603.37,2,36,301.685,4,Loyal Customers
16214.0,71,1,975.5,888,975.5,1,54,975.5,1,VIP Customers
16218.0,9,7,1355.29,1149,1355.29,7,62,193.61285714285717,1,VIP Customers
16219.0,136,1,40.8,48,40.8,1,1,40.8,1,VIP Customers
16221.0,3,7,1325.8,787,1325.8,7,104,189.4,1,VIP Customers
16222.0,357,1,498.50000000000006,138,498.50000000000006,1,23,498.50000000000006,4,Loyal Customers
16223.0,10,2,1087.05,643,1087.05,2,101,543.525,1,VIP Customers
16224.0,23,1,321.24,439,321.24,1,20,321.24,1,VIP Customers
16225.0,38,10,1762.99,788,1762.99,10,122,176.299,0,Lost Customers
16226.0,14,2,417.05,329,417.05,2,20,208.525,1,VIP Customers
16227.0,130,2,713.0,346,713.0,2,23,356.5,1,VIP Customers
16228.0,21,3,885.71,555,885.71,3,45,295.2366666666667,1,VIP Customers
16229.0,17,4,1857.26,974,1857.26,4,109,464.315,1,VIP Customers
16231.0,15,4,1074.47,563,1074.47,4,69,268.6175,1,VIP Customers
16232.0,56,3,1722.09,1299,1722.09,3,49,574.03,1,VIP Customers
16233.0,2,7,1429.03,515,1429.03,7,35,204.14714285714285,1,VIP Customers
16234.0,112,3,333.18,170,333.18,3,13,111.06,1,VIP Customers
16235.0,11,4,1186.4,458,1186.4,4,55,296.6,1,VIP Customers
16237.0,73,1,136.65,57,136.65,1,7,136.65,1,VIP Customers
16238.0,58,1,63.66,85,63.66,1,6,63.66,1,VIP Customers
16239.0,18,4,1078.0,464,1078.0,4,9,269.5,1,VIP Customers
16241.0,5,4,1680.2,912,1680.2,4,264,420.05,0,Lost Customers
16242.0,17,7,3824.79,1952,3824.79,7,249,546.3985714285715,0,Lost Customers
16244.0,8,1,1056.63,619,1056.63,1,63,1056.63,1,VIP Customers
16246.0,95,2,821.35,336,821.35,2,79,410.675,1,VIP Customers
16250.0,9,2,401.94,168,401.94,2,22,200.97,1,VIP Customers
16251.0,148,1,128.31,44,128.31,1,20,128.31,4,Loyal Customers
16252.0,18,1,295.09000000000003,158,295.09000000000003,1,21,295.09000000000003,1,VIP Customers
16253.0,56,5,3588.34,2797,3588.34,5,144,717.668,0,Lost Customers
16254.0,14,3,967.44,543,967.44,3,65,322.48,1,VIP Customers
16255.0,1,8,2284.34,1282,2284.34,8,136,285.5425,0,Lost Customers
16256.0,129,2,876.9399999999999,1009,876.9399999999999,2,16,438.47,1,VIP Customers
16258.0,23,10,6739.01,4206,6739.01,10,166,673.9010000000001,0,Lost Customers
16259.0,46,3,340.94,143,340.94,3,75,113.64666666666666,1,VIP Customers
16261.0,22,2,312.62,153,312.62,2,41,156.31,1,VIP Customers
16262.0,14,1,755.15,446,755.15,1,46,755.15,1,VIP Customers
16263.0,59,1,348.16,197,348.16,1,19,348.16,1,VIP Customers
16264.0,74,2,823.53,616,823.53,2,62,411.765,1,VIP Customers
16265.0,22,3,1488.17,568,1488.17,3,67,496.0566666666667,1,VIP Customers
16266.0,59,7,896.06,393,896.06,7,41,128.00857142857143,1,VIP Customers
16267.0,227,1,186.66,198,186.66,1,7,186.66,4,Loyal Customers
16269.0,73,1,717.57,579,717.57,1,53,717.57,1,VIP Customers
16271.0,93,5,1993.18,1335,1993.18,5,116,398.636,1,VIP Customers
16273.0,284,2,318.34000000000003,40,318.34000000000003,2,15,159.17000000000002,4,Loyal Customers
16274.0,9,1,351.75,153,351.75,1,64,351.75,1,VIP Customers
16275.0,110,2,1591.24,932,1591.24,2,76,795.62,1,VIP Customers
16276.0,115,2,1818.79,1047,1818.79,2,16,909.395,1,VIP Customers
16277.0,369,1,188.69,33,188.69,1,23,188.69,4,Loyal Customers
16278.0,116,2,551.46,228,551.46,2,30,275.73,1,VIP Customers
16279.0,21,6,4195.5,2637,4195.5,6,165,699.25,0,Lost Customers
16280.0,361,1,238.05,101,238.05,1,16,238.05,4,Loyal Customers
16281.0,59,2,1361.96,636,1361.96,2,19,680.98,1,VIP Customers
16282.0,123,2,1139.28,676,1139.28,2,21,569.64,1,VIP Customers
16283.0,54,3,2779.51,1631,2779.51,3,277,926.5033333333334,0,Lost Customers
16284.0,29,1,205.8,139,205.8,1,30,205.8,1,VIP Customers
16285.0,282,1,176.9,60,176.9,1,31,176.9,4,Loyal Customers
16286.0,113,2,328.95,101,328.95,2,17,164.475,1,VIP Customers
16287.0,12,4,864.48,1128,864.48,4,18,216.12,1,VIP Customers
16288.0,106,1,129.85,19,129.85,1,7,129.85,1,VIP Customers
16289.0,98,1,136.31,97,136.31,1,21,136.31,1,VIP Customers
16290.0,100,4,1957.7,957,1957.7,4,85,489.425,1,VIP Customers
16291.0,318,1,117.72,1,117.72,1,1,117.72,4,Loyal Customers
16292.0,16,4,951.51,497,951.51,4,38,237.8775,1,VIP Customers
16293.0,3,6,2408.96,1040,2408.96,6,94,401.4933333333333,1,VIP Customers
16294.0,112,1,126.05,54,126.05,1,8,126.05,1,VIP Customers
16296.0,262,4,1313.67,645,1313.67,4,56,328.4175,4,Loyal Customers
16298.0,33,4,487.5,110,487.5,4,16,121.875,1,VIP Customers
16299.0,113,1,193.65,107,193.65,1,12,193.65,1,VIP Customers
16300.0,66,3,1367.32,643,1367.32,3,190,455.7733333333333,0,Lost Customers
16301.0,372,1,107.33,41,107.33,1,6,107.33,4,Loyal Customers
16303.0,28,4,2567.64,1200,2567.64,4,66,641.91,1,VIP Customers
16304.0,330,1,381.66,228,381.66,1,25,381.66,4,Loyal Customers
16306.0,3,2,560.55,255,560.55,2,27,280.275,1,VIP Customers
16307.0,65,3,1194.92,1123,1194.92,3,69,398.3066666666667,1,VIP Customers
16308.0,42,3,2560.0,8000,2560.0,3,1,853.3333333333334,1,VIP Customers
16310.0,50,2,460.08,270,460.08,2,26,230.04,1,VIP Customers
16312.0,68,1,171.15,53,171.15,1,10,171.15,1,VIP Customers
16314.0,25,3,1491.4,636,1491.4,3,58,497.1333333333334,1,VIP Customers
16315.0,172,1,176.34,68,176.34,1,9,176.34,4,Loyal Customers
16316.0,16,5,2806.0,1573,2806.0,5,115,561.2,1,VIP Customers
16317.0,186,2,850.86,346,850.86,2,47,425.43,4,Loyal Customers
16320.0,89,4,4590.53,2587,4590.53,4,138,1147.6325,0,Lost Customers
16321.0,262,2,230.9,124,230.9,2,10,115.45,4,Loyal Customers
16323.0,213,1,146.16,96,146.16,1,3,146.16,4,Loyal Customers
16325.0,60,9,3003.26,2270,3003.26,9,99,333.6955555555556,0,Lost Customers
16326.0,19,10,1682.03,401,1682.03,10,122,168.203,0,Lost Customers
16327.0,5,11,6874.97,5956,6874.97,11,244,624.9972727272727,0,Lost Customers
16328.0,199,1,310.83,141,310.83,1,16,310.83,4,Loyal Customers
16329.0,63,4,1664.92,797,1664.92,4,83,416.23,1,VIP Customers
16330.0,60,4,373.47,179,373.47,4,71,93.3675,1,VIP Customers
16331.0,68,6,2037.7,756,2037.7,6,33,339.6166666666667,1,VIP Customers
16332.0,67,4,417.21,331,417.21,4,41,104.3025,1,VIP Customers
16334.0,128,1,263.73,206,263.73,1,54,263.73,1,VIP Customers
16335.0,187,7,2753.52,1004,2753.52,7,193,393.36,0,Lost Customers
16336.0,56,4,3517.69,1473,3517.69,4,64,879.4225,1,VIP Customers
16340.0,75,2,961.93,833,961.93,2,170,480.965,1,VIP Customers
16341.0,73,3,1878.92,1624,1878.92,3,67,626.3066666666667,1,VIP Customers
16343.0,43,1,285.54,170,285.54,1,28,285.54,1,VIP Customers
16344.0,145,3,741.3199999999999,688,741.3199999999999,3,42,247.10666666666663,1,VIP Customers
16345.0,119,1,613.33,323,613.33,1,68,613.33,1,VIP Customers
16346.0,21,1,224.51,289,224.51,1,15,224.51,1,VIP Customers
16347.0,24,9,2595.51,1374,2595.51,9,167,288.39000000000004,0,Lost Customers
16348.0,66,1,328.77,359,328.77,1,29,328.77,1,VIP Customers
16350.0,10,5,1137.42,532,1137.42,5,49,227.484,1,VIP Customers
16351.0,47,12,3176.13,2075,3176.13,12,123,264.6775,0,Lost Customers
16353.0,5,16,3323.75,1525,3323.75,16,46,207.734375,0,Lost Customers
16354.0,15,3,723.66,442,723.66,3,87,241.22,1,VIP Customers
16355.0,11,1,416.35,179,416.35,1,47,416.35,1,VIP Customers
16356.0,12,3,204.1,97,204.1,3,17,68.03333333333335,1,VIP Customers
16357.0,17,1,209.49,143,209.49,1,13,209.49,1,VIP Customers
16358.0,30,1,892.1500000000001,763,892.1500000000001,1,45,892.1500000000001,1,VIP Customers
16359.0,12,7,946.83,581,946.83,7,52,135.26142857142858,1,VIP Customers
16362.0,73,1,212.17,127,212.17,1,13,212.17,1,VIP Customers
16365.0,3,7,1766.78,631,1766.78,7,63,252.39714285714285,1,VIP Customers
16366.0,218,3,1220.83,626,1220.83,3,57,406.9433333333333,4,Loyal Customers
16367.0,19,1,549.8100000000001,460,549.8100000000001,1,90,549.8100000000001,1,VIP Customers
16368.0,71,1,141.53,56,141.53,1,20,141.53,1,VIP Customers
16369.0,72,4,1111.15,559,1111.15,4,36,277.7875,1,VIP Customers
16371.0,84,1,157.2,108,157.2,1,11,157.2,1,VIP Customers
16372.0,45,3,934.58,564,934.58,3,203,311.5266666666667,0,Lost Customers
16373.0,18,2,309.49,119,309.49,2,25,154.745,1,VIP Customers
16374.0,38,3,1256.67,534,1256.67,3,210,418.89,0,Lost Customers
16375.0,106,2,104.0,74,104.0,2,11,52.0,1,VIP Customers
16377.0,253,1,632.28,1428,632.28,1,5,632.28,4,Loyal Customers
16381.0,31,2,247.85,108,247.85,2,60,123.925,1,VIP Customers
16382.0,44,2,353.1,167,353.1,2,42,176.55,1,VIP Customers
16383.0,32,5,2252.93,1129,2252.93,5,198,450.586,0,Lost Customers
16384.0,65,2,774.45,601,774.45,2,48,387.225,1,VIP Customers
16385.0,2,3,473.69,285,473.69,3,64,157.89666666666668,1,VIP Customers
16386.0,23,1,765.59,495,765.59,1,54,765.59,1,VIP Customers
16387.0,31,4,788.1,404,788.1,4,68,197.025,1,VIP Customers
16388.0,289,1,186.05,83,186.05,1,13,186.05,4,Loyal Customers
16390.0,172,3,467.5,122,467.5,3,16,155.83333333333334,4,Loyal Customers
16391.0,36,4,1052.26,715,1052.26,4,261,263.065,0,Lost Customers
16392.0,49,2,538.81,403,538.81,2,92,269.405,1,VIP Customers
16393.0,5,11,2441.61,1514,2441.61,11,247,221.96454545454543,0,Lost Customers
16395.0,29,9,2036.35,1429,2036.35,9,319,226.2611111111111,0,Lost Customers
16396.0,112,1,137.8,80,137.8,1,8,137.8,1,VIP Customers
16397.0,264,1,123.13,43,123.13,1,9,123.13,4,Loyal Customers
16399.0,25,1,222.2,189,222.2,1,37,222.2,1,VIP Customers
16400.0,31,8,2755.92,1894,2755.92,8,187,344.49,0,Lost Customers
16401.0,15,11,2750.83,2153,2750.83,11,76,250.07545454545453,0,Lost Customers
16402.0,5,1,205.65,102,205.65,1,53,205.65,1,VIP Customers
16406.0,86,2,374.01,141,374.01,2,85,187.005,1,VIP Customers
16407.0,25,4,681.97,355,681.97,4,43,170.4925,1,VIP Customers
16408.0,227,1,231.93,227,231.93,1,45,231.93,4,Loyal Customers
16409.0,16,7,3629.76,2360,3629.76,7,277,518.5371428571428,0,Lost Customers
16410.0,370,1,130.32,348,130.32,1,5,130.32,4,Loyal Customers
16411.0,5,3,673.24,399,673.24,3,119,224.41333333333333,1,VIP Customers
16412.0,29,4,457.2,225,457.2,4,72,114.3,1,VIP Customers
16413.0,11,1,259.83,135,259.83,1,32,259.83,1,VIP Customers
16414.0,67,3,424.96,174,424.96,3,54,141.65333333333334,1,VIP Customers
16415.0,219,2,496.49,330,496.49,2,78,248.245,4,Loyal Customers
16416.0,26,6,1906.48,1526,1906.48,6,92,317.74666666666667,1,VIP Customers
16417.0,128,1,35.7,6,35.7,1,1,35.7,1,VIP Customers
16418.0,44,2,397.62,284,397.62,2,55,198.81,1,VIP Customers
16419.0,213,2,504.99,273,504.99,2,34,252.495,4,Loyal Customers
16420.0,32,1,75.0,120,75.0,1,2,75.0,1,VIP Customers
16421.0,12,3,526.27,123,526.27,3,35,175.42333333333332,1,VIP Customers
16422.0,5,59,28904.67,32569,28904.67,59,96,489.9096610169492,3,Regular Customers
16424.0,18,1,309.5,124,309.5,1,8,309.5,1,VIP Customers
16428.0,49,3,638.49,575,638.49,3,121,212.83,1,VIP Customers
16430.0,17,6,817.09,204,817.09,6,17,136.18166666666667,1,VIP Customers
16433.0,44,1,200.26,108,200.26,1,17,200.26,1,VIP Customers
16434.0,82,5,1161.89,550,1161.89,5,55,232.378,1,VIP Customers
16435.0,148,3,1003.07,608,1003.07,3,119,334.3566666666666,1,VIP Customers
16436.0,304,3,319.14,227,319.14,3,37,106.38,4,Loyal Customers
16437.0,17,2,301.25,197,301.25,2,17,150.625,1,VIP Customers
16439.0,358,1,310.70000000000005,74,310.70000000000005,1,9,310.70000000000005,4,Loyal Customers
16440.0,129,1,216.3,90,216.3,1,25,216.3,1,VIP Customers
16441.0,53,3,637.93,305,637.93,3,55,212.6433333333333,1,VIP Customers
16442.0,240,2,282.68,137,282.68,2,74,141.34,4,Loyal Customers
16443.0,156,1,162.24,96,162.24,1,1,162.24,4,Loyal Customers
16444.0,26,13,2971.21,1538,2971.21,13,159,228.55461538461535,0,Lost Customers
16445.0,22,3,352.65,176,352.65,3,93,117.55,1,VIP Customers
16447.0,226,2,471.19,94,471.19,2,27,235.595,4,Loyal Customers
16448.0,107,1,178.13,100,178.13,1,31,178.13,1,VIP Customers
16450.0,220,2,1193.81,481,1193.81,2,27,596.905,4,Loyal Customers
16451.0,197,2,746.1800000000001,404,746.1800000000001,2,50,373.09,4,Loyal Customers
16452.0,266,2,332.17,199,332.17,2,14,166.085,4,Loyal Customers
16453.0,166,2,251.71,139,251.71,2,15,125.855,4,Loyal Customers
16454.0,242,2,24.05,6,24.05,2,2,12.025,4,Loyal Customers
16455.0,7,6,2535.69,2113,2535.69,6,85,422.615,1,VIP Customers
16456.0,9,9,4630.16,2541,4630.16,9,188,514.4622222222222,0,Lost Customers
16458.0,11,12,2208.15,1241,2208.15,12,66,184.0125,0,Lost Customers
16459.0,365,1,71.78999999999999,59,71.78999999999999,1,5,71.78999999999999,4,Loyal Customers
16461.0,226,2,1402.91,885,1402.91,2,196,701.455,4,Loyal Customers
16465.0,56,2,746.24,504,746.24,2,45,373.12,1,VIP Customers
16466.0,19,8,2171.13,992,2171.13,8,134,271.39125,0,Lost Customers
16467.0,144,7,2869.16,7384,2869.16,7,14,409.88,1,VIP Customers
16468.0,106,2,712.62,340,712.62,2,37,356.31,1,VIP Customers
16469.0,150,1,178.48000000000002,72,178.48000000000002,1,23,178.48000000000002,4,Loyal Customers
16470.0,32,7,1664.08,813,1664.08,7,211,237.72571428571428,0,Lost Customers
16471.0,29,3,966.03,529,966.03,3,40,322.01,1,VIP Customers
16472.0,70,2,789.6,252,789.6,2,39,394.8,1,VIP Customers
16473.0,10,1,154.72,100,154.72,1,10,154.72,1,VIP Customers
16476.0,67,1,350.35,187,350.35,1,24,350.35,1,VIP Customers
16477.0,7,5,1825.56,1217,1825.56,5,96,365.112,1,VIP Customers
16481.0,318,1,453.38,201,453.38,1,16,453.38,4,Loyal Customers
16485.0,68,4,1923.54,918,1923.54,4,93,480.885,1,VIP Customers
16486.0,173,1,134.36,24,134.36,1,7,134.36,4,Loyal Customers
16487.0,213,2,209.4,163,209.4,2,28,104.7,4,Loyal Customers
16489.0,16,2,303.7,38,303.7,2,4,151.85,1,VIP Customers
16490.0,72,1,205.41000000000005,113,205.41000000000005,1,13,205.41000000000005,1,VIP Customers
16491.0,49,1,801.66,582,801.66,1,48,801.66,1,VIP Customers
16492.0,176,1,385.56,235,385.56,1,23,385.56,4,Loyal Customers
16493.0,80,3,780.46,824,780.46,3,50,260.15333333333336,1,VIP Customers
16496.0,67,3,731.25,653,731.25,3,42,243.75,1,VIP Customers
16497.0,49,17,3729.59,1654,3729.59,17,147,219.38764705882355,0,Lost Customers
16499.0,10,6,2212.89,1237,2212.89,6,100,368.815,1,VIP Customers
16500.0,10,3,443.05,263,443.05,3,19,147.68333333333334,1,VIP Customers
16501.0,19,1,1191.23,628,1191.23,1,181,1191.23,0,Lost Customers
16502.0,256,2,258.55,220,258.55,2,41,129.275,4,Loyal Customers
16503.0,31,7,2182.41,966,2182.41,7,113,311.7728571428571,1,VIP Customers
16507.0,208,1,142.71,111,142.71,1,37,142.71,4,Loyal Customers
16508.0,266,1,240.95,103,240.95,1,42,240.95,4,Loyal Customers
16510.0,8,6,1777.5,930,1777.5,6,94,296.25,1,VIP Customers
16511.0,33,3,842.16,364,842.16,3,123,280.72,1,VIP Customers
16515.0,15,5,1554.92,747,1554.92,5,106,310.98400000000004,1,VIP Customers
16518.0,57,2,475.05,197,475.05,2,28,237.525,1,VIP Customers
16519.0,1,3,327.68,120,327.68,3,25,109.22666666666667,1,VIP Customers
16520.0,1,4,1427.57,704,1427.57,4,201,356.8925,0,Lost Customers
16521.0,51,3,1140.11,1014,1140.11,3,212,380.0366666666666,0,Lost Customers
16522.0,71,2,433.36,212,433.36,2,16,216.68,1,VIP Customers
16523.0,51,7,2497.86,714,2497.86,7,61,356.83714285714285,1,VIP Customers
16524.0,82,2,306.19,259,306.19,2,50,153.095,1,VIP Customers
16525.0,2,23,11535.29,7231,11535.29,23,86,501.534347826087,0,Lost Customers
16526.0,220,1,426.85,173,426.85,1,20,426.85,4,Loyal Customers
16527.0,60,1,1004.88,602,1004.88,1,58,1004.88,1,VIP Customers
16529.0,113,3,1531.55,541,1531.55,3,72,510.51666666666665,1,VIP Customers
16530.0,304,1,48.35,17,48.35,1,3,48.35,4,Loyal Customers
16531.0,17,4,1053.74,948,1053.74,4,55,263.435,1,VIP Customers
16532.0,67,2,2007.84,528,2007.84,2,1,1003.92,1,VIP Customers
16534.0,278,1,635.9,168,635.9,1,36,635.9,4,Loyal Customers
16535.0,21,2,378.29,308,378.29,2,36,189.145,1,VIP Customers
16537.0,277,1,23.35,59,23.35,1,3,23.35,4,Loyal Customers
16538.0,177,3,395.07,254,395.07,3,35,131.69,4,Loyal Customers
16539.0,9,7,2343.2,838,2343.2,7,76,334.74285714285713,1,VIP Customers
16540.0,50,1,205.75,105,205.75,1,25,205.75,1,VIP Customers
16541.0,371,1,424.03,173,424.03,1,38,424.03,4,Loyal Customers
16542.0,37,1,137.7,96,137.7,1,9,137.7,1,VIP Customers
16543.0,227,1,292.21,317,292.21,1,18,292.21,4,Loyal Customers
16544.0,155,4,376.7000000000001,150,376.7000000000001,4,8,94.175,4,Loyal Customers
16545.0,11,1,350.52,244,350.52,1,5,350.52,1,VIP Customers
16546.0,8,4,4819.32,3818,4819.32,4,56,1204.83,1,VIP Customers
16547.0,182,1,104.26,108,104.26,1,25,104.26,4,Loyal Customers
16548.0,235,1,30.15,6,30.15,1,6,30.15,4,Loyal Customers
16549.0,33,24,8746.9,4793,8746.9,24,646,364.45416666666665,0,Lost Customers
16550.0,4,14,7069.27,4122,7069.27,14,209,504.9478571428572,0,Lost Customers
16551.0,59,4,1315.0,1106,1315.0,4,44,328.75,1,VIP Customers
16552.0,9,1,95.29,39,95.29,1,5,95.29,1,VIP Customers
16553.0,32,21,10864.19,11827,10864.19,21,149,517.342380952381,0,Lost Customers
16554.0,22,5,2004.62,944,2004.62,5,80,400.924,1,VIP Customers
16555.0,141,4,1629.79,1641,1629.79,4,46,407.4475,1,VIP Customers
16556.0,11,10,4698.79,2463,4698.79,10,183,469.879,0,Lost Customers
16558.0,2,19,5535.02,2711,5535.02,19,194,291.3168421052632,0,Lost Customers
16559.0,33,1,175.0,61,175.0,1,17,175.0,1,VIP Customers
16560.0,33,6,2206.9700000000003,1103,2206.9700000000003,6,102,367.8283333333334,1,VIP Customers
16562.0,112,1,223.86,264,223.86,1,34,223.86,1,VIP Customers
16563.0,36,5,3334.82,2098,3334.82,5,46,666.964,1,VIP Customers
16564.0,205,1,87.80000000000001,40,87.80000000000001,1,5,87.80000000000001,4,Loyal Customers
16565.0,42,3,599.35,165,599.35,3,7,199.78333333333333,1,VIP Customers
16568.0,63,2,1020.9,366,1020.9,2,5,510.45,1,VIP Customers
16569.0,267,4,1331.03,895,1331.03,4,23,332.7575,4,Loyal Customers
16570.0,15,10,3695.91,2180,3695.91,10,66,369.591,1,VIP Customers
16571.0,31,7,2827.05,2464,2827.05,7,103,403.86428571428576,1,VIP Customers
16574.0,59,2,850.34,586,850.34,2,58,425.17,1,VIP Customers
16576.0,56,2,540.87,323,540.87,2,32,270.435,1,VIP Customers
16577.0,302,1,380.0,142,380.0,1,23,380.0,4,Loyal Customers
16578.0,262,1,156.6,108,156.6,1,9,156.6,4,Loyal Customers
16579.0,61,1,295.05,119,295.05,1,14,295.05,1,VIP Customers
16583.0,9,2,297.95,153,297.95,2,18,148.975,1,VIP Customers
16584.0,68,3,2220.09,1267,2220.09,3,46,740.0300000000001,1,VIP Customers
16585.0,229,2,341.59000000000003,151,341.59000000000003,2,16,170.79500000000002,4,Loyal Customers
16586.0,80,2,998.83,253,998.83,2,19,499.415,1,VIP Customers
16588.0,22,4,1361.28,882,1361.28,4,64,340.32,1,VIP Customers
16589.0,86,1,153.12,168,153.12,1,11,153.12,1,VIP Customers
16590.0,36,2,605.9,240,605.9,2,26,302.95,1,VIP Customers
16592.0,11,12,3694.23,2577,3694.23,12,124,307.8525,0,Lost Customers
16593.0,26,5,741.11,261,741.11,5,40,148.222,1,VIP Customers
16595.0,12,4,1397.59,996,1397.59,4,286,349.3975,0,Lost Customers
16596.0,2,3,329.48,130,329.48,3,17,109.82666666666668,1,VIP Customers
16599.0,21,1,172.8,159,172.8,1,12,172.8,1,VIP Customers
16600.0,10,7,1339.89,1275,1339.89,7,61,191.41285714285715,1,VIP Customers
16601.0,26,2,434.3,258,434.3,2,38,217.15,1,VIP Customers
16602.0,24,1,235.25,93,235.25,1,11,235.25,1,VIP Customers
16604.0,198,2,432.4500000000001,175,432.4500000000001,2,10,216.225,4,Loyal Customers
16605.0,360,1,60.48,144,60.48,1,1,60.48,4,Loyal Customers
16606.0,40,2,357.66,148,357.66,2,16,178.83,1,VIP Customers
16607.0,35,11,2359.16,1577,2359.16,11,99,214.4690909090909,0,Lost Customers
16608.0,89,2,1286.62,612,1286.62,2,94,643.3100000000001,1,VIP Customers
16611.0,39,5,1655.64,827,1655.64,5,79,331.12800000000004,1,VIP Customers
16612.0,15,5,2057.77,913,2057.77,5,71,411.554,1,VIP Customers
16614.0,38,2,673.6,126,673.6,2,20,336.8,1,VIP Customers
16615.0,262,1,291.5,211,291.5,1,19,291.5,4,Loyal Customers
16619.0,19,3,1712.12,922,1712.12,3,93,570.7066666666667,1,VIP Customers
16620.0,25,4,1579.97,1058,1579.97,4,70,394.9925,1,VIP Customers
16622.0,179,1,225.4,44,225.4,1,12,225.4,4,Loyal Customers
16623.0,37,3,885.79,403,885.79,3,40,295.2633333333333,1,VIP Customers
16625.0,58,4,1320.95,893,1320.95,4,69,330.2375,1,VIP Customers
16628.0,43,2,130.05,55,130.05,2,8,65.025,1,VIP Customers
16630.0,43,1,106.8,72,106.8,1,4,106.8,1,VIP Customers
16631.0,117,7,1892.52,775,1892.52,7,46,270.36,1,VIP Customers
16632.0,121,2,406.4,256,406.4,2,22,203.2,1,VIP Customers
16634.0,8,5,1596.71,1239,1596.71,5,72,319.342,1,VIP Customers
16635.0,42,1,473.0,277,473.0,1,25,473.0,1,VIP Customers
16636.0,74,4,3802.04,2186,3802.04,4,62,950.51,1,VIP Customers
16638.0,4,6,749.8100000000001,396,749.8100000000001,6,44,124.96833333333336,1,VIP Customers
16639.0,45,1,490.47,241,490.47,1,31,490.47,1,VIP Customers
16640.0,33,1,179.4,146,179.4,1,13,179.4,1,VIP Customers
16641.0,337,1,323.4,198,323.4,1,24,323.4,4,Loyal Customers
16642.0,51,1,389.12,296,389.12,1,20,389.12,1,VIP Customers
16643.0,58,1,435.6,284,435.6,1,28,435.6,1,VIP Customers
16645.0,371,1,160.39,117,160.39,1,14,160.39,4,Loyal Customers
16646.0,85,1,678.8,1072,678.8,1,29,678.8,1,VIP Customers
16647.0,78,2,327.84,250,327.84,2,16,163.92,1,VIP Customers
16648.0,91,2,382.14,222,382.14,2,18,191.07,1,VIP Customers
16649.0,156,1,306.58,82,306.58,1,20,306.58,4,Loyal Customers
16650.0,56,6,1397.69,1139,1397.69,6,53,232.94833333333332,1,VIP Customers
16651.0,222,1,136.2,60,136.2,1,6,136.2,4,Loyal Customers
16652.0,40,9,10776.42,4194,10776.42,9,102,1197.38,0,Lost Customers
16654.0,4,5,1110.2,421,1110.2,5,50,222.04,1,VIP Customers
16655.0,47,7,2633.74,1575,2633.74,7,240,376.2485714285714,0,Lost Customers
16656.0,56,15,8207.37,6539,8207.37,15,16,547.158,0,Lost Customers
16658.0,4,6,690.83,277,690.83,6,49,115.13833333333334,1,VIP Customers
16660.0,58,3,611.9,420,611.9,3,5,203.96666666666667,1,VIP Customers
16661.0,176,4,932.76,364,932.76,4,50,233.19,4,Loyal Customers
16662.0,30,1,151.05,35,151.05,1,28,151.05,1,VIP Customers
16663.0,365,1,165.0,100,165.0,1,1,165.0,4,Loyal Customers
16664.0,205,1,109.2,24,109.2,1,8,109.2,4,Loyal Customers
16666.0,257,1,98.73,121,98.73,1,15,98.73,4,Loyal Customers
16668.0,23,7,555.7,455,555.7,7,23,79.38571428571429,1,VIP Customers
16670.0,29,9,3934.25,1978,3934.25,9,144,437.1388888888889,0,Lost Customers
16673.0,315,1,171.13,95,171.13,1,19,171.13,4,Loyal Customers
16675.0,77,2,608.86,296,608.86,2,21,304.43,1,VIP Customers
16676.0,38,2,769.78,291,769.78,2,43,384.89,1,VIP Customers
16677.0,47,2,880.62,457,880.62,2,45,440.31,1,VIP Customers
16679.0,2,3,663.31,247,663.31,3,15,221.10333333333327,1,VIP Customers
16680.0,164,2,637.75,283,637.75,2,16,318.875,4,Loyal Customers
16681.0,277,1,151.5,85,151.5,1,5,151.5,4,Loyal Customers
16683.0,169,1,320.25,190,320.25,1,18,320.25,4,Loyal Customers
16684.0,15,27,80489.21,54555,80489.21,27,124,2981.081851851852,3,Regular Customers
16686.0,25,9,1921.19,1442,1921.19,9,273,213.4655555555556,0,Lost Customers
16687.0,26,1,157.63,141,157.63,1,8,157.63,1,VIP Customers
16690.0,29,2,127.45,71,127.45,2,5,63.725,1,VIP Customers
16691.0,54,2,178.83,92,178.83,2,11,89.415,1,VIP Customers
16692.0,44,2,638.6999999999999,726,638.6999999999999,2,1,319.35,1,VIP Customers
16693.0,47,3,701.62,455,701.62,3,98,233.8733333333333,1,VIP Customers
16694.0,359,1,98.3,26,98.3,1,3,98.3,4,Loyal Customers
16695.0,197,2,191.9,184,191.9,2,30,95.95,4,Loyal Customers
16699.0,16,7,994.6,640,994.6,7,51,142.0857142857143,1,VIP Customers
16700.0,2,13,4091.16,2858,4091.16,13,136,314.7046153846153,0,Lost Customers
16701.0,59,13,4518.43,4653,4518.43,13,95,347.57153846153847,0,Lost Customers
16702.0,51,4,1110.83,692,1110.83,4,84,277.7075,1,VIP Customers
16704.0,254,2,664.16,433,664.16,2,50,332.08,4,Loyal Customers
16705.0,36,22,29480.061,16826,29480.061,22,314,1340.0027727272727,0,Lost Customers
16707.0,36,4,533.41,396,533.41,4,64,133.3525,1,VIP Customers
16709.0,15,9,6026.14,2410,6026.14,9,182,669.5711111111111,0,Lost Customers
16710.0,4,13,3823.78,2543,3823.78,13,389,294.1369230769231,0,Lost Customers
16711.0,15,4,1217.45,379,1217.45,4,10,304.3625,1,VIP Customers
16712.0,37,2,621.5600000000001,344,621.5600000000001,2,69,310.78000000000003,1,VIP Customers
16713.0,2,18,7619.21,4400,7619.21,18,362,423.2894444444444,0,Lost Customers
16714.0,306,1,368.27,239,368.27,1,23,368.27,4,Loyal Customers
16715.0,198,1,323.8,532,323.8,1,9,323.8,4,Loyal Customers
16716.0,266,1,1248.48,792,1248.48,1,6,1248.48,4,Loyal Customers
16717.0,2,9,3127.85,1360,3127.85,9,141,347.5388888888889,0,Lost Customers
16718.0,5,5,3006.08,1924,3006.08,5,123,601.216,1,VIP Customers
16719.0,4,8,2174.13,1327,2174.13,8,168,271.76625,0,Lost Customers
16720.0,12,2,605.79,280,605.79,2,107,302.895,1,VIP Customers
16722.0,2,11,4258.27,3579,4258.27,11,110,387.1154545454546,0,Lost Customers
16723.0,79,2,654.96,560,654.96,2,72,327.48,1,VIP Customers
16724.0,40,1,147.35,69,147.35,1,17,147.35,1,VIP Customers
16725.0,7,8,1052.14,476,1052.14,8,177,131.5175,0,Lost Customers
16726.0,19,2,705.14,378,705.14,2,68,352.57,1,VIP Customers
16727.0,28,3,1121.45,899,1121.45,3,132,373.81666666666666,1,VIP Customers
16731.0,284,1,170.3,124,170.3,1,40,170.3,4,Loyal Customers
16732.0,39,3,3783.89,2097,3783.89,3,177,1261.2966666666666,0,Lost Customers
16733.0,165,1,259.68,112,259.68,1,12,259.68,4,Loyal Customers
16735.0,29,9,3970.0,2708,3970.0,9,124,441.1111111111111,0,Lost Customers
16736.0,141,5,2956.56,1050,2956.56,5,116,591.312,1,VIP Customers
16737.0,213,1,417.6,288,417.6,1,1,417.6,4,Loyal Customers
16739.0,172,1,463.43,219,463.43,1,25,463.43,4,Loyal Customers
16740.0,31,1,226.91,110,226.91,1,30,226.91,1,VIP Customers
16741.0,261,1,173.06,81,173.06,1,11,173.06,4,Loyal Customers
16742.0,128,13,2334.9700000000003,2557,2334.9700000000003,13,50,179.61307692307693,1,VIP Customers
16743.0,92,7,1999.02,1672,1999.02,7,71,285.57428571428574,1,VIP Customers
16746.0,19,24,11366.64,7240,11366.64,24,250,473.61,0,Lost Customers
16748.0,24,9,2121.43,1247,2121.43,9,39,235.71444444444444,1,VIP Customers
16749.0,227,2,4157.88,1910,4157.88,2,53,2078.94,4,Loyal Customers
16752.0,8,1,207.5,54,207.5,1,9,207.5,1,VIP Customers
16754.0,8,29,65500.07,63551,65500.07,29,38,2258.623103448276,3,Regular Customers
16755.0,103,4,1389.25,927,1389.25,4,125,347.3125,1,VIP Customers
16756.0,40,6,1072.97,601,1072.97,6,53,178.82833333333335,1,VIP Customers
16757.0,45,1,163.65,99,163.65,1,8,163.65,1,VIP Customers
16760.0,66,1,228.0,168,228.0,1,17,228.0,1,VIP Customers
16763.0,374,1,352.85,173,352.85,1,21,352.85,4,Loyal Customers
16765.0,18,1,420.75,307,420.75,1,51,420.75,1,VIP Customers
16767.0,54,4,2481.2,2679,2481.2,4,75,620.3,1,VIP Customers
16768.0,19,6,1220.48,578,1220.48,6,72,203.41333333333333,1,VIP Customers
16769.0,114,3,755.51,215,755.51,3,54,251.83666666666667,1,VIP Customers
16770.0,8,5,1152.63,652,1152.63,5,133,230.526,1,VIP Customers
16771.0,93,5,1706.99,821,1706.99,5,138,341.398,1,VIP Customers
16772.0,59,3,3698.05,687,3698.05,3,54,1232.6833333333334,1,VIP Customers
16773.0,72,2,249.65,81,249.65,2,34,124.825,1,VIP Customers
16774.0,59,4,905.96,452,905.96,4,60,226.49,1,VIP Customers
16775.0,3,6,1361.23,580,1361.23,6,78,226.87166666666667,1,VIP Customers
16776.0,51,1,220.97,181,220.97,1,48,220.97,1,VIP Customers
16777.0,49,3,1069.56,408,1069.56,3,86,356.52,1,VIP Customers
16779.0,2,32,22554.22,14243,22554.22,32,243,704.819375,0,Lost Customers
16780.0,43,1,174.16,82,174.16,1,37,174.16,1,VIP Customers
16781.0,8,2,623.0,192,623.0,2,36,311.5,1,VIP Customers
16782.0,1,26,7732.37,3407,7732.37,26,556,297.39884615384614,0,Lost Customers
16783.0,72,1,391.95,163,391.95,1,25,391.95,1,VIP Customers
16784.0,12,4,784.73,470,784.73,4,137,196.1825,1,VIP Customers
16785.0,45,1,533.78,313,533.78,1,35,533.78,1,VIP Customers
16786.0,29,1,51.84,72,51.84,1,1,51.84,1,VIP Customers
16787.0,33,4,1017.53,472,1017.53,4,102,254.3825,1,VIP Customers
16788.0,40,3,1334.54,661,1334.54,3,261,444.8466666666666,0,Lost Customers
16791.0,19,8,2251.85,1097,2251.85,8,240,281.48125,0,Lost Customers
16792.0,19,3,513.08,280,513.08,3,83,171.02666666666667,1,VIP Customers
16794.0,16,5,856.1999999999999,653,856.1999999999999,5,151,171.23999999999998,1,VIP Customers
16795.0,1,3,2062.41,1214,2062.41,3,306,687.4699999999999,0,Lost Customers
16797.0,29,5,1802.02,898,1802.02,5,289,360.404,0,Lost Customers
16798.0,190,3,841.16,205,841.16,3,141,280.38666666666666,4,Loyal Customers
16799.0,68,2,452.78,162,452.78,2,81,226.39,1,VIP Customers
16802.0,315,2,582.61,369,582.61,2,48,291.305,4,Loyal Customers
16805.0,213,3,630.75,581,630.75,3,139,210.25,4,Loyal Customers
16807.0,106,3,1002.29,655,1002.29,3,62,334.09666666666664,1,VIP Customers
16809.0,68,4,812.74,441,812.74,4,68,203.185,1,VIP Customers
16810.0,56,1,532.5,258,532.5,1,19,532.5,1,VIP Customers
16812.0,14,3,1912.65,1035,1912.65,3,90,637.5500000000001,1,VIP Customers
16814.0,5,16,5781.4400000000005,2254,5781.4400000000005,16,176,361.34,0,Lost Customers
16815.0,89,2,406.02,237,406.02,2,66,203.01,1,VIP Customers
16817.0,4,5,1200.15,743,1200.15,5,50,240.03000000000003,1,VIP Customers
16819.0,101,2,182.59,253,182.59,2,17,91.295,1,VIP Customers
16821.0,17,1,113.35,13,113.35,1,7,113.35,1,VIP Customers
16822.0,322,1,181.39,171,181.39,1,11,181.39,4,Loyal Customers
16823.0,23,6,1884.71,1030,1884.71,6,118,314.11833333333334,1,VIP Customers
16824.0,29,1,225.6,154,225.6,1,13,225.6,1,VIP Customers
16825.0,14,3,1051.71,731,1051.71,3,32,350.57,1,VIP Customers
16827.0,29,5,392.13,125,392.13,5,10,78.426,1,VIP Customers
16829.0,24,1,316.1,116,316.1,1,16,316.1,1,VIP Customers
16830.0,78,3,881.59,435,881.59,3,47,293.86333333333334,1,VIP Customers
16831.0,200,1,91.8,48,91.8,1,6,91.8,4,Loyal Customers
16832.0,64,2,218.46,146,218.46,2,8,109.23,1,VIP Customers
16833.0,75,2,1302.51,438,1302.51,2,44,651.255,1,VIP Customers
16834.0,310,1,485.5,402,485.5,1,24,485.5,4,Loyal Customers
16835.0,9,5,1357.56,454,1357.56,5,54,271.512,1,VIP Customers
16836.0,42,2,530.5,374,530.5,2,31,265.25,1,VIP Customers
16838.0,166,2,570.76,324,570.76,2,31,285.38,4,Loyal Customers
16839.0,5,11,5716.14,2552,5716.14,11,47,519.6490909090909,0,Lost Customers
16840.0,239,2,139.85,117,139.85,2,9,69.925,4,Loyal Customers
16841.0,64,6,2136.24,1228,2136.24,6,92,356.04,1,VIP Customers
16843.0,58,19,9374.86,8343,9374.86,19,138,493.4136842105264,0,Lost Customers
16844.0,198,2,614.34,281,614.34,2,26,307.17,4,Loyal Customers
16845.0,254,1,253.88,167,253.88,1,20,253.88,4,Loyal Customers
16846.0,213,2,628.09,382,628.09,2,36,314.045,4,Loyal Customers
16847.0,254,1,421.45,177,421.45,1,25,421.45,4,Loyal Customers
16848.0,12,3,1130.2,598,1130.2,3,64,376.73333333333335,1,VIP Customers
16854.0,53,2,1408.96,997,1408.96,2,72,704.48,1,VIP Customers
16856.0,53,2,323.09000000000003,159,323.09000000000003,2,15,161.54500000000002,1,VIP Customers
16857.0,78,1,352.8,168,352.8,1,11,352.8,1,VIP Customers
16858.0,4,10,4292.59,1423,4292.59,10,75,429.259,0,Lost Customers
16859.0,52,5,1184.6,1072,1184.6,5,46,236.92,1,VIP Customers
16860.0,88,3,1610.62,625,1610.62,3,35,536.8733333333333,1,VIP Customers
16861.0,26,3,772.83,476,772.83,3,38,257.61,1,VIP Customers
16862.0,183,4,662.33,513,662.33,4,34,165.5825,4,Loyal Customers
16863.0,2,2,495.72,336,495.72,2,27,247.86,1,VIP Customers
16864.0,70,2,409.25,283,409.25,2,17,204.625,1,VIP Customers
16865.0,37,1,130.95,157,130.95,1,15,130.95,1,VIP Customers
16867.0,325,1,76.74000000000001,58,76.74000000000001,1,6,76.74000000000001,4,Loyal Customers
16868.0,30,3,384.56,112,384.56,3,47,128.18666666666667,1,VIP Customers
16870.0,105,1,450.16,278,450.16,1,28,450.16,1,VIP Customers
16872.0,63,3,533.11,479,533.11,3,9,177.70333333333335,1,VIP Customers
16873.0,65,6,7493.77,4761,7493.77,6,118,1248.9616666666668,0,Lost Customers
16874.0,15,1,209.89,78,209.89,1,31,209.89,1,VIP Customers
16875.0,73,6,2139.0,1030,2139.0,6,90,356.5,1,VIP Customers
16876.0,39,1,136.01,181,136.01,1,32,136.01,1,VIP Customers
16880.0,129,1,321.78000000000003,158,321.78000000000003,1,9,321.78000000000003,1,VIP Customers
16883.0,7,18,2101.61,967,2101.61,18,144,116.75611111111112,0,Lost Customers
16884.0,192,2,641.13,200,641.13,2,39,320.565,4,Loyal Customers
16885.0,21,1,234.19,180,234.19,1,40,234.19,1,VIP Customers
16886.0,92,1,134.0,48,134.0,1,8,134.0,1,VIP Customers
16887.0,36,2,465.84,267,465.84,2,65,232.92,1,VIP Customers
16888.0,36,3,434.2,145,434.2,3,44,144.73333333333332,1,VIP Customers
16889.0,33,3,947.98,686,947.98,3,72,315.99333333333334,1,VIP Customers
16890.0,112,3,285.41,243,285.41,3,17,95.13666666666668,1,VIP Customers
16891.0,7,7,1202.77,473,1202.77,7,245,171.8242857142857,0,Lost Customers
16892.0,190,2,236.56,131,236.56,2,38,118.28,4,Loyal Customers
16893.0,2,2,249.89,117,249.89,2,80,124.945,1,VIP Customers
16894.0,138,3,1306.96,503,1306.96,3,186,435.65333333333336,1,VIP Customers
16895.0,74,4,900.63,330,900.63,4,82,225.1575,1,VIP Customers
16896.0,191,1,103.95,18,103.95,1,18,103.95,4,Loyal Customers
16898.0,4,3,496.26,377,496.26,3,110,165.42,1,VIP Customers
16899.0,14,2,424.71,291,424.71,2,42,212.355,1,VIP Customers
16901.0,365,1,204.26,42,204.26,1,23,204.26,4,Loyal Customers
16903.0,16,2,678.55,470,678.55,2,107,339.275,1,VIP Customers
16904.0,3,7,1360.31,762,1360.31,7,188,194.33,0,Lost Customers
16905.0,7,11,1923.57,640,1923.57,11,80,174.87,0,Lost Customers
16906.0,64,3,851.33,327,851.33,3,116,283.7766666666667,1,VIP Customers
16907.0,1,5,722.0500000000001,232,722.0500000000001,5,62,144.41000000000005,1,VIP Customers
16908.0,358,1,252.59,61,252.59,1,20,252.59,4,Loyal Customers
16911.0,271,2,255.25,161,255.25,2,30,127.625,4,Loyal Customers
16912.0,57,4,1904.93,664,1904.93,4,63,476.2325,1,VIP Customers
16913.0,287,2,310.47,147,310.47,2,10,155.235,4,Loyal Customers
16915.0,22,5,921.5,58,921.5,5,11,184.3,1,VIP Customers
16916.0,8,3,536.04,320,536.04,3,100,178.67999999999998,1,VIP Customers
16917.0,268,1,1460.36,560,1460.36,1,37,1460.36,4,Loyal Customers
16918.0,58,10,2137.72,1345,2137.72,10,218,213.772,0,Lost Customers
16919.0,4,14,2515.76,1003,2515.76,14,144,179.69714285714286,0,Lost Customers
16920.0,47,1,355.45,81,355.45,1,23,355.45,1,VIP Customers
16921.0,78,2,255.03,121,255.03,2,28,127.515,1,VIP Customers
16922.0,208,1,611.08,281,611.08,1,122,611.08,4,Loyal Customers
16923.0,11,13,6088.05,2846,6088.05,13,227,468.3115384615385,0,Lost Customers
16925.0,176,1,125.65,123,125.65,1,18,125.65,4,Loyal Customers
16926.0,7,5,1169.61,197,1169.61,5,63,233.92200000000005,1,VIP Customers
16928.0,9,13,1199.08,588,1199.08,13,85,92.23692307692308,0,Lost Customers
16931.0,5,3,629.4,305,629.4,3,84,209.8,1,VIP Customers
16932.0,59,2,262.32,135,262.32,2,77,131.16,1,VIP Customers
16933.0,25,7,2536.07,1245,2536.07,7,182,362.2957142857143,0,Lost Customers
16934.0,19,4,1152.11,539,1152.11,4,77,288.02750000000003,1,VIP Customers
16935.0,17,3,530.86,273,530.86,3,55,176.95333333333335,1,VIP Customers
16936.0,21,1,286.39,168,286.39,1,81,286.39,1,VIP Customers
16937.0,135,1,196.25,123,196.25,1,49,196.25,1,VIP Customers
16938.0,17,5,4283.68,2508,4283.68,5,426,856.7360000000001,0,Lost Customers
16939.0,124,3,433.85,229,433.85,3,38,144.61666666666665,1,VIP Customers
16940.0,86,5,3377.78,2334,3377.78,5,220,675.556,0,Lost Customers
16941.0,247,1,33.0,12,33.0,1,2,33.0,4,Loyal Customers
16943.0,175,2,482.76,2,482.76,2,1,241.38,4,Loyal Customers
16944.0,245,1,101.36,27,101.36,1,7,101.36,4,Loyal Customers
16945.0,29,14,4202.66,3164,4202.66,14,159,300.19,0,Lost Customers
16946.0,19,5,1222.04,509,1222.04,5,69,244.408,1,VIP Customers
16947.0,98,4,548.73,343,548.73,4,30,137.1825,1,VIP Customers
16948.0,65,4,433.75,477,433.75,4,15,108.4375,1,VIP Customers
16950.0,3,8,2535.21,1820,2535.21,8,84,316.90125,1,VIP Customers
16952.0,77,3,628.22,251,628.22,3,61,209.40666666666667,1,VIP Customers
16954.0,15,11,3996.8,3032,3996.8,11,71,363.3454545454545,0,Lost Customers
16955.0,4,4,790.74,557,790.74,4,26,197.685,1,VIP Customers
16958.0,71,1,778.49,514,778.49,1,69,778.49,1,VIP Customers
16960.0,26,5,1483.83,1188,1483.83,5,267,296.766,0,Lost Customers
16961.0,24,2,560.39,357,560.39,2,38,280.195,1,VIP Customers
16962.0,45,1,251.04,158,251.04,1,15,251.04,1,VIP Customers
16964.0,369,2,207.85,49,207.85,2,6,103.925,4,Loyal Customers
16970.0,262,1,71.4,12,71.4,1,2,71.4,4,Loyal Customers
16972.0,18,2,749.0,183,749.0,2,54,374.5,1,VIP Customers
16973.0,22,1,127.0,60,127.0,1,6,127.0,1,VIP Customers
16974.0,158,2,365.5,70,365.5,2,5,182.75,4,Loyal Customers
16975.0,59,3,926.12,586,926.12,3,44,308.70666666666665,1,VIP Customers
16977.0,31,4,496.0,142,496.0,4,25,124.0,1,VIP Customers
16978.0,302,2,424.55,119,424.55,2,28,212.275,4,Loyal Customers
16979.0,19,3,1007.74,586,1007.74,3,32,335.91333333333336,1,VIP Customers
16980.0,64,1,394.37,251,394.37,1,25,394.37,1,VIP Customers
16983.0,5,5,1748.15,1087,1748.15,5,67,349.63,1,VIP Customers
16984.0,40,7,5891.01,2747,5891.01,7,476,841.5728571428572,0,Lost Customers
16985.0,12,13,5459.04,1271,5459.04,13,87,419.92615384615385,0,Lost Customers
16986.0,81,9,3015.55,1499,3015.55,9,64,335.0611111111112,1,VIP Customers
16987.0,12,4,904.6,270,904.6,4,105,226.15,1,VIP Customers
16988.0,15,1,256.55,115,256.55,1,13,256.55,1,VIP Customers
16990.0,58,1,165.0,100,165.0,1,1,165.0,1,VIP Customers
16991.0,57,1,1041.21,793,1041.21,1,74,1041.21,1,VIP Customers
16992.0,23,8,3862.19,1201,3862.19,8,154,482.77375,0,Lost Customers
16993.0,99,2,1950.95,285,1950.95,2,19,975.475,1,VIP Customers
16996.0,18,3,666.6500000000001,375,666.6500000000001,3,28,222.2166666666667,1,VIP Customers
16998.0,80,1,107.0,28,107.0,1,2,107.0,1,VIP Customers
17000.0,32,2,406.3,305,406.3,2,26,203.15,1,VIP Customers
17001.0,12,8,2651.23,1618,2651.23,8,60,331.40375,1,VIP Customers
17002.0,79,4,1077.82,586,1077.82,4,32,269.455,1,VIP Customers
17003.0,38,4,828.21,494,828.21,4,90,207.0525,1,VIP Customers
17004.0,28,2,1012.22,462,1012.22,2,21,506.11,1,VIP Customers
17005.0,106,2,622.36,691,622.36,2,14,311.18,1,VIP Customers
17006.0,28,4,853.49,300,853.49,4,77,213.3725,1,VIP Customers
17007.0,73,1,230.17,120,230.17,1,15,230.17,1,VIP Customers
17008.0,65,1,81.36,24,81.36,1,1,81.36,1,VIP Customers
17009.0,187,1,242.06,336,242.06,1,10,242.06,4,Loyal Customers
17011.0,283,2,400.8,606,400.8,2,12,200.4,4,Loyal Customers
17012.0,361,1,360.61,251,360.61,1,34,360.61,4,Loyal Customers
17016.0,212,1,552.4,309,552.4,1,41,552.4,4,Loyal Customers
17017.0,1,13,5416.35,3918,5416.35,13,76,416.6423076923077,0,Lost Customers
17018.0,23,4,1367.6,280,1367.6,4,16,341.9,1,VIP Customers
17019.0,4,8,2703.03,1799,2703.03,8,270,337.87875,0,Lost Customers
17020.0,178,2,935.62,860,935.62,2,64,467.81,4,Loyal Customers
17021.0,78,6,1182.22,992,1182.22,6,35,197.03666666666663,1,VIP Customers
17022.0,68,1,189.0,72,189.0,1,9,189.0,1,VIP Customers
17023.0,53,3,800.1800000000001,530,800.1800000000001,3,48,266.7266666666667,1,VIP Customers
17025.0,9,4,1152.87,789,1152.87,4,28,288.21750000000003,1,VIP Customers
17026.0,5,2,54.15,35,54.15,2,4,27.075,1,VIP Customers
17027.0,82,3,433.07,229,433.07,3,29,144.35666666666663,1,VIP Customers
17028.0,217,3,1593.83,856,1593.83,3,85,531.2766666666666,4,Loyal Customers
17029.0,18,5,1421.3,865,1421.3,5,19,284.26,1,VIP Customers
17031.0,14,4,2393.5,1360,2393.5,4,22,598.375,1,VIP Customers
17032.0,183,8,2984.32,1667,2984.32,8,183,373.04,0,Lost Customers
17033.0,33,1,302.65000000000003,121,302.65000000000003,1,12,302.65000000000003,1,VIP Customers
17034.0,45,2,530.9,284,530.9,2,26,265.45,1,VIP Customers
17035.0,227,2,180.06,98,180.06,2,4,90.03,4,Loyal Customers
17036.0,19,1,176.9,76,176.9,1,12,176.9,1,VIP Customers
17038.0,51,1,630.77,507,630.77,1,41,630.77,1,VIP Customers
17039.0,240,1,1954.99,689,1954.99,1,44,1954.99,4,Loyal Customers
17040.0,186,1,13.52,8,13.52,1,1,13.52,4,Loyal Customers
17041.0,33,3,583.71,376,583.71,3,48,194.57,1,VIP Customers
17043.0,11,4,858.47,618,858.47,4,87,214.6175,1,VIP Customers
17044.0,10,11,11013.82,5218,11013.82,11,91,1001.2563636363636,0,Lost Customers
17045.0,12,2,488.24,188,488.24,2,28,244.12,1,VIP Customers
17046.0,80,4,1264.05,1126,1264.05,4,57,316.0125,1,VIP Customers
17047.0,67,3,1188.33,651,1188.33,3,71,396.11,1,VIP Customers
17048.0,73,4,1146.33,583,1146.33,4,52,286.5825,1,VIP Customers
17049.0,11,10,4287.5,1600,4287.5,10,157,428.75,0,Lost Customers
17050.0,11,5,1462.95,837,1462.95,5,27,292.59000000000003,1,VIP Customers
17051.0,82,3,465.6,328,465.6,3,92,155.20000000000002,1,VIP Customers
17055.0,81,1,232.85,83,232.85,1,24,232.85,1,VIP Customers
17056.0,374,1,128.60000000000002,26,128.60000000000002,1,8,128.60000000000002,4,Loyal Customers
17057.0,232,1,294.74,129,294.74,1,48,294.74,4,Loyal Customers
17059.0,5,5,2506.54,1728,2506.54,5,208,501.308,0,Lost Customers
17062.0,1,4,645.8100000000001,472,645.8100000000001,4,67,161.4525,1,VIP Customers
17063.0,43,6,2177.39,1129,2177.39,6,100,362.8983333333333,1,VIP Customers
17065.0,273,2,194.7,82,194.7,2,6,97.35,4,Loyal Customers
17066.0,362,1,228.34,93,228.34,1,17,228.34,4,Loyal Customers
17067.0,360,3,454.54,322,454.54,3,8,151.51333333333335,4,Loyal Customers
17068.0,4,27,4601.69,2267,4601.69,27,204,170.43296296296296,0,Lost Customers
17069.0,9,6,3084.58,1827,3084.58,6,123,514.0966666666667,0,Lost Customers
17070.0,46,1,133.18,101,133.18,1,41,133.18,1,VIP Customers
17071.0,17,4,1364.68,737,1364.68,4,57,341.17,1,VIP Customers
17072.0,261,1,273.35,212,273.35,1,20,273.35,4,Loyal Customers
17074.0,198,1,203.05,19,203.05,1,4,203.05,4,Loyal Customers
17075.0,65,6,1402.51,493,1402.51,6,100,233.7516666666667,1,VIP Customers
17076.0,28,3,401.67,219,401.67,3,22,133.89,1,VIP Customers
17077.0,214,1,306.0,36,306.0,1,1,306.0,4,Loyal Customers
17080.0,15,5,669.91,403,669.91,5,19,133.982,1,VIP Customers
17081.0,31,4,660.48,304,660.48,4,121,165.12,1,VIP Customers
17082.0,30,4,2728.18,1477,2728.18,4,65,682.045,1,VIP Customers
17083.0,45,6,2644.01,1183,2644.01,6,26,440.66833333333335,1,VIP Customers
17084.0,32,1,2253.22,1476,2253.22,1,132,2253.22,0,Lost Customers
17085.0,12,23,6285.27,2798,6285.27,23,373,273.2726086956522,0,Lost Customers
17087.0,373,1,221.53,113,221.53,1,12,221.53,4,Loyal Customers
17089.0,22,1,128.45,35,128.45,1,4,128.45,1,VIP Customers
17090.0,10,6,1105.53,441,1105.53,6,17,184.255,1,VIP Customers
17091.0,3,11,3961.44,2087,3961.44,11,165,360.1309090909091,0,Lost Customers
17092.0,73,7,3737.38,2638,3737.38,7,192,533.9114285714286,0,Lost Customers
17093.0,228,1,235.88,114,235.88,1,13,235.88,4,Loyal Customers
17094.0,59,1,100.2,60,100.2,1,4,100.2,1,VIP Customers
17095.0,66,4,1248.09,1077,1248.09,4,54,312.0225,1,VIP Customers
17096.0,19,7,2675.8,1220,2675.8,7,128,382.25714285714287,0,Lost Customers
17097.0,1,2,363.66,190,363.66,2,84,181.83,1,VIP Customers
17098.0,17,3,591.07,125,591.07,3,10,197.0233333333333,1,VIP Customers
17099.0,169,1,582.17,317,582.17,1,40,582.17,4,Loyal Customers
17101.0,30,3,885.32,360,885.32,3,28,295.1066666666667,1,VIP Customers
17103.0,358,1,424.3,471,424.3,1,32,424.3,4,Loyal Customers
17104.0,59,1,474.03,149,474.03,1,19,474.03,1,VIP Customers
17106.0,25,1,481.58,153,481.58,1,51,481.58,1,VIP Customers
17107.0,33,4,5255.24,2704,5255.24,4,197,1313.81,0,Lost Customers
17108.0,299,1,174.95,31,174.95,1,9,174.95,4,Loyal Customers
17109.0,42,2,410.42,200,410.42,2,22,205.21,1,VIP Customers
17110.0,156,2,336.6,86,336.6,2,32,168.3,4,Loyal Customers
17111.0,61,1,227.97,299,227.97,1,19,227.97,1,VIP Customers
17112.0,138,1,197.57,130,197.57,1,44,197.57,1,VIP Customers
17113.0,210,6,2305.59,913,2305.59,6,122,384.265,4,Loyal Customers
17115.0,184,4,1923.99,513,1923.99,4,75,480.9975,4,Loyal Customers
17116.0,284,1,389.78,392,389.78,1,47,389.78,4,Loyal Customers
17121.0,38,1,314.74,106,314.74,1,12,314.74,1,VIP Customers
17122.0,24,3,432.18,288,432.18,3,19,144.06,1,VIP Customers
17123.0,75,2,631.87,430,631.87,2,31,315.935,1,VIP Customers
17126.0,17,4,1026.98,646,1026.98,4,149,256.745,1,VIP Customers
17127.0,64,5,1155.0300000000002,340,1155.0300000000002,5,27,231.00600000000003,1,VIP Customers
17129.0,156,1,31.85,5,31.85,1,2,31.85,4,Loyal Customers
17132.0,88,2,1220.91,963,1220.91,2,62,610.455,1,VIP Customers
17133.0,110,5,9730.09,7377,9730.09,5,16,1946.018,1,VIP Customers
17134.0,78,1,212.1,46,212.1,1,13,212.1,1,VIP Customers
17135.0,7,4,798.03,684,798.03,4,79,199.5075,1,VIP Customers
17136.0,298,1,231.68,256,231.68,1,14,231.68,4,Loyal Customers
17137.0,52,6,1099.81,680,1099.81,6,125,183.30166666666665,1,VIP Customers
17138.0,25,6,4036.77,1898,4036.77,6,217,672.795,0,Lost Customers
17139.0,25,13,8915.99,4677,8915.99,13,226,685.8453846153845,0,Lost Customers
17141.0,54,4,727.58,423,727.58,4,138,181.895,1,VIP Customers
17142.0,40,3,696.25,241,696.25,3,67,232.08333333333331,1,VIP Customers
17143.0,53,2,880.97,314,880.97,2,82,440.485,1,VIP Customers
17145.0,148,4,3120.91,2591,3120.91,4,168,780.2275,0,Lost Customers
17146.0,71,10,5102.86,1976,5102.86,10,156,510.286,0,Lost Customers
17147.0,88,5,1485.36,426,1485.36,5,41,297.072,1,VIP Customers
17149.0,87,1,143.10000000000002,18,143.10000000000002,1,6,143.10000000000002,1,VIP Customers
17150.0,12,6,1357.95,397,1357.95,6,64,226.325,1,VIP Customers
17151.0,371,1,231.90000000000003,42,231.90000000000003,1,4,231.90000000000003,4,Loyal Customers
17152.0,61,1,327.0,60,327.0,1,2,327.0,1,VIP Customers
17155.0,163,5,640.76,745,640.76,5,31,128.152,4,Loyal Customers
17156.0,127,1,591.87,391,591.87,1,39,591.87,1,VIP Customers
17157.0,116,17,4832.900000000001,1920,4832.900000000001,17,69,284.28823529411767,0,Lost Customers
17158.0,183,2,713.03,369,713.03,2,37,356.515,4,Loyal Customers
17159.0,113,2,560.71,237,560.71,2,27,280.355,1,VIP Customers
17160.0,10,11,6691.13,5534,6691.13,11,164,608.2845454545454,0,Lost Customers
17161.0,80,1,856.01,537,856.01,1,52,856.01,1,VIP Customers
17163.0,81,2,406.68,465,406.68,2,24,203.34,1,VIP Customers
17165.0,17,5,1635.64,688,1635.64,5,72,327.12800000000004,1,VIP Customers
17167.0,15,3,867.11,429,867.11,3,64,289.0366666666667,1,VIP Customers
17168.0,134,1,400.2,220,400.2,1,21,400.2,1,VIP Customers
17169.0,214,1,320.95,145,320.95,1,21,320.95,4,Loyal Customers
17170.0,10,2,178.68,152,178.68,2,8,89.34,1,VIP Customers
17171.0,297,1,159.68,40,159.68,1,9,159.68,4,Loyal Customers
17172.0,66,2,638.81,735,638.81,2,24,319.405,1,VIP Customers
17176.0,162,2,596.1899999999999,406,596.1899999999999,2,25,298.095,4,Loyal Customers
17177.0,141,1,119.5,40,119.5,1,29,119.5,1,VIP Customers
17178.0,367,1,432.96,100,432.96,1,31,432.96,4,Loyal Customers
17179.0,18,3,795.47,335,795.47,3,44,265.1566666666667,1,VIP Customers
17180.0,58,7,1452.8,1139,1452.8,7,149,207.54285714285717,0,Lost Customers
17181.0,9,2,225.45,243,225.45,2,7,112.725,1,VIP Customers
17182.0,58,2,321.3,54,321.3,2,4,160.65,1,VIP Customers
17184.0,205,2,198.41000000000005,73,198.41000000000005,2,14,99.205,4,Loyal Customers
17185.0,227,3,229.46,119,229.46,3,38,76.48666666666666,4,Loyal Customers
17187.0,162,1,263.76,282,263.76,1,13,263.76,4,Loyal Customers
17188.0,82,6,2118.7000000000003,1241,2118.7000000000003,6,79,353.1166666666668,1,VIP Customers
17189.0,196,3,569.88,375,569.88,3,59,189.96,4,Loyal Customers
17190.0,39,5,1281.83,2057,1281.83,5,143,256.366,1,VIP Customers
17191.0,4,11,2726.77,1362,2726.77,11,200,247.8881818181818,0,Lost Customers
17192.0,172,1,75.28,45,75.28,1,20,75.28,4,Loyal Customers
17193.0,22,2,610.74,414,610.74,2,12,305.37,1,VIP Customers
17194.0,166,1,549.88,301,549.88,1,31,549.88,4,Loyal Customers
17195.0,291,1,562.98,486,562.98,1,31,562.98,4,Loyal Customers
17196.0,63,1,327.75,154,327.75,1,84,327.75,1,VIP Customers
17198.0,1,2,521.66,242,521.66,2,73,260.83,1,VIP Customers
17199.0,218,1,135.04000000000002,232,135.04000000000002,1,8,135.04000000000002,4,Loyal Customers
17200.0,23,4,356.71,367,356.71,4,25,89.1775,1,VIP Customers
17201.0,159,3,853.32,773,853.32,3,119,284.44,1,VIP Customers
17202.0,56,1,160.65,55,160.65,1,8,160.65,1,VIP Customers
17203.0,24,4,2004.01,1751,2004.01,4,84,501.0025,1,VIP Customers
17204.0,10,5,3940.13,2005,3940.13,5,89,788.0260000000001,1,VIP Customers
17205.0,52,2,615.27,1330,615.27,2,18,307.635,1,VIP Customers
17207.0,288,1,292.62,233,292.62,1,55,292.62,4,Loyal Customers
17208.0,31,1,111.15,101,111.15,1,21,111.15,1,VIP Customers
17209.0,285,3,595.7,723,595.7,3,36,198.5666666666667,4,Loyal Customers
17210.0,28,1,251.72,242,251.72,1,47,251.72,1,VIP Customers
17211.0,5,6,1729.43,1022,1729.43,6,126,288.23833333333334,1,VIP Customers
17212.0,94,2,567.56,580,567.56,2,25,283.78,1,VIP Customers
17213.0,2,7,2401.07,1003,2401.07,7,76,343.01000000000005,1,VIP Customers
17215.0,100,1,186.15,104,186.15,1,11,186.15,1,VIP Customers
17216.0,190,1,63.6,21,63.6,1,13,63.6,4,Loyal Customers
17217.0,255,1,96.6,69,96.6,1,18,96.6,4,Loyal Customers
17218.0,4,9,2226.96,1240,2226.96,9,167,247.44,0,Lost Customers
17219.0,52,1,144.9,99,144.9,1,24,144.9,1,VIP Customers
17220.0,53,7,1269.76,766,1269.76,7,167,181.3942857142857,0,Lost Customers
17221.0,227,3,642.14,426,642.14,3,58,214.04666666666665,4,Loyal Customers
17222.0,113,5,1250.86,735,1250.86,5,71,250.17200000000005,1,VIP Customers
17223.0,4,2,433.99,109,433.99,2,49,216.995,1,VIP Customers
17224.0,137,1,100.86,65,100.86,1,8,100.86,1,VIP Customers
17225.0,217,1,131.15,36,131.15,1,5,131.15,4,Loyal Customers
17226.0,80,2,501.98,447,501.98,2,34,250.99,1,VIP Customers
17227.0,4,7,1081.86,1032,1081.86,7,44,154.5514285714286,1,VIP Customers
17228.0,3,7,1269.89,1033,1269.89,7,107,181.41285714285715,1,VIP Customers
17230.0,199,10,5750.08,2102,5750.08,10,104,575.008,0,Lost Customers
17231.0,25,15,3940.08,1957,3940.08,15,348,262.672,0,Lost Customers
17233.0,84,2,369.98,167,369.98,2,32,184.99,1,VIP Customers
17235.0,8,7,1354.82,747,1354.82,7,41,193.54571428571427,1,VIP Customers
17236.0,46,6,1013.13,330,1013.13,6,44,168.855,1,VIP Customers
17237.0,11,2,679.44,309,679.44,2,58,339.72,1,VIP Customers
17238.0,7,17,3982.66,1874,3982.66,17,345,234.2741176470588,0,Lost Customers
17239.0,23,3,806.95,365,806.95,3,8,268.9833333333333,1,VIP Customers
17240.0,232,1,130.60000000000002,108,130.60000000000002,1,7,130.60000000000002,4,Loyal Customers
17241.0,21,12,2736.64,859,2736.64,12,116,228.0533333333333,0,Lost Customers
17242.0,92,3,1754.24,848,1754.24,3,27,584.7466666666667,1,VIP Customers
17243.0,5,44,11920.43,4704,11920.43,44,265,270.91886363636365,0,Lost Customers
17244.0,19,4,871.14,803,871.14,4,85,217.785,1,VIP Customers
17245.0,325,1,200.18,232,200.18,1,15,200.18,4,Loyal Customers
17246.0,182,2,38.92,36,38.92,2,6,19.46,4,Loyal Customers
17248.0,117,1,181.89,63,181.89,1,34,181.89,1,VIP Customers
17249.0,64,1,68.03,79,68.03,1,27,68.03,1,VIP Customers
17251.0,18,2,529.15,269,529.15,2,35,264.575,1,VIP Customers
17254.0,37,1,198.29,146,198.29,1,36,198.29,1,VIP Customers
17255.0,26,2,490.22,356,490.22,2,99,245.11,1,VIP Customers
17256.0,117,3,258.93,158,258.93,3,14,86.31,1,VIP Customers
17257.0,72,2,189.78,187,189.78,2,14,94.89,1,VIP Customers
17258.0,32,2,417.3,188,417.3,2,46,208.65,1,VIP Customers
17259.0,4,5,1239.11,712,1239.11,5,159,247.822,1,VIP Customers
17260.0,47,1,120.95,23,120.95,1,6,120.95,1,VIP Customers
17261.0,145,1,221.59,95,221.59,1,43,221.59,4,Loyal Customers
17262.0,2,7,1504.26,342,1504.26,7,5,214.8942857142857,1,VIP Customers
17264.0,60,1,268.28,217,268.28,1,70,268.28,1,VIP Customers
17266.0,135,2,205.14,90,205.14,2,43,102.57,1,VIP Customers
17268.0,81,7,970.25,551,970.25,7,23,138.60714285714286,1,VIP Customers
17269.0,21,1,491.81,314,491.81,1,110,491.81,1,VIP Customers
17270.0,105,2,601.45,420,601.45,2,45,300.725,1,VIP Customers
17271.0,372,1,204.3,113,204.3,1,46,204.3,4,Loyal Customers
17273.0,60,1,141.12,133,141.12,1,12,141.12,1,VIP Customers
17274.0,31,1,465.4,194,465.4,1,52,465.4,1,VIP Customers
17275.0,19,1,114.1,71,114.1,1,23,114.1,1,VIP Customers
17276.0,38,1,502.49,187,502.49,1,50,502.49,1,VIP Customers
17278.0,201,1,25.2,16,25.2,1,2,25.2,4,Loyal Customers
17280.0,74,1,118.86,74,118.86,1,6,118.86,1,VIP Customers
17281.0,10,6,797.85,295,797.85,6,2,132.975,1,VIP Customers
17282.0,92,2,623.08,466,623.08,2,107,311.54,1,VIP Customers
17283.0,14,1,188.46,179,188.46,1,15,188.46,1,VIP Customers
17284.0,25,2,1140.58,707,1140.58,2,80,570.29,1,VIP Customers
17285.0,264,2,407.94,134,407.94,2,41,203.97,4,Loyal Customers
17286.0,36,2,237.81,251,237.81,2,46,118.905,1,VIP Customers
17287.0,3,16,3000.5,1507,3000.5,16,233,187.53125,0,Lost Customers
17288.0,26,4,1050.8,498,1050.8,4,129,262.7,1,VIP Customers
17289.0,12,6,1110.78,724,1110.78,6,130,185.13,1,VIP Customers
17290.0,17,6,974.95,742,974.95,6,96,162.49166666666667,1,VIP Customers
17292.0,108,2,271.75,131,271.75,2,14,135.875,1,VIP Customers
17293.0,30,8,1896.57,1093,1896.57,8,84,237.07125,1,VIP Customers
17294.0,305,2,467.79,297,467.79,2,17,233.895,4,Loyal Customers
17296.0,366,1,338.13,216,338.13,1,32,338.13,4,Loyal Customers
17298.0,10,3,455.84,465,455.84,3,38,151.94666666666666,1,VIP Customers
17299.0,75,2,336.62,251,336.62,2,52,168.31,1,VIP Customers
17300.0,26,2,393.64,467,393.64,2,37,196.82,1,VIP Customers
17301.0,260,1,131.15,79,131.15,1,52,131.15,4,Loyal Customers
17304.0,170,1,111.5,73,111.5,1,5,111.5,4,Loyal Customers
17305.0,284,1,2135.46,1006,2135.46,1,9,2135.46,4,Loyal Customers
17306.0,29,2,1151.04,2256,1151.04,2,5,575.52,1,VIP Customers
17307.0,31,11,3999.89,3667,3999.89,11,22,363.6263636363637,1,VIP Customers
17308.0,29,2,4511.76,5148,4511.76,2,5,2255.88,1,VIP Customers
17309.0,17,2,237.64,140,237.64,2,22,118.82,1,VIP Customers
17310.0,23,2,1025.1,402,1025.1,2,1,512.55,1,VIP Customers
17311.0,28,4,2181.71,1750,2181.71,4,71,545.4275,1,VIP Customers
17314.0,29,9,2376.51,1767,2376.51,9,92,264.0566666666667,1,VIP Customers
17315.0,11,5,3318.35,1225,3318.35,5,196,663.67,0,Lost Customers
17316.0,56,1,124.45,44,124.45,1,35,124.45,1,VIP Customers
17318.0,361,1,157.32999999999998,59,157.32999999999998,1,17,157.32999999999998,4,Loyal Customers
17319.0,305,1,29.1,14,29.1,1,3,29.1,4,Loyal Customers
17320.0,4,4,1695.15,758,1695.15,4,59,423.7875,1,VIP Customers
17321.0,30,4,1008.05,426,1008.05,4,159,252.0125,1,VIP Customers
17322.0,12,5,922.59,631,922.59,5,115,184.518,1,VIP Customers
17323.0,43,5,644.52,666,644.52,5,91,128.904,1,VIP Customers
17324.0,2,9,1311.64,693,1311.64,9,85,145.73777777777778,1,VIP Customers
17325.0,46,2,512.77,405,512.77,2,33,256.385,1,VIP Customers
17326.0,44,2,312.35,136,312.35,2,82,156.175,1,VIP Customers
17327.0,45,2,152.35,59,152.35,2,3,76.175,1,VIP Customers
17328.0,309,1,104.7,86,104.7,1,6,104.7,4,Loyal Customers
17329.0,367,3,475.42,288,475.42,3,63,158.47333333333333,4,Loyal Customers
17330.0,180,2,59.900000000000006,2,59.900000000000006,2,2,29.950000000000003,4,Loyal Customers
17332.0,164,5,838.27,794,838.27,5,82,167.654,4,Loyal Customers
17334.0,42,1,328.13,251,328.13,1,20,328.13,1,VIP Customers
17335.0,19,2,497.04,210,497.04,2,34,248.52,1,VIP Customers
17336.0,108,1,81.12,48,81.12,1,1,81.12,1,VIP Customers
17338.0,11,9,5395.79,2721,5395.79,9,351,599.5322222222222,0,Lost Customers
17339.0,1,2,119.0,36,119.0,2,5,59.5,1,VIP Customers
17340.0,2,8,9935.93,5195,9935.93,8,213,1241.99125,0,Lost Customers
17341.0,2,3,1006.53,634,1006.53,3,180,335.51,1,VIP Customers
17342.0,15,4,1227.54,521,1227.54,4,31,306.885,1,VIP Customers
17343.0,12,5,1066.3,398,1066.3,5,49,213.26,1,VIP Customers
17344.0,364,1,299.74,135,299.74,1,36,299.74,4,Loyal Customers
17345.0,11,6,1066.94,1667,1066.94,6,110,177.82333333333335,1,VIP Customers
17346.0,9,12,2509.84,1906,2509.84,12,293,209.1533333333333,0,Lost Customers
17348.0,73,4,1285.69,1368,1285.69,4,185,321.4225,0,Lost Customers
17349.0,16,4,674.16,670,674.16,4,66,168.54,1,VIP Customers
17350.0,30,3,612.381,408,612.381,3,65,204.127,1,VIP Customers
17351.0,63,9,1401.08,270,1401.08,9,29,155.67555555555555,1,VIP Customers
17352.0,332,1,36.25,15,36.25,1,5,36.25,4,Loyal Customers
17353.0,127,2,1502.0,968,1502.0,2,6,751.0,1,VIP Customers
17354.0,64,3,1740.9,1525,1740.9,3,73,580.3,1,VIP Customers
17355.0,22,1,273.31,249,273.31,1,28,273.31,1,VIP Customers
17356.0,190,4,768.25,759,768.25,4,62,192.0625,4,Loyal Customers
17358.0,12,3,500.2,240,500.2,3,84,166.73333333333332,1,VIP Customers
17359.0,284,1,156.6,76,156.6,1,23,156.6,4,Loyal Customers
17360.0,21,3,632.27,296,632.27,3,90,210.75666666666663,1,VIP Customers
17361.0,312,2,383.59,223,383.59,2,26,191.795,4,Loyal Customers
17362.0,36,5,711.8100000000001,358,711.8100000000001,5,84,142.36200000000002,1,VIP Customers
17363.0,31,3,920.46,499,920.46,3,34,306.82,1,VIP Customers
17364.0,12,17,7510.24,4772,7510.24,17,308,441.7788235294117,0,Lost Customers
17365.0,22,7,3417.13,3266,3417.13,7,236,488.1614285714286,0,Lost Customers
17366.0,68,2,1077.24,504,1077.24,2,120,538.62,1,VIP Customers
17368.0,11,6,879.42,942,879.42,6,110,146.57,1,VIP Customers
17369.0,91,1,979.2,1152,979.2,1,1,979.2,1,VIP Customers
17371.0,259,3,236.97,130,236.97,3,55,78.99,4,Loyal Customers
17372.0,17,20,3010.13,1116,3010.13,20,261,150.50650000000002,0,Lost Customers
17373.0,54,3,520.58,330,520.58,3,31,173.52666666666667,1,VIP Customers
17374.0,31,1,231.34,70,231.34,1,14,231.34,1,VIP Customers
17375.0,67,1,260.45,113,260.45,1,17,260.45,1,VIP Customers
17376.0,40,2,250.44,158,250.44,2,27,125.22,1,VIP Customers
17377.0,1,60,14174.25,5486,14174.25,60,415,236.2375,3,Regular Customers
17378.0,10,1,10.95,1,10.95,1,1,10.95,1,VIP Customers
17380.0,70,3,645.0,252,645.0,3,5,215.0,1,VIP Customers
17381.0,4,12,19726.76,20118,19726.76,12,30,1643.8966666666663,0,Lost Customers
17382.0,71,7,836.88,432,836.88,7,14,119.55428571428573,1,VIP Customers
17383.0,89,1,110.7,12,110.7,1,2,110.7,1,VIP Customers
17384.0,103,1,171.15,33,171.15,1,5,171.15,1,VIP Customers
17386.0,21,1,126.35,53,126.35,1,10,126.35,1,VIP Customers
17388.0,56,7,1415.81,1487,1415.81,7,29,202.25857142857143,1,VIP Customers
17389.0,10,27,25381.65,10268,25381.65,27,40,940.0611111111112,0,Lost Customers
17390.0,56,1,149.3,49,149.3,1,12,149.3,1,VIP Customers
17392.0,86,1,168.65,173,168.65,1,14,168.65,1,VIP Customers
17393.0,46,2,381.15,238,381.15,2,45,190.575,1,VIP Customers
17395.0,144,1,97.5,66,97.5,1,3,97.5,4,Loyal Customers
17396.0,7,7,1476.3,414,1476.3,7,11,210.9,1,VIP Customers
17397.0,52,1,516.87,441,516.87,1,44,516.87,1,VIP Customers
17400.0,217,3,2525.44,1097,2525.44,3,209,841.8133333333334,4,Loyal Customers
17401.0,177,1,114.85,34,114.85,1,11,114.85,4,Loyal Customers
17402.0,5,12,2461.68,869,2461.68,12,99,205.14,0,Lost Customers
17403.0,86,1,118.95,77,118.95,1,13,118.95,1,VIP Customers
17404.0,45,8,15874.3,17931,15874.3,8,53,1984.2875,0,Lost Customers
17406.0,2,11,2704.63,1337,2704.63,11,88,245.87545454545452,0,Lost Customers
17407.0,47,1,552.9,426,552.9,1,23,552.9,1,VIP Customers
17408.0,136,2,283.44,160,283.44,2,6,141.72,1,VIP Customers
17409.0,57,8,7021.66,3984,7021.66,8,40,877.7075,1,VIP Customers
17411.0,22,2,646.44,302,646.44,2,32,323.22,1,VIP Customers
17412.0,8,10,3159.46,1866,3159.46,10,132,315.946,0,Lost Customers
17413.0,40,2,560.14,302,560.14,2,10,280.07,1,VIP Customers
17414.0,59,4,1471.52,4156,1471.52,4,6,367.88,1,VIP Customers
17416.0,29,15,10405.03,4467,10405.03,15,224,693.6686666666667,0,Lost Customers
17417.0,184,1,164.18,76,164.18,1,16,164.18,4,Loyal Customers
17418.0,23,1,206.6,232,206.6,1,12,206.6,1,VIP Customers
17419.0,3,8,2273.95,1211,2273.95,8,81,284.24375,1,VIP Customers
17420.0,9,4,485.6,234,485.6,4,24,121.4,1,VIP Customers
17421.0,22,3,1059.41,807,1059.41,3,46,353.1366666666667,1,VIP Customers
17422.0,17,5,1615.39,1285,1615.39,5,75,323.07800000000003,1,VIP Customers
17423.0,29,1,420.54,331,420.54,1,17,420.54,1,VIP Customers
17426.0,88,7,3040.51,2093,3040.51,7,118,434.35857142857145,1,VIP Customers
17428.0,4,18,14562.91,8030,14562.91,18,266,809.0505555555555,0,Lost Customers
17429.0,32,2,832.54,662,832.54,2,53,416.27,1,VIP Customers
17430.0,1,3,469.41,325,469.41,3,24,156.47,1,VIP Customers
17432.0,21,7,1363.23,801,1363.23,7,174,194.74714285714285,0,Lost Customers
17433.0,21,1,266.8,120,266.8,1,39,266.8,1,VIP Customers
17435.0,47,1,331.35,195,331.35,1,15,331.35,1,VIP Customers
17436.0,44,3,317.76,88,317.76,3,4,105.92,1,VIP Customers
17437.0,165,1,369.68,283,369.68,1,52,369.68,4,Loyal Customers
17438.0,80,4,1034.32,450,1034.32,4,39,258.58,1,VIP Customers
17439.0,291,1,325.74,370,325.74,1,8,325.74,4,Loyal Customers
17440.0,185,1,137.16,36,137.16,1,1,137.16,4,Loyal Customers
17441.0,368,1,293.35,245,293.35,1,21,293.35,4,Loyal Customers
17442.0,17,9,2371.74,1638,2371.74,9,113,263.5266666666667,0,Lost Customers
17448.0,133,46,14523.67,11534,14523.67,46,569,315.7319565217391,3,Regular Customers
17449.0,23,6,2348.94,1362,2348.94,6,182,391.49,0,Lost Customers
17450.0,3,7,52422.3,14727,52422.3,7,80,7488.900000000001,3,Regular Customers
17454.0,98,6,1030.41,484,1030.41,6,51,171.735,1,VIP Customers
17456.0,1,2,975.56,508,975.56,2,59,487.78,1,VIP Customers
17457.0,15,9,4247.11,1869,4247.11,9,20,471.9011111111111,1,VIP Customers
17458.0,17,1,213.08,112,213.08,1,32,213.08,1,VIP Customers
17460.0,8,12,1605.84,744,1605.84,12,83,133.82000000000002,0,Lost Customers
17463.0,196,2,659.4,394,659.4,2,98,329.7,4,Loyal Customers
17464.0,158,2,617.1800000000001,388,617.1800000000001,2,28,308.59000000000003,4,Loyal Customers
17465.0,61,7,2542.79,1477,2542.79,7,103,363.2557142857143,1,VIP Customers
17467.0,31,1,102.6,20,102.6,1,4,102.6,1,VIP Customers
17468.0,11,1,57.8,68,57.8,1,3,57.8,1,VIP Customers
17469.0,36,12,3180.28,1517,3180.28,12,126,265.02333333333337,0,Lost Customers
17470.0,3,7,1679.8,1168,1679.8,7,62,239.97142857142856,1,VIP Customers
17471.0,110,1,321.65000000000003,153,321.65000000000003,1,19,321.65000000000003,1,VIP Customers
17472.0,264,1,224.81,96,224.81,1,48,224.81,4,Loyal Customers
17473.0,44,2,607.0,270,607.0,2,33,303.5,1,VIP Customers
17474.0,235,1,1047.0,200,1047.0,1,6,1047.0,4,Loyal Customers
17476.0,31,2,489.86,224,489.86,2,29,244.93,1,VIP Customers
17477.0,248,2,1144.3,225,1144.3,2,44,572.15,4,Loyal Customers
17478.0,44,2,1272.8000000000002,516,1272.8000000000002,2,40,636.4000000000001,1,VIP Customers
17479.0,268,1,389.2600000000001,266,389.2600000000001,1,18,389.2600000000001,4,Loyal Customers
17480.0,80,1,370.41,243,370.41,1,24,370.41,1,VIP Customers
17482.0,123,2,775.64,240,775.64,2,50,387.82,1,VIP Customers
17483.0,50,1,177.69,74,177.69,1,7,177.69,1,VIP Customers
17484.0,212,2,209.57,339,209.57,2,14,104.785,4,Loyal Customers
17487.0,364,1,160.55,37,160.55,1,8,160.55,4,Loyal Customers
17488.0,277,1,336.5,136,336.5,1,18,336.5,4,Loyal Customers
17490.0,24,2,658.1800000000001,397,658.1800000000001,2,37,329.09000000000003,1,VIP Customers
17491.0,3,8,2422.2,1617,2422.2,8,52,302.775,1,VIP Customers
17492.0,114,2,747.85,295,747.85,2,23,373.925,1,VIP Customers
17493.0,21,1,100.91,62,100.91,1,8,100.91,1,VIP Customers
17494.0,137,1,54.7,26,54.7,1,3,54.7,1,VIP Customers
17495.0,26,1,309.16,138,309.16,1,21,309.16,1,VIP Customers
17496.0,199,3,1141.84,596,1141.84,3,49,380.6133333333333,4,Loyal Customers
17497.0,26,2,287.25,59,287.25,2,7,143.625,1,VIP Customers
17499.0,197,1,718.51,375,718.51,1,31,718.51,4,Loyal Customers
17504.0,16,9,6493.14,3756,6493.14,9,160,721.46,0,Lost Customers
17505.0,186,3,1289.64,686,1289.64,3,47,429.88000000000005,4,Loyal Customers
17508.0,17,7,4191.92,2602,4191.92,7,180,598.8457142857143,0,Lost Customers
17510.0,56,1,206.08,208,206.08,1,15,206.08,1,VIP Customers
17511.0,3,31,84541.17,55107,84541.17,31,423,2727.1345161290324,3,Regular Customers
17512.0,88,8,2542.83,2681,2542.83,8,64,317.85375,1,VIP Customers
17513.0,44,2,645.6,186,645.6,2,12,322.8,1,VIP Customers
17514.0,305,1,313.35,149,313.35,1,41,313.35,4,Loyal Customers
17515.0,30,5,963.49,284,963.49,5,76,192.698,1,VIP Customers
17516.0,14,1,182.62,108,182.62,1,55,182.62,1,VIP Customers
17518.0,61,2,329.42,267,329.42,2,71,164.71,1,VIP Customers
17519.0,4,10,3265.4500000000003,2178,3265.4500000000003,10,112,326.545,0,Lost Customers
17521.0,30,2,554.85,287,554.85,2,29,277.425,1,VIP Customers
17524.0,74,2,394.14,272,394.14,2,34,197.07,1,VIP Customers
17525.0,33,2,739.2,256,739.2,2,13,369.6,1,VIP Customers
17526.0,1,9,2970.14,1172,2970.14,9,60,330.0155555555555,1,VIP Customers
17529.0,246,2,1240.25,790,1240.25,2,78,620.125,4,Loyal Customers
17530.0,1,3,725.21,421,725.21,3,130,241.73666666666668,1,VIP Customers
17531.0,163,2,970.12,336,970.12,2,43,485.06,4,Loyal Customers
17532.0,21,1,65.34,30,65.34,1,4,65.34,1,VIP Customers
17533.0,70,1,34.8,24,34.8,1,1,34.8,1,VIP Customers
17534.0,87,4,1445.47,757,1445.47,4,69,361.3675,1,VIP Customers
17536.0,56,2,288.33,195,288.33,2,13,144.165,1,VIP Customers
17539.0,253,4,1176.84,708,1176.84,4,132,294.21,4,Loyal Customers
17540.0,19,4,1011.7,394,1011.7,4,28,252.925,1,VIP Customers
17541.0,145,1,119.86,44,119.86,1,31,119.86,4,Loyal Customers
17542.0,277,2,170.1,189,170.1,2,34,85.05,4,Loyal Customers
17543.0,185,1,120.05,62,120.05,1,13,120.05,4,Loyal Customers
17544.0,26,3,944.82,410,944.82,3,80,314.94,1,VIP Customers
17545.0,26,3,767.54,345,767.54,3,112,255.84666666666664,1,VIP Customers
17547.0,11,2,727.85,223,727.85,2,22,363.925,1,VIP Customers
17548.0,14,3,627.96,436,627.96,3,17,209.32,1,VIP Customers
17550.0,33,6,2239.48,882,2239.48,6,218,373.2466666666666,0,Lost Customers
17552.0,8,10,2154.88,1376,2154.88,10,64,215.488,1,VIP Customers
17553.0,108,3,2270.0,1240,2270.0,3,2,756.6666666666666,1,VIP Customers
17555.0,61,3,565.43,391,565.43,3,137,188.47666666666663,1,VIP Customers
17556.0,15,1,142.77,83,142.77,1,8,142.77,1,VIP Customers
17557.0,368,1,34.0,4,34.0,1,1,34.0,4,Loyal Customers
17558.0,29,1,259.17,54,259.17,1,28,259.17,1,VIP Customers
17559.0,148,1,167.62,270,167.62,1,12,167.62,4,Loyal Customers
17560.0,31,4,1040.85,953,1040.85,4,21,260.2125,1,VIP Customers
17561.0,26,3,537.9,237,537.9,3,129,179.29999999999998,1,VIP Customers
17563.0,214,2,392.38,256,392.38,2,27,196.19,4,Loyal Customers
17565.0,222,1,131.83,67,131.83,1,30,131.83,4,Loyal Customers
17567.0,8,2,1024.55,520,1024.55,2,57,512.275,1,VIP Customers
17568.0,269,1,374.45,275,374.45,1,61,374.45,4,Loyal Customers
17570.0,17,1,100.0,1,100.0,1,1,100.0,1,VIP Customers
17571.0,178,1,205.24,115,205.24,1,53,205.24,4,Loyal Customers
17572.0,9,7,496.2600000000001,256,496.2600000000001,7,13,70.89428571428572,1,VIP Customers
17575.0,303,1,171.7,72,171.7,1,5,171.7,4,Loyal Customers
17576.0,1,23,5266.77,2673,5266.77,23,234,228.99,0,Lost Customers
17577.0,281,2,348.75,179,348.75,2,20,174.375,4,Loyal Customers
17578.0,110,6,903.87,391,903.87,6,52,150.645,1,VIP Customers
17579.0,214,1,304.38,117,304.38,1,43,304.38,4,Loyal Customers
17580.0,12,2,325.3,135,325.3,2,39,162.65,1,VIP Customers
17581.0,8,20,7712.71,4045,7712.71,20,248,385.6355,0,Lost Customers
17582.0,82,4,1271.68,480,1271.68,4,78,317.92,1,VIP Customers
17583.0,196,1,135.95,55,135.95,1,7,135.95,4,Loyal Customers
17584.0,103,4,4067.12,2006,4067.12,4,73,1016.78,1,VIP Customers
17585.0,81,3,948.03,860,948.03,3,147,316.01,1,VIP Customers
17586.0,255,1,167.4,68,167.4,1,8,167.4,4,Loyal Customers
17587.0,264,1,176.71,67,176.71,1,42,176.71,4,Loyal Customers
17588.0,32,4,1699.35,703,1699.35,4,29,424.8375,1,VIP Customers
17589.0,21,14,11433.77,7073,11433.77,14,526,816.6978571428572,0,Lost Customers
17591.0,3,2,519.95,152,519.95,2,79,259.975,1,VIP Customers
17592.0,374,1,148.3,38,148.3,1,13,148.3,4,Loyal Customers
17593.0,45,6,4168.46,2506,4168.46,6,146,694.7433333333333,0,Lost Customers
17594.0,85,2,1504.7,818,1504.7,2,46,752.35,1,VIP Customers
17596.0,4,7,2075.74,3163,2075.74,7,184,296.5342857142858,0,Lost Customers
17597.0,54,4,1439.72,1039,1439.72,4,62,359.93,1,VIP Customers
17598.0,17,1,409.98,126,409.98,1,10,409.98,1,VIP Customers
17599.0,113,1,52.05,11,52.05,1,3,52.05,1,VIP Customers
17601.0,16,1,297.07,192,297.07,1,60,297.07,1,VIP Customers
17602.0,108,8,2300.01,1764,2300.01,8,210,287.50125,0,Lost Customers
17603.0,253,3,1393.66,564,1393.66,3,93,464.5533333333333,4,Loyal Customers
17604.0,58,4,633.02,445,633.02,4,106,158.255,1,VIP Customers
17605.0,226,1,160.75,71,160.75,1,13,160.75,4,Loyal Customers
17606.0,373,1,87.30000000000001,42,87.30000000000001,1,6,87.30000000000001,4,Loyal Customers
17607.0,12,1,333.81,269,333.81,1,22,333.81,1,VIP Customers
17608.0,85,2,296.07,299,296.07,2,90,148.035,1,VIP Customers
17609.0,38,6,782.12,602,782.12,6,143,130.35333333333332,1,VIP Customers
17610.0,176,5,1511.94,893,1511.94,5,114,302.38800000000003,4,Loyal Customers
17611.0,57,13,4376.41,2791,4376.41,13,403,336.6469230769231,0,Lost Customers
17612.0,15,12,3346.41,1713,3346.41,12,130,278.8675,0,Lost Customers
17615.0,23,3,392.2,238,392.2,3,35,130.73333333333332,1,VIP Customers
17616.0,3,2,489.6,192,489.6,2,1,244.8,1,VIP Customers
17617.0,194,1,385.19,249,385.19,1,18,385.19,4,Loyal Customers
17618.0,19,8,3071.36,1479,3071.36,8,175,383.92,0,Lost Customers
17621.0,40,3,1795.22,596,1795.22,3,40,598.4066666666666,1,VIP Customers
17622.0,233,2,1130.21,379,1130.21,2,19,565.105,4,Loyal Customers
17623.0,45,6,1838.72,534,1838.72,6,108,306.4533333333333,1,VIP Customers
17624.0,73,2,725.15,404,725.15,2,46,362.575,1,VIP Customers
17625.0,82,4,3958.5,2325,3958.5,4,304,989.625,0,Lost Customers
17626.0,238,1,254.0,202,254.0,1,18,254.0,4,Loyal Customers
17627.0,114,1,296.36,676,296.36,1,10,296.36,1,VIP Customers
17629.0,24,2,641.4,274,641.4,2,29,320.7,1,VIP Customers
17631.0,10,4,470.16,257,470.16,4,28,117.54,1,VIP Customers
17633.0,15,3,732.55,255,732.55,3,29,244.1833333333333,1,VIP Customers
17635.0,60,3,1265.58,770,1265.58,3,60,421.86,1,VIP Customers
17638.0,283,2,842.4000000000001,432,842.4000000000001,2,2,421.2000000000001,4,Loyal Customers
17639.0,23,5,506.67,527,506.67,5,54,101.334,1,VIP Customers
17640.0,15,5,2547.28,1442,2547.28,5,47,509.456,1,VIP Customers
17642.0,65,3,1112.2,1001,1112.2,3,58,370.73333333333335,1,VIP Customers
17643.0,9,2,439.7,226,439.7,2,30,219.85,1,VIP Customers
17644.0,30,9,3132.96,1676,3132.96,9,89,348.1066666666667,0,Lost Customers
17646.0,1,10,3141.4,1095,3141.4,10,101,314.14,0,Lost Customers
17647.0,305,2,198.6,52,198.6,2,5,99.3,4,Loyal Customers
17648.0,21,1,418.87,467,418.87,1,34,418.87,1,VIP Customers
17649.0,105,2,710.4,324,710.4,2,45,355.2,1,VIP Customers
17651.0,134,6,1758.52,974,1758.52,6,84,293.08666666666664,1,VIP Customers
17655.0,2,3,1013.54,426,1013.54,3,26,337.84666666666664,1,VIP Customers
17657.0,66,1,126.0,60,126.0,1,7,126.0,1,VIP Customers
17659.0,8,3,835.33,291,835.33,3,37,278.4433333333333,1,VIP Customers
17660.0,373,1,163.47,138,163.47,1,42,163.47,4,Loyal Customers
17662.0,297,2,412.92,184,412.92,2,14,206.46,4,Loyal Customers
17663.0,53,10,3372.92,1500,3372.92,10,112,337.29200000000003,0,Lost Customers
17664.0,110,2,561.59,454,561.59,2,31,280.795,1,VIP Customers
17665.0,129,1,563.1,690,563.1,1,19,563.1,1,VIP Customers
17666.0,113,3,1319.64,956,1319.64,3,17,439.88,1,VIP Customers
17667.0,71,4,1895.19,1159,1895.19,4,83,473.7975,1,VIP Customers
17669.0,98,3,2735.63,1589,2735.63,3,56,911.8766666666668,1,VIP Customers
17671.0,1,2,830.63,405,830.63,2,33,415.315,1,VIP Customers
17672.0,53,5,2600.46,1068,2600.46,5,93,520.092,1,VIP Customers
17673.0,11,7,2578.91,1822,2578.91,7,151,368.4157142857143,0,Lost Customers
17674.0,4,1,300.66,349,300.66,1,11,300.66,1,VIP Customers
17675.0,3,40,17885.32,8056,17885.32,40,174,447.133,0,Lost Customers
17676.0,2,5,1378.16,1000,1378.16,5,57,275.632,1,VIP Customers
17677.0,2,28,20329.68,12161,20329.68,28,238,726.0600000000001,0,Lost Customers
17678.0,239,1,301.65,161,301.65,1,12,301.65,4,Loyal Customers
17679.0,157,5,1585.5,1026,1585.5,5,41,317.1,4,Loyal Customers
17680.0,19,2,313.05,59,313.05,2,9,156.525,1,VIP Customers
17681.0,233,5,731.2,450,731.2,5,12,146.24,4,Loyal Customers
17682.0,4,6,1982.45,1124,1982.45,6,61,330.40833333333336,1,VIP Customers
17683.0,21,3,819.01,781,819.01,3,41,273.00333333333333,1,VIP Customers
17685.0,8,6,2751.64,1898,2751.64,6,58,458.6066666666666,1,VIP Customers
17686.0,59,2,2557.35,1105,2557.35,2,127,1278.675,1,VIP Customers
17687.0,56,1,432.68,210,432.68,1,26,432.68,1,VIP Customers
17688.0,29,1,304.2,114,304.2,1,19,304.2,1,VIP Customers
17689.0,24,2,317.08,300,317.08,2,17,158.54,1,VIP Customers
17690.0,2,8,2685.2,1352,2685.2,8,99,335.65,1,VIP Customers
17691.0,4,3,489.65,239,489.65,3,31,163.21666666666667,1,VIP Customers
17692.0,32,8,2234.86,1666,2234.86,8,67,279.3575,1,VIP Customers
17694.0,147,2,1412.85,1309,1412.85,2,45,706.425,1,VIP Customers
17695.0,30,3,980.7,1030,980.7,3,20,326.9,1,VIP Customers
17696.0,18,19,5393.88,4135,5393.88,19,155,283.8884210526316,0,Lost Customers
17699.0,112,2,442.0,208,442.0,2,17,221.0,1,VIP Customers
17700.0,17,10,4145.33,2203,4145.33,10,173,414.533,0,Lost Customers
17702.0,19,2,1319.67,800,1319.67,2,69,659.835,1,VIP Customers
17703.0,54,1,296.1,307,296.1,1,23,296.1,1,VIP Customers
17705.0,91,2,260.38,338,260.38,2,16,130.19,1,VIP Customers
17706.0,2,17,10245.49,4150,10245.49,17,274,602.6758823529411,0,Lost Customers
17707.0,12,6,456.9,402,456.9,6,9,76.14999999999999,1,VIP Customers
17708.0,38,2,620.85,297,620.85,2,37,310.425,1,VIP Customers
17709.0,106,4,533.5600000000001,278,533.5600000000001,4,31,133.39,1,VIP Customers
17710.0,59,1,293.5,158,293.5,1,20,293.5,1,VIP Customers
17713.0,18,4,1198.09,989,1198.09,4,55,299.5225,1,VIP Customers
17714.0,60,4,1257.18,516,1257.18,4,60,314.295,1,VIP Customers
17715.0,228,1,163.2,192,163.2,1,1,163.2,4,Loyal Customers
17716.0,32,13,10300.98,5747,10300.98,13,208,792.3830769230769,0,Lost Customers
17717.0,57,1,376.92,344,376.92,1,26,376.92,1,VIP Customers
17718.0,280,1,299.83,191,299.83,1,17,299.83,4,Loyal Customers
17720.0,3,7,1572.97,1037,1572.97,7,62,224.71,1,VIP Customers
17721.0,295,1,307.21000000000004,107,307.21000000000004,1,11,307.21000000000004,4,Loyal Customers
17722.0,2,2,2006.32,1342,2006.32,2,101,1003.16,1,VIP Customers
17723.0,11,1,102.0,120,102.0,1,2,102.0,1,VIP Customers
17726.0,31,7,1092.06,444,1092.06,7,52,156.00857142857143,1,VIP Customers
17728.0,40,2,1362.75,677,1362.75,2,79,681.375,1,VIP Customers
17729.0,232,1,438.65,247,438.65,1,23,438.65,4,Loyal Customers
17730.0,18,7,2475.32,1724,2475.32,7,75,353.6171428571429,1,VIP Customers
17731.0,257,2,468.88,214,468.88,2,30,234.44,4,Loyal Customers
17732.0,8,8,2166.42,1058,2166.42,8,90,270.8025,1,VIP Customers
17734.0,161,3,741.69,319,741.69,3,40,247.23,4,Loyal Customers
17735.0,3,8,4134.91,2462,4134.91,8,139,516.86375,0,Lost Customers
17738.0,31,9,2304.51,1747,2304.51,9,103,256.0566666666667,0,Lost Customers
17739.0,10,11,4939.24,1474,4939.24,11,44,449.02181818181816,0,Lost Customers
17740.0,25,6,426.9,222,426.9,6,5,71.15,1,VIP Customers
17741.0,42,2,101.1,114,101.1,2,6,50.55,1,VIP Customers
17742.0,64,9,1743.37,564,1743.37,9,46,193.70777777777775,1,VIP Customers
17743.0,84,1,229.2,96,229.2,1,3,229.2,1,VIP Customers
17744.0,16,1,326.74,414,326.74,1,15,326.74,1,VIP Customers
17745.0,113,2,600.34,164,600.34,2,27,300.17,1,VIP Customers
17746.0,107,3,793.9300000000001,659,793.9300000000001,3,28,264.6433333333334,1,VIP Customers
17748.0,163,1,358.15,111,358.15,1,17,358.15,4,Loyal Customers
17749.0,182,1,351.66,126,351.66,1,22,351.66,4,Loyal Customers
17751.0,57,1,157.86,147,157.86,1,31,157.86,1,VIP Customers
17753.0,100,4,382.06,124,382.06,4,63,95.515,1,VIP Customers
17754.0,10,8,2786.57,2550,2786.57,8,117,348.32125,0,Lost Customers
17756.0,11,3,728.75,399,728.75,3,54,242.91666666666663,1,VIP Customers
17757.0,4,28,3773.11,1833,3773.11,28,243,134.7539285714286,0,Lost Customers
17758.0,63,4,1555.83,1145,1555.83,4,121,388.9575,1,VIP Customers
17759.0,29,2,441.92,268,441.92,2,41,220.96,1,VIP Customers
17760.0,9,5,631.34,457,631.34,5,44,126.268,1,VIP Customers
17762.0,92,1,129.75,129,129.75,1,16,129.75,1,VIP Customers
17763.0,289,3,71.15,29,71.15,3,11,23.71666666666667,4,Loyal Customers
17764.0,38,3,741.02,323,741.02,3,66,247.00666666666663,1,VIP Customers
17765.0,84,1,156.37,52,156.37,1,22,156.37,1,VIP Customers
17766.0,17,2,299.61,155,299.61,2,21,149.805,1,VIP Customers
17767.0,46,1,141.85,70,141.85,1,18,141.85,1,VIP Customers
17768.0,23,4,1210.83,1217,1210.83,4,69,302.7075,1,VIP Customers
17769.0,19,7,3095.95,1307,3095.95,7,195,442.2785714285714,0,Lost Customers
17771.0,72,2,141.6,86,141.6,2,14,70.8,1,VIP Customers
17772.0,28,1,187.3,58,187.3,1,45,187.3,1,VIP Customers
17773.0,150,2,575.37,254,575.37,2,48,287.685,4,Loyal Customers
17774.0,33,5,2060.1,1077,2060.1,5,205,412.02,0,Lost Customers
17776.0,22,2,330.56,273,330.56,2,74,165.28,1,VIP Customers
17778.0,297,1,197.7,214,197.7,1,10,197.7,4,Loyal Customers
17780.0,303,3,346.56,156,346.56,3,76,115.52,4,Loyal Customers
17782.0,18,2,679.02,538,679.02,2,29,339.51,1,VIP Customers
17783.0,148,1,93.49,84,93.49,1,24,93.49,4,Loyal Customers
17784.0,186,1,112.86,72,112.86,1,19,112.86,4,Loyal Customers
17785.0,81,2,271.44,160,271.44,2,38,135.72,1,VIP Customers
17787.0,7,1,736.28,356,736.28,1,30,736.28,1,VIP Customers
17789.0,297,1,171.25,125,171.25,1,13,171.25,4,Loyal Customers
17790.0,14,6,815.11,552,815.11,6,87,135.85166666666666,1,VIP Customers
17792.0,103,2,368.35,149,368.35,2,45,184.175,1,VIP Customers
17794.0,322,2,147.3,46,147.3,2,7,73.65,4,Loyal Customers
17796.0,5,4,661.04,199,661.04,4,119,165.26,1,VIP Customers
17797.0,31,5,1191.44,588,1191.44,5,131,238.288,1,VIP Customers
17798.0,217,1,178.07,138,178.07,1,43,178.07,4,Loyal Customers
17799.0,25,10,3207.76,1921,3207.76,10,308,320.776,0,Lost Customers
17801.0,87,3,770.03,820,770.03,3,66,256.6766666666667,1,VIP Customers
17802.0,8,8,3761.38,2028,3761.38,8,246,470.1725,0,Lost Customers
17803.0,28,1,184.66,98,184.66,1,27,184.66,1,VIP Customers
17804.0,12,3,383.78,194,383.78,3,82,127.92666666666668,1,VIP Customers
17805.0,246,1,414.72,648,414.72,1,1,414.72,4,Loyal Customers
17807.0,31,3,437.87,262,437.87,3,88,145.95666666666668,1,VIP Customers
17808.0,184,4,262.64,143,262.64,4,29,65.66,4,Loyal Customers
17809.0,7,11,5925.4800000000005,1296,5925.4800000000005,11,29,538.6800000000001,1,VIP Customers
17810.0,304,2,373.16,118,373.16,2,51,186.58,4,Loyal Customers
17811.0,10,8,1757.98,1132,1757.98,8,253,219.7475,0,Lost Customers
17812.0,4,4,405.48,242,405.48,4,79,101.37,1,VIP Customers
17814.0,11,2,1609.37,1435,1609.37,2,112,804.685,1,VIP Customers
17815.0,29,1,591.96,612,591.96,1,13,591.96,1,VIP Customers
17816.0,1,3,75.75999999999999,66,75.75999999999999,3,35,25.25333333333333,1,VIP Customers
17817.0,14,3,400.47,286,400.47,3,87,133.48999999999998,1,VIP Customers
17818.0,373,1,124.78,86,124.78,1,42,124.78,4,Loyal Customers
17819.0,7,6,2907.65,818,2907.65,6,45,484.60833333333335,1,VIP Customers
17820.0,10,1,180.61,111,180.61,1,39,180.61,1,VIP Customers
17821.0,42,1,334.62,162,334.62,1,6,334.62,1,VIP Customers
17822.0,56,5,2162.93,1375,2162.93,5,152,432.586,0,Lost Customers
17823.0,57,2,449.25,252,449.25,2,88,224.625,1,VIP Customers
17825.0,234,4,701.96,516,701.96,4,24,175.49,4,Loyal Customers
17826.0,10,1,133.34,84,133.34,1,33,133.34,1,VIP Customers
17827.0,257,1,388.84,342,388.84,1,65,388.84,4,Loyal Customers
17829.0,45,4,3867.5,2513,3867.5,4,121,966.875,1,VIP Customers
17833.0,359,1,338.46000000000004,143,338.46000000000004,1,28,338.46000000000004,4,Loyal Customers
17834.0,50,2,689.6700000000001,639,689.6700000000001,2,54,344.83500000000004,1,VIP Customers
17838.0,1,10,3786.7,2192,3786.7,10,87,378.67,0,Lost Customers
17840.0,79,1,175.9,128,175.9,1,44,175.9,1,VIP Customers
17841.0,1,91,29562.02,14332,29562.02,91,1509,324.85736263736266,3,Regular Customers
17842.0,238,1,430.69,89,430.69,1,18,430.69,4,Loyal Customers
17843.0,47,1,114.92,138,114.92,1,22,114.92,1,VIP Customers
17845.0,191,4,596.09,195,596.09,4,42,149.0225,4,Loyal Customers
17847.0,151,2,129.69,29,129.69,2,9,64.845,4,Loyal Customers
17848.0,53,21,2657.91,1006,2657.91,21,76,126.56714285714284,0,Lost Customers
17849.0,116,4,457.96,110,457.96,4,18,114.49,1,VIP Customers
17850.0,8,155,51208.87,21052,51208.87,155,100,330.3798064516129,3,Regular Customers
17851.0,58,6,1552.35,933,1552.35,6,185,258.725,0,Lost Customers
17852.0,24,3,543.47,319,543.47,3,62,181.15666666666667,1,VIP Customers
17853.0,43,3,1596.29,625,1596.29,3,84,532.0966666666667,1,VIP Customers
17854.0,98,4,757.24,523,757.24,4,98,189.31,1,VIP Customers
17855.0,8,1,208.97,197,208.97,1,17,208.97,1,VIP Customers
17857.0,1,2,1803.2,2804,1803.2,2,6,901.6,1,VIP Customers
17858.0,5,19,7614.24,2764,7614.24,19,102,400.7494736842105,0,Lost Customers
17860.0,4,4,717.39,696,717.39,4,127,179.3475,1,VIP Customers
17861.0,21,10,2990.41,2556,2990.41,10,211,299.041,0,Lost Customers
17862.0,21,3,923.99,340,923.99,3,83,307.99666666666667,1,VIP Customers
17863.0,5,7,2585.2,2314,2585.2,7,84,369.3142857142857,1,VIP Customers
17864.0,21,2,321.72,309,321.72,2,37,160.86,1,VIP Customers
17865.0,11,26,15785.87,7193,15785.87,26,288,607.1488461538462,0,Lost Customers
17866.0,120,2,805.3000000000001,361,805.3000000000001,2,15,402.65,1,VIP Customers
17867.0,46,9,424.18,130,424.18,9,58,47.13111111111111,1,VIP Customers
17868.0,22,1,227.15,85,227.15,1,18,227.15,1,VIP Customers
17869.0,4,3,599.78,447,599.78,3,53,199.92666666666665,1,VIP Customers
17870.0,2,2,1213.8,476,1213.8,2,2,606.9,1,VIP Customers
17871.0,33,4,913.05,483,913.05,4,58,228.2625,1,VIP Customers
17872.0,17,1,235.87,176,235.87,1,15,235.87,1,VIP Customers
17873.0,9,14,4621.320000000001,3241,4621.320000000001,14,61,330.0942857142858,0,Lost Customers
17875.0,324,1,167.1,98,167.1,1,25,167.1,4,Loyal Customers
17876.0,35,3,3424.02,1958,3424.02,3,3,1141.34,1,VIP Customers
17878.0,31,2,999.48,613,999.48,2,56,499.74,1,VIP Customers
17880.0,275,2,366.0,152,366.0,2,19,183.0,4,Loyal Customers
17882.0,15,2,291.56,130,291.56,2,47,145.78,1,VIP Customers
17883.0,175,3,324.08,102,324.08,3,30,108.02666666666666,4,Loyal Customers
17884.0,4,18,2325.92,2167,2325.92,18,274,129.21777777777777,0,Lost Customers
17886.0,73,3,703.27,242,703.27,3,56,234.4233333333333,1,VIP Customers
17888.0,10,17,1091.44,563,1091.44,17,88,64.20235294117647,0,Lost Customers
17889.0,10,5,545.05,326,545.05,5,80,109.01,1,VIP Customers
17894.0,2,11,1292.39,573,1292.39,11,135,117.49,0,Lost Customers
17897.0,3,8,1968.75,793,1968.75,8,175,246.09375,0,Lost Customers
17898.0,88,2,147.12,61,147.12,2,22,73.56,1,VIP Customers
17901.0,157,2,149.7,14,149.7,2,3,74.85,4,Loyal Customers
17902.0,182,1,216.4,526,216.4,1,24,216.4,4,Loyal Customers
17903.0,30,1,381.09,142,381.09,1,44,381.09,1,VIP Customers
17905.0,9,10,1580.38,964,1580.38,10,118,158.038,0,Lost Customers
17907.0,276,1,291.76,1046,291.76,1,13,291.76,4,Loyal Customers
17908.0,9,5,1142.47,670,1142.47,5,178,228.494,0,Lost Customers
17909.0,373,1,110.05,35,110.05,1,8,110.05,4,Loyal Customers
17910.0,362,1,261.7,121,261.7,1,25,261.7,4,Loyal Customers
17912.0,11,1,64.49,31,64.49,1,13,64.49,1,VIP Customers
17913.0,36,12,3020.64,1437,3020.64,12,200,251.72,0,Lost Customers
17915.0,187,1,225.78,184,225.78,1,27,225.78,4,Loyal Customers
17916.0,264,2,43.87,90,43.87,2,15,21.935,4,Loyal Customers
17918.0,136,3,396.39,352,396.39,3,34,132.13,1,VIP Customers
17919.0,74,1,536.28,696,536.28,1,17,536.28,1,VIP Customers
17920.0,4,39,20137.24,10071,20137.24,39,457,516.3394871794873,3,Regular Customers
17921.0,15,6,1574.13,566,1574.13,6,148,262.355,0,Lost Customers
17922.0,179,1,170.4,49,170.4,1,8,170.4,4,Loyal Customers
17923.0,163,2,289.5,90,289.5,2,2,144.75,4,Loyal Customers
17924.0,9,2,574.2,108,574.2,2,3,287.1,1,VIP Customers
17925.0,8,1,244.08,72,244.08,1,1,244.08,1,VIP Customers
17926.0,80,3,638.2,266,638.2,3,16,212.73333333333332,1,VIP Customers
17927.0,357,1,294.0,108,294.0,1,10,294.0,4,Loyal Customers
17928.0,207,1,128.7,82,128.7,1,4,128.7,4,Loyal Customers
17929.0,23,8,2239.1,326,2239.1,8,5,279.8875,1,VIP Customers
17930.0,29,8,2534.74,2201,2534.74,8,22,316.84250000000003,1,VIP Customers
17931.0,33,12,2993.88,1670,2993.88,12,222,249.49,0,Lost Customers
17933.0,268,1,114.69,63,114.69,1,12,114.69,4,Loyal Customers
17934.0,42,1,344.90000000000003,150,344.90000000000003,1,20,344.90000000000003,1,VIP Customers
17935.0,36,5,540.35,162,540.35,5,33,108.07,1,VIP Customers
17938.0,56,1,144.29,53,144.29,1,29,144.29,1,VIP Customers
17940.0,81,6,26286.75,75825,26286.75,6,9,4381.125,3,Regular Customers
17941.0,226,3,1128.72,856,1128.72,3,3,376.24,4,Loyal Customers
17944.0,59,1,74.99,84,74.99,1,24,74.99,1,VIP Customers
17945.0,332,3,360.35,244,360.35,3,66,120.11666666666667,4,Loyal Customers
17949.0,7,74,60117.6,30112,60117.6,74,34,812.4,3,Regular Customers
17950.0,1,6,947.26,479,947.26,6,110,157.8766666666667,1,VIP Customers
17951.0,9,2,627.5400000000001,282,627.5400000000001,2,11,313.77000000000004,1,VIP Customers
17952.0,14,4,788.46,477,788.46,4,85,197.115,1,VIP Customers
17953.0,176,1,159.17000000000002,98,159.17000000000002,1,20,159.17000000000002,4,Loyal Customers
17954.0,3,9,1618.93,1021,1618.93,9,238,179.88111111111112,0,Lost Customers
17955.0,291,2,392.6,408,392.6,2,2,196.3,4,Loyal Customers
17958.0,364,1,465.42,200,465.42,1,29,465.42,4,Loyal Customers
17959.0,228,1,140.75,49,140.75,1,2,140.75,4,Loyal Customers
17960.0,158,2,61.3,19,61.3,2,11,30.65,4,Loyal Customers
17961.0,8,62,1697.85,976,1697.85,62,342,27.38467741935484,3,Regular Customers
17962.0,185,3,564.55,506,564.55,3,126,188.1833333333333,4,Loyal Customers
17963.0,107,4,643.16,341,643.16,4,98,160.79,1,VIP Customers
17964.0,8,1,261.76,195,261.76,1,35,261.76,1,VIP Customers
17965.0,1,17,4558.01,2908,4558.01,17,396,268.11823529411765,0,Lost Customers
17966.0,227,5,865.49,1347,865.49,5,33,173.098,4,Loyal Customers
17967.0,7,2,223.42,111,223.42,2,59,111.71,1,VIP Customers
17968.0,9,4,590.44,352,590.44,4,106,147.61,1,VIP Customers
17969.0,138,18,2126.09,862,2126.09,18,103,118.11611111111112,0,Lost Customers
17971.0,184,1,161.94,62,161.94,1,21,161.94,4,Loyal Customers
17974.0,17,3,1035.1,689,1035.1,3,161,345.0333333333333,1,VIP Customers
17975.0,2,12,2527.17,700,2527.17,12,84,210.5975,0,Lost Customers
17976.0,8,1,321.79,93,321.79,1,56,321.79,1,VIP Customers
17977.0,36,1,1223.31,1606,1223.31,1,83,1223.31,1,VIP Customers
17978.0,1,4,1159.99,1297,1159.99,4,62,289.9975,1,VIP Customers
17980.0,29,1,201.27,89,201.27,1,27,201.27,1,VIP Customers
17981.0,46,1,239.12,260,239.12,1,17,239.12,1,VIP Customers
17982.0,316,1,138.18,117,138.18,1,13,138.18,4,Loyal Customers
17983.0,31,1,171.71,108,171.71,1,23,171.71,1,VIP Customers
17984.0,28,4,999.51,841,999.51,4,165,249.8775,1,VIP Customers
17987.0,12,4,766.87,720,766.87,4,132,191.7175,1,VIP Customers
17988.0,123,7,288.42,143,288.42,7,81,41.20285714285715,1,VIP Customers
17989.0,15,1,207.33,300,207.33,1,26,207.33,1,VIP Customers
17990.0,16,3,896.7700000000001,363,896.7700000000001,3,23,298.92333333333335,1,VIP Customers
17991.0,227,1,206.95,68,206.95,1,33,206.95,4,Loyal Customers
17992.0,25,1,252.88,130,252.88,1,49,252.88,1,VIP Customers
17993.0,253,1,225.99,108,225.99,1,60,225.99,4,Loyal Customers
17994.0,24,7,1595.14,1686,1595.14,7,185,227.87714285714284,0,Lost Customers
17995.0,18,2,419.38,130,419.38,2,26,209.69,1,VIP Customers
17996.0,15,3,482.33,587,482.33,3,63,160.77666666666667,1,VIP Customers
17998.0,16,3,639.24,561,639.24,3,57,213.08,1,VIP Customers
17999.0,2,2,338.41,161,338.41,2,77,169.205,1,VIP Customers
18000.0,200,1,124.25,109,124.25,1,6,124.25,4,Loyal Customers
18001.0,85,4,509.01,512,509.01,4,69,127.2525,1,VIP Customers
18002.0,11,4,244.37,71,244.37,4,52,61.0925,1,VIP Customers
18003.0,12,1,353.51,297,353.51,1,23,353.51,1,VIP Customers
18006.0,17,3,524.83,175,524.83,3,36,174.94333333333336,1,VIP Customers
18007.0,28,1,215.22,246,215.22,1,46,215.22,1,VIP Customers
18008.0,51,14,17642.89,6244,17642.89,14,54,1260.2064285714284,0,Lost Customers
18009.0,178,7,1896.84,526,1896.84,7,122,270.97714285714284,4,Loyal Customers
18011.0,9,2,410.79,125,410.79,2,63,205.395,1,VIP Customers
18012.0,359,1,115.3,63,115.3,1,13,115.3,4,Loyal Customers
18016.0,46,2,476.9,180,476.9,2,44,238.45,1,VIP Customers
18017.0,67,1,165.0,100,165.0,1,1,165.0,1,VIP Customers
18018.0,35,2,175.85,131,175.85,2,14,87.925,1,VIP Customers
18020.0,179,1,190.48,67,190.48,1,12,190.48,4,Loyal Customers
18021.0,145,2,216.41,168,216.41,2,32,108.205,4,Loyal Customers
18022.0,21,4,894.53,608,894.53,4,203,223.6325,0,Lost Customers
18025.0,15,6,1177.72,1053,1177.72,6,83,196.28666666666663,1,VIP Customers
18026.0,136,2,2074.07,530,2074.07,2,12,1037.035,1,VIP Customers
18028.0,219,1,192.05,133,192.05,1,4,192.05,4,Loyal Customers
18029.0,278,1,433.77,253,433.77,1,18,433.77,4,Loyal Customers
18031.0,14,1,451.3,298,451.3,1,49,451.3,1,VIP Customers
18034.0,11,1,335.52,392,335.52,1,97,335.52,1,VIP Customers
18035.0,21,2,546.34,550,546.34,2,8,273.17,1,VIP Customers
18036.0,21,8,1142.37,509,1142.37,8,171,142.79625,0,Lost Customers
18037.0,57,9,97.4,17,97.4,9,13,10.82222222222222,1,VIP Customers
18038.0,192,1,141.48,80,141.48,1,25,141.48,4,Loyal Customers
18039.0,10,4,548.22,555,548.22,4,137,137.055,1,VIP Customers
18041.0,1,20,4536.29,4026,4536.29,20,315,226.8145,0,Lost Customers
18042.0,177,1,116.1,36,116.1,1,9,116.1,4,Loyal Customers
18043.0,2,1,287.91,157,287.91,1,59,287.91,1,VIP Customers
18044.0,23,8,1417.01,565,1417.01,8,60,177.12625,1,VIP Customers
18046.0,285,1,189.63,44,189.63,1,26,189.63,4,Loyal Customers
18047.0,17,2,326.09,130,326.09,2,74,163.045,1,VIP Customers
18048.0,129,1,222.64,129,222.64,1,51,222.64,1,VIP Customers
18049.0,73,2,500.92,402,500.92,2,82,250.46,1,VIP Customers
18050.0,29,1,337.66,210,337.66,1,18,337.66,1,VIP Customers
18051.0,270,7,2282.28,1661,2282.28,7,41,326.04,4,Loyal Customers
18052.0,200,1,10877.18,17766,10877.18,1,16,10877.18,3,Regular Customers
18053.0,161,2,271.05,107,271.05,2,12,135.525,4,Loyal Customers
18054.0,28,1,176.5,96,176.5,1,11,176.5,1,VIP Customers
18055.0,3,6,4381.78,1376,4381.78,6,166,730.2966666666666,0,Lost Customers
18056.0,254,1,190.95,123,190.95,1,11,190.95,4,Loyal Customers
18057.0,29,3,1188.46,970,1188.46,3,121,396.15333333333336,1,VIP Customers
18058.0,177,2,603.9,306,603.9,2,11,301.95,4,Loyal Customers
18060.0,44,2,1185.46,902,1185.46,2,74,592.73,1,VIP Customers
18061.0,2,19,4369.56,2652,4369.56,19,23,229.9768421052632,0,Lost Customers
18062.0,22,3,912.15,435,912.15,3,25,304.05,1,VIP Customers
18063.0,26,2,186.6,48,186.6,2,2,93.3,1,VIP Customers
18064.0,82,9,3667.83,2301,3667.83,9,47,407.5366666666666,1,VIP Customers
18065.0,24,15,3473.8,1238,3473.8,15,127,231.58666666666667,0,Lost Customers
18066.0,22,2,1122.4,427,1122.4,2,35,561.2,1,VIP Customers
18069.0,19,6,2455.68,1872,2455.68,6,385,409.28,0,Lost Customers
18070.0,305,1,314.1,86,314.1,1,9,314.1,4,Loyal Customers
18071.0,1,5,975.63,575,975.63,5,45,195.126,1,VIP Customers
18074.0,9,2,1019.44,361,1019.44,2,37,509.72,1,VIP Customers
18075.0,10,10,3171.54,1817,3171.54,10,116,317.154,0,Lost Customers
18076.0,16,1,151.49,164,151.49,1,8,151.49,1,VIP Customers
18077.0,2,8,1699.25,1352,1699.25,8,75,212.40625,1,VIP Customers
18078.0,61,2,389.4,225,389.4,2,43,194.7,1,VIP Customers
18079.0,127,1,590.78,1383,590.78,1,13,590.78,1,VIP Customers
18083.0,33,1,463.53,268,463.53,1,36,463.53,1,VIP Customers
18084.0,19,2,704.75,443,704.75,2,6,352.375,1,VIP Customers
18085.0,9,3,955.8,320,955.8,3,33,318.6,1,VIP Customers
18087.0,15,15,10705.8,3868,10705.8,15,42,713.7199999999999,0,Lost Customers
18089.0,82,1,428.45,95,428.45,1,9,428.45,1,VIP Customers
18090.0,57,1,321.9,307,321.9,1,47,321.9,1,VIP Customers
18091.0,229,1,360.85,539,360.85,1,25,360.85,4,Loyal Customers
18092.0,1,8,7111.18,4578,7111.18,8,25,888.8975,1,VIP Customers
18093.0,80,4,2346.19,2037,2346.19,4,20,586.5475,1,VIP Customers
18094.0,82,6,3374.22,1646,3374.22,6,36,562.37,1,VIP Customers
18095.0,63,3,1723.04,1204,1723.04,3,22,574.3466666666667,1,VIP Customers
18096.0,78,3,808.81,621,808.81,3,154,269.6033333333333,1,VIP Customers
18097.0,21,5,1965.52,1054,1965.52,5,30,393.104,1,VIP Customers
18098.0,32,1,527.94,215,527.94,1,85,527.94,1,VIP Customers
18100.0,186,1,451.56,440,451.56,1,30,451.56,4,Loyal Customers
18101.0,10,3,399.61,160,399.61,3,62,133.20333333333335,1,VIP Customers
18102.0,1,89,349164.35,124216,349164.35,89,281,3923.1949438202246,2,High Value Customers
18103.0,185,1,105.8,23,105.8,1,10,105.8,4,Loyal Customers
18106.0,112,5,1019.16,380,1019.16,5,112,203.832,1,VIP Customers
18107.0,78,1,165.88,65,165.88,1,38,165.88,1,VIP Customers
18108.0,232,2,577.8100000000001,177,577.8100000000001,2,29,288.90500000000003,4,Loyal Customers
18109.0,5,13,1828.24,647,1828.24,13,125,140.63384615384615,0,Lost Customers
18110.0,47,1,193.48,97,193.48,1,29,193.48,1,VIP Customers
18111.0,225,1,405.85,232,405.85,1,27,405.85,4,Loyal Customers
18112.0,54,2,420.67,188,420.67,2,34,210.335,1,VIP Customers
18113.0,4,1,76.32000000000001,72,76.32000000000001,1,1,76.32000000000001,1,VIP Customers
18115.0,333,1,9.7,3,9.7,1,3,9.7,4,Loyal Customers
18116.0,12,5,731.38,430,731.38,5,142,146.276,1,VIP Customers
18118.0,5,4,1068.05,530,1068.05,4,184,267.0125,0,Lost Customers
18119.0,3,1,180.7,124,180.7,1,29,180.7,1,VIP Customers
18123.0,149,1,92.2,34,92.2,1,22,92.2,4,Loyal Customers
18124.0,108,1,102.65,47,102.65,1,20,102.65,1,VIP Customers
18127.0,39,1,209.05,63,209.05,1,21,209.05,1,VIP Customers
18128.0,173,1,399.29,216,399.29,1,42,399.29,4,Loyal Customers
18131.0,267,1,222.96,552,222.96,1,4,222.96,4,Loyal Customers
18132.0,140,1,220.13,212,220.13,1,60,220.13,1,VIP Customers
18134.0,234,2,445.0,128,445.0,2,27,222.5,4,Loyal Customers
18135.0,28,5,567.71,404,567.71,5,16,113.542,1,VIP Customers
18136.0,45,2,847.03,481,847.03,2,47,423.515,1,VIP Customers
18137.0,187,2,145.99,59,145.99,2,26,72.995,4,Loyal Customers
18140.0,109,1,536.41,395,536.41,1,49,536.41,1,VIP Customers
18141.0,37,2,882.47,433,882.47,2,38,441.235,1,VIP Customers
18144.0,9,8,2169.25,896,2169.25,8,36,271.15625,1,VIP Customers
18145.0,18,7,2748.19,2479,2748.19,7,130,392.59857142857146,0,Lost Customers
18148.0,282,1,112.85,63,112.85,1,9,112.85,4,Loyal Customers
18149.0,40,4,941.88,559,941.88,4,52,235.47,1,VIP Customers
18151.0,56,4,1226.09,631,1226.09,4,65,306.5225,1,VIP Customers
18152.0,282,1,426.69,75,426.69,1,10,426.69,4,Loyal Customers
18153.0,295,1,246.22,200,246.22,1,17,246.22,4,Loyal Customers
18154.0,24,3,533.41,371,533.41,3,22,177.8033333333333,1,VIP Customers
18156.0,5,1,186.88,68,186.88,1,50,186.88,1,VIP Customers
18157.0,207,1,213.9,145,213.9,1,25,213.9,4,Loyal Customers
18160.0,22,1,365.82,225,365.82,1,26,365.82,1,VIP Customers
18161.0,15,1,184.41,153,184.41,1,13,184.41,1,VIP Customers
18162.0,368,1,371.51,332,371.51,1,45,371.51,4,Loyal Customers
18163.0,220,1,728.84,452,728.84,1,33,728.84,4,Loyal Customers
18166.0,259,1,175.5,90,175.5,1,10,175.5,4,Loyal Customers
18168.0,8,11,2538.76,1536,2538.76,11,167,230.7963636363636,0,Lost Customers
18170.0,10,6,1897.69,775,1897.69,6,49,316.2816666666667,1,VIP Customers
18171.0,106,4,1206.0,510,1206.0,4,34,301.5,1,VIP Customers
18172.0,23,32,9905.56,4223,9905.56,32,125,309.54875,0,Lost Customers
18173.0,248,1,589.52,510,589.52,1,14,589.52,4,Loyal Customers
18174.0,239,1,58.5,30,58.5,1,1,58.5,4,Loyal Customers
18175.0,311,1,176.10000000000002,70,176.10000000000002,1,7,176.10000000000002,4,Loyal Customers
18177.0,196,3,875.45,529,875.45,3,23,291.81666666666666,4,Loyal Customers
18178.0,38,7,4512.93,2867,4512.93,7,164,644.7042857142858,0,Lost Customers
18179.0,158,2,754.38,451,754.38,2,19,377.19,4,Loyal Customers
18181.0,36,4,821.49,377,821.49,4,119,205.3725,1,VIP Customers
18182.0,99,1,291.13,167,291.13,1,10,291.13,1,VIP Customers
18186.0,358,1,329.58000000000004,338,329.58000000000004,1,11,329.58000000000004,4,Loyal Customers
18187.0,267,1,724.89,310,724.89,1,48,724.89,4,Loyal Customers
18188.0,66,3,1279.55,720,1279.55,3,55,426.51666666666665,1,VIP Customers
18189.0,261,1,313.49,270,313.49,1,18,313.49,4,Loyal Customers
18190.0,239,3,461.16,350,461.16,3,23,153.72,4,Loyal Customers
18191.0,113,1,321.6,192,321.6,1,8,321.6,1,VIP Customers
18193.0,16,2,963.59,802,963.59,2,50,481.795,1,VIP Customers
18194.0,74,5,3188.2,1142,3188.2,5,16,637.64,1,VIP Customers
18195.0,23,1,101.16,60,101.16,1,5,101.16,1,VIP Customers
18196.0,107,2,770.56,607,770.56,2,112,385.28,1,VIP Customers
18197.0,211,1,230.1,166,230.1,1,9,230.1,4,Loyal Customers
18199.0,319,1,344.75,99,344.75,1,20,344.75,4,Loyal Customers
18201.0,358,1,447.53,191,447.53,1,27,447.53,4,Loyal Customers
18203.0,17,3,332.1,68,332.1,3,30,110.7,1,VIP Customers
18206.0,189,1,314.66,246,314.66,1,19,314.66,4,Loyal Customers
18207.0,135,1,544.47,325,544.47,1,31,544.47,1,VIP Customers
18208.0,201,1,360.08,82,360.08,1,17,360.08,4,Loyal Customers
18210.0,18,1,147.45,101,147.45,1,10,147.45,1,VIP Customers
18212.0,313,1,298.3,66,298.3,1,12,298.3,4,Loyal Customers
18214.0,166,4,1780.34,989,1780.34,4,38,445.085,4,Loyal Customers
18215.0,73,4,1933.15,1013,1933.15,4,49,483.2875,1,VIP Customers
18217.0,149,2,323.29,249,323.29,2,7,161.645,4,Loyal Customers
18218.0,232,2,479.92,492,479.92,2,16,239.96,4,Loyal Customers
18219.0,4,8,1493.12,768,1493.12,8,54,186.64,1,VIP Customers
18220.0,30,5,1616.48,1064,1616.48,5,17,323.296,1,VIP Customers
18221.0,26,1,383.33,209,383.33,1,20,383.33,1,VIP Customers
18223.0,23,12,7516.31,3696,7516.31,12,129,626.3591666666667,0,Lost Customers
18225.0,1,15,7539.84,4056,7539.84,15,179,502.656,0,Lost Customers
18226.0,14,15,6650.83,4417,6650.83,15,204,443.38866666666667,0,Lost Customers
18227.0,120,1,295.0,1,295.0,1,1,295.0,1,VIP Customers
18229.0,2,10,3526.81,695,3526.81,10,24,352.681,1,VIP Customers
18230.0,14,2,1480.86,680,1480.86,2,42,740.4300000000001,1,VIP Customers
18231.0,42,23,4782.400000000001,2096,4782.400000000001,23,149,207.93043478260876,0,Lost Customers
18234.0,187,1,179.6,80,179.6,1,30,179.6,4,Loyal Customers
18236.0,24,6,913.11,293,913.11,6,43,152.185,1,VIP Customers
18238.0,151,1,270.92,114,270.92,1,14,270.92,4,Loyal Customers
18239.0,8,2,588.75,257,588.75,2,35,294.375,1,VIP Customers
18241.0,51,4,913.9,420,913.9,4,42,228.475,1,VIP Customers
18242.0,81,4,1372.72,1004,1372.72,4,46,343.18,1,VIP Customers
18243.0,50,1,515.78,221,515.78,1,26,515.78,1,VIP Customers
18244.0,66,2,568.64,856,568.64,2,19,284.32,1,VIP Customers
18245.0,15,13,3757.92,3310,3757.92,13,220,289.07076923076926,0,Lost Customers
18246.0,245,1,162.72,48,162.72,1,1,162.72,4,Loyal Customers
18247.0,50,3,839.73,335,839.73,3,28,279.91,1,VIP Customers
18251.0,81,8,21964.14,31815,21964.14,8,77,2745.5175,0,Lost Customers
18252.0,184,5,1015.42,698,1015.42,5,35,203.084,4,Loyal Customers
18253.0,278,1,317.88,128,317.88,1,7,317.88,4,Loyal Customers
18254.0,217,1,267.9,188,267.9,1,16,267.9,4,Loyal Customers
18255.0,92,1,199.85,127,199.85,1,13,199.85,1,VIP Customers
18256.0,23,1,110.7,180,110.7,1,10,110.7,1,VIP Customers
18257.0,82,4,2262.52,1328,2262.52,4,134,565.63,1,VIP Customers
18258.0,100,6,2059.67,1981,2059.67,6,30,343.27833333333336,1,VIP Customers
18259.0,2,5,1979.6,676,1979.6,5,36,395.92,1,VIP Customers
18260.0,10,17,7318.91,3769,7318.91,17,169,430.5241176470588,0,Lost Customers
18262.0,29,2,428.06,370,428.06,2,27,214.03,1,VIP Customers
18264.0,134,1,603.25,241,603.25,1,36,603.25,1,VIP Customers
18266.0,70,1,251.1,138,251.1,1,14,251.1,1,VIP Customers
18267.0,308,1,269.37,135,269.37,1,17,269.37,4,Loyal Customers
18268.0,227,5,1464.73,709,1464.73,5,36,292.946,4,Loyal Customers
18269.0,2,1,168.60000000000002,76,168.60000000000002,1,7,168.60000000000002,1,VIP Customers
18270.0,68,1,161.4,108,161.4,1,6,161.4,1,VIP Customers
18271.0,245,2,680.85,319,680.85,2,19,340.425,4,Loyal Customers
18272.0,184,3,1307.4,830,1307.4,3,50,435.8,4,Loyal Customers
18273.0,226,1,153.0,60,153.0,1,1,153.0,4,Loyal Customers
18275.0,214,2,741.85,417,741.85,2,19,370.925,4,Loyal Customers
18276.0,28,5,1320.66,1060,1320.66,5,69,264.132,1,VIP Customers
18277.0,33,4,1069.67,381,1069.67,4,48,267.4175,1,VIP Customers
18278.0,40,1,240.3,74,240.3,1,15,240.3,1,VIP Customers
18279.0,155,1,231.34,630,231.34,1,13,231.34,4,Loyal Customers
18280.0,30,1,307.55,149,307.55,1,20,307.55,1,VIP Customers
18281.0,213,1,120.32,92,120.32,1,10,120.32,4,Loyal Customers
18283.0,18,6,619.37,322,619.37,6,158,103.22833333333334,1,VIP Customers
18284.0,67,1,461.68,494,461.68,1,28,461.68,1,VIP Customers
18285.0,296,1,427.0,145,427.0,1,12,427.0,4,Loyal Customers
18286.0,112,2,1296.43,608,1296.43,2,67,648.215,1,VIP Customers
18287.0,18,4,2345.71,1427,2345.71,4,77,586.4275,1,VIP Customers
